SAFE_RETAINED_EDGE NLA.MF16.word_semantics: [NLA.MF16.SymmetricWord,
 NLA.MF16.witnessWord,
 NLA.MF16.Letter,
 NLA.MF16.instDecidableEqLetter,
 NLA.MF16.Letter.X,
 NLA.MF16.Letter.B,
 NLA.MF16.ComplexMatrix,
 NLA.MF16.evalWord,
 NLA.MF16.RealMatrix,
 NLA.MF16.word_semantics_proved]
SAFE_RETAINED_EDGE NLA.MF16.SymmetricWord: [NLA.MF16.Letter, NLA.MF16.Letter, NLA.MF16.Letter.X]
SAFE_RETAINED_EDGE NLA.MF16.Letter: []
SAFE_RETAINED_EDGE NLA.MF16.Letter.X: [NLA.MF16.Letter]
SAFE_RETAINED_EDGE NLA.MF16.witnessWord: [NLA.MF16.Letter, NLA.MF16.Letter, NLA.MF16.Letter.X, NLA.MF16.Letter.B]
SAFE_RETAINED_EDGE NLA.MF16.Letter.B: [NLA.MF16.Letter]
SAFE_RETAINED_EDGE NLA.MF16.instDecidableEqLetter: [NLA.MF16.Letter,
 NLA.MF16.Letter,
 NLA.MF16.Letter.ctorIdx,
 NLA.MF16.instDecidableEqLetter._proof_1,
 NLA.MF16.instDecidableEqLetter._proof_2]
SAFE_RETAINED_EDGE NLA.MF16.Letter.ctorIdx: [NLA.MF16.Letter, NLA.MF16.Letter, NLA.MF16.Letter.casesOn]
SAFE_RETAINED_EDGE NLA.MF16.Letter.casesOn: [NLA.MF16.Letter,
 NLA.MF16.Letter.X,
 NLA.MF16.Letter.B,
 NLA.MF16.Letter,
 NLA.MF16.Letter.X,
 NLA.MF16.Letter.B,
 NLA.MF16.Letter.rec]
SAFE_RETAINED_EDGE NLA.MF16.Letter.rec: [NLA.MF16.Letter, NLA.MF16.Letter.X, NLA.MF16.Letter.B]
SAFE_RETAINED_EDGE NLA.MF16.instDecidableEqLetter._proof_1: [NLA.MF16.Letter,
 NLA.MF16.Letter.ctorIdx,
 NLA.MF16.Letter,
 NLA.MF16.Letter.ctorIdx,
 NLA.MF16.Letter.ofNat,
 NLA.MF16.Letter.ofNat_ctorIdx]
SAFE_RETAINED_EDGE NLA.MF16.Letter.ofNat: [NLA.MF16.Letter, NLA.MF16.Letter, NLA.MF16.Letter.X, NLA.MF16.Letter.B]
SAFE_RETAINED_EDGE NLA.MF16.Letter.ofNat_ctorIdx: [NLA.MF16.Letter,
 NLA.MF16.Letter.ofNat,
 NLA.MF16.Letter.ctorIdx,
 NLA.MF16.Letter,
 NLA.MF16.Letter.casesOn,
 NLA.MF16.Letter.ofNat,
 NLA.MF16.Letter.ctorIdx,
 NLA.MF16.Letter.X,
 NLA.MF16.Letter.B]
SAFE_RETAINED_EDGE NLA.MF16.instDecidableEqLetter._proof_2: [NLA.MF16.Letter,
 NLA.MF16.Letter.ctorIdx,
 NLA.MF16.Letter,
 NLA.MF16.Letter.ctorIdx]
SAFE_RETAINED_EDGE NLA.MF16.ComplexMatrix: []
SAFE_RETAINED_EDGE NLA.MF16.evalWord: [NLA.MF16.Letter, NLA.MF16.Letter, NLA.MF16.instReprLetter.repr.match_1]
SAFE_RETAINED_EDGE NLA.MF16.instReprLetter.repr.match_1: [NLA.MF16.Letter,
 NLA.MF16.Letter.X,
 NLA.MF16.Letter.B,
 NLA.MF16.Letter,
 NLA.MF16.Letter.X,
 NLA.MF16.Letter.B,
 NLA.MF16.Letter.casesOn]
SAFE_RETAINED_EDGE NLA.MF16.RealMatrix: []
SAFE_RETAINED_EDGE NLA.MF16.word_semantics_proved: [NLA.MF16.SymmetricWord,
 NLA.MF16.witnessWord,
 NLA.MF16.Letter,
 NLA.MF16.instDecidableEqLetter,
 NLA.MF16.Letter.X,
 NLA.MF16.Letter.B,
 NLA.MF16.ComplexMatrix,
 NLA.MF16.evalWord,
 NLA.MF16.RealMatrix,
 NLA.MF16.SymmetricWord,
 NLA.MF16.witnessWord,
 NLA.MF16.Letter,
 NLA.MF16.instDecidableEqLetter,
 NLA.MF16.Letter.X,
 NLA.MF16.Letter.B,
 NLA.MF16.ComplexMatrix,
 NLA.MF16.evalWord,
 NLA.MF16.RealMatrix,
 NLA.MF16.word_semantics_proved._proof_1_1,
 NLA.MF16.word_semantics_proved._proof_1_2,
 NLA.MF16.word_semantics_proved._proof_1_3,
 NLA.MF16.word_semantics_proved._proof_1_4,
 NLA.MF16.witness_eval]
SAFE_RETAINED_EDGE NLA.MF16.word_semantics_proved._proof_1_1: [NLA.MF16.Letter,
 NLA.MF16.witnessWord,
 NLA.MF16.Letter.X,
 NLA.MF16.Letter,
 NLA.MF16.witnessWord,
 NLA.MF16.Letter.X,
 NLA.MF16.instDecidableEqLetter]
SAFE_RETAINED_EDGE NLA.MF16.word_semantics_proved._proof_1_2: [NLA.MF16.Letter,
 NLA.MF16.witnessWord,
 NLA.MF16.Letter,
 NLA.MF16.witnessWord]
SAFE_RETAINED_EDGE NLA.MF16.word_semantics_proved._proof_1_3: [NLA.MF16.Letter,
 NLA.MF16.instDecidableEqLetter,
 NLA.MF16.Letter.X,
 NLA.MF16.witnessWord,
 NLA.MF16.Letter,
 NLA.MF16.instDecidableEqLetter,
 NLA.MF16.Letter.X,
 NLA.MF16.witnessWord]
SAFE_RETAINED_EDGE NLA.MF16.word_semantics_proved._proof_1_4: [NLA.MF16.Letter,
 NLA.MF16.instDecidableEqLetter,
 NLA.MF16.Letter.B,
 NLA.MF16.witnessWord,
 NLA.MF16.Letter,
 NLA.MF16.instDecidableEqLetter,
 NLA.MF16.Letter.B,
 NLA.MF16.witnessWord]
SAFE_RETAINED_EDGE NLA.MF16.witness_eval: [NLA.MF16.evalWord,
 NLA.MF16.witnessWord,
 NLA.MF16.evalWord,
 NLA.MF16.witnessWord,
 NLA.MF16.Letter,
 NLA.MF16.instReprLetter.repr.match_1,
 NLA.MF16.Letter.X,
 NLA.MF16.Letter.B]
SAFE_RETAINED_EDGE NLA.MF16.source_data: [NLA.MF16.witnessB,
 NLA.MF16.witnessP,
 NLA.MF16.witnessX0,
 NLA.MF16.evalWord,
 NLA.MF16.witnessWord,
 NLA.MF16.realB,
 NLA.MF16.realX0,
 NLA.MF16.realP,
 NLA.MF16.source_data_proved]
SAFE_RETAINED_EDGE NLA.MF16.witnessB: [NLA.MF16.ComplexMatrix, NLA.MF16.complexify, NLA.MF16.realB]
SAFE_RETAINED_EDGE NLA.MF16.complexify: [NLA.MF16.RealMatrix, NLA.MF16.ComplexMatrix, NLA.MF16.RealMatrix]
SAFE_RETAINED_EDGE NLA.MF16.realB: [NLA.MF16.RealMatrix, NLA.MF16.realB._proof_1, NLA.MF16.realB._proof_2]
SAFE_RETAINED_EDGE NLA.MF16.realB._proof_1: []
SAFE_RETAINED_EDGE NLA.MF16.realB._proof_2: []
SAFE_RETAINED_EDGE NLA.MF16.witnessP: [NLA.MF16.ComplexMatrix, NLA.MF16.complexify, NLA.MF16.realP]
SAFE_RETAINED_EDGE NLA.MF16.realP: [NLA.MF16.RealMatrix,
 NLA.MF16.realP._proof_1,
 NLA.MF16.realP._proof_2,
 NLA.MF16.realP._proof_3]
SAFE_RETAINED_EDGE NLA.MF16.realP._proof_1: []
SAFE_RETAINED_EDGE NLA.MF16.realP._proof_2: []
SAFE_RETAINED_EDGE NLA.MF16.realP._proof_3: []
SAFE_RETAINED_EDGE NLA.MF16.witnessX0: [NLA.MF16.ComplexMatrix, NLA.MF16.complexify, NLA.MF16.realX0]
SAFE_RETAINED_EDGE NLA.MF16.realX0: [NLA.MF16.RealMatrix, NLA.MF16.realX0._proof_1]
SAFE_RETAINED_EDGE NLA.MF16.realX0._proof_1: []
SAFE_RETAINED_EDGE NLA.MF16.source_data_proved: [NLA.MF16.witnessB,
 NLA.MF16.witnessP,
 NLA.MF16.witnessX0,
 NLA.MF16.evalWord,
 NLA.MF16.witnessWord,
 NLA.MF16.realB,
 NLA.MF16.realX0,
 NLA.MF16.realP,
 NLA.MF16.witnessB,
 NLA.MF16.complexify_two_by_two_posDef,
 NLA.MF16.witnessP,
 NLA.MF16.witnessX0,
 NLA.MF16.RealMatrix,
 NLA.MF16.realX0,
 NLA.MF16.realX0._proof_1,
 NLA.MF16.evalWord,
 NLA.MF16.witnessWord,
 NLA.MF16.realB,
 NLA.MF16.realP,
 NLA.MF16.witness_eval,
 NLA.MF16.realP._proof_1,
 NLA.MF16.realB._proof_1,
 NLA.MF16.realB._proof_2,
 NLA.MF16.realP._proof_2,
 NLA.MF16.realP._proof_3,
 NLA.MF16.ComplexMatrix,
 NLA.MF16.complexify,
 NLA.MF16.complexify_witness_eval]
SAFE_RETAINED_EDGE NLA.MF16.complexify_two_by_two_posDef: [NLA.MF16.complexify,
 NLA.MF16.RealMatrix,
 NLA.MF16.complexify,
 NLA.MF16.ComplexMatrix,
 NLA.MF16.complexify_mul,
 NLA.MF16.complexify_transpose]
SAFE_RETAINED_EDGE NLA.MF16.complexify_mul: [NLA.MF16.RealMatrix,
 NLA.MF16.ComplexMatrix,
 NLA.MF16.complexify,
 NLA.MF16.RealMatrix,
 NLA.MF16.ComplexMatrix,
 NLA.MF16.complexify]
SAFE_RETAINED_EDGE NLA.MF16.complexify_transpose: [NLA.MF16.RealMatrix,
 NLA.MF16.ComplexMatrix,
 NLA.MF16.complexify,
 NLA.MF16.RealMatrix,
 NLA.MF16.complexify]
SAFE_RETAINED_EDGE NLA.MF16.complexify_witness_eval: [NLA.MF16.RealMatrix,
 NLA.MF16.ComplexMatrix,
 NLA.MF16.complexify,
 NLA.MF16.evalWord,
 NLA.MF16.witnessWord,
 NLA.MF16.RealMatrix,
 NLA.MF16.ComplexMatrix,
 NLA.MF16.complexify,
 NLA.MF16.evalWord,
 NLA.MF16.witnessWord,
 NLA.MF16.witness_eval,
 NLA.MF16.complexify_mul,
 NLA.MF16.complexify_pow]
SAFE_RETAINED_EDGE NLA.MF16.complexify_pow: [NLA.MF16.RealMatrix,
 NLA.MF16.ComplexMatrix,
 NLA.MF16.complexify,
 NLA.MF16.RealMatrix]
SAFE_RETAINED_EDGE NLA.MF16.twelfth_power_reduction: [NLA.MF16.symmetricMatrix,
 NLA.MF16.RealMatrix,
 NLA.MF16.linearCoefficient,
 NLA.MF16.identityCoefficient,
 NLA.MF16.symmetricMatrix,
 NLA.MF16.twelfth_power_reduction_proved]
SAFE_RETAINED_EDGE NLA.MF16.symmetricMatrix: [NLA.MF16.RealMatrix, NLA.MF16.symmetricMatrix._proof_1]
SAFE_RETAINED_EDGE NLA.MF16.symmetricMatrix._proof_1: []
SAFE_RETAINED_EDGE NLA.MF16.linearCoefficient: [NLA.MF16.linearCoefficient._proof_1,
 NLA.MF16.linearCoefficient._proof_2,
 NLA.MF16.linearCoefficient._proof_3,
 NLA.MF16.linearCoefficient._proof_4,
 NLA.MF16.linearCoefficient._proof_5]
SAFE_RETAINED_EDGE NLA.MF16.linearCoefficient._proof_1: []
SAFE_RETAINED_EDGE NLA.MF16.linearCoefficient._proof_2: []
SAFE_RETAINED_EDGE NLA.MF16.linearCoefficient._proof_3: []
SAFE_RETAINED_EDGE NLA.MF16.linearCoefficient._proof_4: []
SAFE_RETAINED_EDGE NLA.MF16.linearCoefficient._proof_5: []
SAFE_RETAINED_EDGE NLA.MF16.identityCoefficient: [NLA.MF16.realX0._proof_1,
 NLA.MF16.identityCoefficient._proof_1,
 NLA.MF16.identityCoefficient._proof_2,
 NLA.MF16.identityCoefficient._proof_3,
 NLA.MF16.identityCoefficient._proof_4,
 NLA.MF16.identityCoefficient._proof_5]
SAFE_RETAINED_EDGE NLA.MF16.identityCoefficient._proof_1: []
SAFE_RETAINED_EDGE NLA.MF16.identityCoefficient._proof_2: []
SAFE_RETAINED_EDGE NLA.MF16.identityCoefficient._proof_3: []
SAFE_RETAINED_EDGE NLA.MF16.identityCoefficient._proof_4: []
SAFE_RETAINED_EDGE NLA.MF16.identityCoefficient._proof_5: []
SAFE_RETAINED_EDGE NLA.MF16.twelfth_power_reduction_proved: [NLA.MF16.symmetricMatrix,
 NLA.MF16.RealMatrix,
 NLA.MF16.linearCoefficient,
 NLA.MF16.identityCoefficient,
 NLA.MF16.symmetricMatrix,
 NLA.MF16.matrix_twelfth_power_of_det_three]
SAFE_RETAINED_EDGE NLA.MF16.matrix_twelfth_power_of_det_three: [NLA.MF16.RealMatrix,
 NLA.MF16.linearCoefficient,
 NLA.MF16.identityCoefficient,
 NLA.MF16.RealMatrix,
 NLA.MF16.linearCoefficient,
 NLA.MF16.identityCoefficient,
 _private.NLA.MF16.CayleyHamilton.0.NLA.MF16.twelfth_polynomial_remainder]
SAFE_RETAINED_EDGE _private.NLA.MF16.CayleyHamilton.0.NLA.MF16.twelfth_polynomial_remainder: [NLA.MF16.linearCoefficient,
 NLA.MF16.identityCoefficient,
 NLA.MF16.linearCoefficient,
 NLA.MF16.identityCoefficient,
 NLA.MF16.linearCoefficient._proof_1,
 NLA.MF16.linearCoefficient._proof_2,
 NLA.MF16.linearCoefficient._proof_3,
 NLA.MF16.linearCoefficient._proof_4,
 NLA.MF16.linearCoefficient._proof_5,
 NLA.MF16.realX0._proof_1,
 NLA.MF16.identityCoefficient._proof_1,
 NLA.MF16.identityCoefficient._proof_2,
 NLA.MF16.identityCoefficient._proof_3,
 NLA.MF16.identityCoefficient._proof_4,
 NLA.MF16.identityCoefficient._proof_5]
SAFE_RETAINED_EDGE NLA.MF16.polynomial_word_equivalence: [NLA.MF16.polynomialSystem,
 NLA.MF16.symmetricMatrix,
 NLA.MF16.evalWord,
 NLA.MF16.witnessWord,
 NLA.MF16.realB,
 NLA.MF16.realP,
 NLA.MF16.polynomial_word_equivalence_proved]
SAFE_RETAINED_EDGE NLA.MF16.polynomialSystem: [NLA.MF16.linearCoefficientExpr,
 NLA.MF16.identityCoefficientExpr,
 NLA.MF16.exprScale,
 NLA.MF16.exprSub]
SAFE_RETAINED_EDGE NLA.MF16.linearCoefficientExpr: [NLA.MF16.exprSub]
SAFE_RETAINED_EDGE NLA.MF16.exprSub: []
SAFE_RETAINED_EDGE NLA.MF16.identityCoefficientExpr: [NLA.MF16.exprScale, NLA.MF16.exprSub]
SAFE_RETAINED_EDGE NLA.MF16.exprScale: []
SAFE_RETAINED_EDGE NLA.MF16.polynomial_word_equivalence_proved: [NLA.MF16.polynomialSystem,
 NLA.MF16.symmetricMatrix,
 NLA.MF16.evalWord,
 NLA.MF16.witnessWord,
 NLA.MF16.realB,
 NLA.MF16.realP,
 NLA.MF16.polynomialSystem,
 NLA.MF16.symmetricMatrix,
 NLA.MF16.evalWord,
 NLA.MF16.witnessWord,
 NLA.MF16.realB,
 NLA.MF16.realP,
 NLA.MF16.reducedWord,
 NLA.MF16.polynomial_reduced_equivalence,
 NLA.MF16.reducedWord_eq]
SAFE_RETAINED_EDGE NLA.MF16.reducedWord: [NLA.MF16.RealMatrix,
 NLA.MF16.RealMatrix,
 NLA.MF16.symmetricMatrix,
 NLA.MF16.realB,
 NLA.MF16.linearCoefficient,
 NLA.MF16.identityCoefficient]
SAFE_RETAINED_EDGE NLA.MF16.polynomial_reduced_equivalence: [NLA.MF16.polynomialSystem,
 NLA.MF16.symmetricMatrix,
 NLA.MF16.reducedWord,
 NLA.MF16.realP,
 NLA.MF16.polynomialSystem,
 NLA.MF16.symmetricMatrix,
 NLA.MF16.reducedWord,
 NLA.MF16.realP,
 NLA.MF16.polynomial_eval_zero,
 NLA.MF16.polynomial_eval_one,
 NLA.MF16.polynomial_eval_two]
SAFE_RETAINED_EDGE NLA.MF16.polynomial_eval_zero: [NLA.MF16.polynomialSystem,
 NLA.MF16.symmetricMatrix,
 NLA.MF16.polynomialSystem,
 NLA.MF16.symmetricMatrix,
 NLA.MF16.symmetricMatrix._proof_1]
SAFE_RETAINED_EDGE NLA.MF16.polynomial_eval_one: [NLA.MF16.polynomialSystem,
 NLA.MF16.reducedWord,
 NLA.MF16.realP,
 NLA.MF16.polynomialSystem,
 NLA.MF16.reducedWord,
 NLA.MF16.realP,
 NLA.MF16.linearCoefficient,
 NLA.MF16.identityCoefficient,
 NLA.MF16.symmetricMatrix._proof_1,
 NLA.MF16.realB._proof_1,
 NLA.MF16.realB._proof_2,
 NLA.MF16.realP._proof_1,
 NLA.MF16.linearCoefficientExpr,
 NLA.MF16.identityCoefficientExpr,
 NLA.MF16.linearCoefficientExpr_eval,
 NLA.MF16.identityCoefficientExpr_eval,
 NLA.MF16.RealMatrix,
 NLA.MF16.symmetricMatrix,
 NLA.MF16.realB,
 NLA.MF16.realP._proof_2,
 NLA.MF16.realP._proof_3]
SAFE_RETAINED_EDGE NLA.MF16.linearCoefficientExpr_eval: [NLA.MF16.linearCoefficientExpr,
 NLA.MF16.linearCoefficient,
 NLA.MF16.linearCoefficientExpr,
 NLA.MF16.linearCoefficient,
 NLA.MF16.linearCoefficient._proof_1,
 NLA.MF16.linearCoefficient._proof_2,
 NLA.MF16.linearCoefficient._proof_3,
 NLA.MF16.linearCoefficient._proof_4,
 NLA.MF16.linearCoefficient._proof_5]
SAFE_RETAINED_EDGE NLA.MF16.identityCoefficientExpr_eval: [NLA.MF16.identityCoefficientExpr,
 NLA.MF16.identityCoefficient,
 NLA.MF16.identityCoefficientExpr,
 NLA.MF16.identityCoefficient,
 NLA.MF16.realX0._proof_1,
 NLA.MF16.identityCoefficient._proof_1,
 NLA.MF16.identityCoefficient._proof_2,
 NLA.MF16.identityCoefficient._proof_3,
 NLA.MF16.identityCoefficient._proof_4,
 NLA.MF16.identityCoefficient._proof_5]
SAFE_RETAINED_EDGE NLA.MF16.polynomial_eval_two: [NLA.MF16.polynomialSystem,
 NLA.MF16.reducedWord,
 NLA.MF16.realP,
 NLA.MF16.polynomialSystem,
 NLA.MF16.reducedWord,
 NLA.MF16.realP,
 NLA.MF16.linearCoefficient,
 NLA.MF16.identityCoefficient,
 NLA.MF16.symmetricMatrix._proof_1,
 NLA.MF16.realB._proof_1,
 NLA.MF16.realB._proof_2,
 NLA.MF16.realP._proof_2,
 NLA.MF16.linearCoefficientExpr,
 NLA.MF16.identityCoefficientExpr,
 NLA.MF16.linearCoefficientExpr_eval,
 NLA.MF16.identityCoefficientExpr_eval,
 NLA.MF16.RealMatrix,
 NLA.MF16.symmetricMatrix,
 NLA.MF16.realB,
 NLA.MF16.realP._proof_1,
 NLA.MF16.realP._proof_3]
SAFE_RETAINED_EDGE NLA.MF16.reducedWord_eq: [NLA.MF16.symmetricMatrix,
 NLA.MF16.RealMatrix,
 NLA.MF16.reducedWord,
 NLA.MF16.evalWord,
 NLA.MF16.witnessWord,
 NLA.MF16.realB,
 NLA.MF16.symmetricMatrix,
 NLA.MF16.RealMatrix,
 NLA.MF16.reducedWord,
 NLA.MF16.evalWord,
 NLA.MF16.witnessWord,
 NLA.MF16.realB,
 NLA.MF16.linearCoefficient,
 NLA.MF16.identityCoefficient,
 NLA.MF16.witness_eval,
 NLA.MF16.twelfth_power_reduction_proved]
SAFE_RETAINED_EDGE NLA.MF16.krawczyk_certificate: [NLA.MF16.polynomialSystem,
 NLA.MF16.rootBox,
 NLA.MF16.rootCertificate,
 NLA.MF16.rootCenter,
 NLA.MF16.rootRadius,
 NLA.MF16.contractionBound,
 NLA.MF16.polynomialSystem,
 NLA.MF16.rootBox,
 NLA.MF16.rootCertificate,
 NLA.MF16.rootCenter,
 NLA.MF16.rootRadius,
 NLA.MF16.contractionBound,
 NLA.MF16.actual_krawczyk_checked,
 NLA.MF16.preconditioner_det_exact,
 NLA.MF16.box_radius_exact,
 NLA.MF16.contraction_bound_small]
SAFE_RETAINED_EDGE NLA.MF16.rootBox: [NLA.MF16.rootBox._proof_1, NLA.MF16.rootBox._proof_2, NLA.MF16.rootBox._proof_3]
SAFE_RETAINED_EDGE NLA.MF16.rootBox._proof_1: []
SAFE_RETAINED_EDGE NLA.MF16.rootBox._proof_2: []
SAFE_RETAINED_EDGE NLA.MF16.rootBox._proof_3: []
SAFE_RETAINED_EDGE NLA.MF16.rootCertificate: [NLA.MF16.rootCenter]
SAFE_RETAINED_EDGE NLA.MF16.rootCenter: []
SAFE_RETAINED_EDGE NLA.MF16.rootRadius: []
SAFE_RETAINED_EDGE NLA.MF16.contractionBound: [NLA.MF16.rootCertificate, NLA.MF16.polynomialSystem, NLA.MF16.rootBox]
SAFE_RETAINED_EDGE NLA.MF16.actual_krawczyk_checked: [NLA.MF16.polynomialSystem,
 NLA.MF16.rootBox,
 NLA.MF16.rootCertificate,
 NLA.MF16.actual_krawczyk_checked._proof_1_1]
SAFE_RETAINED_EDGE NLA.MF16.actual_krawczyk_checked._proof_1_1: [NLA.MF16.polynomialSystem,
 NLA.MF16.rootBox,
 NLA.MF16.rootCertificate,
 NLA.MF16.polynomialSystem,
 NLA.MF16.rootBox,
 NLA.MF16.rootCertificate]
SAFE_RETAINED_EDGE NLA.MF16.preconditioner_det_exact: [NLA.MF16.rootCertificate,
 NLA.MF16.preconditioner_det_exact._proof_1_1]
SAFE_RETAINED_EDGE NLA.MF16.preconditioner_det_exact._proof_1_1: [NLA.MF16.rootCertificate, NLA.MF16.rootCertificate]
SAFE_RETAINED_EDGE NLA.MF16.box_radius_exact: [NLA.MF16.rootBox,
 NLA.MF16.rootCenter,
 NLA.MF16.rootRadius,
 NLA.MF16.box_radius_exact._proof_1_1]
SAFE_RETAINED_EDGE NLA.MF16.box_radius_exact._proof_1_1: [NLA.MF16.rootBox,
 NLA.MF16.rootCenter,
 NLA.MF16.rootRadius,
 NLA.MF16.rootBox,
 NLA.MF16.rootCenter,
 NLA.MF16.rootRadius]
SAFE_RETAINED_EDGE NLA.MF16.contraction_bound_small: [NLA.MF16.contractionBound,
 NLA.MF16.contraction_bound_small._proof_1_1]
SAFE_RETAINED_EDGE NLA.MF16.contraction_bound_small._proof_1_1: [NLA.MF16.contractionBound, NLA.MF16.contractionBound]
SAFE_RETAINED_EDGE NLA.MF16.certified_root: [NLA.MF16.rootBox,
 NLA.MF16.polynomialSystem,
 NLA.MF16.certified_root_proved]
SAFE_RETAINED_EDGE NLA.MF16.certified_root_proved: [NLA.MF16.rootBox,
 NLA.MF16.polynomialSystem,
 LeanCert.Engine.krawczykCheck_sound,
 NLA.MF16.polynomialSystem,
 NLA.MF16.rootBox,
 NLA.MF16.rootCertificate,
 NLA.MF16.actual_krawczyk_checked]
SAFE_RETAINED_EDGE LeanCert.Engine.krawczykCheck_sound: [LeanCert.Engine.contraction_unique_fixedPoint_in_finBox,
 LeanCert.Engine.newtonMap_mapsTo_of_imageEnclosure,
 LeanCert.Engine.newtonMap_differentiable,
 LeanCert.Engine.newtonMap_fderiv_norm_le,
 LeanCert.Engine.fixedPoint_iff_systemZero]
SAFE_RETAINED_EDGE LeanCert.Engine.contraction_unique_fixedPoint_in_finBox: []
SAFE_RETAINED_EDGE LeanCert.Engine.newtonMap_mapsTo_of_imageEnclosure: [LeanCert.Engine.newtonMap_differentiable,
 LeanCert.Engine.newtonMap_fderiv_norm_le,
 LeanCert.Engine.newtonMap_center_mem]
SAFE_RETAINED_EDGE LeanCert.Engine.newtonMap_differentiable: []
SAFE_RETAINED_EDGE LeanCert.Engine.newtonMap_fderiv_norm_le: [LeanCert.Engine.jacobianAt_mem_intervalJacobian]
SAFE_RETAINED_EDGE LeanCert.Engine.jacobianAt_mem_intervalJacobian: []
SAFE_RETAINED_EDGE LeanCert.Engine.newtonMap_center_mem: [LeanCert.Engine.systemEval_mem_pointEvalIntervals]
SAFE_RETAINED_EDGE LeanCert.Engine.systemEval_mem_pointEvalIntervals: []
SAFE_RETAINED_EDGE LeanCert.Engine.fixedPoint_iff_systemZero: []
SAFE_RETAINED_EDGE NLA.MF16.root_to_matrix: [NLA.MF16.rootBox,
 NLA.MF16.polynomialSystem,
 NLA.MF16.complexify,
 NLA.MF16.symmetricMatrix,
 NLA.MF16.evalWord,
 NLA.MF16.witnessWord,
 NLA.MF16.witnessB,
 NLA.MF16.witnessP,
 NLA.MF16.ComplexMatrix,
 NLA.MF16.witnessX0,
 NLA.MF16.rootBox,
 NLA.MF16.polynomialSystem,
 NLA.MF16.root_to_matrix_proved]
SAFE_RETAINED_EDGE NLA.MF16.root_to_matrix_proved: [NLA.MF16.rootBox,
 NLA.MF16.polynomialSystem,
 NLA.MF16.complexify,
 NLA.MF16.symmetricMatrix,
 NLA.MF16.evalWord,
 NLA.MF16.witnessWord,
 NLA.MF16.witnessB,
 NLA.MF16.witnessP,
 NLA.MF16.ComplexMatrix,
 NLA.MF16.witnessX0,
 NLA.MF16.rootBox,
 NLA.MF16.polynomialSystem,
 NLA.MF16.symmetricMatrix,
 NLA.MF16.evalWord,
 NLA.MF16.witnessWord,
 NLA.MF16.realB,
 NLA.MF16.realP,
 NLA.MF16.complexify,
 NLA.MF16.witnessB,
 NLA.MF16.witnessP,
 NLA.MF16.ComplexMatrix,
 NLA.MF16.witnessX0,
 NLA.MF16.polynomial_word_equivalence_proved,
 NLA.MF16.matrix_recovery_from_equations]
SAFE_RETAINED_EDGE NLA.MF16.matrix_recovery_from_equations: [NLA.MF16.rootBox,
 NLA.MF16.symmetricMatrix,
 NLA.MF16.evalWord,
 NLA.MF16.witnessWord,
 NLA.MF16.realB,
 NLA.MF16.realP,
 NLA.MF16.complexify,
 NLA.MF16.witnessB,
 NLA.MF16.witnessP,
 NLA.MF16.ComplexMatrix,
 NLA.MF16.witnessX0,
 NLA.MF16.rootBox,
 NLA.MF16.symmetricMatrix,
 NLA.MF16.evalWord,
 NLA.MF16.witnessWord,
 NLA.MF16.realB,
 NLA.MF16.realP,
 NLA.MF16.box_first_coordinate_gt_three,
 NLA.MF16.symmetricMatrix._proof_1,
 NLA.MF16.complexify,
 NLA.MF16.complexify_two_by_two_posDef,
 NLA.MF16.word_eq_of_two_entries,
 NLA.MF16.witnessB,
 NLA.MF16.witnessP,
 NLA.MF16.ComplexMatrix,
 NLA.MF16.witnessX0,
 NLA.MF16.complexify_witness_eval,
 NLA.MF16.RealMatrix,
 NLA.MF16.realX0._proof_1]
SAFE_RETAINED_EDGE NLA.MF16.box_first_coordinate_gt_three: [NLA.MF16.rootBox,
 NLA.MF16.rootBox,
 NLA.MF16.rootBox._proof_1,
 NLA.MF16.rootBox._proof_2,
 NLA.MF16.rootBox._proof_3]
SAFE_RETAINED_EDGE NLA.MF16.word_eq_of_two_entries: [NLA.MF16.symmetricMatrix,
 NLA.MF16.evalWord,
 NLA.MF16.witnessWord,
 NLA.MF16.realB,
 NLA.MF16.realP,
 NLA.MF16.symmetricMatrix,
 NLA.MF16.evalWord,
 NLA.MF16.witnessWord,
 NLA.MF16.realB,
 NLA.MF16.realP,
 NLA.MF16.RealMatrix,
 NLA.MF16.witness_word_transpose,
 NLA.MF16.witness_word_det,
 NLA.MF16.realP._proof_3,
 NLA.MF16.realP._proof_1,
 NLA.MF16.realP._proof_2]
SAFE_RETAINED_EDGE NLA.MF16.witness_word_transpose: [NLA.MF16.evalWord,
 NLA.MF16.witnessWord,
 NLA.MF16.symmetricMatrix,
 NLA.MF16.realB,
 NLA.MF16.evalWord,
 NLA.MF16.witnessWord,
 NLA.MF16.symmetricMatrix,
 NLA.MF16.realB,
 NLA.MF16.witness_eval,
 NLA.MF16.RealMatrix,
 NLA.MF16.symmetricMatrix_transpose,
 NLA.MF16.realB_transpose]
SAFE_RETAINED_EDGE NLA.MF16.symmetricMatrix_transpose: [NLA.MF16.symmetricMatrix, NLA.MF16.symmetricMatrix]
SAFE_RETAINED_EDGE NLA.MF16.realB_transpose: [NLA.MF16.realB, NLA.MF16.realB]
SAFE_RETAINED_EDGE NLA.MF16.witness_word_det: [NLA.MF16.symmetricMatrix,
 NLA.MF16.evalWord,
 NLA.MF16.witnessWord,
 NLA.MF16.realB,
 NLA.MF16.symmetricMatrix,
 NLA.MF16.evalWord,
 NLA.MF16.witnessWord,
 NLA.MF16.realB,
 NLA.MF16.witness_eval,
 NLA.MF16.realX0,
 NLA.MF16.realP,
 NLA.MF16.witnessX0,
 NLA.MF16.witnessB,
 NLA.MF16.witnessP,
 NLA.MF16.source_data_proved]
SAFE_RETAINED_EDGE NLA.MF16.counterexample: [NLA.MF16.SymmetricWord,
 NLA.MF16.witnessWord,
 NLA.MF16.witnessB,
 NLA.MF16.witnessP,
 NLA.MF16.witnessX0,
 NLA.MF16.evalWord,
 NLA.MF16.ComplexMatrix,
 NLA.MF16.counterexample_proved]
SAFE_RETAINED_EDGE NLA.MF16.counterexample_proved: [NLA.MF16.SymmetricWord,
 NLA.MF16.witnessWord,
 NLA.MF16.witnessB,
 NLA.MF16.witnessP,
 NLA.MF16.witnessX0,
 NLA.MF16.evalWord,
 NLA.MF16.ComplexMatrix,
 NLA.MF16.rootBox,
 NLA.MF16.polynomialSystem,
 NLA.MF16.SymmetricWord,
 NLA.MF16.witnessWord,
 NLA.MF16.witnessB,
 NLA.MF16.witnessP,
 NLA.MF16.witnessX0,
 NLA.MF16.evalWord,
 NLA.MF16.ComplexMatrix,
 NLA.MF16.certified_root_proved,
 NLA.MF16.complexify,
 NLA.MF16.symmetricMatrix,
 NLA.MF16.root_to_matrix_proved,
 NLA.MF16.Letter,
 NLA.MF16.instDecidableEqLetter,
 NLA.MF16.Letter.X,
 NLA.MF16.Letter.B,
 NLA.MF16.RealMatrix,
 NLA.MF16.word_semantics_proved,
 NLA.MF16.realB,
 NLA.MF16.realX0,
 NLA.MF16.realP,
 NLA.MF16.source_data_proved]
SAFE_RETAINED_EDGE NLA.MF16.not_wordUniquenessConjecture: [NLA.MF16.WordUniquenessConjecture,
 NLA.MF16.not_wordUniquenessConjecture_proved]
SAFE_RETAINED_EDGE NLA.MF16.WordUniquenessConjecture: [NLA.MF16.Letter,
 NLA.MF16.SymmetricWord,
 NLA.MF16.ComplexMatrix,
 NLA.MF16.evalWord]
SAFE_RETAINED_EDGE NLA.MF16.not_wordUniquenessConjecture_proved: [NLA.MF16.WordUniquenessConjecture,
 NLA.MF16.WordUniquenessConjecture,
 NLA.MF16.SymmetricWord,
 NLA.MF16.witnessWord,
 NLA.MF16.witnessB,
 NLA.MF16.witnessP,
 NLA.MF16.witnessX0,
 NLA.MF16.evalWord,
 NLA.MF16.ComplexMatrix,
 NLA.MF16.counterexample_proved]
MATERIAL_DEPENDENCY: NLA.MF16.actual_krawczyk_checked
MATERIAL_DEPENDENCY: NLA.MF16.certified_root_proved
MATERIAL_DEPENDENCY: NLA.MF16.polynomial_reduced_equivalence
MATERIAL_DEPENDENCY: NLA.MF16.polynomial_eval_zero
MATERIAL_DEPENDENCY: NLA.MF16.polynomial_eval_one
MATERIAL_DEPENDENCY: NLA.MF16.polynomial_eval_two
MATERIAL_DEPENDENCY: NLA.MF16.reducedWord_eq
MATERIAL_DEPENDENCY: NLA.MF16.matrix_twelfth_power_of_det_three
MATERIAL_DEPENDENCY: NLA.MF16.complexify_two_by_two_posDef
MATERIAL_DEPENDENCY: NLA.MF16.complexify_mul
MATERIAL_DEPENDENCY: NLA.MF16.complexify_pow
MATERIAL_DEPENDENCY: NLA.MF16.word_eq_of_two_entries
MATERIAL_DEPENDENCY: NLA.MF16.witness_word_det
MATERIAL_DEPENDENCY: NLA.MF16.witness_word_transpose
MATERIAL_DEPENDENCY: NLA.MF16.matrix_recovery_from_equations
MATERIAL_DEPENDENCY: NLA.MF16.counterexample_proved
MATERIAL_DEPENDENCY: NLA.MF16.not_wordUniquenessConjecture_proved
MATERIAL_DEPENDENCY: Matrix.aeval_self_charpoly
MATERIAL_DEPENDENCY: Matrix.charpoly_fin_two
MATERIAL_DEPENDENCY: Matrix.PosDef.diagonal
MATERIAL_DEPENDENCY: Matrix.PosDef.conjTranspose_mul_mul_same
MATERIAL_DEPENDENCY: Matrix.mulVec_injective_iff_isUnit
MATERIAL_DEPENDENCY: Matrix.map_pow
MATERIAL_DEPENDENCY: Matrix.map_mul
MATERIAL_DEPENDENCY: Matrix.det_mul
MATERIAL_DEPENDENCY: Matrix.det_pow
MATERIAL_DEPENDENCY: Matrix.det_fin_two
MATERIAL_DEPENDENCY: LeanCert.Engine.krawczykCheck_sound
MATERIAL_DEPENDENCY: LeanCert.Engine.fixedPoint_iff_systemZero
MATERIAL_DEPENDENCY: LeanCert.Engine.contraction_unique_fixedPoint_in_finBox
MATERIAL_DEPENDENCY: LeanCert.Engine.jacobianAt_mem_intervalJacobian
MATERIAL_DEPENDENCY: LeanCert.Engine.newtonMap_mapsTo_of_imageEnclosure
MATERIAL_DEPENDENCY: LeanCert.Engine.newtonMap_fderiv_norm_le
MATERIAL_DEPENDENCY: LeanCert.Engine.evalIntervalCore_correct
MATERIAL_DEPENDENCY: ContractingWith.exists_fixedPoint'
PROJECT_DECLARATIONS: 110
LIBRARY_SEMANTIC_PROOFS_TRAVERSED: 9
NLA.MF16.word_semantics :
  NLA.MF16.SymmetricWord NLA.MF16.witnessWord ∧
    NLA.MF16.witnessWord.length = 16 ∧
      List.count NLA.MF16.Letter.X NLA.MF16.witnessWord = 14 ∧
        List.count NLA.MF16.Letter.B NLA.MF16.witnessWord = 2 ∧
          (∀ (X B : NLA.MF16.ComplexMatrix), NLA.MF16.evalWord NLA.MF16.witnessWord X B = X * B * X ^ 12 * B * X) ∧
            ∀ (X B : NLA.MF16.RealMatrix), NLA.MF16.evalWord NLA.MF16.witnessWord X B = X * B * X ^ 12 * B * X
NLA.MF16.source_data :
  Matrix.PosDef NLA.MF16.witnessB ∧
    Matrix.PosDef NLA.MF16.witnessP ∧
      Matrix.PosDef NLA.MF16.witnessX0 ∧
        NLA.MF16.evalWord NLA.MF16.witnessWord NLA.MF16.witnessX0 NLA.MF16.witnessB = NLA.MF16.witnessP ∧
          Matrix.det NLA.MF16.realB = 1 ∧ Matrix.det NLA.MF16.realX0 = 3 ∧ Matrix.det NLA.MF16.realP = 3 ^ 14
NLA.MF16.twelfth_power_reduction (v : Fin 3 → ℝ) (hdet : Matrix.det (NLA.MF16.symmetricMatrix v) = 3) :
  NLA.MF16.symmetricMatrix v ^ 12 =
    NLA.MF16.linearCoefficient (Matrix.trace (NLA.MF16.symmetricMatrix v)) • NLA.MF16.symmetricMatrix v -
      NLA.MF16.identityCoefficient (Matrix.trace (NLA.MF16.symmetricMatrix v)) • 1
NLA.MF16.polynomial_word_equivalence (v : Fin 3 → ℝ) :
  LeanCert.Engine.SystemZero NLA.MF16.polynomialSystem v ↔
    Matrix.det (NLA.MF16.symmetricMatrix v) = 3 ∧
      NLA.MF16.evalWord NLA.MF16.witnessWord (NLA.MF16.symmetricMatrix v) NLA.MF16.realB 0 0 = NLA.MF16.realP 0 0 ∧
        NLA.MF16.evalWord NLA.MF16.witnessWord (NLA.MF16.symmetricMatrix v) NLA.MF16.realB 0 1 = NLA.MF16.realP 0 1
NLA.MF16.krawczyk_certificate :
  LeanCert.Engine.krawczykCheck NLA.MF16.polynomialSystem NLA.MF16.rootBox NLA.MF16.rootCertificate = true ∧
    NLA.MF16.rootCertificate.preconditioner.det = 790668616748253 / 62500000000000000000000000000 ∧
      LeanCert.Engine.boxRadius NLA.MF16.rootBox NLA.MF16.rootCenter = NLA.MF16.rootRadius ∧
        NLA.MF16.contractionBound < 27 / 1000
NLA.MF16.certified_root :
  ∃! v, LeanCert.Engine.FinBoxMem v NLA.MF16.rootBox ∧ LeanCert.Engine.SystemZero NLA.MF16.polynomialSystem v
NLA.MF16.root_to_matrix (v : Fin 3 → ℝ) (hv : LeanCert.Engine.FinBoxMem v NLA.MF16.rootBox)
  (hz : LeanCert.Engine.SystemZero NLA.MF16.polynomialSystem v) :
  3 < v 0 ∧
    Matrix.PosDef (NLA.MF16.complexify (NLA.MF16.symmetricMatrix v)) ∧
      NLA.MF16.evalWord NLA.MF16.witnessWord (NLA.MF16.complexify (NLA.MF16.symmetricMatrix v)) NLA.MF16.witnessB =
          NLA.MF16.witnessP ∧
        NLA.MF16.complexify (NLA.MF16.symmetricMatrix v) ≠ NLA.MF16.witnessX0
NLA.MF16.counterexample :
  NLA.MF16.SymmetricWord NLA.MF16.witnessWord ∧
    Matrix.PosDef NLA.MF16.witnessB ∧
      Matrix.PosDef NLA.MF16.witnessP ∧
        Matrix.PosDef NLA.MF16.witnessX0 ∧
          NLA.MF16.evalWord NLA.MF16.witnessWord NLA.MF16.witnessX0 NLA.MF16.witnessB = NLA.MF16.witnessP ∧
            ∃ X,
              Matrix.PosDef X ∧
                NLA.MF16.evalWord NLA.MF16.witnessWord X NLA.MF16.witnessB = NLA.MF16.witnessP ∧ X ≠ NLA.MF16.witnessX0
NLA.MF16.not_wordUniquenessConjecture : ¬NLA.MF16.WordUniquenessConjecture
def NLA.MF16.WordUniquenessConjecture : Prop :=
∀ (w : List.{0} NLA.MF16.Letter),
  NLA.MF16.SymmetricWord w →
    ∀ (B P : NLA.MF16.ComplexMatrix),
      @Matrix.PosDef.{0, 0} (Fin (@OfNat.ofNat.{0} Nat (nat_lit 2) (instOfNatNat (nat_lit 2)))) Complex Complex.instRing
          Complex.partialOrder Complex.instStarRing B →
        @Matrix.PosDef.{0, 0} (Fin (@OfNat.ofNat.{0} Nat (nat_lit 2) (instOfNatNat (nat_lit 2)))) Complex
            Complex.instRing Complex.partialOrder Complex.instStarRing P →
          @ExistsUnique.{1} NLA.MF16.ComplexMatrix fun (X : NLA.MF16.ComplexMatrix) =>
            And
              (@Matrix.PosDef.{0, 0} (Fin (@OfNat.ofNat.{0} Nat (nat_lit 2) (instOfNatNat (nat_lit 2)))) Complex
                Complex.instRing Complex.partialOrder Complex.instStarRing X)
              (@Eq.{1}
                (Matrix.{0, 0, 0} (Fin (@OfNat.ofNat.{0} Nat (nat_lit 2) (instOfNatNat (nat_lit 2))))
                  (Fin (@OfNat.ofNat.{0} Nat (nat_lit 2) (instOfNatNat (nat_lit 2)))) Complex)
                (@NLA.MF16.evalWord.{0} Complex Complex.instSemiring w X B) P)
def NLA.MF16.SymmetricWord : (w : List.{0} NLA.MF16.Letter) → Prop :=
fun (w : List.{0} NLA.MF16.Letter) =>
  And (@Eq.{1} (List.{0} NLA.MF16.Letter) w (@List.reverse.{0} NLA.MF16.Letter w))
    (@Membership.mem.{0, 0} NLA.MF16.Letter (List.{0} NLA.MF16.Letter) (@List.instMembership.{0} NLA.MF16.Letter) w
      NLA.MF16.Letter.X)
def NLA.MF16.evalWord.{u_1} : {R : Type u_1} →
  [Semiring.{u_1} R] →
    (w : List.{0} NLA.MF16.Letter) →
      (X B :
          Matrix.{0, 0, u_1} (Fin (@OfNat.ofNat.{0} Nat (nat_lit 2) (instOfNatNat (nat_lit 2))))
            (Fin (@OfNat.ofNat.{0} Nat (nat_lit 2) (instOfNatNat (nat_lit 2)))) R) →
        Matrix.{0, 0, u_1} (Fin (@OfNat.ofNat.{0} Nat (nat_lit 2) (instOfNatNat (nat_lit 2))))
          (Fin (@OfNat.ofNat.{0} Nat (nat_lit 2) (instOfNatNat (nat_lit 2)))) R :=
fun {R : Type u_1} [inst : Semiring.{u_1} R] (w : List.{0} NLA.MF16.Letter)
    (X B :
      Matrix.{0, 0, u_1} (Fin (@OfNat.ofNat.{0} Nat (nat_lit 2) (instOfNatNat (nat_lit 2))))
        (Fin (@OfNat.ofNat.{0} Nat (nat_lit 2) (instOfNatNat (nat_lit 2)))) R) =>
  @List.prod.{u_1}
    (Matrix.{0, 0, u_1} (Fin (@OfNat.ofNat.{0} Nat (nat_lit 2) (instOfNatNat (nat_lit 2))))
      (Fin (@OfNat.ofNat.{0} Nat (nat_lit 2) (instOfNatNat (nat_lit 2)))) R)
    (@Matrix.instMulOfFintypeOfAddCommMonoid.{u_1, 0}
      (Fin (@OfNat.ofNat.{0} Nat (nat_lit 2) (instOfNatNat (nat_lit 2)))) R
      (Fin.fintype (@OfNat.ofNat.{0} Nat (nat_lit 2) (instOfNatNat (nat_lit 2))))
      (@Distrib.toMul.{u_1} R (@instDistribOfSemiring.{u_1} R inst)) (@Semiring.toAddCommMonoid.{u_1} R inst))
    (@Matrix.one.{u_1, 0} (Fin (@OfNat.ofNat.{0} Nat (nat_lit 2) (instOfNatNat (nat_lit 2)))) R
      (instDecidableEqFin (@OfNat.ofNat.{0} Nat (nat_lit 2) (instOfNatNat (nat_lit 2))))
      (@MulZeroClass.toZero.{u_1} R (@instMulZeroClassOfSemiring.{u_1} R inst))
      (@AddMonoidWithOne.toOne.{u_1} R
        (@AddCommMonoidWithOne.toAddMonoidWithOne.{u_1} R
          (@NonAssocSemiring.toAddCommMonoidWithOne.{u_1} R (@Semiring.toNonAssocSemiring.{u_1} R inst)))))
    (@List.map.{0, u_1} NLA.MF16.Letter
      (Matrix.{0, 0, u_1} (Fin (@OfNat.ofNat.{0} Nat (nat_lit 2) (instOfNatNat (nat_lit 2))))
        (Fin (@OfNat.ofNat.{0} Nat (nat_lit 2) (instOfNatNat (nat_lit 2)))) R)
      (fun (letter : NLA.MF16.Letter) =>
        NLA.MF16.instReprLetter.repr.match_1.{u_1 + 1}
          (fun (letter : NLA.MF16.Letter) =>
            Matrix.{0, 0, u_1} (Fin (@OfNat.ofNat.{0} Nat (nat_lit 2) (instOfNatNat (nat_lit 2))))
              (Fin (@OfNat.ofNat.{0} Nat (nat_lit 2) (instOfNatNat (nat_lit 2)))) R)
          letter (fun (_ : Unit) => X) fun (_ : Unit) => B)
      w)
theorem NLA.MF16.actual_krawczyk_checked : LeanCert.Engine.krawczykCheck NLA.MF16.polynomialSystem NLA.MF16.rootBox
    NLA.MF16.rootCertificate =
  true :=
NLA.MF16.actual_krawczyk_checked._proof_1_1
theorem NLA.MF16.certified_root_proved : ∃! v,
  LeanCert.Engine.FinBoxMem v NLA.MF16.rootBox ∧ LeanCert.Engine.SystemZero NLA.MF16.polynomialSystem v :=
LeanCert.Engine.krawczykCheck_sound NLA.MF16.polynomialSystem NLA.MF16.rootBox NLA.MF16.rootCertificate { }
  NLA.MF16.actual_krawczyk_checked
theorem NLA.MF16.polynomial_word_equivalence_proved : ∀ (v : Fin 3 → ℝ),
  LeanCert.Engine.SystemZero NLA.MF16.polynomialSystem v ↔
    Matrix.det (NLA.MF16.symmetricMatrix v) = 3 ∧
      NLA.MF16.evalWord NLA.MF16.witnessWord (NLA.MF16.symmetricMatrix v) NLA.MF16.realB 0 0 = NLA.MF16.realP 0 0 ∧
        NLA.MF16.evalWord NLA.MF16.witnessWord (NLA.MF16.symmetricMatrix v) NLA.MF16.realB 0 1 = NLA.MF16.realP 0 1 :=
fun v =>
  Eq.mpr
    (id
      (congrArg
        (fun _a =>
          _a ↔
            Matrix.det (NLA.MF16.symmetricMatrix v) = 3 ∧
              NLA.MF16.evalWord NLA.MF16.witnessWord (NLA.MF16.symmetricMatrix v) NLA.MF16.realB 0 0 =
                  NLA.MF16.realP 0 0 ∧
                NLA.MF16.evalWord NLA.MF16.witnessWord (NLA.MF16.symmetricMatrix v) NLA.MF16.realB 0 1 =
                  NLA.MF16.realP 0 1)
        (propext (NLA.MF16.polynomial_reduced_equivalence v))))
    {
      mp := fun a =>
        And.casesOn a fun hd right =>
          And.casesOn right fun h00 h01 =>
            ⟨hd,
              ⟨Eq.mp
                  (congrFun' (congrArg Eq (congrArg (fun x => x 0 0) (NLA.MF16.reducedWord_eq v hd)))
                    (NLA.MF16.realP 0 0))
                  h00,
                Eq.mp
                  (congrFun' (congrArg Eq (congrArg (fun x => x 0 1) (NLA.MF16.reducedWord_eq v hd)))
                    (NLA.MF16.realP 0 1))
                  h01⟩⟩,
      mpr := fun a =>
        And.casesOn a fun hd right =>
          And.casesOn right fun h00 h01 =>
            ⟨hd,
              ⟨Eq.mpr
                  (id
                    (congrFun' (congrArg Eq (congrArg (fun x => x 0 0) (NLA.MF16.reducedWord_eq v hd)))
                      (NLA.MF16.realP 0 0)))
                  h00,
                Eq.mpr
                  (id
                    (congrFun' (congrArg Eq (congrArg (fun x => x 0 1) (NLA.MF16.reducedWord_eq v hd)))
                      (NLA.MF16.realP 0 1)))
                  h01⟩⟩ }
theorem NLA.MF16.word_eq_of_two_entries : ∀ (v : Fin 3 → ℝ),
  Matrix.det (NLA.MF16.symmetricMatrix v) = 3 →
    NLA.MF16.evalWord NLA.MF16.witnessWord (NLA.MF16.symmetricMatrix v) NLA.MF16.realB 0 0 = NLA.MF16.realP 0 0 →
      NLA.MF16.evalWord NLA.MF16.witnessWord (NLA.MF16.symmetricMatrix v) NLA.MF16.realB 0 1 = NLA.MF16.realP 0 1 →
        NLA.MF16.evalWord NLA.MF16.witnessWord (NLA.MF16.symmetricMatrix v) NLA.MF16.realB = NLA.MF16.realP :=
fun v hdet h00 h01 =>
  have h10 := congrArg (fun A => A 0 1) (NLA.MF16.witness_word_transpose v);
  have hd := NLA.MF16.witness_word_det v hdet;
  have h11 :=
    Eq.mpr
      (id
        (congrArg (Eq (NLA.MF16.evalWord NLA.MF16.witnessWord (NLA.MF16.symmetricMatrix v) NLA.MF16.realB 1 1))
          (Eq.trans (Matrix.cons_val' ![4783113, 6377496] ![![6377496, 8503345]] 1 1)
            (congrFun'
              (congr (congrArg Matrix.vecCons (Matrix.cons_val_fin_one 6377496 ![] 0))
                (funext fun i =>
                  Eq.trans (Matrix.cons_val' ![6377496, 8503345] ![] i 1)
                    (Eq.trans
                      (congrFun'
                        (congrFun' (congrArg Matrix.vecCons (Matrix.cons_val_fin_one 8503345 ![] 0)) fun i => ![] i 1)
                        i)
                      (Matrix.cons_val_fin_one 8503345 (fun i => ![] i 1) i))))
              1))))
      (Mathlib.Tactic.Linarith.eq_of_not_lt_of_not_gt
        (NLA.MF16.evalWord NLA.MF16.witnessWord (NLA.MF16.symmetricMatrix v) NLA.MF16.realB 1 1) 8503345
        (Not.intro fun a =>
          Mathlib.Tactic.Linarith.lt_irrefl
            (Eq.mp
              (congrArg (fun _a => _a < 0)
                (Mathlib.Tactic.Ring.of_eq
                  (Mathlib.Tactic.Ring.Common.add_congr
                    (Mathlib.Tactic.Ring.Common.neg_congr
                      (Mathlib.Tactic.Ring.Common.sub_congr
                        (Mathlib.Tactic.Ring.Common.sub_congr
                          (Mathlib.Tactic.Ring.Common.mul_congr
                            (Mathlib.Tactic.Ring.cast_pos (Mathlib.Meta.NormNum.isNat_ofNat ℝ (Eq.refl 4783113)))
                            (Mathlib.Tactic.Ring.Common.atom_pf
                              (NLA.MF16.evalWord NLA.MF16.witnessWord (NLA.MF16.symmetricMatrix v) NLA.MF16.realB 1 1)
                              rfl
                              (Eq.mpr
                                (id
                                  (congrArg
                                    (fun _a =>
                                      NLA.MF16.evalWord NLA.MF16.witnessWord (NLA.MF16.symmetricMatrix v) NLA.MF16.realB
                                              1 1 ^
                                            Nat.rawCast 1 *
                                          Nat.rawCast 1 =
                                        NLA.MF16.evalWord NLA.MF16.witnessWord (NLA.MF16.symmetricMatrix v)
                                              NLA.MF16.realB 1 1 ^
                                            Nat.rawCast 1 *
                                          _a)
                                    (Eq.symm rfl)))
                                (Eq.refl
                                  (NLA.MF16.evalWord NLA.MF16.witnessWord (NLA.MF16.symmetricMatrix v) NLA.MF16.realB 1
                                        1 ^
                                      Nat.rawCast 1 *
                                    Nat.rawCast 1))))
                            (Mathlib.Tactic.Ring.Common.add_mul
                              (Mathlib.Tactic.Ring.Common.mul_add
                                (Mathlib.Tactic.Ring.Common.mul_pf_right
                                  (NLA.MF16.evalWord NLA.MF16.witnessWord (NLA.MF16.symmetricMatrix v) NLA.MF16.realB 1
                                    1)
                                  (Nat.rawCast 1)
                                  (Mathlib.Meta.NormNum.IsNat.to_raw_eq
                                    (Mathlib.Meta.NormNum.isNat_mul (Eq.refl HMul.hMul)
                                      (Mathlib.Meta.NormNum.IsNat.of_raw ℝ 4783113)
                                      (Mathlib.Meta.NormNum.IsNat.of_raw ℝ 1) (Eq.refl 4783113))))
                                (Mathlib.Tactic.Ring.Common.mul_zero (Nat.rawCast 4783113))
                                (Mathlib.Tactic.Ring.Common.add_pf_add_zero
                                  (NLA.MF16.evalWord NLA.MF16.witnessWord (NLA.MF16.symmetricMatrix v) NLA.MF16.realB 1
                                          1 ^
                                        Nat.rawCast 1 *
                                      Nat.rawCast 4783113 +
                                    0)))
                              (Mathlib.Tactic.Ring.Common.zero_mul
                                (NLA.MF16.evalWord NLA.MF16.witnessWord (NLA.MF16.symmetricMatrix v) NLA.MF16.realB 1
                                        1 ^
                                      Nat.rawCast 1 *
                                    Nat.rawCast 1 +
                                  0))
                              (Mathlib.Tactic.Ring.Common.add_pf_add_zero
                                (NLA.MF16.evalWord NLA.MF16.witnessWord (NLA.MF16.symmetricMatrix v) NLA.MF16.realB 1
                                        1 ^
                                      Nat.rawCast 1 *
                                    Nat.rawCast 4783113 +
                                  0))))
                          (Mathlib.Tactic.Ring.cast_pos (Mathlib.Meta.NormNum.isNat_ofNat ℝ (Eq.refl 40672455230016)))
                          (Mathlib.Tactic.Ring.Common.sub_pf
                            (Mathlib.Tactic.Ring.Common.neg_add
                              (Mathlib.Meta.NormNum.IsInt.to_raw_eq
                                (Mathlib.Meta.NormNum.isInt_neg (Eq.refl Neg.neg)
                                  (Mathlib.Meta.NormNum.IsNat.to_isInt
                                    (Mathlib.Meta.NormNum.IsNat.of_raw ℝ 40672455230016))
                                  (Eq.refl (Int.negOfNat 40672455230016))))
                              Mathlib.Tactic.Ring.Common.neg_zero)
                            (Mathlib.Tactic.Ring.Common.add_pf_add_gt (Int.negOfNat 40672455230016).rawCast
                              (Mathlib.Tactic.Ring.Common.add_pf_add_zero
                                (NLA.MF16.evalWord NLA.MF16.witnessWord (NLA.MF16.symmetricMatrix v) NLA.MF16.realB 1
                                        1 ^
                                      Nat.rawCast 1 *
                                    Nat.rawCast 4783113 +
                                  0)))))
                        (Mathlib.Tactic.Ring.cast_pos (Mathlib.Meta.NormNum.isNat_ofNat ℝ (Eq.refl 4782969)))
                        (Mathlib.Tactic.Ring.Common.sub_pf
                          (Mathlib.Tactic.Ring.Common.neg_add
                            (Mathlib.Meta.NormNum.IsInt.to_raw_eq
                              (Mathlib.Meta.NormNum.isInt_neg (Eq.refl Neg.neg)
                                (Mathlib.Meta.NormNum.IsNat.to_isInt (Mathlib.Meta.NormNum.IsNat.of_raw ℝ 4782969))
                                (Eq.refl (Int.negOfNat 4782969))))
                            Mathlib.Tactic.Ring.Common.neg_zero)
                          (Mathlib.Tactic.Ring.Common.add_pf_add_overlap
                            (Mathlib.Meta.NormNum.IsInt.to_raw_eq
                              (Mathlib.Meta.NormNum.isInt_add (Eq.refl HAdd.hAdd)
                                (Mathlib.Meta.NormNum.IsInt.of_raw ℝ (Int.negOfNat 40672455230016))
                                (Mathlib.Meta.NormNum.IsInt.of_raw ℝ (Int.negOfNat 4782969))
                                (Eq.refl (Int.negOfNat 40672460012985))))
                            (Mathlib.Tactic.Ring.Common.add_pf_add_zero
                              (NLA.MF16.evalWord NLA.MF16.witnessWord (NLA.MF16.symmetricMatrix v) NLA.MF16.realB 1 1 ^
                                    Nat.rawCast 1 *
                                  Nat.rawCast 4783113 +
                                0)))))
                      (Mathlib.Tactic.Ring.Common.neg_add
                        (Mathlib.Meta.NormNum.IsNat.to_raw_eq
                          (Mathlib.Meta.NormNum.IsInt.to_isNat
                            (Mathlib.Meta.NormNum.isInt_neg (Eq.refl Neg.neg)
                              (Mathlib.Meta.NormNum.IsInt.of_raw ℝ (Int.negOfNat 40672460012985))
                              (Eq.refl (Int.ofNat 40672460012985)))))
                        (Mathlib.Tactic.Ring.Common.neg_add
                          (Mathlib.Tactic.Ring.Common.neg_mul
                            (NLA.MF16.evalWord NLA.MF16.witnessWord (NLA.MF16.symmetricMatrix v) NLA.MF16.realB 1 1)
                            (Nat.rawCast 1)
                            (Mathlib.Meta.NormNum.IsInt.to_raw_eq
                              (Mathlib.Meta.NormNum.isInt_neg (Eq.refl Neg.neg)
                                (Mathlib.Meta.NormNum.IsNat.to_isInt (Mathlib.Meta.NormNum.IsNat.of_raw ℝ 4783113))
                                (Eq.refl (Int.negOfNat 4783113)))))
                          Mathlib.Tactic.Ring.Common.neg_zero)))
                    (Mathlib.Tactic.Ring.Common.mul_congr
                      (Mathlib.Tactic.Ring.cast_pos (Mathlib.Meta.NormNum.isNat_ofNat ℝ (Eq.refl 4783113)))
                      (Mathlib.Tactic.Ring.Common.sub_congr
                        (Mathlib.Tactic.Ring.Common.atom_pf
                          (NLA.MF16.evalWord NLA.MF16.witnessWord (NLA.MF16.symmetricMatrix v) NLA.MF16.realB 1 1) rfl
                          (Eq.mpr
                            (id
                              (congrArg
                                (fun _a =>
                                  NLA.MF16.evalWord NLA.MF16.witnessWord (NLA.MF16.symmetricMatrix v) NLA.MF16.realB 1
                                          1 ^
                                        Nat.rawCast 1 *
                                      Nat.rawCast 1 =
                                    NLA.MF16.evalWord NLA.MF16.witnessWord (NLA.MF16.symmetricMatrix v) NLA.MF16.realB 1
                                          1 ^
                                        Nat.rawCast 1 *
                                      _a)
                                (Eq.symm rfl)))
                            (Eq.refl
                              (NLA.MF16.evalWord NLA.MF16.witnessWord (NLA.MF16.symmetricMatrix v) NLA.MF16.realB 1 1 ^
                                  Nat.rawCast 1 *
                                Nat.rawCast 1))))
                        (Mathlib.Tactic.Ring.cast_pos (Mathlib.Meta.NormNum.isNat_ofNat ℝ (Eq.refl 8503345)))
                        (Mathlib.Tactic.Ring.Common.sub_pf
                          (Mathlib.Tactic.Ring.Common.neg_add
                            (Mathlib.Meta.NormNum.IsInt.to_raw_eq
                              (Mathlib.Meta.NormNum.isInt_neg (Eq.refl Neg.neg)
                                (Mathlib.Meta.NormNum.IsNat.to_isInt (Mathlib.Meta.NormNum.IsNat.of_raw ℝ 8503345))
                                (Eq.refl (Int.negOfNat 8503345))))
                            Mathlib.Tactic.Ring.Common.neg_zero)
                          (Mathlib.Tactic.Ring.Common.add_pf_add_gt (Int.negOfNat 8503345).rawCast
                            (Mathlib.Tactic.Ring.Common.add_pf_add_zero
                              (NLA.MF16.evalWord NLA.MF16.witnessWord (NLA.MF16.symmetricMatrix v) NLA.MF16.realB 1 1 ^
                                    Nat.rawCast 1 *
                                  Nat.rawCast 1 +
                                0)))))
                      (Mathlib.Tactic.Ring.Common.add_mul
                        (Mathlib.Tactic.Ring.Common.mul_add
                          (Mathlib.Meta.NormNum.IsInt.to_raw_eq
                            (Mathlib.Meta.NormNum.isInt_mul (Eq.refl HMul.hMul)
                              (Mathlib.Meta.NormNum.IsNat.to_isInt (Mathlib.Meta.NormNum.IsNat.of_raw ℝ 4783113))
                              (Mathlib.Meta.NormNum.IsInt.of_raw ℝ (Int.negOfNat 8503345))
                              (Eq.refl (Int.negOfNat 40672460012985))))
                          (Mathlib.Tactic.Ring.Common.mul_add
                            (Mathlib.Tactic.Ring.Common.mul_pf_right
                              (NLA.MF16.evalWord NLA.MF16.witnessWord (NLA.MF16.symmetricMatrix v) NLA.MF16.realB 1 1)
                              (Nat.rawCast 1)
                              (Mathlib.Meta.NormNum.IsNat.to_raw_eq
                                (Mathlib.Meta.NormNum.isNat_mul (Eq.refl HMul.hMul)
                                  (Mathlib.Meta.NormNum.IsNat.of_raw ℝ 4783113) (Mathlib.Meta.NormNum.IsNat.of_raw ℝ 1)
                                  (Eq.refl 4783113))))
                            (Mathlib.Tactic.Ring.Common.mul_zero (Nat.rawCast 4783113))
                            (Mathlib.Tactic.Ring.Common.add_pf_add_zero
                              (NLA.MF16.evalWord NLA.MF16.witnessWord (NLA.MF16.symmetricMatrix v) NLA.MF16.realB 1 1 ^
                                    Nat.rawCast 1 *
                                  Nat.rawCast 4783113 +
                                0)))
                          (Mathlib.Tactic.Ring.Common.add_pf_add_lt (Int.negOfNat 40672460012985).rawCast
                            (Mathlib.Tactic.Ring.Common.add_pf_zero_add
                              (NLA.MF16.evalWord NLA.MF16.witnessWord (NLA.MF16.symmetricMatrix v) NLA.MF16.realB 1 1 ^
                                    Nat.rawCast 1 *
                                  Nat.rawCast 4783113 +
                                0))))
                        (Mathlib.Tactic.Ring.Common.zero_mul
                          ((Int.negOfNat 8503345).rawCast +
                            (NLA.MF16.evalWord NLA.MF16.witnessWord (NLA.MF16.symmetricMatrix v) NLA.MF16.realB 1 1 ^
                                  Nat.rawCast 1 *
                                Nat.rawCast 1 +
                              0)))
                        (Mathlib.Tactic.Ring.Common.add_pf_add_zero
                          ((Int.negOfNat 40672460012985).rawCast +
                            (NLA.MF16.evalWord NLA.MF16.witnessWord (NLA.MF16.symmetricMatrix v) NLA.MF16.realB 1 1 ^
                                  Nat.rawCast 1 *
                                Nat.rawCast 4783113 +
                              0)))))
                    (Mathlib.Tactic.Ring.Common.add_pf_add_overlap_zero
                      (Mathlib.Meta.NormNum.IsInt.to_isNat
                        (Mathlib.Meta.NormNum.isInt_add (Eq.refl HAdd.hAdd)
                          (Mathlib.Meta.NormNum.IsNat.to_isInt (Mathlib.Meta.NormNum.IsNat.of_raw ℝ 40672460012985))
                          (Mathlib.Meta.NormNum.IsInt.of_raw ℝ (Int.negOfNat 40672460012985)) (Eq.refl (Int.ofNat 0))))
                      (Mathlib.Tactic.Ring.Common.add_pf_add_overlap_zero
                        (Mathlib.Tactic.Ring.Common.add_overlap_pf_zero
                          (NLA.MF16.evalWord NLA.MF16.witnessWord (NLA.MF16.symmetricMatrix v) NLA.MF16.realB 1 1)
                          (Nat.rawCast 1)
                          (Mathlib.Meta.NormNum.IsInt.to_isNat
                            (Mathlib.Meta.NormNum.isInt_add (Eq.refl HAdd.hAdd)
                              (Mathlib.Meta.NormNum.IsInt.of_raw ℝ (Int.negOfNat 4783113))
                              (Mathlib.Meta.NormNum.IsNat.to_isInt (Mathlib.Meta.NormNum.IsNat.of_raw ℝ 4783113))
                              (Eq.refl (Int.ofNat 0)))))
                        (Mathlib.Tactic.Ring.Common.add_pf_zero_add 0))))
                  (Mathlib.Tactic.Ring.cast_zero (Mathlib.Meta.NormNum.isNat_ofNat ℝ Nat.cast_zero))))
              (Mathlib.Tactic.Linarith.lt_of_eq_of_lt
                (neg_eq_zero.mpr
                  (sub_eq_zero_of_eq
                    (Eq.mp
                      (congr
                        (congrArg Eq
                          (congr
                            (congrArg HSub.hSub
                              (congrFun'
                                (congrArg HMul.hMul
                                  (Eq.trans (Matrix.cons_val' ![4783113, 6377496] ![![6377496, 8503345]] 0 0)
                                    (congrFun'
                                      (congrArg (Matrix.vecCons 4783113)
                                        (funext fun i =>
                                          Eq.trans (Matrix.cons_val' ![6377496, 8503345] ![] i 0)
                                            (Matrix.cons_val_fin_one 6377496 (fun i => ![] i 0) i)))
                                      0)))
                                (NLA.MF16.evalWord NLA.MF16.witnessWord (NLA.MF16.symmetricMatrix v) NLA.MF16.realB 1
                                  1)))
                            (Eq.trans
                              (congr
                                (congrArg HMul.hMul
                                  (Eq.trans (Matrix.cons_val' ![4783113, 6377496] ![![6377496, 8503345]] 0 1)
                                    (congrFun'
                                      (congr (congrArg Matrix.vecCons (Matrix.cons_val_fin_one 6377496 ![] 0))
                                        (funext fun i =>
                                          Eq.trans (Matrix.cons_val' ![6377496, 8503345] ![] i 1)
                                            (Eq.trans
                                              (congrFun'
                                                (congrFun'
                                                  (congrArg Matrix.vecCons (Matrix.cons_val_fin_one 8503345 ![] 0))
                                                  fun i => ![] i 1)
                                                i)
                                              (Matrix.cons_val_fin_one 8503345 (fun i => ![] i 1) i))))
                                      0)))
                                (Eq.trans (Matrix.cons_val' ![4783113, 6377496] ![![6377496, 8503345]] 0 1)
                                  (congrFun'
                                    (congr (congrArg Matrix.vecCons (Matrix.cons_val_fin_one 6377496 ![] 0))
                                      (funext fun i =>
                                        Eq.trans (Matrix.cons_val' ![6377496, 8503345] ![] i 1)
                                          (Eq.trans
                                            (congrFun'
                                              (congrFun'
                                                (congrArg Matrix.vecCons (Matrix.cons_val_fin_one 8503345 ![] 0))
                                                fun i => ![] i 1)
                                              i)
                                            (Matrix.cons_val_fin_one 8503345 (fun i => ![] i 1) i))))
                                    0)))
                              (Mathlib.Meta.NormNum.IsNat.to_eq
                                (Mathlib.Meta.NormNum.isNat_mul (Eq.refl HMul.hMul)
                                  (Mathlib.Meta.NormNum.isNat_ofNat ℝ (Eq.refl 6377496))
                                  (Mathlib.Meta.NormNum.isNat_ofNat ℝ (Eq.refl 6377496)) (Eq.refl 40672455230016))
                                (Eq.refl 40672455230016)))))
                        (Mathlib.Meta.NormNum.IsNat.to_eq
                          (Mathlib.Meta.NormNum.isNat_pow (Eq.refl HPow.hPow)
                            (Mathlib.Meta.NormNum.isNat_ofNat ℝ (Eq.refl 3))
                            (Mathlib.Meta.NormNum.isNat_ofNat ℕ (Eq.refl 14))
                            (Mathlib.Meta.NormNum.IsNatPowT.run
                              (Mathlib.Meta.NormNum.IsNatPowT.trans
                                (Mathlib.Meta.NormNum.IsNatPowT.trans Mathlib.Meta.NormNum.IsNatPowT.bit1
                                  Mathlib.Meta.NormNum.IsNatPowT.bit1)
                                Mathlib.Meta.NormNum.IsNatPowT.bit0)))
                          (Eq.refl 4782969)))
                      (Eq.mp
                        (congrArg
                          (fun _a =>
                            NLA.MF16.realP 0 0 *
                                  NLA.MF16.evalWord NLA.MF16.witnessWord (NLA.MF16.symmetricMatrix v) NLA.MF16.realB 1
                                    1 -
                                _a * _a =
                              3 ^ 14)
                          h01)
                        (Eq.mp
                          (congrArg
                            (fun _a =>
                              NLA.MF16.realP 0 0 *
                                    NLA.MF16.evalWord NLA.MF16.witnessWord (NLA.MF16.symmetricMatrix v) NLA.MF16.realB 1
                                      1 -
                                  NLA.MF16.evalWord NLA.MF16.witnessWord (NLA.MF16.symmetricMatrix v) NLA.MF16.realB 0
                                      1 *
                                    _a =
                                3 ^ 14)
                            h10)
                          (Eq.mp
                            (congrArg
                              (fun _a =>
                                _a *
                                      NLA.MF16.evalWord NLA.MF16.witnessWord (NLA.MF16.symmetricMatrix v) NLA.MF16.realB
                                        1 1 -
                                    NLA.MF16.evalWord NLA.MF16.witnessWord (NLA.MF16.symmetricMatrix v) NLA.MF16.realB 0
                                        1 *
                                      NLA.MF16.evalWord NLA.MF16.witnessWord (NLA.MF16.symmetricMatrix v) NLA.MF16.realB
                                        1 0 =
                                  3 ^ 14)
                              h00)
                            (Eq.mp
                              (congrArg (fun _a => _a = 3 ^ 14)
                                (Matrix.det_fin_two
                                  (NLA.MF16.evalWord NLA.MF16.witnessWord (NLA.MF16.symmetricMatrix v) NLA.MF16.realB)))
                              hd)))))))
                (Mathlib.Tactic.Linarith.mul_neg (Mathlib.Tactic.Linarith.sub_neg_of_lt a)
                  (Mathlib.Meta.NormNum.isNat_lt_true (Mathlib.Meta.NormNum.isNat_ofNat ℝ Nat.cast_zero)
                    (Mathlib.Meta.NormNum.isNat_ofNat ℝ (Eq.refl 4783113)) (Eq.refl false))))))
        (Not.intro fun a =>
          Mathlib.Tactic.Linarith.lt_irrefl
            (Eq.mp
              (congrArg (fun _a => _a < 0)
                (Mathlib.Tactic.Ring.of_eq
                  (Mathlib.Tactic.Ring.Common.add_congr
                    (Mathlib.Tactic.Ring.Common.sub_congr
                      (Mathlib.Tactic.Ring.Common.sub_congr
                        (Mathlib.Tactic.Ring.Common.mul_congr
                          (Mathlib.Tactic.Ring.cast_pos (Mathlib.Meta.NormNum.isNat_ofNat ℝ (Eq.refl 4783113)))
                          (Mathlib.Tactic.Ring.Common.atom_pf
                            (NLA.MF16.evalWord NLA.MF16.witnessWord (NLA.MF16.symmetricMatrix v) NLA.MF16.realB 1 1) rfl
                            (Eq.mpr
                              (id
                                (congrArg
                                  (fun _a =>
                                    NLA.MF16.evalWord NLA.MF16.witnessWord (NLA.MF16.symmetricMatrix v) NLA.MF16.realB 1
                                            1 ^
                                          Nat.rawCast 1 *
                                        Nat.rawCast 1 =
                                      NLA.MF16.evalWord NLA.MF16.witnessWord (NLA.MF16.symmetricMatrix v) NLA.MF16.realB
                                            1 1 ^
                                          Nat.rawCast 1 *
                                        _a)
                                  (Eq.symm rfl)))
                              (Eq.refl
                                (NLA.MF16.evalWord NLA.MF16.witnessWord (NLA.MF16.symmetricMatrix v) NLA.MF16.realB 1
                                      1 ^
                                    Nat.rawCast 1 *
                                  Nat.rawCast 1))))
                          (Mathlib.Tactic.Ring.Common.add_mul
                            (Mathlib.Tactic.Ring.Common.mul_add
                              (Mathlib.Tactic.Ring.Common.mul_pf_right
                                (NLA.MF16.evalWord NLA.MF16.witnessWord (NLA.MF16.symmetricMatrix v) NLA.MF16.realB 1 1)
                                (Nat.rawCast 1)
                                (Mathlib.Meta.NormNum.IsNat.to_raw_eq
                                  (Mathlib.Meta.NormNum.isNat_mul (Eq.refl HMul.hMul)
                                    (Mathlib.Meta.NormNum.IsNat.of_raw ℝ 4783113)
                                    (Mathlib.Meta.NormNum.IsNat.of_raw ℝ 1) (Eq.refl 4783113))))
                              (Mathlib.Tactic.Ring.Common.mul_zero (Nat.rawCast 4783113))
                              (Mathlib.Tactic.Ring.Common.add_pf_add_zero
                                (NLA.MF16.evalWord NLA.MF16.witnessWord (NLA.MF16.symmetricMatrix v) NLA.MF16.realB 1
                                        1 ^
                                      Nat.rawCast 1 *
                                    Nat.rawCast 4783113 +
                                  0)))
                            (Mathlib.Tactic.Ring.Common.zero_mul
                              (NLA.MF16.evalWord NLA.MF16.witnessWord (NLA.MF16.symmetricMatrix v) NLA.MF16.realB 1 1 ^
                                    Nat.rawCast 1 *
                                  Nat.rawCast 1 +
                                0))
                            (Mathlib.Tactic.Ring.Common.add_pf_add_zero
                              (NLA.MF16.evalWord NLA.MF16.witnessWord (NLA.MF16.symmetricMatrix v) NLA.MF16.realB 1 1 ^
                                    Nat.rawCast 1 *
                                  Nat.rawCast 4783113 +
                                0))))
                        (Mathlib.Tactic.Ring.cast_pos (Mathlib.Meta.NormNum.isNat_ofNat ℝ (Eq.refl 40672455230016)))
                        (Mathlib.Tactic.Ring.Common.sub_pf
                          (Mathlib.Tactic.Ring.Common.neg_add
                            (Mathlib.Meta.NormNum.IsInt.to_raw_eq
                              (Mathlib.Meta.NormNum.isInt_neg (Eq.refl Neg.neg)
                                (Mathlib.Meta.NormNum.IsNat.to_isInt
                                  (Mathlib.Meta.NormNum.IsNat.of_raw ℝ 40672455230016))
                                (Eq.refl (Int.negOfNat 40672455230016))))
                            Mathlib.Tactic.Ring.Common.neg_zero)
                          (Mathlib.Tactic.Ring.Common.add_pf_add_gt (Int.negOfNat 40672455230016).rawCast
                            (Mathlib.Tactic.Ring.Common.add_pf_add_zero
                              (NLA.MF16.evalWord NLA.MF16.witnessWord (NLA.MF16.symmetricMatrix v) NLA.MF16.realB 1 1 ^
                                    Nat.rawCast 1 *
                                  Nat.rawCast 4783113 +
                                0)))))
                      (Mathlib.Tactic.Ring.cast_pos (Mathlib.Meta.NormNum.isNat_ofNat ℝ (Eq.refl 4782969)))
                      (Mathlib.Tactic.Ring.Common.sub_pf
                        (Mathlib.Tactic.Ring.Common.neg_add
                          (Mathlib.Meta.NormNum.IsInt.to_raw_eq
                            (Mathlib.Meta.NormNum.isInt_neg (Eq.refl Neg.neg)
                              (Mathlib.Meta.NormNum.IsNat.to_isInt (Mathlib.Meta.NormNum.IsNat.of_raw ℝ 4782969))
                              (Eq.refl (Int.negOfNat 4782969))))
                          Mathlib.Tactic.Ring.Common.neg_zero)
                        (Mathlib.Tactic.Ring.Common.add_pf_add_overlap
                          (Mathlib.Meta.NormNum.IsInt.to_raw_eq
                            (Mathlib.Meta.NormNum.isInt_add (Eq.refl HAdd.hAdd)
                              (Mathlib.Meta.NormNum.IsInt.of_raw ℝ (Int.negOfNat 40672455230016))
                              (Mathlib.Meta.NormNum.IsInt.of_raw ℝ (Int.negOfNat 4782969))
                              (Eq.refl (Int.negOfNat 40672460012985))))
                          (Mathlib.Tactic.Ring.Common.add_pf_add_zero
                            (NLA.MF16.evalWord NLA.MF16.witnessWord (NLA.MF16.symmetricMatrix v) NLA.MF16.realB 1 1 ^
                                  Nat.rawCast 1 *
                                Nat.rawCast 4783113 +
                              0)))))
                    (Mathlib.Tactic.Ring.Common.mul_congr
                      (Mathlib.Tactic.Ring.cast_pos (Mathlib.Meta.NormNum.isNat_ofNat ℝ (Eq.refl 4783113)))
                      (Mathlib.Tactic.Ring.Common.sub_congr
                        (Mathlib.Tactic.Ring.cast_pos (Mathlib.Meta.NormNum.isNat_ofNat ℝ (Eq.refl 8503345)))
                        (Mathlib.Tactic.Ring.Common.atom_pf
                          (NLA.MF16.evalWord NLA.MF16.witnessWord (NLA.MF16.symmetricMatrix v) NLA.MF16.realB 1 1) rfl
                          (Eq.mpr
                            (id
                              (congrArg
                                (fun _a =>
                                  NLA.MF16.evalWord NLA.MF16.witnessWord (NLA.MF16.symmetricMatrix v) NLA.MF16.realB 1
                                          1 ^
                                        Nat.rawCast 1 *
                                      Nat.rawCast 1 =
                                    NLA.MF16.evalWord NLA.MF16.witnessWord (NLA.MF16.symmetricMatrix v) NLA.MF16.realB 1
                                          1 ^
                                        Nat.rawCast 1 *
                                      _a)
                                (Eq.symm rfl)))
                            (Eq.refl
                              (NLA.MF16.evalWord NLA.MF16.witnessWord (NLA.MF16.symmetricMatrix v) NLA.MF16.realB 1 1 ^
                                  Nat.rawCast 1 *
                                Nat.rawCast 1))))
                        (Mathlib.Tactic.Ring.Common.sub_pf
                          (Mathlib.Tactic.Ring.Common.neg_add
                            (Mathlib.Tactic.Ring.Common.neg_mul
                              (NLA.MF16.evalWord NLA.MF16.witnessWord (NLA.MF16.symmetricMatrix v) NLA.MF16.realB 1 1)
                              (Nat.rawCast 1)
                              (Mathlib.Meta.NormNum.IsInt.to_raw_eq
                                (Mathlib.Meta.NormNum.isInt_neg (Eq.refl Neg.neg)
                                  (Mathlib.Meta.NormNum.IsNat.to_isInt (Mathlib.Meta.NormNum.IsNat.of_raw ℝ 1))
                                  (Eq.refl (Int.negOfNat 1)))))
                            Mathlib.Tactic.Ring.Common.neg_zero)
                          (Mathlib.Tactic.Ring.Common.add_pf_add_lt (Nat.rawCast 8503345)
                            (Mathlib.Tactic.Ring.Common.add_pf_zero_add
                              (NLA.MF16.evalWord NLA.MF16.witnessWord (NLA.MF16.symmetricMatrix v) NLA.MF16.realB 1 1 ^
                                    Nat.rawCast 1 *
                                  (Int.negOfNat 1).rawCast +
                                0)))))
                      (Mathlib.Tactic.Ring.Common.add_mul
                        (Mathlib.Tactic.Ring.Common.mul_add
                          (Mathlib.Meta.NormNum.IsNat.to_raw_eq
                            (Mathlib.Meta.NormNum.isNat_mul (Eq.refl HMul.hMul)
                              (Mathlib.Meta.NormNum.IsNat.of_raw ℝ 4783113)
                              (Mathlib.Meta.NormNum.IsNat.of_raw ℝ 8503345) (Eq.refl 40672460012985)))
                          (Mathlib.Tactic.Ring.Common.mul_add
                            (Mathlib.Tactic.Ring.Common.mul_pf_right
                              (NLA.MF16.evalWord NLA.MF16.witnessWord (NLA.MF16.symmetricMatrix v) NLA.MF16.realB 1 1)
                              (Nat.rawCast 1)
                              (Mathlib.Meta.NormNum.IsInt.to_raw_eq
                                (Mathlib.Meta.NormNum.isInt_mul (Eq.refl HMul.hMul)
                                  (Mathlib.Meta.NormNum.IsNat.to_isInt (Mathlib.Meta.NormNum.IsNat.of_raw ℝ 4783113))
                                  (Mathlib.Meta.NormNum.IsInt.of_raw ℝ (Int.negOfNat 1))
                                  (Eq.refl (Int.negOfNat 4783113)))))
                            (Mathlib.Tactic.Ring.Common.mul_zero (Nat.rawCast 4783113))
                            (Mathlib.Tactic.Ring.Common.add_pf_add_zero
                              (NLA.MF16.evalWord NLA.MF16.witnessWord (NLA.MF16.symmetricMatrix v) NLA.MF16.realB 1 1 ^
                                    Nat.rawCast 1 *
                                  (Int.negOfNat 4783113).rawCast +
                                0)))
                          (Mathlib.Tactic.Ring.Common.add_pf_add_lt (Nat.rawCast 40672460012985)
                            (Mathlib.Tactic.Ring.Common.add_pf_zero_add
                              (NLA.MF16.evalWord NLA.MF16.witnessWord (NLA.MF16.symmetricMatrix v) NLA.MF16.realB 1 1 ^
                                    Nat.rawCast 1 *
                                  (Int.negOfNat 4783113).rawCast +
                                0))))
                        (Mathlib.Tactic.Ring.Common.zero_mul
                          (Nat.rawCast 8503345 +
                            (NLA.MF16.evalWord NLA.MF16.witnessWord (NLA.MF16.symmetricMatrix v) NLA.MF16.realB 1 1 ^
                                  Nat.rawCast 1 *
                                (Int.negOfNat 1).rawCast +
                              0)))
                        (Mathlib.Tactic.Ring.Common.add_pf_add_zero
                          (Nat.rawCast 40672460012985 +
                            (NLA.MF16.evalWord NLA.MF16.witnessWord (NLA.MF16.symmetricMatrix v) NLA.MF16.realB 1 1 ^
                                  Nat.rawCast 1 *
                                (Int.negOfNat 4783113).rawCast +
                              0)))))
                    (Mathlib.Tactic.Ring.Common.add_pf_add_overlap_zero
                      (Mathlib.Meta.NormNum.IsInt.to_isNat
                        (Mathlib.Meta.NormNum.isInt_add (Eq.refl HAdd.hAdd)
                          (Mathlib.Meta.NormNum.IsInt.of_raw ℝ (Int.negOfNat 40672460012985))
                          (Mathlib.Meta.NormNum.IsNat.to_isInt (Mathlib.Meta.NormNum.IsNat.of_raw ℝ 40672460012985))
                          (Eq.refl (Int.ofNat 0))))
                      (Mathlib.Tactic.Ring.Common.add_pf_add_overlap_zero
                        (Mathlib.Tactic.Ring.Common.add_overlap_pf_zero
                          (NLA.MF16.evalWord NLA.MF16.witnessWord (NLA.MF16.symmetricMatrix v) NLA.MF16.realB 1 1)
                          (Nat.rawCast 1)
                          (Mathlib.Meta.NormNum.IsInt.to_isNat
                            (Mathlib.Meta.NormNum.isInt_add (Eq.refl HAdd.hAdd)
                              (Mathlib.Meta.NormNum.IsNat.to_isInt (Mathlib.Meta.NormNum.IsNat.of_raw ℝ 4783113))
                              (Mathlib.Meta.NormNum.IsInt.of_raw ℝ (Int.negOfNat 4783113)) (Eq.refl (Int.ofNat 0)))))
                        (Mathlib.Tactic.Ring.Common.add_pf_zero_add 0))))
                  (Mathlib.Tactic.Ring.cast_zero (Mathlib.Meta.NormNum.isNat_ofNat ℝ Nat.cast_zero))))
              (Mathlib.Tactic.Linarith.lt_of_eq_of_lt
                (sub_eq_zero_of_eq
                  (Eq.mp
                    (congr
                      (congrArg Eq
                        (congr
                          (congrArg HSub.hSub
                            (congrFun'
                              (congrArg HMul.hMul
                                (Eq.trans (Matrix.cons_val' ![4783113, 6377496] ![![6377496, 8503345]] 0 0)
                                  (congrFun'
                                    (congrArg (Matrix.vecCons 4783113)
                                      (funext fun i =>
                                        Eq.trans (Matrix.cons_val' ![6377496, 8503345] ![] i 0)
                                          (Matrix.cons_val_fin_one 6377496 (fun i => ![] i 0) i)))
                                    0)))
                              (NLA.MF16.evalWord NLA.MF16.witnessWord (NLA.MF16.symmetricMatrix v) NLA.MF16.realB 1 1)))
                          (Eq.trans
                            (congr
                              (congrArg HMul.hMul
                                (Eq.trans (Matrix.cons_val' ![4783113, 6377496] ![![6377496, 8503345]] 0 1)
                                  (congrFun'
                                    (congr (congrArg Matrix.vecCons (Matrix.cons_val_fin_one 6377496 ![] 0))
                                      (funext fun i =>
                                        Eq.trans (Matrix.cons_val' ![6377496, 8503345] ![] i 1)
                                          (Eq.trans
                                            (congrFun'
                                              (congrFun'
                                                (congrArg Matrix.vecCons (Matrix.cons_val_fin_one 8503345 ![] 0))
                                                fun i => ![] i 1)
                                              i)
                                            (Matrix.cons_val_fin_one 8503345 (fun i => ![] i 1) i))))
                                    0)))
                              (Eq.trans (Matrix.cons_val' ![4783113, 6377496] ![![6377496, 8503345]] 0 1)
                                (congrFun'
                                  (congr (congrArg Matrix.vecCons (Matrix.cons_val_fin_one 6377496 ![] 0))
                                    (funext fun i =>
                                      Eq.trans (Matrix.cons_val' ![6377496, 8503345] ![] i 1)
                                        (Eq.trans
                                          (congrFun'
                                            (congrFun' (congrArg Matrix.vecCons (Matrix.cons_val_fin_one 8503345 ![] 0))
                                              fun i => ![] i 1)
                                            i)
                                          (Matrix.cons_val_fin_one 8503345 (fun i => ![] i 1) i))))
                                  0)))
                            (Mathlib.Meta.NormNum.IsNat.to_eq
                              (Mathlib.Meta.NormNum.isNat_mul (Eq.refl HMul.hMul)
                                (Mathlib.Meta.NormNum.isNat_ofNat ℝ (Eq.refl 6377496))
                                (Mathlib.Meta.NormNum.isNat_ofNat ℝ (Eq.refl 6377496)) (Eq.refl 40672455230016))
                              (Eq.refl 40672455230016)))))
                      (Mathlib.Meta.NormNum.IsNat.to_eq
                        (Mathlib.Meta.NormNum.isNat_pow (Eq.refl HPow.hPow)
                          (Mathlib.Meta.NormNum.isNat_ofNat ℝ (Eq.refl 3))
                          (Mathlib.Meta.NormNum.isNat_ofNat ℕ (Eq.refl 14))
                          (Mathlib.Meta.NormNum.IsNatPowT.run
                            (Mathlib.Meta.NormNum.IsNatPowT.trans
                              (Mathlib.Meta.NormNum.IsNatPowT.trans Mathlib.Meta.NormNum.IsNatPowT.bit1
                                Mathlib.Meta.NormNum.IsNatPowT.bit1)
                              Mathlib.Meta.NormNum.IsNatPowT.bit0)))
                        (Eq.refl 4782969)))
                    (Eq.mp
                      (congrArg
                        (fun _a =>
                          NLA.MF16.realP 0 0 *
                                NLA.MF16.evalWord NLA.MF16.witnessWord (NLA.MF16.symmetricMatrix v) NLA.MF16.realB 1 1 -
                              _a * _a =
                            3 ^ 14)
                        h01)
                      (Eq.mp
                        (congrArg
                          (fun _a =>
                            NLA.MF16.realP 0 0 *
                                  NLA.MF16.evalWord NLA.MF16.witnessWord (NLA.MF16.symmetricMatrix v) NLA.MF16.realB 1
                                    1 -
                                NLA.MF16.evalWord NLA.MF16.witnessWord (NLA.MF16.symmetricMatrix v) NLA.MF16.realB 0 1 *
                                  _a =
                              3 ^ 14)
                          h10)
                        (Eq.mp
                          (congrArg
                            (fun _a =>
                              _a *
                                    NLA.MF16.evalWord NLA.MF16.witnessWord (NLA.MF16.symmetricMatrix v) NLA.MF16.realB 1
                                      1 -
                                  NLA.MF16.evalWord NLA.MF16.witnessWord (NLA.MF16.symmetricMatrix v) NLA.MF16.realB 0
                                      1 *
                                    NLA.MF16.evalWord NLA.MF16.witnessWord (NLA.MF16.symmetricMatrix v) NLA.MF16.realB 1
                                      0 =
                                3 ^ 14)
                            h00)
                          (Eq.mp
                            (congrArg (fun _a => _a = 3 ^ 14)
                              (Matrix.det_fin_two
                                (NLA.MF16.evalWord NLA.MF16.witnessWord (NLA.MF16.symmetricMatrix v) NLA.MF16.realB)))
                            hd))))))
                (Mathlib.Tactic.Linarith.mul_neg (Mathlib.Tactic.Linarith.sub_neg_of_lt a)
                  (Mathlib.Meta.NormNum.isNat_lt_true (Mathlib.Meta.NormNum.isNat_ofNat ℝ Nat.cast_zero)
                    (Mathlib.Meta.NormNum.isNat_ofNat ℝ (Eq.refl 4783113)) (Eq.refl false)))))));
  Matrix.ext fun i j =>
    List.Mem.casesOn (motive := fun a x =>
      List.finRange 2 = a →
        Fintype.complete i ≍ x →
          NLA.MF16.evalWord NLA.MF16.witnessWord (NLA.MF16.symmetricMatrix v) NLA.MF16.realB i j = NLA.MF16.realP i j)
      (Fintype.complete i)
      (fun as h =>
        List.cons.noConfusion h fun head_eq =>
          Eq.ndrec (motive := fun i =>
            ∀ (this : i ∈ Fintype.elems),
              (fun x1 x2 => (fun i => i) x1 :: x2) ⟨1, Nat.le_refl 2⟩ [] ≍ as →
                this ≍ List.Mem.head as →
                  NLA.MF16.evalWord NLA.MF16.witnessWord (NLA.MF16.symmetricMatrix v) NLA.MF16.realB i j =
                    NLA.MF16.realP i j)
            (fun this tail_eq =>
              Eq.ndrec (motive := fun as =>
                this ≍ List.Mem.head as →
                  NLA.MF16.evalWord NLA.MF16.witnessWord (NLA.MF16.symmetricMatrix v) NLA.MF16.realB
                      ((fun i => i) ⟨0, Nat.le_of_lt (Nat.le_refl 2)⟩) j =
                    NLA.MF16.realP ((fun i => i) ⟨0, Nat.le_of_lt (Nat.le_refl 2)⟩) j)
                (fun h =>
                  List.Mem.casesOn (motive := fun a x =>
                    List.finRange 2 = a →
                      Fintype.complete j ≍ x →
                        NLA.MF16.evalWord NLA.MF16.witnessWord (NLA.MF16.symmetricMatrix v) NLA.MF16.realB
                            ((fun i => i) ⟨0, Nat.le_of_lt (Nat.le_refl 2)⟩) j =
                          NLA.MF16.realP ((fun i => i) ⟨0, Nat.le_of_lt (Nat.le_refl 2)⟩) j)
                    (Fintype.complete j)
                    (fun as h =>
                      List.cons.noConfusion h fun head_eq =>
                        Eq.ndrec (motive := fun j =>
                          ∀ (this : j ∈ Fintype.elems),
                            (fun x1 x2 => (fun i => i) x1 :: x2) ⟨1, Nat.le_refl 2⟩ [] ≍ as →
                              this ≍ List.Mem.head as →
                                NLA.MF16.evalWord NLA.MF16.witnessWord (NLA.MF16.symmetricMatrix v) NLA.MF16.realB
                                    ((fun i => i) ⟨0, Nat.le_of_lt (Nat.le_refl 2)⟩) j =
                                  NLA.MF16.realP ((fun i => i) ⟨0, Nat.le_of_lt (Nat.le_refl 2)⟩) j)
                          (fun this tail_eq =>
                            Eq.ndrec (motive := fun as =>
                              this ≍ List.Mem.head as →
                                NLA.MF16.evalWord NLA.MF16.witnessWord (NLA.MF16.symmetricMatrix v) NLA.MF16.realB
                                    ((fun i => i) ⟨0, Nat.le_of_lt (Nat.le_refl 2)⟩)
                                    ((fun i => i) ⟨0, Nat.le_of_lt (Nat.le_refl 2)⟩) =
                                  NLA.MF16.realP ((fun i => i) ⟨0, Nat.le_of_lt (Nat.le_refl 2)⟩)
                                    ((fun i => i) ⟨0, Nat.le_of_lt (Nat.le_refl 2)⟩))
                              (fun h => h00) (eq_of_heq tail_eq))
                          (eq_of_heq head_eq) (Fintype.complete j))
                    (fun b {as} a h =>
                      List.cons.noConfusion h fun head_eq =>
                        Eq.ndrec (motive := fun b =>
                          (fun x1 x2 => (fun i => i) x1 :: x2) ⟨1, Nat.le_refl 2⟩ [] ≍ as →
                            Fintype.complete j ≍ List.Mem.tail b a →
                              NLA.MF16.evalWord NLA.MF16.witnessWord (NLA.MF16.symmetricMatrix v) NLA.MF16.realB
                                  ((fun i => i) ⟨0, Nat.le_of_lt (Nat.le_refl 2)⟩) j =
                                NLA.MF16.realP ((fun i => i) ⟨0, Nat.le_of_lt (Nat.le_refl 2)⟩) j)
                          (fun tail_eq =>
                            Eq.ndrec (motive := fun {as} =>
                              ∀ (a : List.Mem j as),
                                Fintype.complete j ≍ List.Mem.tail ((fun i => i) ⟨0, Nat.le_of_lt (Nat.le_refl 2)⟩) a →
                                  NLA.MF16.evalWord NLA.MF16.witnessWord (NLA.MF16.symmetricMatrix v) NLA.MF16.realB
                                      ((fun i => i) ⟨0, Nat.le_of_lt (Nat.le_refl 2)⟩) j =
                                    NLA.MF16.realP ((fun i => i) ⟨0, Nat.le_of_lt (Nat.le_refl 2)⟩) j)
                              (fun a h =>
                                List.Mem.casesOn (motive := fun a_1 x =>
                                  (fun x1 x2 => (fun i => i) x1 :: x2) ⟨1, Nat.le_refl 2⟩ [] = a_1 →
                                    a ≍ x →
                                      NLA.MF16.evalWord NLA.MF16.witnessWord (NLA.MF16.symmetricMatrix v) NLA.MF16.realB
                                          ((fun i => i) ⟨0, Nat.le_of_lt (Nat.le_refl 2)⟩) j =
                                        NLA.MF16.realP ((fun i => i) ⟨0, Nat.le_of_lt (Nat.le_refl 2)⟩) j)
                                  a
                                  (fun as h =>
                                    List.cons.noConfusion h fun head_eq =>
                                      Eq.ndrec (motive := fun j =>
                                        ∀ (a : List.Mem j ((fun x1 x2 => (fun i => i) x1 :: x2) ⟨1, Nat.le_refl 2⟩ [])),
                                          [] ≍ as →
                                            a ≍ List.Mem.head as →
                                              NLA.MF16.evalWord NLA.MF16.witnessWord (NLA.MF16.symmetricMatrix v)
                                                  NLA.MF16.realB ((fun i => i) ⟨0, Nat.le_of_lt (Nat.le_refl 2)⟩) j =
                                                NLA.MF16.realP ((fun i => i) ⟨0, Nat.le_of_lt (Nat.le_refl 2)⟩) j)
                                        (fun a tail_eq =>
                                          Eq.ndrec (motive := fun as =>
                                            a ≍ List.Mem.head as →
                                              NLA.MF16.evalWord NLA.MF16.witnessWord (NLA.MF16.symmetricMatrix v)
                                                  NLA.MF16.realB ((fun i => i) ⟨0, Nat.le_of_lt (Nat.le_refl 2)⟩)
                                                  ((fun i => i) ⟨1, Nat.le_refl 2⟩) =
                                                NLA.MF16.realP ((fun i => i) ⟨0, Nat.le_of_lt (Nat.le_refl 2)⟩)
                                                  ((fun i => i) ⟨1, Nat.le_refl 2⟩))
                                            (fun h => h01) (eq_of_heq tail_eq))
                                        (eq_of_heq head_eq) a)
                                  (fun b {as} a_1 h =>
                                    List.cons.noConfusion h fun head_eq =>
                                      Eq.ndrec (motive := fun b =>
                                        [] ≍ as →
                                          a ≍ List.Mem.tail b a_1 →
                                            NLA.MF16.evalWord NLA.MF16.witnessWord (NLA.MF16.symmetricMatrix v)
                                                NLA.MF16.realB ((fun i => i) ⟨0, Nat.le_of_lt (Nat.le_refl 2)⟩) j =
                                              NLA.MF16.realP ((fun i => i) ⟨0, Nat.le_of_lt (Nat.le_refl 2)⟩) j)
                                        (fun tail_eq =>
                                          Eq.ndrec (motive := fun {as} =>
                                            ∀ (a_2 : List.Mem j as),
                                              a ≍ List.Mem.tail ((fun i => i) ⟨1, Nat.le_refl 2⟩) a_2 →
                                                NLA.MF16.evalWord NLA.MF16.witnessWord (NLA.MF16.symmetricMatrix v)
                                                    NLA.MF16.realB ((fun i => i) ⟨0, Nat.le_of_lt (Nat.le_refl 2)⟩) j =
                                                  NLA.MF16.realP ((fun i => i) ⟨0, Nat.le_of_lt (Nat.le_refl 2)⟩) j)
                                            (fun a_2 h =>
                                              List.Mem.casesOn (motive := fun a x =>
                                                [] = a →
                                                  a_2 ≍ x →
                                                    NLA.MF16.evalWord NLA.MF16.witnessWord (NLA.MF16.symmetricMatrix v)
                                                        NLA.MF16.realB ((fun i => i) ⟨0, Nat.le_of_lt (Nat.le_refl 2)⟩)
                                                        j =
                                                      NLA.MF16.realP ((fun i => i) ⟨0, Nat.le_of_lt (Nat.le_refl 2)⟩) j)
                                                a_2 (fun as h => False.elim (noConfusion_of_Nat List.ctorIdx h))
                                                (fun b {as} a h => False.elim (noConfusion_of_Nat List.ctorIdx h))
                                                (Eq.refl []) (HEq.refl a_2))
                                            (eq_of_heq tail_eq) a_1)
                                        (eq_of_heq head_eq))
                                  (Eq.refl ((fun x1 x2 => (fun i => i) x1 :: x2) ⟨1, Nat.le_refl 2⟩ [])) (HEq.refl a))
                              (eq_of_heq tail_eq) a)
                          (eq_of_heq head_eq))
                    (Eq.refl (List.finRange 2)) (HEq.refl (Fintype.complete j)))
                (eq_of_heq tail_eq))
            (eq_of_heq head_eq) (Fintype.complete i))
      (fun b {as} a h =>
        List.cons.noConfusion h fun head_eq =>
          Eq.ndrec (motive := fun b =>
            (fun x1 x2 => (fun i => i) x1 :: x2) ⟨1, Nat.le_refl 2⟩ [] ≍ as →
              Fintype.complete i ≍ List.Mem.tail b a →
                NLA.MF16.evalWord NLA.MF16.witnessWord (NLA.MF16.symmetricMatrix v) NLA.MF16.realB i j =
                  NLA.MF16.realP i j)
            (fun tail_eq =>
              Eq.ndrec (motive := fun {as} =>
                ∀ (a : List.Mem i as),
                  Fintype.complete i ≍ List.Mem.tail ((fun i => i) ⟨0, Nat.le_of_lt (Nat.le_refl 2)⟩) a →
                    NLA.MF16.evalWord NLA.MF16.witnessWord (NLA.MF16.symmetricMatrix v) NLA.MF16.realB i j =
                      NLA.MF16.realP i j)
                (fun a h =>
                  List.Mem.casesOn (motive := fun a_1 x =>
                    (fun x1 x2 => (fun i => i) x1 :: x2) ⟨1, Nat.le_refl 2⟩ [] = a_1 →
                      a ≍ x →
                        NLA.MF16.evalWord NLA.MF16.witnessWord (NLA.MF16.symmetricMatrix v) NLA.MF16.realB i j =
                          NLA.MF16.realP i j)
                    a
                    (fun as h =>
                      List.cons.noConfusion h fun head_eq =>
                        Eq.ndrec (motive := fun i =>
                          ∀ (a : List.Mem i ((fun x1 x2 => (fun i => i) x1 :: x2) ⟨1, Nat.le_refl 2⟩ [])),
                            [] ≍ as →
                              a ≍ List.Mem.head as →
                                NLA.MF16.evalWord NLA.MF16.witnessWord (NLA.MF16.symmetricMatrix v) NLA.MF16.realB i j =
                                  NLA.MF16.realP i j)
                          (fun a tail_eq =>
                            Eq.ndrec (motive := fun as =>
                              a ≍ List.Mem.head as →
                                NLA.MF16.evalWord NLA.MF16.witnessWord (NLA.MF16.symmetricMatrix v) NLA.MF16.realB
                                    ((fun i => i) ⟨1, Nat.le_refl 2⟩) j =
                                  NLA.MF16.realP ((fun i => i) ⟨1, Nat.le_refl 2⟩) j)
                              (fun h =>
                                List.Mem.casesOn (motive := fun a x =>
                                  List.finRange 2 = a →
                                    Fintype.complete j ≍ x →
                                      NLA.MF16.evalWord NLA.MF16.witnessWord (NLA.MF16.symmetricMatrix v) NLA.MF16.realB
                                          ((fun i => i) ⟨1, Nat.le_refl 2⟩) j =
                                        NLA.MF16.realP ((fun i => i) ⟨1, Nat.le_refl 2⟩) j)
                                  (Fintype.complete j)
                                  (fun as h =>
                                    List.cons.noConfusion h fun head_eq =>
                                      Eq.ndrec (motive := fun j =>
                                        ∀ (this : j ∈ Fintype.elems),
                                          (fun x1 x2 => (fun i => i) x1 :: x2) ⟨1, Nat.le_refl 2⟩ [] ≍ as →
                                            this ≍ List.Mem.head as →
                                              NLA.MF16.evalWord NLA.MF16.witnessWord (NLA.MF16.symmetricMatrix v)
                                                  NLA.MF16.realB ((fun i => i) ⟨1, Nat.le_refl 2⟩) j =
                                                NLA.MF16.realP ((fun i => i) ⟨1, Nat.le_refl 2⟩) j)
                                        (fun this tail_eq =>
                                          Eq.ndrec (motive := fun as =>
                                            this ≍ List.Mem.head as →
                                              NLA.MF16.evalWord NLA.MF16.witnessWord (NLA.MF16.symmetricMatrix v)
                                                  NLA.MF16.realB ((fun i => i) ⟨1, Nat.le_refl 2⟩)
                                                  ((fun i => i) ⟨0, Nat.le_of_lt (Nat.le_refl 2)⟩) =
                                                NLA.MF16.realP ((fun i => i) ⟨1, Nat.le_refl 2⟩)
                                                  ((fun i => i) ⟨0, Nat.le_of_lt (Nat.le_refl 2)⟩))
                                            (fun h => Eq.trans h10 h01) (eq_of_heq tail_eq))
                                        (eq_of_heq head_eq) (Fintype.complete j))
                                  (fun b {as} a h =>
                                    List.cons.noConfusion h fun head_eq =>
                                      Eq.ndrec (motive := fun b =>
                                        (fun x1 x2 => (fun i => i) x1 :: x2) ⟨1, Nat.le_refl 2⟩ [] ≍ as →
                                          Fintype.complete j ≍ List.Mem.tail b a →
                                            NLA.MF16.evalWord NLA.MF16.witnessWord (NLA.MF16.symmetricMatrix v)
                                                NLA.MF16.realB ((fun i => i) ⟨1, Nat.le_refl 2⟩) j =
                                              NLA.MF16.realP ((fun i => i) ⟨1, Nat.le_refl 2⟩) j)
                                        (fun tail_eq =>
                                          Eq.ndrec (motive := fun {as} =>
                                            ∀ (a : List.Mem j as),
                                              Fintype.complete j ≍
                                                  List.Mem.tail ((fun i => i) ⟨0, Nat.le_of_lt (Nat.le_refl 2)⟩) a →
                                                NLA.MF16.evalWord NLA.MF16.witnessWord (NLA.MF16.symmetricMatrix v)
                                                    NLA.MF16.realB ((fun i => i) ⟨1, Nat.le_refl 2⟩) j =
                                                  NLA.MF16.realP ((fun i => i) ⟨1, Nat.le_refl 2⟩) j)
                                            (fun a h =>
                                              List.Mem.casesOn (motive := fun a_1 x =>
                                                (fun x1 x2 => (fun i => i) x1 :: x2) ⟨1, Nat.le_refl 2⟩ [] = a_1 →
                                                  a ≍ x →
                                                    NLA.MF16.evalWord NLA.MF16.witnessWord (NLA.MF16.symmetricMatrix v)
                                                        NLA.MF16.realB ((fun i => i) ⟨1, Nat.le_refl 2⟩) j =
                                                      NLA.MF16.realP ((fun i => i) ⟨1, Nat.le_refl 2⟩) j)
                                                a
                                                (fun as h =>
                                                  List.cons.noConfusion h fun head_eq =>
                                                    Eq.ndrec (motive := fun j =>
                                                      ∀
                                                        (a :
                                                          List.Mem j
                                                            ((fun x1 x2 => (fun i => i) x1 :: x2) ⟨1, Nat.le_refl 2⟩
                                                              [])),
                                                        [] ≍ as →
                                                          a ≍ List.Mem.head as →
                                                            NLA.MF16.evalWord NLA.MF16.witnessWord
                                                                (NLA.MF16.symmetricMatrix v) NLA.MF16.realB
                                                                ((fun i => i) ⟨1, Nat.le_refl 2⟩) j =
                                                              NLA.MF16.realP ((fun i => i) ⟨1, Nat.le_refl 2⟩) j)
                                                      (fun a tail_eq =>
                                                        Eq.ndrec (motive := fun as =>
                                                          a ≍ List.Mem.head as →
                                                            NLA.MF16.evalWord NLA.MF16.witnessWord
                                                                (NLA.MF16.symmetricMatrix v) NLA.MF16.realB
                                                                ((fun i => i) ⟨1, Nat.le_refl 2⟩)
                                                                ((fun i => i) ⟨1, Nat.le_refl 2⟩) =
                                                              NLA.MF16.realP ((fun i => i) ⟨1, Nat.le_refl 2⟩)
                                                                ((fun i => i) ⟨1, Nat.le_refl 2⟩))
                                                          (fun h => h11) (eq_of_heq tail_eq))
                                                      (eq_of_heq head_eq) a)
                                                (fun b {as} a_1 h =>
                                                  List.cons.noConfusion h fun head_eq =>
                                                    Eq.ndrec (motive := fun b =>
                                                      [] ≍ as →
                                                        a ≍ List.Mem.tail b a_1 →
                                                          NLA.MF16.evalWord NLA.MF16.witnessWord
                                                              (NLA.MF16.symmetricMatrix v) NLA.MF16.realB
                                                              ((fun i => i) ⟨1, Nat.le_refl 2⟩) j =
                                                            NLA.MF16.realP ((fun i => i) ⟨1, Nat.le_refl 2⟩) j)
                                                      (fun tail_eq =>
                                                        Eq.ndrec (motive := fun {as} =>
                                                          ∀ (a_2 : List.Mem j as),
                                                            a ≍ List.Mem.tail ((fun i => i) ⟨1, Nat.le_refl 2⟩) a_2 →
                                                              NLA.MF16.evalWord NLA.MF16.witnessWord
                                                                  (NLA.MF16.symmetricMatrix v) NLA.MF16.realB
                                                                  ((fun i => i) ⟨1, Nat.le_refl 2⟩) j =
                                                                NLA.MF16.realP ((fun i => i) ⟨1, Nat.le_refl 2⟩) j)
                                                          (fun a_2 h =>
                                                            List.Mem.casesOn (motive := fun a x =>
                                                              [] = a →
                                                                a_2 ≍ x →
                                                                  NLA.MF16.evalWord NLA.MF16.witnessWord
                                                                      (NLA.MF16.symmetricMatrix v) NLA.MF16.realB
                                                                      ((fun i => i) ⟨1, Nat.le_refl 2⟩) j =
                                                                    NLA.MF16.realP ((fun i => i) ⟨1, Nat.le_refl 2⟩) j)
                                                              a_2
                                                              (fun as h =>
                                                                False.elim (noConfusion_of_Nat List.ctorIdx h))
                                                              (fun b {as} a h =>
                                                                False.elim (noConfusion_of_Nat List.ctorIdx h))
                                                              (Eq.refl []) (HEq.refl a_2))
                                                          (eq_of_heq tail_eq) a_1)
                                                      (eq_of_heq head_eq))
                                                (Eq.refl ((fun x1 x2 => (fun i => i) x1 :: x2) ⟨1, Nat.le_refl 2⟩ []))
                                                (HEq.refl a))
                                            (eq_of_heq tail_eq) a)
                                        (eq_of_heq head_eq))
                                  (Eq.refl (List.finRange 2)) (HEq.refl (Fintype.complete j)))
                              (eq_of_heq tail_eq))
                          (eq_of_heq head_eq) a)
                    (fun b {as} a_1 h =>
                      List.cons.noConfusion h fun head_eq =>
                        Eq.ndrec (motive := fun b =>
                          [] ≍ as →
                            a ≍ List.Mem.tail b a_1 →
                              NLA.MF16.evalWord NLA.MF16.witnessWord (NLA.MF16.symmetricMatrix v) NLA.MF16.realB i j =
                                NLA.MF16.realP i j)
                          (fun tail_eq =>
                            Eq.ndrec (motive := fun {as} =>
                              ∀ (a_2 : List.Mem i as),
                                a ≍ List.Mem.tail ((fun i => i) ⟨1, Nat.le_refl 2⟩) a_2 →
                                  NLA.MF16.evalWord NLA.MF16.witnessWord (NLA.MF16.symmetricMatrix v) NLA.MF16.realB i
                                      j =
                                    NLA.MF16.realP i j)
                              (fun a_2 h =>
                                List.Mem.casesOn (motive := fun a x =>
                                  [] = a →
                                    a_2 ≍ x →
                                      NLA.MF16.evalWord NLA.MF16.witnessWord (NLA.MF16.symmetricMatrix v) NLA.MF16.realB
                                          i j =
                                        NLA.MF16.realP i j)
                                  a_2 (fun as h => False.elim (noConfusion_of_Nat List.ctorIdx h))
                                  (fun b {as} a h => False.elim (noConfusion_of_Nat List.ctorIdx h)) (Eq.refl [])
                                  (HEq.refl a_2))
                              (eq_of_heq tail_eq) a_1)
                          (eq_of_heq head_eq))
                    (Eq.refl ((fun x1 x2 => (fun i => i) x1 :: x2) ⟨1, Nat.le_refl 2⟩ [])) (HEq.refl a))
                (eq_of_heq tail_eq) a)
            (eq_of_heq head_eq))
      (Eq.refl (List.finRange 2)) (HEq.refl (Fintype.complete i))
theorem NLA.MF16.root_to_matrix_proved : ∀ (v : Fin 3 → ℝ),
  LeanCert.Engine.FinBoxMem v NLA.MF16.rootBox →
    LeanCert.Engine.SystemZero NLA.MF16.polynomialSystem v →
      3 < v 0 ∧
        Matrix.PosDef (NLA.MF16.complexify (NLA.MF16.symmetricMatrix v)) ∧
          NLA.MF16.evalWord NLA.MF16.witnessWord (NLA.MF16.complexify (NLA.MF16.symmetricMatrix v)) NLA.MF16.witnessB =
              NLA.MF16.witnessP ∧
            NLA.MF16.complexify (NLA.MF16.symmetricMatrix v) ≠ NLA.MF16.witnessX0 :=
fun v hv hz =>
  And.casesOn ((NLA.MF16.polynomial_word_equivalence_proved v).mp hz) fun hd right =>
    And.casesOn right fun h00 h01 => NLA.MF16.matrix_recovery_from_equations v hv hd h00 h01
theorem NLA.MF16.counterexample_proved : NLA.MF16.SymmetricWord NLA.MF16.witnessWord ∧
  Matrix.PosDef NLA.MF16.witnessB ∧
    Matrix.PosDef NLA.MF16.witnessP ∧
      Matrix.PosDef NLA.MF16.witnessX0 ∧
        NLA.MF16.evalWord NLA.MF16.witnessWord NLA.MF16.witnessX0 NLA.MF16.witnessB = NLA.MF16.witnessP ∧
          ∃ X,
            Matrix.PosDef X ∧
              NLA.MF16.evalWord NLA.MF16.witnessWord X NLA.MF16.witnessB = NLA.MF16.witnessP ∧ X ≠ NLA.MF16.witnessX0 :=
Exists.casesOn NLA.MF16.certified_root_proved fun v h =>
  And.casesOn h fun left right =>
    And.casesOn left fun hv hz =>
      And.casesOn (NLA.MF16.root_to_matrix_proved v hv hz) fun left right =>
        And.casesOn right fun hp right =>
          And.casesOn right fun heq hne =>
            ⟨NLA.MF16.word_semantics_proved.left,
              ⟨NLA.MF16.source_data_proved.left,
                ⟨NLA.MF16.source_data_proved.right.left,
                  ⟨NLA.MF16.source_data_proved.right.right.left,
                    ⟨NLA.MF16.source_data_proved.right.right.right.left,
                      Exists.intro (NLA.MF16.complexify (NLA.MF16.symmetricMatrix v)) ⟨hp, ⟨heq, hne⟩⟩⟩⟩⟩⟩⟩
theorem NLA.MF16.not_wordUniquenessConjecture_proved : ¬NLA.MF16.WordUniquenessConjecture :=
fun h =>
  And.casesOn NLA.MF16.counterexample_proved fun hw right =>
    And.casesOn right fun hb right =>
      And.casesOn right fun hp right =>
        And.casesOn right fun hx0 right =>
          And.casesOn right fun heq0 right =>
            Exists.casesOn right fun X h_1 =>
              And.casesOn h_1 fun hx right =>
                And.casesOn right fun heq hne =>
                  Exists.casesOn (h NLA.MF16.witnessWord hw NLA.MF16.witnessB NLA.MF16.witnessP hb hp) fun Y h =>
                    And.casesOn h fun left hu =>
                      hne (Eq.trans (hu X ⟨hx, heq⟩) (Eq.symm (hu NLA.MF16.witnessX0 ⟨hx0, heq0⟩)))
'NLA.MF16.complexify_two_by_two_posDef' depends on axioms: [propext, Classical.choice, Quot.sound]
'NLA.MF16.word_eq_of_two_entries' depends on axioms: [propext, Classical.choice, Quot.sound]
'NLA.MF16.polynomial_reduced_equivalence' depends on axioms: [propext, Classical.choice, Quot.sound]
'LeanCert.Engine.krawczykCheck_sound' depends on axioms: [propext, Classical.choice, Quot.sound]
