select	Set up job	﻿2026-09-12T16:13:23.6107721Z Current runner version: '2.337.0'
select	Set up job	2026-09-12T16:13:23.6146226Z ##[group]Runner Image Provisioner
select	Set up job	2026-09-12T16:13:23.6147715Z Hosted Compute Agent
select	Set up job	2026-09-12T16:13:23.6148839Z Version: 20260828.587
select	Set up job	2026-09-12T16:13:23.6150334Z Commit: abac92662cab4cc7352de4f9f9d2e2419aad9c29
select	Set up job	2026-09-12T16:13:23.6151854Z Build Date: 2026-08-28T16:44:25Z
select	Set up job	2026-09-12T16:13:23.6153098Z Worker ID: {8ed8ed92-6068-481f-86af-ff4377b53ab2}
select	Set up job	2026-09-12T16:13:23.6155043Z Azure Region: centralus
select	Set up job	2026-09-12T16:13:23.6156395Z ##[endgroup]
select	Set up job	2026-09-12T16:13:23.6158788Z ##[group]Operating System
select	Set up job	2026-09-12T16:13:23.6160407Z Ubuntu
select	Set up job	2026-09-12T16:13:23.6161319Z 24.04.5
select	Set up job	2026-09-12T16:13:23.6162103Z LTS
select	Set up job	2026-09-12T16:13:23.6163007Z ##[endgroup]
select	Set up job	2026-09-12T16:13:23.6163867Z ##[group]Runner Image
select	Set up job	2026-09-12T16:13:23.6164675Z Image: ubuntu-24.04
select	Set up job	2026-09-12T16:13:23.6165291Z Version: 20260907.300.1
select	Set up job	2026-09-12T16:13:23.6166360Z Included Software: https://github.com/actions/runner-images/blob/ubuntu24/20260907.300/images/ubuntu/Ubuntu2404-Readme.md
select	Set up job	2026-09-12T16:13:23.6168256Z Image Release: https://github.com/actions/runner-images/releases/tag/ubuntu24%2F20260907.300
select	Set up job	2026-09-12T16:13:23.6169592Z ##[endgroup]
select	Set up job	2026-09-12T16:13:23.6170853Z ##[group]GITHUB_TOKEN Permissions
select	Set up job	2026-09-12T16:13:23.6173142Z Contents: read
select	Set up job	2026-09-12T16:13:23.6173820Z Metadata: read
select	Set up job	2026-09-12T16:13:23.6174445Z ##[endgroup]
select	Set up job	2026-09-12T16:13:23.6177032Z Secret source: Actions
select	Set up job	2026-09-12T16:13:23.6178010Z Cache mode: write
select	Set up job	2026-09-12T16:13:23.6179141Z Prepare workflow directory
select	Set up job	2026-09-12T16:13:23.6562563Z Prepare all required actions
select	Set up job	2026-09-12T16:13:23.6634615Z Getting action download info
select	Set up job	2026-09-12T16:13:23.9059874Z Download action repository 'actions/checkout@11d5960a326750d5838078e36cf38b85af677262' (SHA:11d5960a326750d5838078e36cf38b85af677262)
select	Set up job	2026-09-12T16:13:24.1157367Z Complete job name: select
select	Run actions/checkout@11d5960a326750d5838078e36cf38b85af677262	﻿2026-09-12T16:13:24.1949681Z Node 20 is being deprecated. This workflow is running with Node 24 by default. If you need to temporarily use Node 20, you can set the ACTIONS_ALLOW_USE_UNSECURE_NODE_VERSION=true environment variable. For more information see: https://github.blog/changelog/2025-09-19-deprecation-of-node-20-on-github-actions-runners/
select	Run actions/checkout@11d5960a326750d5838078e36cf38b85af677262	2026-09-12T16:13:24.1959976Z ##[group]Run actions/checkout@11d5960a326750d5838078e36cf38b85af677262
select	Run actions/checkout@11d5960a326750d5838078e36cf38b85af677262	2026-09-12T16:13:24.1960977Z with:
select	Run actions/checkout@11d5960a326750d5838078e36cf38b85af677262	2026-09-12T16:13:24.1961418Z   fetch-depth: 0
select	Run actions/checkout@11d5960a326750d5838078e36cf38b85af677262	2026-09-12T16:13:24.1961890Z   persist-credentials: false
select	Run actions/checkout@11d5960a326750d5838078e36cf38b85af677262	2026-09-12T16:13:24.1962521Z   repository: sgstepaniants/OpenProblemsInNLA
select	Run actions/checkout@11d5960a326750d5838078e36cf38b85af677262	2026-09-12T16:13:24.1966173Z   token: ***
select	Run actions/checkout@11d5960a326750d5838078e36cf38b85af677262	2026-09-12T16:13:24.1966656Z   ssh-strict: true
select	Run actions/checkout@11d5960a326750d5838078e36cf38b85af677262	2026-09-12T16:13:24.1967102Z   ssh-user: git
select	Run actions/checkout@11d5960a326750d5838078e36cf38b85af677262	2026-09-12T16:13:24.1967538Z   clean: true
select	Run actions/checkout@11d5960a326750d5838078e36cf38b85af677262	2026-09-12T16:13:24.1967999Z   sparse-checkout-cone-mode: true
select	Run actions/checkout@11d5960a326750d5838078e36cf38b85af677262	2026-09-12T16:13:24.1968535Z   fetch-tags: false
select	Run actions/checkout@11d5960a326750d5838078e36cf38b85af677262	2026-09-12T16:13:24.1968987Z   show-progress: true
select	Run actions/checkout@11d5960a326750d5838078e36cf38b85af677262	2026-09-12T16:13:24.1969768Z   lfs: false
select	Run actions/checkout@11d5960a326750d5838078e36cf38b85af677262	2026-09-12T16:13:24.1970270Z   submodules: false
select	Run actions/checkout@11d5960a326750d5838078e36cf38b85af677262	2026-09-12T16:13:24.1970731Z   set-safe-directory: true
select	Run actions/checkout@11d5960a326750d5838078e36cf38b85af677262	2026-09-12T16:13:24.1971316Z   allow-unsafe-pr-checkout: false
select	Run actions/checkout@11d5960a326750d5838078e36cf38b85af677262	2026-09-12T16:13:24.1972158Z ##[endgroup]
select	Run actions/checkout@11d5960a326750d5838078e36cf38b85af677262	2026-09-12T16:13:24.3017496Z Syncing repository: sgstepaniants/OpenProblemsInNLA
select	Run actions/checkout@11d5960a326750d5838078e36cf38b85af677262	2026-09-12T16:13:24.3020096Z ##[group]Getting Git version info
select	Run actions/checkout@11d5960a326750d5838078e36cf38b85af677262	2026-09-12T16:13:24.3021439Z Working directory is '/home/runner/work/OpenProblemsInNLA/OpenProblemsInNLA'
select	Run actions/checkout@11d5960a326750d5838078e36cf38b85af677262	2026-09-12T16:13:24.3023493Z [command]/usr/bin/git version
select	Run actions/checkout@11d5960a326750d5838078e36cf38b85af677262	2026-09-12T16:13:24.3106296Z git version 2.55.0
select	Run actions/checkout@11d5960a326750d5838078e36cf38b85af677262	2026-09-12T16:13:24.3131034Z ##[endgroup]
select	Run actions/checkout@11d5960a326750d5838078e36cf38b85af677262	2026-09-12T16:13:24.3146988Z Temporarily overriding HOME='/home/runner/work/_temp/a1ceb1d6-aa08-4fe0-aa01-932493ea5bb6' before making global git config changes
select	Run actions/checkout@11d5960a326750d5838078e36cf38b85af677262	2026-09-12T16:13:24.3149588Z Adding repository directory to the temporary git global config as a safe directory
select	Run actions/checkout@11d5960a326750d5838078e36cf38b85af677262	2026-09-12T16:13:24.3153834Z [command]/usr/bin/git config --global --add safe.directory /home/runner/work/OpenProblemsInNLA/OpenProblemsInNLA
select	Run actions/checkout@11d5960a326750d5838078e36cf38b85af677262	2026-09-12T16:13:24.3208941Z Deleting the contents of '/home/runner/work/OpenProblemsInNLA/OpenProblemsInNLA'
select	Run actions/checkout@11d5960a326750d5838078e36cf38b85af677262	2026-09-12T16:13:24.3213280Z ##[group]Initializing the repository
select	Run actions/checkout@11d5960a326750d5838078e36cf38b85af677262	2026-09-12T16:13:24.3217215Z [command]/usr/bin/git init /home/runner/work/OpenProblemsInNLA/OpenProblemsInNLA
select	Run actions/checkout@11d5960a326750d5838078e36cf38b85af677262	2026-09-12T16:13:24.3327546Z hint: Using 'master' as the name for the initial branch. This default branch name
select	Run actions/checkout@11d5960a326750d5838078e36cf38b85af677262	2026-09-12T16:13:24.3329919Z hint: will change to "main" in Git 3.0. To configure the initial branch name
select	Run actions/checkout@11d5960a326750d5838078e36cf38b85af677262	2026-09-12T16:13:24.3331593Z hint: to use in all of your new repositories, which will suppress this warning,
select	Run actions/checkout@11d5960a326750d5838078e36cf38b85af677262	2026-09-12T16:13:24.3333410Z hint: call:
select	Run actions/checkout@11d5960a326750d5838078e36cf38b85af677262	2026-09-12T16:13:24.3334191Z hint:
select	Run actions/checkout@11d5960a326750d5838078e36cf38b85af677262	2026-09-12T16:13:24.3335053Z hint: 	git config --global init.defaultBranch <name>
select	Run actions/checkout@11d5960a326750d5838078e36cf38b85af677262	2026-09-12T16:13:24.3336215Z hint:
select	Run actions/checkout@11d5960a326750d5838078e36cf38b85af677262	2026-09-12T16:13:24.3337235Z hint: Names commonly chosen instead of 'master' are 'main', 'trunk' and
select	Run actions/checkout@11d5960a326750d5838078e36cf38b85af677262	2026-09-12T16:13:24.3339054Z hint: 'development'. The just-created branch can be renamed via this command:
select	Run actions/checkout@11d5960a326750d5838078e36cf38b85af677262	2026-09-12T16:13:24.3340753Z hint:
select	Run actions/checkout@11d5960a326750d5838078e36cf38b85af677262	2026-09-12T16:13:24.3341500Z hint: 	git branch -m <name>
select	Run actions/checkout@11d5960a326750d5838078e36cf38b85af677262	2026-09-12T16:13:24.3342300Z hint:
select	Run actions/checkout@11d5960a326750d5838078e36cf38b85af677262	2026-09-12T16:13:24.3343363Z hint: Disable this message with "git config set advice.defaultBranchName false"
select	Run actions/checkout@11d5960a326750d5838078e36cf38b85af677262	2026-09-12T16:13:24.3345288Z Initialized empty Git repository in /home/runner/work/OpenProblemsInNLA/OpenProblemsInNLA/.git/
select	Run actions/checkout@11d5960a326750d5838078e36cf38b85af677262	2026-09-12T16:13:24.3348412Z [command]/usr/bin/git remote add origin https://github.com/sgstepaniants/OpenProblemsInNLA
select	Run actions/checkout@11d5960a326750d5838078e36cf38b85af677262	2026-09-12T16:13:24.3404522Z ##[endgroup]
select	Run actions/checkout@11d5960a326750d5838078e36cf38b85af677262	2026-09-12T16:13:24.3405815Z ##[group]Disabling automatic garbage collection
select	Run actions/checkout@11d5960a326750d5838078e36cf38b85af677262	2026-09-12T16:13:24.3409844Z [command]/usr/bin/git config --local gc.auto 0
select	Run actions/checkout@11d5960a326750d5838078e36cf38b85af677262	2026-09-12T16:13:24.3448990Z ##[endgroup]
select	Run actions/checkout@11d5960a326750d5838078e36cf38b85af677262	2026-09-12T16:13:24.3450510Z ##[group]Setting up auth
select	Run actions/checkout@11d5960a326750d5838078e36cf38b85af677262	2026-09-12T16:13:24.3458646Z [command]/usr/bin/git config --local --name-only --get-regexp core\.sshCommand
select	Run actions/checkout@11d5960a326750d5838078e36cf38b85af677262	2026-09-12T16:13:24.3501428Z [command]/usr/bin/git submodule foreach --recursive sh -c "git config --local --name-only --get-regexp 'core\.sshCommand' && git config --local --unset-all 'core.sshCommand' || :"
select	Run actions/checkout@11d5960a326750d5838078e36cf38b85af677262	2026-09-12T16:13:24.3886679Z [command]/usr/bin/git config --local --name-only --get-regexp http\.https\:\/\/github\.com\/\.extraheader
select	Run actions/checkout@11d5960a326750d5838078e36cf38b85af677262	2026-09-12T16:13:24.3933601Z [command]/usr/bin/git submodule foreach --recursive sh -c "git config --local --name-only --get-regexp 'http\.https\:\/\/github\.com\/\.extraheader' && git config --local --unset-all 'http.https://github.com/.extraheader' || :"
select	Run actions/checkout@11d5960a326750d5838078e36cf38b85af677262	2026-09-12T16:13:24.4172732Z [command]/usr/bin/git config --local --name-only --get-regexp ^includeIf\.gitdir:
select	Run actions/checkout@11d5960a326750d5838078e36cf38b85af677262	2026-09-12T16:13:24.4211796Z [command]/usr/bin/git submodule foreach --recursive git config --local --show-origin --name-only --get-regexp remote.origin.url
select	Run actions/checkout@11d5960a326750d5838078e36cf38b85af677262	2026-09-12T16:13:24.4449739Z [command]/usr/bin/git config --local http.https://github.com/.extraheader AUTHORIZATION: basic ***
select	Run actions/checkout@11d5960a326750d5838078e36cf38b85af677262	2026-09-12T16:13:24.4487789Z ##[endgroup]
select	Run actions/checkout@11d5960a326750d5838078e36cf38b85af677262	2026-09-12T16:13:24.4488869Z ##[group]Fetching the repository
select	Run actions/checkout@11d5960a326750d5838078e36cf38b85af677262	2026-09-12T16:13:24.4498609Z [command]/usr/bin/git -c protocol.version=2 fetch --prune --no-recurse-submodules origin +refs/heads/*:refs/remotes/origin/* +refs/tags/*:refs/tags/*
select	Run actions/checkout@11d5960a326750d5838078e36cf38b85af677262	2026-09-12T16:13:26.3440415Z From https://github.com/sgstepaniants/OpenProblemsInNLA
select	Run actions/checkout@11d5960a326750d5838078e36cf38b85af677262	2026-09-12T16:13:26.3443956Z  * [new branch]      codex/lean-ie18-anderson-counterexample -> origin/codex/lean-ie18-anderson-counterexample
select	Run actions/checkout@11d5960a326750d5838078e36cf38b85af677262	2026-09-12T16:13:26.3447189Z  * [new branch]      codex/lean-ie19-inverse-norm -> origin/codex/lean-ie19-inverse-norm
select	Run actions/checkout@11d5960a326750d5838078e36cf38b85af677262	2026-09-12T16:13:26.3450330Z  * [new branch]      codex/lean-mi19-q-permanent -> origin/codex/lean-mi19-q-permanent
select	Run actions/checkout@11d5960a326750d5838078e36cf38b85af677262	2026-09-12T16:13:26.3453365Z  * [new branch]      codex/lean-ra03-randomized-lu -> origin/codex/lean-ra03-randomized-lu
select	Run actions/checkout@11d5960a326750d5838078e36cf38b85af677262	2026-09-12T16:13:26.3457107Z  * [new branch]      codex/lean-verification-infrastructure -> origin/codex/lean-verification-infrastructure
select	Run actions/checkout@11d5960a326750d5838078e36cf38b85af677262	2026-09-12T16:13:26.3462044Z  * [new branch]      codex/stepaniants-aa01-md03-md04-resolutions -> origin/codex/stepaniants-aa01-md03-md04-resolutions
select	Run actions/checkout@11d5960a326750d5838078e36cf38b85af677262	2026-09-12T16:13:26.3466605Z  * [new branch]      codex/stepaniants-fr12-hadamard-counting -> origin/codex/stepaniants-fr12-hadamard-counting
select	Run actions/checkout@11d5960a326750d5838078e36cf38b85af677262	2026-09-12T16:13:26.3470773Z  * [new branch]      codex/stepaniants-ie02-jordan-gmres -> origin/codex/stepaniants-ie02-jordan-gmres
select	Run actions/checkout@11d5960a326750d5838078e36cf38b85af677262	2026-09-12T16:13:26.3474544Z  * [new branch]      codex/stepaniants-ie04-smoothed-tail-counterexample -> origin/codex/stepaniants-ie04-smoothed-tail-counterexample
select	Run actions/checkout@11d5960a326750d5838078e36cf38b85af677262	2026-09-12T16:13:26.3479767Z  * [new branch]      codex/stepaniants-ie05-orthogonal-counterexample -> origin/codex/stepaniants-ie05-orthogonal-counterexample
select	Run actions/checkout@11d5960a326750d5838078e36cf38b85af677262	2026-09-12T16:13:26.3483644Z  * [new branch]      codex/stepaniants-ie15-rook-growth -> origin/codex/stepaniants-ie15-rook-growth
select	Run actions/checkout@11d5960a326750d5838078e36cf38b85af677262	2026-09-12T16:13:26.3486971Z  * [new branch]      codex/stepaniants-ie26-fourier-stability -> origin/codex/stepaniants-ie26-fourier-stability
select	Run actions/checkout@11d5960a326750d5838078e36cf38b85af677262	2026-09-12T16:13:26.3491619Z  * [new branch]      codex/stepaniants-ke05-interpolation-counterexample -> origin/codex/stepaniants-ke05-interpolation-counterexample
select	Run actions/checkout@11d5960a326750d5838078e36cf38b85af677262	2026-09-12T16:13:26.3496829Z  * [new branch]      codex/stepaniants-mf02-cubic-overhead -> origin/codex/stepaniants-mf02-cubic-overhead
select	Run actions/checkout@11d5960a326750d5838078e36cf38b85af677262	2026-09-12T16:13:26.3501263Z  * [new branch]      codex/stepaniants-mf06-pointwise-lower-lipschitz -> origin/codex/stepaniants-mf06-pointwise-lower-lipschitz
select	Run actions/checkout@11d5960a326750d5838078e36cf38b85af677262	2026-09-12T16:13:26.3505544Z  * [new branch]      codex/stepaniants-mf18-complex-rank -> origin/codex/stepaniants-mf18-complex-rank
select	Run actions/checkout@11d5960a326750d5838078e36cf38b85af677262	2026-09-12T16:13:26.3509207Z  * [new branch]      codex/stepaniants-mf21-toeplitz-expansion-threshold -> origin/codex/stepaniants-mf21-toeplitz-expansion-threshold
select	Run actions/checkout@11d5960a326750d5838078e36cf38b85af677262	2026-09-12T16:13:26.3513677Z  * [new branch]      codex/stepaniants-mf22-spline-conditioning -> origin/codex/stepaniants-mf22-spline-conditioning
select	Run actions/checkout@11d5960a326750d5838078e36cf38b85af677262	2026-09-12T16:13:26.3516734Z  * [new branch]      codex/stepaniants-mi24-schatten -> origin/codex/stepaniants-mi24-schatten
select	Run actions/checkout@11d5960a326750d5838078e36cf38b85af677262	2026-09-12T16:13:26.3519776Z  * [new branch]      codex/stepaniants-mi28-determinant -> origin/codex/stepaniants-mi28-determinant
select	Run actions/checkout@11d5960a326750d5838078e36cf38b85af677262	2026-09-12T16:13:26.3523819Z  * [new branch]      codex/stepaniants-ra10-nuclear-transfer -> origin/codex/stepaniants-ra10-nuclear-transfer
select	Run actions/checkout@11d5960a326750d5838078e36cf38b85af677262	2026-09-12T16:13:26.3527505Z  * [new branch]      codex/stepaniants-ra12-gamma-tails -> origin/codex/stepaniants-ra12-gamma-tails
select	Run actions/checkout@11d5960a326750d5838078e36cf38b85af677262	2026-09-12T16:13:26.3531167Z  * [new branch]      codex/stepaniants-ra13-trace-tails -> origin/codex/stepaniants-ra13-trace-tails
select	Run actions/checkout@11d5960a326750d5838078e36cf38b85af677262	2026-09-12T16:13:26.3536626Z  * [new branch]      codex/stepaniants-ra19-critical-point-count -> origin/codex/stepaniants-ra19-critical-point-count
select	Run actions/checkout@11d5960a326750d5838078e36cf38b85af677262	2026-09-12T16:13:26.3542717Z  * [new branch]      codex/stepaniants-sp11-sp12-hall-applications -> origin/codex/stepaniants-sp11-sp12-hall-applications
select	Run actions/checkout@11d5960a326750d5838078e36cf38b85af677262	2026-09-12T16:13:26.3548519Z  * [new branch]      codex/stepaniants-sp13-trace-norm-perturbations -> origin/codex/stepaniants-sp13-trace-norm-perturbations
select	Run actions/checkout@11d5960a326750d5838078e36cf38b85af677262	2026-09-12T16:13:26.3553722Z  * [new branch]      codex/stepaniants-sp15-infinite-unitary-fiber -> origin/codex/stepaniants-sp15-infinite-unitary-fiber
select	Run actions/checkout@11d5960a326750d5838078e36cf38b85af677262	2026-09-12T16:13:26.3556554Z  * [new branch]      main       -> origin/main
select	Run actions/checkout@11d5960a326750d5838078e36cf38b85af677262	2026-09-12T16:13:26.3561259Z [command]/usr/bin/git branch --list --remote origin/codex/lean-ra03-randomized-lu
select	Run actions/checkout@11d5960a326750d5838078e36cf38b85af677262	2026-09-12T16:13:26.3563524Z   origin/codex/lean-ra03-randomized-lu
select	Run actions/checkout@11d5960a326750d5838078e36cf38b85af677262	2026-09-12T16:13:26.3567049Z [command]/usr/bin/git rev-parse refs/remotes/origin/codex/lean-ra03-randomized-lu
select	Run actions/checkout@11d5960a326750d5838078e36cf38b85af677262	2026-09-12T16:13:26.3569225Z 973f95969701601dcae7b30683b175843baa9c22
select	Run actions/checkout@11d5960a326750d5838078e36cf38b85af677262	2026-09-12T16:13:26.3573158Z ##[endgroup]
select	Run actions/checkout@11d5960a326750d5838078e36cf38b85af677262	2026-09-12T16:13:26.3575097Z ##[group]Determining the checkout info
select	Run actions/checkout@11d5960a326750d5838078e36cf38b85af677262	2026-09-12T16:13:26.3577198Z ##[endgroup]
select	Run actions/checkout@11d5960a326750d5838078e36cf38b85af677262	2026-09-12T16:13:26.3578454Z [command]/usr/bin/git sparse-checkout disable
select	Run actions/checkout@11d5960a326750d5838078e36cf38b85af677262	2026-09-12T16:13:26.3607947Z [command]/usr/bin/git config --local --unset-all extensions.worktreeConfig
select	Run actions/checkout@11d5960a326750d5838078e36cf38b85af677262	2026-09-12T16:13:26.3641234Z ##[group]Checking out the ref
select	Run actions/checkout@11d5960a326750d5838078e36cf38b85af677262	2026-09-12T16:13:26.3646926Z [command]/usr/bin/git checkout --progress --force -B codex/lean-ra03-randomized-lu refs/remotes/origin/codex/lean-ra03-randomized-lu
select	Run actions/checkout@11d5960a326750d5838078e36cf38b85af677262	2026-09-12T16:13:26.7968324Z Switched to a new branch 'codex/lean-ra03-randomized-lu'
select	Run actions/checkout@11d5960a326750d5838078e36cf38b85af677262	2026-09-12T16:13:26.7990600Z branch 'codex/lean-ra03-randomized-lu' set up to track 'origin/codex/lean-ra03-randomized-lu'.
select	Run actions/checkout@11d5960a326750d5838078e36cf38b85af677262	2026-09-12T16:13:26.7995961Z ##[endgroup]
select	Run actions/checkout@11d5960a326750d5838078e36cf38b85af677262	2026-09-12T16:13:26.8046425Z [command]/usr/bin/git log -1 --format=%H
select	Run actions/checkout@11d5960a326750d5838078e36cf38b85af677262	2026-09-12T16:13:26.8074972Z 973f95969701601dcae7b30683b175843baa9c22
select	Run actions/checkout@11d5960a326750d5838078e36cf38b85af677262	2026-09-12T16:13:26.8084193Z ##[group]Removing auth
select	Run actions/checkout@11d5960a326750d5838078e36cf38b85af677262	2026-09-12T16:13:26.8087906Z [command]/usr/bin/git config --local --name-only --get-regexp core\.sshCommand
select	Run actions/checkout@11d5960a326750d5838078e36cf38b85af677262	2026-09-12T16:13:26.8121648Z [command]/usr/bin/git submodule foreach --recursive sh -c "git config --local --name-only --get-regexp 'core\.sshCommand' && git config --local --unset-all 'core.sshCommand' || :"
select	Run actions/checkout@11d5960a326750d5838078e36cf38b85af677262	2026-09-12T16:13:26.8354703Z [command]/usr/bin/git config --local --name-only --get-regexp http\.https\:\/\/github\.com\/\.extraheader
select	Run actions/checkout@11d5960a326750d5838078e36cf38b85af677262	2026-09-12T16:13:26.8385590Z http.https://github.com/.extraheader
select	Run actions/checkout@11d5960a326750d5838078e36cf38b85af677262	2026-09-12T16:13:26.8394088Z [command]/usr/bin/git config --local --unset-all http.https://github.com/.extraheader
select	Run actions/checkout@11d5960a326750d5838078e36cf38b85af677262	2026-09-12T16:13:26.8427828Z [command]/usr/bin/git submodule foreach --recursive sh -c "git config --local --name-only --get-regexp 'http\.https\:\/\/github\.com\/\.extraheader' && git config --local --unset-all 'http.https://github.com/.extraheader' || :"
select	Run actions/checkout@11d5960a326750d5838078e36cf38b85af677262	2026-09-12T16:13:26.8661001Z [command]/usr/bin/git config --local --name-only --get-regexp ^includeIf\.gitdir:
select	Run actions/checkout@11d5960a326750d5838078e36cf38b85af677262	2026-09-12T16:13:26.8696998Z [command]/usr/bin/git submodule foreach --recursive git config --local --show-origin --name-only --get-regexp remote.origin.url
select	Run actions/checkout@11d5960a326750d5838078e36cf38b85af677262	2026-09-12T16:13:26.8921022Z ##[endgroup]
select	Install metadata validators	﻿2026-09-12T16:13:26.9130866Z ##[group]Run python3 -m pip install -r tools/lean/requirements.txt
select	Install metadata validators	2026-09-12T16:13:26.9131515Z ^[[36;1mpython3 -m pip install -r tools/lean/requirements.txt^[[0m
select	Install metadata validators	2026-09-12T16:13:26.9172468Z shell: /usr/bin/bash -e {0}
select	Install metadata validators	2026-09-12T16:13:26.9172811Z ##[endgroup]
select	Install metadata validators	2026-09-12T16:13:27.3333299Z Defaulting to user installation because normal site-packages is not writeable
select	Install metadata validators	2026-09-12T16:13:27.7991469Z Collecting PyYAML==6.0.3 (from -r tools/lean/requirements.txt (line 1))
select	Install metadata validators	2026-09-12T16:13:27.8576166Z   Downloading pyyaml-6.0.3-cp312-cp312-manylinux2014_x86_64.manylinux_2_17_x86_64.manylinux_2_28_x86_64.whl.metadata (2.4 kB)
select	Install metadata validators	2026-09-12T16:13:27.9046187Z Collecting jsonschema==4.26.0 (from -r tools/lean/requirements.txt (line 2))
select	Install metadata validators	2026-09-12T16:13:27.9171650Z   Downloading jsonschema-4.26.0-py3-none-any.whl.metadata (7.6 kB)
select	Install metadata validators	2026-09-12T16:13:27.9343393Z Requirement already satisfied: attrs>=22.2.0 in /usr/lib/python3/dist-packages (from jsonschema==4.26.0->-r tools/lean/requirements.txt (line 2)) (23.2.0)
select	Install metadata validators	2026-09-12T16:13:27.9619514Z Collecting jsonschema-specifications>=2023.03.6 (from jsonschema==4.26.0->-r tools/lean/requirements.txt (line 2))
select	Install metadata validators	2026-09-12T16:13:27.9747990Z   Downloading jsonschema_specifications-2025.9.1-py3-none-any.whl.metadata (2.9 kB)
select	Install metadata validators	2026-09-12T16:13:28.0245141Z Collecting referencing>=0.28.4 (from jsonschema==4.26.0->-r tools/lean/requirements.txt (line 2))
select	Install metadata validators	2026-09-12T16:13:28.0372400Z   Downloading referencing-0.37.0-py3-none-any.whl.metadata (2.8 kB)
select	Install metadata validators	2026-09-12T16:13:28.3902427Z Collecting rpds-py>=0.25.0 (from jsonschema==4.26.0->-r tools/lean/requirements.txt (line 2))
select	Install metadata validators	2026-09-12T16:13:28.4031514Z   Downloading rpds_py-2026.6.3-cp312-cp312-manylinux_2_17_x86_64.manylinux2014_x86_64.whl.metadata (4.1 kB)
select	Install metadata validators	2026-09-12T16:13:28.4368639Z Requirement already satisfied: typing-extensions>=4.4.0 in /usr/lib/python3/dist-packages (from referencing>=0.28.4->jsonschema==4.26.0->-r tools/lean/requirements.txt (line 2)) (4.10.0)
select	Install metadata validators	2026-09-12T16:13:28.4527881Z Downloading pyyaml-6.0.3-cp312-cp312-manylinux2014_x86_64.manylinux_2_17_x86_64.manylinux_2_28_x86_64.whl (807 kB)
select	Install metadata validators	2026-09-12T16:13:28.5181872Z    ━━━━━━━━━━━━━━━━━━━━━━━━━━━━━━━━━━━━━━━━ 807.9/807.9 kB 12.8 MB/s eta 0:00:00
select	Install metadata validators	2026-09-12T16:13:28.5307392Z Downloading jsonschema-4.26.0-py3-none-any.whl (90 kB)
select	Install metadata validators	2026-09-12T16:13:28.5351284Z    ━━━━━━━━━━━━━━━━━━━━━━━━━━━━━━━━━━━━━━━━ 90.6/90.6 kB 31.6 MB/s eta 0:00:00
select	Install metadata validators	2026-09-12T16:13:28.5539918Z Downloading jsonschema_specifications-2025.9.1-py3-none-any.whl (18 kB)
select	Install metadata validators	2026-09-12T16:13:28.5690919Z Downloading referencing-0.37.0-py3-none-any.whl (26 kB)
select	Install metadata validators	2026-09-12T16:13:28.5842916Z Downloading rpds_py-2026.6.3-cp312-cp312-manylinux_2_17_x86_64.manylinux2014_x86_64.whl (366 kB)
select	Install metadata validators	2026-09-12T16:13:28.5910720Z    ━━━━━━━━━━━━━━━━━━━━━━━━━━━━━━━━━━━━━━━━ 366.2/366.2 kB 78.2 MB/s eta 0:00:00
select	Install metadata validators	2026-09-12T16:13:28.8778805Z Installing collected packages: rpds-py, PyYAML, referencing, jsonschema-specifications, jsonschema
select	Install metadata validators	2026-09-12T16:13:29.0472626Z Successfully installed PyYAML-6.0.3 jsonschema-4.26.0 jsonschema-specifications-2025.9.1 referencing-0.37.0 rpds-py-2026.6.3
select	Test project selection and metadata gates	﻿2026-09-12T16:13:29.1449992Z ##[group]Run python3 -m unittest discover -s tests -p 'test_lean_verification.py' -v
select	Test project selection and metadata gates	2026-09-12T16:13:29.1450660Z ^[[36;1mpython3 -m unittest discover -s tests -p 'test_lean_verification.py' -v^[[0m
select	Test project selection and metadata gates	2026-09-12T16:13:29.1487932Z shell: /usr/bin/bash -e {0}
select	Test project selection and metadata gates	2026-09-12T16:13:29.1488203Z ##[endgroup]
select	Test project selection and metadata gates	2026-09-12T16:13:29.3432579Z test_custom_or_native_trust_is_rejected (test_lean_verification.ManifestTests.test_custom_or_native_trust_is_rejected) ... ok
select	Test project selection and metadata gates	2026-09-12T16:13:29.3523807Z test_definition_hole_rejected (test_lean_verification.ManifestTests.test_definition_hole_rejected) ... ok
select	Test project selection and metadata gates	2026-09-12T16:13:29.3616292Z test_duplicate_comparator_key_is_rejected (test_lean_verification.ManifestTests.test_duplicate_comparator_key_is_rejected) ... ok
select	Test project selection and metadata gates	2026-09-12T16:13:29.3645776Z test_duplicate_nested_yaml_key_is_rejected (test_lean_verification.ManifestTests.test_duplicate_nested_yaml_key_is_rejected) ... ok
select	Test project selection and metadata gates	2026-09-12T16:13:29.3684477Z test_duplicate_yaml_status_is_rejected (test_lean_verification.ManifestTests.test_duplicate_yaml_status_is_rejected) ... ok
select	Test project selection and metadata gates	2026-09-12T16:13:29.3774945Z test_empty_theorem_list_is_rejected (test_lean_verification.ManifestTests.test_empty_theorem_list_is_rejected) ... ok
select	Test project selection and metadata gates	2026-09-12T16:13:29.3860071Z test_missing_required_schema_field (test_lean_verification.ManifestTests.test_missing_required_schema_field) ... ok
select	Test project selection and metadata gates	2026-09-12T16:13:29.3951334Z test_nonzero_proof_sorries_rejected (test_lean_verification.ManifestTests.test_nonzero_proof_sorries_rejected) ... ok
select	Test project selection and metadata gates	2026-09-12T16:13:29.4042916Z test_result_source_outside_project_rejected (test_lean_verification.ManifestTests.test_result_source_outside_project_rejected) ... ok
select	Test project selection and metadata gates	2026-09-12T16:13:29.4134811Z test_result_specific_unchecked_axiom_rejected (test_lean_verification.ManifestTests.test_result_specific_unchecked_axiom_rejected) ... ok
select	Test project selection and metadata gates	2026-09-12T16:13:29.4228934Z test_unchecked_export_is_rejected (test_lean_verification.ManifestTests.test_unchecked_export_is_rejected) ... ok
select	Test project selection and metadata gates	2026-09-12T16:13:29.4319191Z test_valid_consistent_metadata (test_lean_verification.ManifestTests.test_valid_consistent_metadata) ... ok
select	Test project selection and metadata gates	2026-09-12T16:13:29.4321091Z test_canonical_statement_change_rechecks_its_project (test_lean_verification.ProjectSelectionTests.test_canonical_statement_change_rechecks_its_project) ... ok
select	Test project selection and metadata gates	2026-09-12T16:13:29.4330822Z test_discovery_uses_registry_and_detects_incomplete_project (test_lean_verification.ProjectSelectionTests.test_discovery_uses_registry_and_detects_incomplete_project) ... ok
select	Test project selection and metadata gates	2026-09-12T16:13:29.4334586Z test_invalid_registry_path_is_rejected (test_lean_verification.ProjectSelectionTests.test_invalid_registry_path_is_rejected) ... ok
select	Test project selection and metadata gates	2026-09-12T16:13:29.4336703Z test_problem_proof_change_selects_only_that_problem (test_lean_verification.ProjectSelectionTests.test_problem_proof_change_selects_only_that_problem) ... ok
select	Test project selection and metadata gates	2026-09-12T16:13:29.4339017Z test_shared_checker_or_schema_change_rechecks_every_project (test_lean_verification.ProjectSelectionTests.test_shared_checker_or_schema_change_rechecks_every_project) ... ok
select	Test project selection and metadata gates	2026-09-12T16:13:29.4345067Z test_source_only_project_cannot_skip_verification (test_lean_verification.ProjectSelectionTests.test_source_only_project_cannot_skip_verification) ... ok
select	Test project selection and metadata gates	2026-09-12T16:13:29.4352711Z test_symlinked_project_is_rejected (test_lean_verification.ProjectSelectionTests.test_symlinked_project_is_rejected) ... ok
select	Test project selection and metadata gates	2026-09-12T16:13:29.4354551Z test_unrelated_document_does_not_rebuild_proofs (test_lean_verification.ProjectSelectionTests.test_unrelated_document_does_not_rebuild_proofs) ... ok
select	Test project selection and metadata gates	2026-09-12T16:13:29.4355548Z 
select	Test project selection and metadata gates	2026-09-12T16:13:29.4355784Z ----------------------------------------------------------------------
select	Test project selection and metadata gates	2026-09-12T16:13:29.4443831Z Ran 20 tests in 0.120s
select	Test project selection and metadata gates	2026-09-12T16:13:29.4444144Z 
select	Test project selection and metadata gates	2026-09-12T16:13:29.4444286Z OK
select	Test project selection and metadata gates	2026-09-12T16:13:29.4444749Z Manifest schema and comparator coverage: PASS (1 declarations)
select	Test pinned harness gates	﻿2026-09-12T16:13:29.4551102Z ##[group]Run python3 -m unittest discover -s tools/lean -p 'test_*.py' -v
select	Test pinned harness gates	2026-09-12T16:13:29.4551657Z ^[[36;1mpython3 -m unittest discover -s tools/lean -p 'test_*.py' -v^[[0m
select	Test pinned harness gates	2026-09-12T16:13:29.4588433Z shell: /usr/bin/bash -e {0}
select	Test pinned harness gates	2026-09-12T16:13:29.4588688Z ##[endgroup]
select	Test pinned harness gates	2026-09-12T16:13:29.5709552Z test_ci_probe_adaptation_retains_assertions_and_adds_deadlines (test_harness.HarnessTests.test_ci_probe_adaptation_retains_assertions_and_adds_deadlines) ... ok
select	Test pinned harness gates	2026-09-12T16:13:29.5736041Z test_custom_sorry_and_native_axioms_are_rejected (test_harness.HarnessTests.test_custom_sorry_and_native_axioms_are_rejected) ... ok
select	Test pinned harness gates	2026-09-12T16:13:29.5749147Z test_definition_holes_are_rejected (test_harness.HarnessTests.test_definition_holes_are_rejected) ... ok
select	Test pinned harness gates	2026-09-12T16:13:29.5761619Z test_duplicate_json_keys_are_rejected (test_harness.HarnessTests.test_duplicate_json_keys_are_rejected) ... ok
select	Test pinned harness gates	2026-09-12T16:13:29.5774895Z test_mac_os_does_not_silently_fall_back (test_harness.HarnessTests.test_mac_os_does_not_silently_fall_back) ... ok
select	Test pinned harness gates	2026-09-12T16:13:29.5799059Z test_nonimmutable_or_credential_dependencies_are_rejected (test_harness.HarnessTests.test_nonimmutable_or_credential_dependencies_are_rejected) ... ok
select	Test pinned harness gates	2026-09-12T16:13:29.5822000Z test_real_source_lock (test_harness.HarnessTests.test_real_source_lock) ... ok
select	Test pinned harness gates	2026-09-12T16:13:29.5838713Z test_same_module_and_empty_theorem_list_are_rejected (test_harness.HarnessTests.test_same_module_and_empty_theorem_list_are_rejected) ... ok
select	Test pinned harness gates	2026-09-12T16:13:29.6107452Z test_snapshot_uses_committed_files_and_detects_change (test_harness.HarnessTests.test_snapshot_uses_committed_files_and_detects_change) ... ok
select	Test pinned harness gates	2026-09-12T16:13:29.6121211Z test_standard_config_and_stricter_axiom_subset (test_harness.HarnessTests.test_standard_config_and_stricter_axiom_subset) ... ok
select	Test pinned harness gates	2026-09-12T16:13:29.6306069Z test_tracked_compiled_artifact_is_rejected (test_harness.HarnessTests.test_tracked_compiled_artifact_is_rejected) ... ok
select	Test pinned harness gates	2026-09-12T16:13:29.6461017Z test_uncommitted_trusted_file_is_rejected (test_harness.HarnessTests.test_uncommitted_trusted_file_is_rejected) ... ok
select	Test pinned harness gates	2026-09-12T16:13:29.6461958Z 
select	Test pinned harness gates	2026-09-12T16:13:29.6462229Z ----------------------------------------------------------------------
select	Test pinned harness gates	2026-09-12T16:13:29.6462792Z Ran 12 tests in 0.077s
select	Test pinned harness gates	2026-09-12T16:13:29.6463020Z 
select	Test pinned harness gates	2026-09-12T16:13:29.6463139Z OK
select	Select changed projects	﻿2026-09-12T16:13:29.6679607Z ##[group]Run if [ "$EVENT_NAME" = "workflow_dispatch" ] || [ -z "$BASE_REF" ] || [ "$BASE_REF" = "0000000000000000000000000000000000000000" ]; then
select	Select changed projects	2026-09-12T16:13:29.6680549Z ^[[36;1mif [ "$EVENT_NAME" = "workflow_dispatch" ] || [ -z "$BASE_REF" ] || [ "$BASE_REF" = "0000000000000000000000000000000000000000" ]; then^[[0m
select	Select changed projects	2026-09-12T16:13:29.6681238Z ^[[36;1m  python3 tools/lean/projects.py --all --github-output "$GITHUB_OUTPUT"^[[0m
select	Select changed projects	2026-09-12T16:13:29.6681710Z ^[[36;1m  echo "tools_changed=true" >> "$GITHUB_OUTPUT"^[[0m
select	Select changed projects	2026-09-12T16:13:29.6682005Z ^[[36;1melse^[[0m
select	Select changed projects	2026-09-12T16:13:29.6682390Z ^[[36;1m  python3 tools/lean/projects.py --base-ref "$BASE_REF" --github-output "$GITHUB_OUTPUT"^[[0m
select	Select changed projects	2026-09-12T16:13:29.6682906Z ^[[36;1m  python3 - "$BASE_REF" "$GITHUB_OUTPUT" <<'PY'^[[0m
select	Select changed projects	2026-09-12T16:13:29.6683233Z ^[[36;1mimport pathlib, subprocess, sys^[[0m
select	Select changed projects	2026-09-12T16:13:29.6683775Z ^[[36;1mchanged = subprocess.check_output(['git','diff','--name-only',sys.argv[1],'HEAD','--'], text=True).splitlines()^[[0m
select	Select changed projects	2026-09-12T16:13:29.6684674Z ^[[36;1mneeds_tools = any(p.startswith(('tools/lean/', 'docs/lean/ci-toolchain/')) or p == '.github/workflows/lean-verification.yml' for p in changed)^[[0m
select	Select changed projects	2026-09-12T16:13:29.6685351Z ^[[36;1mwith pathlib.Path(sys.argv[2]).open('a') as stream:^[[0m
select	Select changed projects	2026-09-12T16:13:29.6685777Z ^[[36;1m    stream.write('tools_changed=' + str(needs_tools).lower() + '\n')^[[0m
select	Select changed projects	2026-09-12T16:13:29.6686131Z ^[[36;1mPY^[[0m
select	Select changed projects	2026-09-12T16:13:29.6686485Z ^[[36;1mfi^[[0m
select	Select changed projects	2026-09-12T16:13:29.6723408Z shell: /usr/bin/bash -e {0}
select	Select changed projects	2026-09-12T16:13:29.6723666Z env:
select	Select changed projects	2026-09-12T16:13:29.6723881Z   BASE_REF: 0000000000000000000000000000000000000000
select	Select changed projects	2026-09-12T16:13:29.6724172Z   EVENT_NAME: push
select	Select changed projects	2026-09-12T16:13:29.6724367Z ##[endgroup]
select	Select changed projects	2026-09-12T16:13:29.7167845Z {"include":[{"id":"RA-03","project":"randomized-and-low-rank-approximation/RA-03/lean"}]}
select	Post Run actions/checkout@11d5960a326750d5838078e36cf38b85af677262	﻿2026-09-12T16:13:29.7353313Z Node 20 is being deprecated. This workflow is running with Node 24 by default. If you need to temporarily use Node 20, you can set the ACTIONS_ALLOW_USE_UNSECURE_NODE_VERSION=true environment variable. For more information see: https://github.blog/changelog/2025-09-19-deprecation-of-node-20-on-github-actions-runners/
select	Post Run actions/checkout@11d5960a326750d5838078e36cf38b85af677262	2026-09-12T16:13:29.7355166Z Post job cleanup.
select	Post Run actions/checkout@11d5960a326750d5838078e36cf38b85af677262	2026-09-12T16:13:29.8202263Z [command]/usr/bin/git version
select	Post Run actions/checkout@11d5960a326750d5838078e36cf38b85af677262	2026-09-12T16:13:29.8245983Z git version 2.55.0
select	Post Run actions/checkout@11d5960a326750d5838078e36cf38b85af677262	2026-09-12T16:13:29.8318203Z Temporarily overriding HOME='/home/runner/work/_temp/f3bc9bfd-22a2-4dc8-a24c-2595849fdab9' before making global git config changes
select	Post Run actions/checkout@11d5960a326750d5838078e36cf38b85af677262	2026-09-12T16:13:29.8320106Z Adding repository directory to the temporary git global config as a safe directory
select	Post Run actions/checkout@11d5960a326750d5838078e36cf38b85af677262	2026-09-12T16:13:29.8323958Z [command]/usr/bin/git config --global --add safe.directory /home/runner/work/OpenProblemsInNLA/OpenProblemsInNLA
select	Post Run actions/checkout@11d5960a326750d5838078e36cf38b85af677262	2026-09-12T16:13:29.8366243Z [command]/usr/bin/git config --local --name-only --get-regexp core\.sshCommand
select	Post Run actions/checkout@11d5960a326750d5838078e36cf38b85af677262	2026-09-12T16:13:29.8407435Z [command]/usr/bin/git submodule foreach --recursive sh -c "git config --local --name-only --get-regexp 'core\.sshCommand' && git config --local --unset-all 'core.sshCommand' || :"
select	Post Run actions/checkout@11d5960a326750d5838078e36cf38b85af677262	2026-09-12T16:13:29.8684625Z [command]/usr/bin/git config --local --name-only --get-regexp http\.https\:\/\/github\.com\/\.extraheader
select	Post Run actions/checkout@11d5960a326750d5838078e36cf38b85af677262	2026-09-12T16:13:29.8722625Z [command]/usr/bin/git submodule foreach --recursive sh -c "git config --local --name-only --get-regexp 'http\.https\:\/\/github\.com\/\.extraheader' && git config --local --unset-all 'http.https://github.com/.extraheader' || :"
select	Post Run actions/checkout@11d5960a326750d5838078e36cf38b85af677262	2026-09-12T16:13:29.9103182Z [command]/usr/bin/git config --local --name-only --get-regexp ^includeIf\.gitdir:
select	Post Run actions/checkout@11d5960a326750d5838078e36cf38b85af677262	2026-09-12T16:13:29.9172180Z [command]/usr/bin/git submodule foreach --recursive git config --local --show-origin --name-only --get-regexp remote.origin.url
select	Complete job	﻿2026-09-12T16:13:29.9594433Z Evaluate and set job outputs
select	Complete job	2026-09-12T16:13:29.9601042Z Set output 'matrix'
select	Complete job	2026-09-12T16:13:29.9602683Z Set output 'count'
select	Complete job	2026-09-12T16:13:29.9603328Z Set output 'tools_changed'
select	Complete job	2026-09-12T16:13:29.9604015Z Cleaning up orphan processes
select	Complete job	2026-09-12T16:13:29.9890710Z ##[warning]Node.js 20 is deprecated. The following actions target Node.js 20 but are being forced to run on Node.js 24: actions/checkout@11d5960a326750d5838078e36cf38b85af677262. For more information see: https://github.blog/changelog/2025-09-19-deprecation-of-node-20-on-github-actions-runners/
checker-controls	Set up job	﻿2026-09-12T16:13:34.5538690Z Current runner version: '2.337.0'
checker-controls	Set up job	2026-09-12T16:13:34.5562622Z ##[group]Runner Image Provisioner
checker-controls	Set up job	2026-09-12T16:13:34.5563476Z Hosted Compute Agent
checker-controls	Set up job	2026-09-12T16:13:34.5564017Z Version: 20260828.587
checker-controls	Set up job	2026-09-12T16:13:34.5564618Z Commit: abac92662cab4cc7352de4f9f9d2e2419aad9c29
checker-controls	Set up job	2026-09-12T16:13:34.5565226Z Build Date: 2026-08-28T16:44:25Z
checker-controls	Set up job	2026-09-12T16:13:34.5565780Z Worker ID: {b3a09162-93e7-41b2-92c0-3c6e2c21bbf8}
checker-controls	Set up job	2026-09-12T16:13:34.5566426Z Azure Region: eastus
checker-controls	Set up job	2026-09-12T16:13:34.5566901Z ##[endgroup]
checker-controls	Set up job	2026-09-12T16:13:34.5568162Z ##[group]Operating System
checker-controls	Set up job	2026-09-12T16:13:34.5568749Z Ubuntu
checker-controls	Set up job	2026-09-12T16:13:34.5569200Z 24.04.5
checker-controls	Set up job	2026-09-12T16:13:34.5569681Z LTS
checker-controls	Set up job	2026-09-12T16:13:34.5570165Z ##[endgroup]
checker-controls	Set up job	2026-09-12T16:13:34.5570676Z ##[group]Runner Image
checker-controls	Set up job	2026-09-12T16:13:34.5571200Z Image: ubuntu-24.04
checker-controls	Set up job	2026-09-12T16:13:34.5571680Z Version: 20260907.300.1
checker-controls	Set up job	2026-09-12T16:13:34.5572850Z Included Software: https://github.com/actions/runner-images/blob/ubuntu24/20260907.300/images/ubuntu/Ubuntu2404-Readme.md
checker-controls	Set up job	2026-09-12T16:13:34.5574395Z Image Release: https://github.com/actions/runner-images/releases/tag/ubuntu24%2F20260907.300
checker-controls	Set up job	2026-09-12T16:13:34.5575420Z ##[endgroup]
checker-controls	Set up job	2026-09-12T16:13:34.5576645Z ##[group]GITHUB_TOKEN Permissions
checker-controls	Set up job	2026-09-12T16:13:34.5579024Z Contents: read
checker-controls	Set up job	2026-09-12T16:13:34.5579715Z Metadata: read
checker-controls	Set up job	2026-09-12T16:13:34.5580485Z ##[endgroup]
checker-controls	Set up job	2026-09-12T16:13:34.5583460Z Secret source: Actions
checker-controls	Set up job	2026-09-12T16:13:34.5584650Z Cache mode: write
checker-controls	Set up job	2026-09-12T16:13:34.5585646Z Prepare workflow directory
checker-controls	Set up job	2026-09-12T16:13:34.5907741Z Prepare all required actions
checker-controls	Set up job	2026-09-12T16:13:34.5947349Z Getting action download info
checker-controls	Set up job	2026-09-12T16:13:34.7860369Z Download action repository 'actions/checkout@11d5960a326750d5838078e36cf38b85af677262' (SHA:11d5960a326750d5838078e36cf38b85af677262)
checker-controls	Set up job	2026-09-12T16:13:35.3215609Z Download action repository 'actions/setup-go@924ae3a1cded613372ab5595356fb5720e22ba16' (SHA:924ae3a1cded613372ab5595356fb5720e22ba16)
checker-controls	Set up job	2026-09-12T16:13:35.7695764Z Download action repository 'leanprover/lean-action@96e06131c0e9943c780388fd166f55d1e2fa0433' (SHA:96e06131c0e9943c780388fd166f55d1e2fa0433)
checker-controls	Set up job	2026-09-12T16:13:35.8623186Z Download action repository 'actions/upload-artifact@ea165f8d65b6e75b540449e92b4886f43607fa02' (SHA:ea165f8d65b6e75b540449e92b4886f43607fa02)
checker-controls	Set up job	2026-09-12T16:13:36.1215946Z Getting action download info
checker-controls	Set up job	2026-09-12T16:13:36.1880815Z Download action repository 'actions/cache@v5' (SHA:caa296126883cff596d87d8935842f9db880ef25)
checker-controls	Set up job	2026-09-12T16:13:36.4363487Z Complete job name: checker-controls
checker-controls	Run actions/checkout@11d5960a326750d5838078e36cf38b85af677262	﻿2026-09-12T16:13:36.5118602Z Node 20 is being deprecated. This workflow is running with Node 24 by default. If you need to temporarily use Node 20, you can set the ACTIONS_ALLOW_USE_UNSECURE_NODE_VERSION=true environment variable. For more information see: https://github.blog/changelog/2025-09-19-deprecation-of-node-20-on-github-actions-runners/
checker-controls	Run actions/checkout@11d5960a326750d5838078e36cf38b85af677262	2026-09-12T16:13:36.5127692Z ##[group]Run actions/checkout@11d5960a326750d5838078e36cf38b85af677262
checker-controls	Run actions/checkout@11d5960a326750d5838078e36cf38b85af677262	2026-09-12T16:13:36.5128916Z with:
checker-controls	Run actions/checkout@11d5960a326750d5838078e36cf38b85af677262	2026-09-12T16:13:36.5129562Z   persist-credentials: false
checker-controls	Run actions/checkout@11d5960a326750d5838078e36cf38b85af677262	2026-09-12T16:13:36.5130424Z   repository: sgstepaniants/OpenProblemsInNLA
checker-controls	Run actions/checkout@11d5960a326750d5838078e36cf38b85af677262	2026-09-12T16:13:36.5137006Z   token: ***
checker-controls	Run actions/checkout@11d5960a326750d5838078e36cf38b85af677262	2026-09-12T16:13:36.5137646Z   ssh-strict: true
checker-controls	Run actions/checkout@11d5960a326750d5838078e36cf38b85af677262	2026-09-12T16:13:36.5138305Z   ssh-user: git
checker-controls	Run actions/checkout@11d5960a326750d5838078e36cf38b85af677262	2026-09-12T16:13:36.5138944Z   clean: true
checker-controls	Run actions/checkout@11d5960a326750d5838078e36cf38b85af677262	2026-09-12T16:13:36.5139625Z   sparse-checkout-cone-mode: true
checker-controls	Run actions/checkout@11d5960a326750d5838078e36cf38b85af677262	2026-09-12T16:13:36.5140409Z   fetch-depth: 1
checker-controls	Run actions/checkout@11d5960a326750d5838078e36cf38b85af677262	2026-09-12T16:13:36.5141047Z   fetch-tags: false
checker-controls	Run actions/checkout@11d5960a326750d5838078e36cf38b85af677262	2026-09-12T16:13:36.5141709Z   show-progress: true
checker-controls	Run actions/checkout@11d5960a326750d5838078e36cf38b85af677262	2026-09-12T16:13:36.5142626Z   lfs: false
checker-controls	Run actions/checkout@11d5960a326750d5838078e36cf38b85af677262	2026-09-12T16:13:36.5143308Z   submodules: false
checker-controls	Run actions/checkout@11d5960a326750d5838078e36cf38b85af677262	2026-09-12T16:13:36.5143992Z   set-safe-directory: true
checker-controls	Run actions/checkout@11d5960a326750d5838078e36cf38b85af677262	2026-09-12T16:13:36.5144754Z   allow-unsafe-pr-checkout: false
checker-controls	Run actions/checkout@11d5960a326750d5838078e36cf38b85af677262	2026-09-12T16:13:36.5145806Z ##[endgroup]
checker-controls	Run actions/checkout@11d5960a326750d5838078e36cf38b85af677262	2026-09-12T16:13:36.6085970Z Syncing repository: sgstepaniants/OpenProblemsInNLA
checker-controls	Run actions/checkout@11d5960a326750d5838078e36cf38b85af677262	2026-09-12T16:13:36.6089097Z ##[group]Getting Git version info
checker-controls	Run actions/checkout@11d5960a326750d5838078e36cf38b85af677262	2026-09-12T16:13:36.6090502Z Working directory is '/home/runner/work/OpenProblemsInNLA/OpenProblemsInNLA'
checker-controls	Run actions/checkout@11d5960a326750d5838078e36cf38b85af677262	2026-09-12T16:13:36.6092555Z [command]/usr/bin/git version
checker-controls	Run actions/checkout@11d5960a326750d5838078e36cf38b85af677262	2026-09-12T16:13:36.6133232Z git version 2.55.0
checker-controls	Run actions/checkout@11d5960a326750d5838078e36cf38b85af677262	2026-09-12T16:13:36.6154100Z ##[endgroup]
checker-controls	Run actions/checkout@11d5960a326750d5838078e36cf38b85af677262	2026-09-12T16:13:36.6172161Z Temporarily overriding HOME='/home/runner/work/_temp/d3c777f8-e179-4b88-a55d-c2780204a243' before making global git config changes
checker-controls	Run actions/checkout@11d5960a326750d5838078e36cf38b85af677262	2026-09-12T16:13:36.6178682Z Adding repository directory to the temporary git global config as a safe directory
checker-controls	Run actions/checkout@11d5960a326750d5838078e36cf38b85af677262	2026-09-12T16:13:36.6187363Z [command]/usr/bin/git config --global --add safe.directory /home/runner/work/OpenProblemsInNLA/OpenProblemsInNLA
checker-controls	Run actions/checkout@11d5960a326750d5838078e36cf38b85af677262	2026-09-12T16:13:36.6232529Z Deleting the contents of '/home/runner/work/OpenProblemsInNLA/OpenProblemsInNLA'
checker-controls	Run actions/checkout@11d5960a326750d5838078e36cf38b85af677262	2026-09-12T16:13:36.6238665Z ##[group]Initializing the repository
checker-controls	Run actions/checkout@11d5960a326750d5838078e36cf38b85af677262	2026-09-12T16:13:36.6243550Z [command]/usr/bin/git init /home/runner/work/OpenProblemsInNLA/OpenProblemsInNLA
checker-controls	Run actions/checkout@11d5960a326750d5838078e36cf38b85af677262	2026-09-12T16:13:36.6328498Z hint: Using 'master' as the name for the initial branch. This default branch name
checker-controls	Run actions/checkout@11d5960a326750d5838078e36cf38b85af677262	2026-09-12T16:13:36.6340032Z hint: will change to "main" in Git 3.0. To configure the initial branch name
checker-controls	Run actions/checkout@11d5960a326750d5838078e36cf38b85af677262	2026-09-12T16:13:36.6342459Z hint: to use in all of your new repositories, which will suppress this warning,
checker-controls	Run actions/checkout@11d5960a326750d5838078e36cf38b85af677262	2026-09-12T16:13:36.6344195Z hint: call:
checker-controls	Run actions/checkout@11d5960a326750d5838078e36cf38b85af677262	2026-09-12T16:13:36.6345066Z hint:
checker-controls	Run actions/checkout@11d5960a326750d5838078e36cf38b85af677262	2026-09-12T16:13:36.6346288Z hint: 	git config --global init.defaultBranch <name>
checker-controls	Run actions/checkout@11d5960a326750d5838078e36cf38b85af677262	2026-09-12T16:13:36.6347681Z hint:
checker-controls	Run actions/checkout@11d5960a326750d5838078e36cf38b85af677262	2026-09-12T16:13:36.6348967Z hint: Names commonly chosen instead of 'master' are 'main', 'trunk' and
checker-controls	Run actions/checkout@11d5960a326750d5838078e36cf38b85af677262	2026-09-12T16:13:36.6351060Z hint: 'development'. The just-created branch can be renamed via this command:
checker-controls	Run actions/checkout@11d5960a326750d5838078e36cf38b85af677262	2026-09-12T16:13:36.6352957Z hint:
checker-controls	Run actions/checkout@11d5960a326750d5838078e36cf38b85af677262	2026-09-12T16:13:36.6353899Z hint: 	git branch -m <name>
checker-controls	Run actions/checkout@11d5960a326750d5838078e36cf38b85af677262	2026-09-12T16:13:36.6354964Z hint:
checker-controls	Run actions/checkout@11d5960a326750d5838078e36cf38b85af677262	2026-09-12T16:13:36.6356378Z hint: Disable this message with "git config set advice.defaultBranchName false"
checker-controls	Run actions/checkout@11d5960a326750d5838078e36cf38b85af677262	2026-09-12T16:13:36.6358954Z Initialized empty Git repository in /home/runner/work/OpenProblemsInNLA/OpenProblemsInNLA/.git/
checker-controls	Run actions/checkout@11d5960a326750d5838078e36cf38b85af677262	2026-09-12T16:13:36.6373544Z [command]/usr/bin/git remote add origin https://github.com/sgstepaniants/OpenProblemsInNLA
checker-controls	Run actions/checkout@11d5960a326750d5838078e36cf38b85af677262	2026-09-12T16:13:36.6430551Z ##[endgroup]
checker-controls	Run actions/checkout@11d5960a326750d5838078e36cf38b85af677262	2026-09-12T16:13:36.6432547Z ##[group]Disabling automatic garbage collection
checker-controls	Run actions/checkout@11d5960a326750d5838078e36cf38b85af677262	2026-09-12T16:13:36.6434386Z [command]/usr/bin/git config --local gc.auto 0
checker-controls	Run actions/checkout@11d5960a326750d5838078e36cf38b85af677262	2026-09-12T16:13:36.6461854Z ##[endgroup]
checker-controls	Run actions/checkout@11d5960a326750d5838078e36cf38b85af677262	2026-09-12T16:13:36.6469564Z ##[group]Setting up auth
checker-controls	Run actions/checkout@11d5960a326750d5838078e36cf38b85af677262	2026-09-12T16:13:36.6470664Z [command]/usr/bin/git config --local --name-only --get-regexp core\.sshCommand
checker-controls	Run actions/checkout@11d5960a326750d5838078e36cf38b85af677262	2026-09-12T16:13:36.6500939Z [command]/usr/bin/git submodule foreach --recursive sh -c "git config --local --name-only --get-regexp 'core\.sshCommand' && git config --local --unset-all 'core.sshCommand' || :"
checker-controls	Run actions/checkout@11d5960a326750d5838078e36cf38b85af677262	2026-09-12T16:13:36.6805150Z [command]/usr/bin/git config --local --name-only --get-regexp http\.https\:\/\/github\.com\/\.extraheader
checker-controls	Run actions/checkout@11d5960a326750d5838078e36cf38b85af677262	2026-09-12T16:13:36.6840083Z [command]/usr/bin/git submodule foreach --recursive sh -c "git config --local --name-only --get-regexp 'http\.https\:\/\/github\.com\/\.extraheader' && git config --local --unset-all 'http.https://github.com/.extraheader' || :"
checker-controls	Run actions/checkout@11d5960a326750d5838078e36cf38b85af677262	2026-09-12T16:13:36.7036925Z [command]/usr/bin/git config --local --name-only --get-regexp ^includeIf\.gitdir:
checker-controls	Run actions/checkout@11d5960a326750d5838078e36cf38b85af677262	2026-09-12T16:13:36.7067554Z [command]/usr/bin/git submodule foreach --recursive git config --local --show-origin --name-only --get-regexp remote.origin.url
checker-controls	Run actions/checkout@11d5960a326750d5838078e36cf38b85af677262	2026-09-12T16:13:36.7259662Z [command]/usr/bin/git config --local http.https://github.com/.extraheader AUTHORIZATION: basic ***
checker-controls	Run actions/checkout@11d5960a326750d5838078e36cf38b85af677262	2026-09-12T16:13:36.7292963Z ##[endgroup]
checker-controls	Run actions/checkout@11d5960a326750d5838078e36cf38b85af677262	2026-09-12T16:13:36.7294162Z ##[group]Fetching the repository
checker-controls	Run actions/checkout@11d5960a326750d5838078e36cf38b85af677262	2026-09-12T16:13:36.7301341Z [command]/usr/bin/git -c protocol.version=2 fetch --no-tags --prune --no-recurse-submodules --depth=1 origin +973f95969701601dcae7b30683b175843baa9c22:refs/remotes/origin/codex/lean-ra03-randomized-lu
checker-controls	Run actions/checkout@11d5960a326750d5838078e36cf38b85af677262	2026-09-12T16:13:39.3070575Z From https://github.com/sgstepaniants/OpenProblemsInNLA
checker-controls	Run actions/checkout@11d5960a326750d5838078e36cf38b85af677262	2026-09-12T16:13:39.3072580Z  * [new ref]         973f95969701601dcae7b30683b175843baa9c22 -> origin/codex/lean-ra03-randomized-lu
checker-controls	Run actions/checkout@11d5960a326750d5838078e36cf38b85af677262	2026-09-12T16:13:39.3089235Z ##[endgroup]
checker-controls	Run actions/checkout@11d5960a326750d5838078e36cf38b85af677262	2026-09-12T16:13:39.3089759Z ##[group]Determining the checkout info
checker-controls	Run actions/checkout@11d5960a326750d5838078e36cf38b85af677262	2026-09-12T16:13:39.3090587Z ##[endgroup]
checker-controls	Run actions/checkout@11d5960a326750d5838078e36cf38b85af677262	2026-09-12T16:13:39.3090917Z [command]/usr/bin/git sparse-checkout disable
checker-controls	Run actions/checkout@11d5960a326750d5838078e36cf38b85af677262	2026-09-12T16:13:39.3356308Z [command]/usr/bin/git config --local --unset-all extensions.worktreeConfig
checker-controls	Run actions/checkout@11d5960a326750d5838078e36cf38b85af677262	2026-09-12T16:13:39.3386685Z ##[group]Checking out the ref
checker-controls	Run actions/checkout@11d5960a326750d5838078e36cf38b85af677262	2026-09-12T16:13:39.3391069Z [command]/usr/bin/git checkout --progress --force -B codex/lean-ra03-randomized-lu refs/remotes/origin/codex/lean-ra03-randomized-lu
checker-controls	Run actions/checkout@11d5960a326750d5838078e36cf38b85af677262	2026-09-12T16:13:39.6894585Z Switched to a new branch 'codex/lean-ra03-randomized-lu'
checker-controls	Run actions/checkout@11d5960a326750d5838078e36cf38b85af677262	2026-09-12T16:13:39.6896089Z branch 'codex/lean-ra03-randomized-lu' set up to track 'origin/codex/lean-ra03-randomized-lu'.
checker-controls	Run actions/checkout@11d5960a326750d5838078e36cf38b85af677262	2026-09-12T16:13:39.6913870Z ##[endgroup]
checker-controls	Run actions/checkout@11d5960a326750d5838078e36cf38b85af677262	2026-09-12T16:13:39.6953670Z [command]/usr/bin/git log -1 --format=%H
checker-controls	Run actions/checkout@11d5960a326750d5838078e36cf38b85af677262	2026-09-12T16:13:39.6977005Z 973f95969701601dcae7b30683b175843baa9c22
checker-controls	Run actions/checkout@11d5960a326750d5838078e36cf38b85af677262	2026-09-12T16:13:39.6984965Z ##[group]Removing auth
checker-controls	Run actions/checkout@11d5960a326750d5838078e36cf38b85af677262	2026-09-12T16:13:39.6987944Z [command]/usr/bin/git config --local --name-only --get-regexp core\.sshCommand
checker-controls	Run actions/checkout@11d5960a326750d5838078e36cf38b85af677262	2026-09-12T16:13:39.7017114Z [command]/usr/bin/git submodule foreach --recursive sh -c "git config --local --name-only --get-regexp 'core\.sshCommand' && git config --local --unset-all 'core.sshCommand' || :"
checker-controls	Run actions/checkout@11d5960a326750d5838078e36cf38b85af677262	2026-09-12T16:13:39.7212110Z [command]/usr/bin/git config --local --name-only --get-regexp http\.https\:\/\/github\.com\/\.extraheader
checker-controls	Run actions/checkout@11d5960a326750d5838078e36cf38b85af677262	2026-09-12T16:13:39.7236322Z http.https://github.com/.extraheader
checker-controls	Run actions/checkout@11d5960a326750d5838078e36cf38b85af677262	2026-09-12T16:13:39.7242095Z [command]/usr/bin/git config --local --unset-all http.https://github.com/.extraheader
checker-controls	Run actions/checkout@11d5960a326750d5838078e36cf38b85af677262	2026-09-12T16:13:39.7270866Z [command]/usr/bin/git submodule foreach --recursive sh -c "git config --local --name-only --get-regexp 'http\.https\:\/\/github\.com\/\.extraheader' && git config --local --unset-all 'http.https://github.com/.extraheader' || :"
checker-controls	Run actions/checkout@11d5960a326750d5838078e36cf38b85af677262	2026-09-12T16:13:39.7473102Z [command]/usr/bin/git config --local --name-only --get-regexp ^includeIf\.gitdir:
checker-controls	Run actions/checkout@11d5960a326750d5838078e36cf38b85af677262	2026-09-12T16:13:39.7501055Z [command]/usr/bin/git submodule foreach --recursive git config --local --show-origin --name-only --get-regexp remote.origin.url
checker-controls	Run actions/checkout@11d5960a326750d5838078e36cf38b85af677262	2026-09-12T16:13:39.7695491Z ##[endgroup]
checker-controls	Run actions/setup-go@924ae3a1cded613372ab5595356fb5720e22ba16	﻿2026-09-12T16:13:39.7922294Z ##[group]Run actions/setup-go@924ae3a1cded613372ab5595356fb5720e22ba16
checker-controls	Run actions/setup-go@924ae3a1cded613372ab5595356fb5720e22ba16	2026-09-12T16:13:39.7922718Z with:
checker-controls	Run actions/setup-go@924ae3a1cded613372ab5595356fb5720e22ba16	2026-09-12T16:13:39.7922944Z   go-version: 1.27.1
checker-controls	Run actions/setup-go@924ae3a1cded613372ab5595356fb5720e22ba16	2026-09-12T16:13:39.7923169Z   cache: false
checker-controls	Run actions/setup-go@924ae3a1cded613372ab5595356fb5720e22ba16	2026-09-12T16:13:39.7923387Z   check-latest: false
checker-controls	Run actions/setup-go@924ae3a1cded613372ab5595356fb5720e22ba16	2026-09-12T16:13:39.7925582Z   token: ***
checker-controls	Run actions/setup-go@924ae3a1cded613372ab5595356fb5720e22ba16	2026-09-12T16:13:39.7925833Z ##[endgroup]
checker-controls	Run actions/setup-go@924ae3a1cded613372ab5595356fb5720e22ba16	2026-09-12T16:13:39.8981061Z Setup go version spec 1.27.1
checker-controls	Run actions/setup-go@924ae3a1cded613372ab5595356fb5720e22ba16	2026-09-12T16:13:39.8989951Z Attempting to download 1.27.1...
checker-controls	Run actions/setup-go@924ae3a1cded613372ab5595356fb5720e22ba16	2026-09-12T16:13:40.3170769Z matching 1.27.1...
checker-controls	Run actions/setup-go@924ae3a1cded613372ab5595356fb5720e22ba16	2026-09-12T16:13:40.3192808Z Acquiring 1.27.1 from https://github.com/actions/go-versions/releases/download/1.27.1-33583469715/go-1.27.1-linux-x64.tar.gz
checker-controls	Run actions/setup-go@924ae3a1cded613372ab5595356fb5720e22ba16	2026-09-12T16:13:40.7652104Z Extracting Go...
checker-controls	Run actions/setup-go@924ae3a1cded613372ab5595356fb5720e22ba16	2026-09-12T16:13:40.7746483Z [command]/usr/bin/tar xz --warning=no-unknown-keyword --overwrite -C /home/runner/work/_temp/f35bbd02-f4ec-4a49-88d2-fd6699300323 -f /home/runner/work/_temp/7145f1cc-1e81-4eba-92f6-d5f65865b556
checker-controls	Run actions/setup-go@924ae3a1cded613372ab5595356fb5720e22ba16	2026-09-12T16:13:42.1891904Z Successfully extracted go to /home/runner/work/_temp/f35bbd02-f4ec-4a49-88d2-fd6699300323
checker-controls	Run actions/setup-go@924ae3a1cded613372ab5595356fb5720e22ba16	2026-09-12T16:13:42.1892761Z Adding to the cache ...
checker-controls	Run actions/setup-go@924ae3a1cded613372ab5595356fb5720e22ba16	2026-09-12T16:13:50.1155609Z Successfully cached go to /opt/hostedtoolcache/go/1.27.1/x64
checker-controls	Run actions/setup-go@924ae3a1cded613372ab5595356fb5720e22ba16	2026-09-12T16:13:50.1157980Z Added go to the path
checker-controls	Run actions/setup-go@924ae3a1cded613372ab5595356fb5720e22ba16	2026-09-12T16:13:50.1159720Z Successfully set up Go version 1.27.1
checker-controls	Run actions/setup-go@924ae3a1cded613372ab5595356fb5720e22ba16	2026-09-12T16:13:50.1360883Z go version go1.27.1 linux/amd64
checker-controls	Run actions/setup-go@924ae3a1cded613372ab5595356fb5720e22ba16	2026-09-12T16:13:50.1361114Z 
checker-controls	Run actions/setup-go@924ae3a1cded613372ab5595356fb5720e22ba16	2026-09-12T16:13:50.1361397Z ##[group]go env
checker-controls	Run actions/setup-go@924ae3a1cded613372ab5595356fb5720e22ba16	2026-09-12T16:13:50.2422816Z AR='ar'
checker-controls	Run actions/setup-go@924ae3a1cded613372ab5595356fb5720e22ba16	2026-09-12T16:13:50.2423099Z CC='gcc'
checker-controls	Run actions/setup-go@924ae3a1cded613372ab5595356fb5720e22ba16	2026-09-12T16:13:50.2423284Z CGO_CFLAGS='-O2 -g'
checker-controls	Run actions/setup-go@924ae3a1cded613372ab5595356fb5720e22ba16	2026-09-12T16:13:50.2423588Z CGO_CPPFLAGS=''
checker-controls	Run actions/setup-go@924ae3a1cded613372ab5595356fb5720e22ba16	2026-09-12T16:13:50.2423899Z CGO_CXXFLAGS='-O2 -g'
checker-controls	Run actions/setup-go@924ae3a1cded613372ab5595356fb5720e22ba16	2026-09-12T16:13:50.2424211Z CGO_ENABLED='1'
checker-controls	Run actions/setup-go@924ae3a1cded613372ab5595356fb5720e22ba16	2026-09-12T16:13:50.2424465Z CGO_FFLAGS='-O2 -g'
checker-controls	Run actions/setup-go@924ae3a1cded613372ab5595356fb5720e22ba16	2026-09-12T16:13:50.2424733Z CGO_LDFLAGS='-O2 -g'
checker-controls	Run actions/setup-go@924ae3a1cded613372ab5595356fb5720e22ba16	2026-09-12T16:13:50.2424987Z CXX='g++'
checker-controls	Run actions/setup-go@924ae3a1cded613372ab5595356fb5720e22ba16	2026-09-12T16:13:50.2425227Z GCCGO='gccgo'
checker-controls	Run actions/setup-go@924ae3a1cded613372ab5595356fb5720e22ba16	2026-09-12T16:13:50.2425494Z GO111MODULE=''
checker-controls	Run actions/setup-go@924ae3a1cded613372ab5595356fb5720e22ba16	2026-09-12T16:13:50.2425735Z GOAMD64='v1'
checker-controls	Run actions/setup-go@924ae3a1cded613372ab5595356fb5720e22ba16	2026-09-12T16:13:50.2426264Z GOARCH='amd64'
checker-controls	Run actions/setup-go@924ae3a1cded613372ab5595356fb5720e22ba16	2026-09-12T16:13:50.2426500Z GOAUTH='netrc'
checker-controls	Run actions/setup-go@924ae3a1cded613372ab5595356fb5720e22ba16	2026-09-12T16:13:50.2426773Z GOBIN='/home/runner/go/bin'
checker-controls	Run actions/setup-go@924ae3a1cded613372ab5595356fb5720e22ba16	2026-09-12T16:13:50.2427100Z GOCACHE='/home/runner/.cache/go-build'
checker-controls	Run actions/setup-go@924ae3a1cded613372ab5595356fb5720e22ba16	2026-09-12T16:13:50.2427421Z GOCACHEPROG=''
checker-controls	Run actions/setup-go@924ae3a1cded613372ab5595356fb5720e22ba16	2026-09-12T16:13:50.2427658Z GODEBUG=''
checker-controls	Run actions/setup-go@924ae3a1cded613372ab5595356fb5720e22ba16	2026-09-12T16:13:50.2427983Z GOENV='/home/runner/.config/go/env'
checker-controls	Run actions/setup-go@924ae3a1cded613372ab5595356fb5720e22ba16	2026-09-12T16:13:50.2428294Z GOEXE=''
checker-controls	Run actions/setup-go@924ae3a1cded613372ab5595356fb5720e22ba16	2026-09-12T16:13:50.2428527Z GOEXPERIMENT=''
checker-controls	Run actions/setup-go@924ae3a1cded613372ab5595356fb5720e22ba16	2026-09-12T16:13:50.2428765Z GOFIPS140='off'
checker-controls	Run actions/setup-go@924ae3a1cded613372ab5595356fb5720e22ba16	2026-09-12T16:13:50.2428995Z GOFLAGS=''
checker-controls	Run actions/setup-go@924ae3a1cded613372ab5595356fb5720e22ba16	2026-09-12T16:13:50.2429540Z GOGCCFLAGS='-fPIC -m64 -pthread -Wl,--no-gc-sections -fmessage-length=0 -ffile-prefix-map=/tmp/go-build3989072683=/tmp/go-build -gno-record-gcc-switches'
checker-controls	Run actions/setup-go@924ae3a1cded613372ab5595356fb5720e22ba16	2026-09-12T16:13:50.2430082Z GOHOSTARCH='amd64'
checker-controls	Run actions/setup-go@924ae3a1cded613372ab5595356fb5720e22ba16	2026-09-12T16:13:50.2430260Z GOHOSTOS='linux'
checker-controls	Run actions/setup-go@924ae3a1cded613372ab5595356fb5720e22ba16	2026-09-12T16:13:50.2430424Z GOINSECURE=''
checker-controls	Run actions/setup-go@924ae3a1cded613372ab5595356fb5720e22ba16	2026-09-12T16:13:50.2430587Z GOMOD='/dev/null'
checker-controls	Run actions/setup-go@924ae3a1cded613372ab5595356fb5720e22ba16	2026-09-12T16:13:50.2430780Z GOMODCACHE='/home/runner/go/pkg/mod'
checker-controls	Run actions/setup-go@924ae3a1cded613372ab5595356fb5720e22ba16	2026-09-12T16:13:50.2431004Z GONOPROXY=''
checker-controls	Run actions/setup-go@924ae3a1cded613372ab5595356fb5720e22ba16	2026-09-12T16:13:50.2431159Z GONOSUMDB=''
checker-controls	Run actions/setup-go@924ae3a1cded613372ab5595356fb5720e22ba16	2026-09-12T16:13:50.2431321Z GOOS='linux'
checker-controls	Run actions/setup-go@924ae3a1cded613372ab5595356fb5720e22ba16	2026-09-12T16:13:50.2431489Z GOPACKAGESDRIVER=''
checker-controls	Run actions/setup-go@924ae3a1cded613372ab5595356fb5720e22ba16	2026-09-12T16:13:50.2431672Z GOPATH='/home/runner/go'
checker-controls	Run actions/setup-go@924ae3a1cded613372ab5595356fb5720e22ba16	2026-09-12T16:13:50.2431850Z GOPRIVATE=''
checker-controls	Run actions/setup-go@924ae3a1cded613372ab5595356fb5720e22ba16	2026-09-12T16:13:50.2432283Z GOPROXY='https://proxy.golang.org,direct'
checker-controls	Run actions/setup-go@924ae3a1cded613372ab5595356fb5720e22ba16	2026-09-12T16:13:50.2432555Z GOROOT='/opt/hostedtoolcache/go/1.27.1/x64'
checker-controls	Run actions/setup-go@924ae3a1cded613372ab5595356fb5720e22ba16	2026-09-12T16:13:50.2432797Z GOSUMDB='sum.golang.org'
checker-controls	Run actions/setup-go@924ae3a1cded613372ab5595356fb5720e22ba16	2026-09-12T16:13:50.2432989Z GOTELEMETRY='local'
checker-controls	Run actions/setup-go@924ae3a1cded613372ab5595356fb5720e22ba16	2026-09-12T16:13:50.2433199Z GOTELEMETRYDIR='/home/runner/.config/go/telemetry'
checker-controls	Run actions/setup-go@924ae3a1cded613372ab5595356fb5720e22ba16	2026-09-12T16:13:50.2433448Z GOTMPDIR=''
checker-controls	Run actions/setup-go@924ae3a1cded613372ab5595356fb5720e22ba16	2026-09-12T16:13:50.2433604Z GOTOOLCHAIN='local'
checker-controls	Run actions/setup-go@924ae3a1cded613372ab5595356fb5720e22ba16	2026-09-12T16:13:50.2433857Z GOTOOLDIR='/opt/hostedtoolcache/go/1.27.1/x64/pkg/tool/linux_amd64'
checker-controls	Run actions/setup-go@924ae3a1cded613372ab5595356fb5720e22ba16	2026-09-12T16:13:50.2434128Z GOVCS=''
checker-controls	Run actions/setup-go@924ae3a1cded613372ab5595356fb5720e22ba16	2026-09-12T16:13:50.2434285Z GOVERSION='go1.27.1'
checker-controls	Run actions/setup-go@924ae3a1cded613372ab5595356fb5720e22ba16	2026-09-12T16:13:50.2434454Z GOWORK=''
checker-controls	Run actions/setup-go@924ae3a1cded613372ab5595356fb5720e22ba16	2026-09-12T16:13:50.2434642Z PKG_CONFIG='pkg-config'
checker-controls	Run actions/setup-go@924ae3a1cded613372ab5595356fb5720e22ba16	2026-09-12T16:13:50.2434760Z 
checker-controls	Run actions/setup-go@924ae3a1cded613372ab5595356fb5720e22ba16	2026-09-12T16:13:50.2435104Z ##[endgroup]
checker-controls	Run leanprover/lean-action@96e06131c0e9943c780388fd166f55d1e2fa0433	﻿2026-09-12T16:13:50.2762871Z ##[group]Run leanprover/lean-action@96e06131c0e9943c780388fd166f55d1e2fa0433
checker-controls	Run leanprover/lean-action@96e06131c0e9943c780388fd166f55d1e2fa0433	2026-09-12T16:13:50.2763232Z with:
checker-controls	Run leanprover/lean-action@96e06131c0e9943c780388fd166f55d1e2fa0433	2026-09-12T16:13:50.2763440Z   lake-package-directory: docs/lean/ci-toolchain
checker-controls	Run leanprover/lean-action@96e06131c0e9943c780388fd166f55d1e2fa0433	2026-09-12T16:13:50.2763681Z   auto-config: false
checker-controls	Run leanprover/lean-action@96e06131c0e9943c780388fd166f55d1e2fa0433	2026-09-12T16:13:50.2763850Z   build: false
checker-controls	Run leanprover/lean-action@96e06131c0e9943c780388fd166f55d1e2fa0433	2026-09-12T16:13:50.2764004Z   test: false
checker-controls	Run leanprover/lean-action@96e06131c0e9943c780388fd166f55d1e2fa0433	2026-09-12T16:13:50.2764155Z   lint: false
checker-controls	Run leanprover/lean-action@96e06131c0e9943c780388fd166f55d1e2fa0433	2026-09-12T16:13:50.2764326Z   use-mathlib-cache: false
checker-controls	Run leanprover/lean-action@96e06131c0e9943c780388fd166f55d1e2fa0433	2026-09-12T16:13:50.2764525Z   use-github-cache: false
checker-controls	Run leanprover/lean-action@96e06131c0e9943c780388fd166f55d1e2fa0433	2026-09-12T16:13:50.2764709Z   mk_all-check: false
checker-controls	Run leanprover/lean-action@96e06131c0e9943c780388fd166f55d1e2fa0433	2026-09-12T16:13:50.2764903Z   check-reservoir-eligibility: false
checker-controls	Run leanprover/lean-action@96e06131c0e9943c780388fd166f55d1e2fa0433	2026-09-12T16:13:50.2765115Z   leanchecker: false
checker-controls	Run leanprover/lean-action@96e06131c0e9943c780388fd166f55d1e2fa0433	2026-09-12T16:13:50.2765323Z   lean4checker: false
checker-controls	Run leanprover/lean-action@96e06131c0e9943c780388fd166f55d1e2fa0433	2026-09-12T16:13:50.2765531Z   nanoda: false
checker-controls	Run leanprover/lean-action@96e06131c0e9943c780388fd166f55d1e2fa0433	2026-09-12T16:13:50.2765699Z   nanoda-allow-sorry: true
checker-controls	Run leanprover/lean-action@96e06131c0e9943c780388fd166f55d1e2fa0433	2026-09-12T16:13:50.2765883Z   axiom-audit: false
checker-controls	Run leanprover/lean-action@96e06131c0e9943c780388fd166f55d1e2fa0433	2026-09-12T16:13:50.2766117Z   axiom-audit-allow: propext,Classical.choice,Quot.sound
checker-controls	Run leanprover/lean-action@96e06131c0e9943c780388fd166f55d1e2fa0433	2026-09-12T16:13:50.2766400Z   reinstall-transient-toolchain: false
checker-controls	Run leanprover/lean-action@96e06131c0e9943c780388fd166f55d1e2fa0433	2026-09-12T16:13:50.2766653Z env:
checker-controls	Run leanprover/lean-action@96e06131c0e9943c780388fd166f55d1e2fa0433	2026-09-12T16:13:50.2766814Z   GOTOOLCHAIN: local
checker-controls	Run leanprover/lean-action@96e06131c0e9943c780388fd166f55d1e2fa0433	2026-09-12T16:13:50.2766989Z ##[endgroup]
checker-controls	Run leanprover/lean-action@96e06131c0e9943c780388fd166f55d1e2fa0433	2026-09-12T16:13:50.2820427Z ##[start-action display=install elan;id=__leanprover_lean-action.__run]
checker-controls	Run leanprover/lean-action@96e06131c0e9943c780388fd166f55d1e2fa0433	2026-09-12T16:13:50.2879238Z ##[group]Run : Install Elan
checker-controls	Run leanprover/lean-action@96e06131c0e9943c780388fd166f55d1e2fa0433	2026-09-12T16:13:50.2879555Z ^[[36;1m: Install Elan^[[0m
checker-controls	Run leanprover/lean-action@96e06131c0e9943c780388fd166f55d1e2fa0433	2026-09-12T16:13:50.2879823Z ^[[36;1m${GITHUB_ACTION_PATH}/scripts/install_elan.sh^[[0m
checker-controls	Run leanprover/lean-action@96e06131c0e9943c780388fd166f55d1e2fa0433	2026-09-12T16:13:50.2919915Z shell: /usr/bin/bash --noprofile --norc -e -o pipefail {0}
checker-controls	Run leanprover/lean-action@96e06131c0e9943c780388fd166f55d1e2fa0433	2026-09-12T16:13:50.2920225Z env:
checker-controls	Run leanprover/lean-action@96e06131c0e9943c780388fd166f55d1e2fa0433	2026-09-12T16:13:50.2920412Z   GOTOOLCHAIN: local
checker-controls	Run leanprover/lean-action@96e06131c0e9943c780388fd166f55d1e2fa0433	2026-09-12T16:13:50.2920600Z ##[endgroup]
checker-controls	Run leanprover/lean-action@96e06131c0e9943c780388fd166f55d1e2fa0433	2026-09-12T16:13:50.3018616Z ##[group]Elan Installation Output
checker-controls	Run leanprover/lean-action@96e06131c0e9943c780388fd166f55d1e2fa0433	2026-09-12T16:13:50.3412235Z info: downloading installer
checker-controls	Run leanprover/lean-action@96e06131c0e9943c780388fd166f55d1e2fa0433	2026-09-12T16:13:51.0351283Z info: downloading https://releases.lean-lang.org/lean4/v4.33.1/lean-4.33.1-linux.tar.zst
checker-controls	Run leanprover/lean-action@96e06131c0e9943c780388fd166f55d1e2fa0433	2026-09-12T16:13:58.2686028Z info: installing /home/runner/.elan/toolchains/leanprover--lean4---v4.33.1
checker-controls	Run leanprover/lean-action@96e06131c0e9943c780388fd166f55d1e2fa0433	2026-09-12T16:14:06.2383517Z Lean (version 4.33.1, x86_64-unknown-linux-gnu, commit 819816b2e0a3bf405af45ae5c7af2491d8f5bee6, Release)
checker-controls	Run leanprover/lean-action@96e06131c0e9943c780388fd166f55d1e2fa0433	2026-09-12T16:14:06.2773159Z Lake version 5.0.0-src+819816b (Lean version 4.33.1)
checker-controls	Run leanprover/lean-action@96e06131c0e9943c780388fd166f55d1e2fa0433	2026-09-12T16:14:06.2784216Z ##[endgroup]
checker-controls	Run leanprover/lean-action@96e06131c0e9943c780388fd166f55d1e2fa0433	2026-09-12T16:14:06.2784363Z 
checker-controls	Run leanprover/lean-action@96e06131c0e9943c780388fd166f55d1e2fa0433	2026-09-12T16:14:06.2801525Z ##[end-action id=__leanprover_lean-action.__run;outcome=success;conclusion=success;duration_ms=15997]
checker-controls	Run leanprover/lean-action@96e06131c0e9943c780388fd166f55d1e2fa0433	2026-09-12T16:14:06.2806796Z ##[start-action display=configure `lean-action`;id=__leanprover_lean-action.config]
checker-controls	Run leanprover/lean-action@96e06131c0e9943c780388fd166f55d1e2fa0433	2026-09-12T16:14:06.2821450Z ##[group]Run : Configure Lean Action
checker-controls	Run leanprover/lean-action@96e06131c0e9943c780388fd166f55d1e2fa0433	2026-09-12T16:14:06.2821725Z ^[[36;1m: Configure Lean Action^[[0m
checker-controls	Run leanprover/lean-action@96e06131c0e9943c780388fd166f55d1e2fa0433	2026-09-12T16:14:06.2822219Z ^[[36;1m${GITHUB_ACTION_PATH}/scripts/config.sh^[[0m
checker-controls	Run leanprover/lean-action@96e06131c0e9943c780388fd166f55d1e2fa0433	2026-09-12T16:14:06.2856741Z shell: /usr/bin/bash --noprofile --norc -e -o pipefail {0}
checker-controls	Run leanprover/lean-action@96e06131c0e9943c780388fd166f55d1e2fa0433	2026-09-12T16:14:06.2857030Z env:
checker-controls	Run leanprover/lean-action@96e06131c0e9943c780388fd166f55d1e2fa0433	2026-09-12T16:14:06.2857195Z   GOTOOLCHAIN: local
checker-controls	Run leanprover/lean-action@96e06131c0e9943c780388fd166f55d1e2fa0433	2026-09-12T16:14:06.2857375Z   AUTO_CONFIG: false
checker-controls	Run leanprover/lean-action@96e06131c0e9943c780388fd166f55d1e2fa0433	2026-09-12T16:14:06.2857542Z   BUILD: false
checker-controls	Run leanprover/lean-action@96e06131c0e9943c780388fd166f55d1e2fa0433	2026-09-12T16:14:06.2857704Z   TEST: false
checker-controls	Run leanprover/lean-action@96e06131c0e9943c780388fd166f55d1e2fa0433	2026-09-12T16:14:06.2857863Z   LINT: false
checker-controls	Run leanprover/lean-action@96e06131c0e9943c780388fd166f55d1e2fa0433	2026-09-12T16:14:06.2858037Z ##[endgroup]
checker-controls	Run leanprover/lean-action@96e06131c0e9943c780388fd166f55d1e2fa0433	2026-09-12T16:14:06.3788784Z ##[group]Configure lean-action
checker-controls	Run leanprover/lean-action@96e06131c0e9943c780388fd166f55d1e2fa0433	2026-09-12T16:14:06.3834111Z ##[end-action id=__leanprover_lean-action.config;outcome=success;conclusion=success;duration_ms=102]
checker-controls	Run leanprover/lean-action@96e06131c0e9943c780388fd166f55d1e2fa0433	2026-09-12T16:14:06.3838310Z ##[start-action display=reinstall transient toolchain;id=__leanprover_lean-action.__run_2]
checker-controls	Run leanprover/lean-action@96e06131c0e9943c780388fd166f55d1e2fa0433	2026-09-12T16:14:06.3844074Z ##[end-action id=__leanprover_lean-action.__run_2;outcome=skipped;conclusion=skipped;duration_ms=0]
checker-controls	Run leanprover/lean-action@96e06131c0e9943c780388fd166f55d1e2fa0433	2026-09-12T16:14:06.3846257Z ##[start-action display=ensure all files are imported;id=__leanprover_lean-action.mk_all]
checker-controls	Run leanprover/lean-action@96e06131c0e9943c780388fd166f55d1e2fa0433	2026-09-12T16:14:06.3849132Z ##[end-action id=__leanprover_lean-action.mk_all;outcome=skipped;conclusion=skipped;duration_ms=0]
checker-controls	Run leanprover/lean-action@96e06131c0e9943c780388fd166f55d1e2fa0433	2026-09-12T16:14:06.3850689Z ##[start-action display=Run actions/cache/restore@v5;id=__leanprover_lean-action.__actions_cache]
checker-controls	Run leanprover/lean-action@96e06131c0e9943c780388fd166f55d1e2fa0433	2026-09-12T16:14:06.3853655Z ##[end-action id=__leanprover_lean-action.__actions_cache;outcome=skipped;conclusion=skipped;duration_ms=0]
checker-controls	Run leanprover/lean-action@96e06131c0e9943c780388fd166f55d1e2fa0433	2026-09-12T16:14:06.3855334Z ##[start-action display=detect mathlib;id=__leanprover_lean-action.detect-mathlib]
checker-controls	Run leanprover/lean-action@96e06131c0e9943c780388fd166f55d1e2fa0433	2026-09-12T16:14:06.3857963Z ##[end-action id=__leanprover_lean-action.detect-mathlib;outcome=skipped;conclusion=skipped;duration_ms=0]
checker-controls	Run leanprover/lean-action@96e06131c0e9943c780388fd166f55d1e2fa0433	2026-09-12T16:14:06.3859391Z ##[start-action display=get mathlib cache;id=__leanprover_lean-action.__run_3]
checker-controls	Run leanprover/lean-action@96e06131c0e9943c780388fd166f55d1e2fa0433	2026-09-12T16:14:06.3872812Z ##[end-action id=__leanprover_lean-action.__run_3;outcome=skipped;conclusion=skipped;duration_ms=0]
checker-controls	Run leanprover/lean-action@96e06131c0e9943c780388fd166f55d1e2fa0433	2026-09-12T16:14:06.3894199Z ##[start-action display=build sgstepaniants/OpenProblemsInNLA;id=__leanprover_lean-action.build]
checker-controls	Run leanprover/lean-action@96e06131c0e9943c780388fd166f55d1e2fa0433	2026-09-12T16:14:06.3897960Z ##[end-action id=__leanprover_lean-action.build;outcome=skipped;conclusion=skipped;duration_ms=0]
checker-controls	Run leanprover/lean-action@96e06131c0e9943c780388fd166f55d1e2fa0433	2026-09-12T16:14:06.3899538Z ##[start-action display=Run actions/cache/save@v5;id=__leanprover_lean-action.__actions_cache_2]
checker-controls	Run leanprover/lean-action@96e06131c0e9943c780388fd166f55d1e2fa0433	2026-09-12T16:14:06.3902638Z ##[end-action id=__leanprover_lean-action.__actions_cache_2;outcome=skipped;conclusion=skipped;duration_ms=0]
checker-controls	Run leanprover/lean-action@96e06131c0e9943c780388fd166f55d1e2fa0433	2026-09-12T16:14:06.3905542Z ##[start-action display=test sgstepaniants/OpenProblemsInNLA;id=__leanprover_lean-action.test]
checker-controls	Run leanprover/lean-action@96e06131c0e9943c780388fd166f55d1e2fa0433	2026-09-12T16:14:06.3908968Z ##[end-action id=__leanprover_lean-action.test;outcome=skipped;conclusion=skipped;duration_ms=0]
checker-controls	Run leanprover/lean-action@96e06131c0e9943c780388fd166f55d1e2fa0433	2026-09-12T16:14:06.3911003Z ##[start-action display=lint sgstepaniants/OpenProblemsInNLA;id=__leanprover_lean-action.lint]
checker-controls	Run leanprover/lean-action@96e06131c0e9943c780388fd166f55d1e2fa0433	2026-09-12T16:14:06.3914550Z ##[end-action id=__leanprover_lean-action.lint;outcome=skipped;conclusion=skipped;duration_ms=0]
checker-controls	Run leanprover/lean-action@96e06131c0e9943c780388fd166f55d1e2fa0433	2026-09-12T16:14:06.3915998Z ##[start-action display=check reservoir eligibility;id=__leanprover_lean-action.__run_4]
checker-controls	Run leanprover/lean-action@96e06131c0e9943c780388fd166f55d1e2fa0433	2026-09-12T16:14:06.3918716Z ##[end-action id=__leanprover_lean-action.__run_4;outcome=skipped;conclusion=skipped;duration_ms=0]
checker-controls	Run leanprover/lean-action@96e06131c0e9943c780388fd166f55d1e2fa0433	2026-09-12T16:14:06.3920740Z ##[start-action display=check environment with leanchecker;id=__leanprover_lean-action.__run_5]
checker-controls	Run leanprover/lean-action@96e06131c0e9943c780388fd166f55d1e2fa0433	2026-09-12T16:14:06.3924660Z ##[end-action id=__leanprover_lean-action.__run_5;outcome=skipped;conclusion=skipped;duration_ms=0]
checker-controls	Run leanprover/lean-action@96e06131c0e9943c780388fd166f55d1e2fa0433	2026-09-12T16:14:06.3926507Z ##[start-action display=check environment with nanoda;id=__leanprover_lean-action.nanoda]
checker-controls	Run leanprover/lean-action@96e06131c0e9943c780388fd166f55d1e2fa0433	2026-09-12T16:14:06.3929317Z ##[end-action id=__leanprover_lean-action.nanoda;outcome=skipped;conclusion=skipped;duration_ms=0]
checker-controls	Run leanprover/lean-action@96e06131c0e9943c780388fd166f55d1e2fa0433	2026-09-12T16:14:06.3931111Z ##[start-action display=audit axioms with axiom-audit;id=__leanprover_lean-action.axiom-audit]
checker-controls	Run leanprover/lean-action@96e06131c0e9943c780388fd166f55d1e2fa0433	2026-09-12T16:14:06.3934079Z ##[end-action id=__leanprover_lean-action.axiom-audit;outcome=skipped;conclusion=skipped;duration_ms=0]
checker-controls	Prepare unprivileged Linux isolation	﻿2026-09-12T16:14:06.3977585Z ##[group]Run sudo apt-get update
checker-controls	Prepare unprivileged Linux isolation	2026-09-12T16:14:06.3977872Z ^[[36;1msudo apt-get update^[[0m
checker-controls	Prepare unprivileged Linux isolation	2026-09-12T16:14:06.3978148Z ^[[36;1msudo apt-get install -y bubblewrap dbus-user-session^[[0m
checker-controls	Prepare unprivileged Linux isolation	2026-09-12T16:14:06.3978510Z ^[[36;1msudo sysctl -w kernel.apparmor_restrict_unprivileged_userns=0^[[0m
checker-controls	Prepare unprivileged Linux isolation	2026-09-12T16:14:06.3978835Z ^[[36;1msudo loginctl enable-linger "$(id -un)"^[[0m
checker-controls	Prepare unprivileged Linux isolation	2026-09-12T16:14:06.3979116Z ^[[36;1msudo systemctl start "user@$(id -u).service"^[[0m
checker-controls	Prepare unprivileged Linux isolation	2026-09-12T16:14:06.3979424Z ^[[36;1mecho "XDG_RUNTIME_DIR=/run/user/$(id -u)" >> "$GITHUB_ENV"^[[0m
checker-controls	Prepare unprivileged Linux isolation	2026-09-12T16:14:06.3979822Z ^[[36;1mecho "DBUS_SESSION_BUS_ADDRESS=unix:path=/run/user/$(id -u)/bus" >> "$GITHUB_ENV"^[[0m
checker-controls	Prepare unprivileged Linux isolation	2026-09-12T16:14:06.4014443Z shell: /usr/bin/bash -e {0}
checker-controls	Prepare unprivileged Linux isolation	2026-09-12T16:14:06.4014665Z env:
checker-controls	Prepare unprivileged Linux isolation	2026-09-12T16:14:06.4014836Z   GOTOOLCHAIN: local
checker-controls	Prepare unprivileged Linux isolation	2026-09-12T16:14:06.4015025Z ##[endgroup]
checker-controls	Prepare unprivileged Linux isolation	2026-09-12T16:14:07.0939948Z Get:1 file:/etc/apt/apt-mirrors.txt Mirrorlist [144 B]
checker-controls	Prepare unprivileged Linux isolation	2026-09-12T16:14:07.1370793Z Hit:2 http://azure.archive.ubuntu.com/ubuntu noble InRelease
checker-controls	Prepare unprivileged Linux isolation	2026-09-12T16:14:07.1396183Z Get:6 https://packages.microsoft.com/ubuntu/24.04/prod noble InRelease [3600 B]
checker-controls	Prepare unprivileged Linux isolation	2026-09-12T16:14:07.1455838Z Get:3 http://azure.archive.ubuntu.com/ubuntu noble-updates InRelease [126 kB]
checker-controls	Prepare unprivileged Linux isolation	2026-09-12T16:14:07.1465915Z Get:7 https://dl.google.com/linux/chrome-stable/deb stable InRelease [2548 B]
checker-controls	Prepare unprivileged Linux isolation	2026-09-12T16:14:07.2277540Z Get:4 http://azure.archive.ubuntu.com/ubuntu noble-backports InRelease [126 kB]
checker-controls	Prepare unprivileged Linux isolation	2026-09-12T16:14:07.2562499Z Get:5 http://azure.archive.ubuntu.com/ubuntu noble-security InRelease [126 kB]
checker-controls	Prepare unprivileged Linux isolation	2026-09-12T16:14:07.3128694Z Get:8 http://azure.archive.ubuntu.com/ubuntu noble-updates/main amd64 Packages [1263 kB]
checker-controls	Prepare unprivileged Linux isolation	2026-09-12T16:14:07.3422972Z Get:16 https://dl.google.com/linux/chrome-stable/deb stable/main amd64 Packages [1409 B]
checker-controls	Prepare unprivileged Linux isolation	2026-09-12T16:14:07.3509917Z Get:17 https://packages.microsoft.com/ubuntu/24.04/prod noble/main arm64 Packages [414 kB]
checker-controls	Prepare unprivileged Linux isolation	2026-09-12T16:14:07.3676063Z Get:9 http://azure.archive.ubuntu.com/ubuntu noble-updates/main Translation-en [292 kB]
checker-controls	Prepare unprivileged Linux isolation	2026-09-12T16:14:07.3702446Z Get:18 https://packages.microsoft.com/ubuntu/24.04/prod noble/main amd64 Packages [463 kB]
checker-controls	Prepare unprivileged Linux isolation	2026-09-12T16:14:07.4240934Z Get:10 http://azure.archive.ubuntu.com/ubuntu noble-updates/main amd64 Components [180 kB]
checker-controls	Prepare unprivileged Linux isolation	2026-09-12T16:14:07.4756533Z Get:11 http://azure.archive.ubuntu.com/ubuntu noble-updates/universe amd64 Packages [1690 kB]
checker-controls	Prepare unprivileged Linux isolation	2026-09-12T16:14:07.5474818Z Get:12 http://azure.archive.ubuntu.com/ubuntu noble-updates/universe amd64 Components [388 kB]
checker-controls	Prepare unprivileged Linux isolation	2026-09-12T16:14:07.5993802Z Get:13 http://azure.archive.ubuntu.com/ubuntu noble-updates/restricted amd64 Packages [1544 kB]
checker-controls	Prepare unprivileged Linux isolation	2026-09-12T16:14:07.7475249Z Get:14 http://azure.archive.ubuntu.com/ubuntu noble-updates/restricted Translation-en [354 kB]
checker-controls	Prepare unprivileged Linux isolation	2026-09-12T16:14:07.7638766Z Get:15 http://azure.archive.ubuntu.com/ubuntu noble-updates/multiverse amd64 Components [940 B]
checker-controls	Prepare unprivileged Linux isolation	2026-09-12T16:14:07.7692474Z Get:19 http://azure.archive.ubuntu.com/ubuntu noble-backports/main amd64 Components [5748 B]
checker-controls	Prepare unprivileged Linux isolation	2026-09-12T16:14:07.7773784Z Get:20 http://azure.archive.ubuntu.com/ubuntu noble-backports/universe amd64 Components [12.6 kB]
checker-controls	Prepare unprivileged Linux isolation	2026-09-12T16:14:07.8257446Z Get:21 http://azure.archive.ubuntu.com/ubuntu noble-security/main amd64 Packages [1006 kB]
checker-controls	Prepare unprivileged Linux isolation	2026-09-12T16:14:07.8478478Z Get:22 http://azure.archive.ubuntu.com/ubuntu noble-security/main Translation-en [213 kB]
checker-controls	Prepare unprivileged Linux isolation	2026-09-12T16:14:07.8654056Z Get:23 http://azure.archive.ubuntu.com/ubuntu noble-security/main amd64 Components [46.4 kB]
checker-controls	Prepare unprivileged Linux isolation	2026-09-12T16:14:07.8754334Z Get:24 http://azure.archive.ubuntu.com/ubuntu noble-security/universe amd64 Packages [1206 kB]
checker-controls	Prepare unprivileged Linux isolation	2026-09-12T16:14:07.8893074Z Get:25 http://azure.archive.ubuntu.com/ubuntu noble-security/universe amd64 Components [76.3 kB]
checker-controls	Prepare unprivileged Linux isolation	2026-09-12T16:14:07.9025345Z Get:26 http://azure.archive.ubuntu.com/ubuntu noble-security/restricted amd64 Packages [1445 kB]
checker-controls	Prepare unprivileged Linux isolation	2026-09-12T16:14:07.9219445Z Get:27 http://azure.archive.ubuntu.com/ubuntu noble-security/restricted Translation-en [336 kB]
checker-controls	Prepare unprivileged Linux isolation	2026-09-12T16:14:14.8633894Z Fetched 11.3 MB in 1s (9591 kB/s)
checker-controls	Prepare unprivileged Linux isolation	2026-09-12T16:14:15.5401406Z Reading package lists...
checker-controls	Prepare unprivileged Linux isolation	2026-09-12T16:14:15.5692392Z Reading package lists...
checker-controls	Prepare unprivileged Linux isolation	2026-09-12T16:14:15.7583446Z Building dependency tree...
checker-controls	Prepare unprivileged Linux isolation	2026-09-12T16:14:15.7589991Z Reading state information...
checker-controls	Prepare unprivileged Linux isolation	2026-09-12T16:14:15.9344340Z dbus-user-session is already the newest version (1.14.10-4ubuntu4.1).
checker-controls	Prepare unprivileged Linux isolation	2026-09-12T16:14:15.9344955Z dbus-user-session set to manually installed.
checker-controls	Prepare unprivileged Linux isolation	2026-09-12T16:14:15.9345367Z The following NEW packages will be installed:
checker-controls	Prepare unprivileged Linux isolation	2026-09-12T16:14:15.9351489Z   bubblewrap
checker-controls	Prepare unprivileged Linux isolation	2026-09-12T16:14:15.9530790Z 0 upgraded, 1 newly installed, 0 to remove and 50 not upgraded.
checker-controls	Prepare unprivileged Linux isolation	2026-09-12T16:14:15.9531366Z Need to get 50.2 kB of archives.
checker-controls	Prepare unprivileged Linux isolation	2026-09-12T16:14:15.9531819Z After this operation, 133 kB of additional disk space will be used.
checker-controls	Prepare unprivileged Linux isolation	2026-09-12T16:14:15.9532422Z Get:1 file:/etc/apt/apt-mirrors.txt Mirrorlist [144 B]
checker-controls	Prepare unprivileged Linux isolation	2026-09-12T16:14:15.9888772Z Get:2 http://azure.archive.ubuntu.com/ubuntu noble-updates/main amd64 bubblewrap amd64 0.9.0-1ubuntu0.1 [50.2 kB]
checker-controls	Prepare unprivileged Linux isolation	2026-09-12T16:14:16.2161228Z Fetched 50.2 kB in 0s (1069 kB/s)
checker-controls	Prepare unprivileged Linux isolation	2026-09-12T16:14:16.2441055Z Selecting previously unselected package bubblewrap.
checker-controls	Prepare unprivileged Linux isolation	2026-09-12T16:14:16.2835698Z (Reading database ... 
checker-controls	Prepare unprivileged Linux isolation	2026-09-12T16:14:16.2836014Z (Reading database ... 5%
checker-controls	Prepare unprivileged Linux isolation	2026-09-12T16:14:16.2836506Z (Reading database ... 10%
checker-controls	Prepare unprivileged Linux isolation	2026-09-12T16:14:16.2836986Z (Reading database ... 15%
checker-controls	Prepare unprivileged Linux isolation	2026-09-12T16:14:16.2837268Z (Reading database ... 20%
checker-controls	Prepare unprivileged Linux isolation	2026-09-12T16:14:16.2837476Z (Reading database ... 25%
checker-controls	Prepare unprivileged Linux isolation	2026-09-12T16:14:16.2837664Z (Reading database ... 30%
checker-controls	Prepare unprivileged Linux isolation	2026-09-12T16:14:16.2837861Z (Reading database ... 35%
checker-controls	Prepare unprivileged Linux isolation	2026-09-12T16:14:16.2838070Z (Reading database ... 40%
checker-controls	Prepare unprivileged Linux isolation	2026-09-12T16:14:16.2838411Z (Reading database ... 45%
checker-controls	Prepare unprivileged Linux isolation	2026-09-12T16:14:16.2838704Z (Reading database ... 50%
checker-controls	Prepare unprivileged Linux isolation	2026-09-12T16:14:16.2881188Z (Reading database ... 55%
checker-controls	Prepare unprivileged Linux isolation	2026-09-12T16:14:16.3745850Z (Reading database ... 60%
checker-controls	Prepare unprivileged Linux isolation	2026-09-12T16:14:16.5757543Z (Reading database ... 65%
checker-controls	Prepare unprivileged Linux isolation	2026-09-12T16:14:16.7170129Z (Reading database ... 70%
checker-controls	Prepare unprivileged Linux isolation	2026-09-12T16:14:16.8678274Z (Reading database ... 75%
checker-controls	Prepare unprivileged Linux isolation	2026-09-12T16:14:16.9833117Z (Reading database ... 80%
checker-controls	Prepare unprivileged Linux isolation	2026-09-12T16:14:17.1709948Z (Reading database ... 85%
checker-controls	Prepare unprivileged Linux isolation	2026-09-12T16:14:17.2754933Z (Reading database ... 90%
checker-controls	Prepare unprivileged Linux isolation	2026-09-12T16:14:17.3840123Z (Reading database ... 95%
checker-controls	Prepare unprivileged Linux isolation	2026-09-12T16:14:17.3840560Z (Reading database ... 100%
checker-controls	Prepare unprivileged Linux isolation	2026-09-12T16:14:17.3840990Z (Reading database ... 201818 files and directories currently installed.)
checker-controls	Prepare unprivileged Linux isolation	2026-09-12T16:14:17.3883993Z Preparing to unpack .../bubblewrap_0.9.0-1ubuntu0.1_amd64.deb ...
checker-controls	Prepare unprivileged Linux isolation	2026-09-12T16:14:17.3950168Z Unpacking bubblewrap (0.9.0-1ubuntu0.1) ...
checker-controls	Prepare unprivileged Linux isolation	2026-09-12T16:14:17.4374777Z Setting up bubblewrap (0.9.0-1ubuntu0.1) ...
checker-controls	Prepare unprivileged Linux isolation	2026-09-12T16:14:17.4427360Z Processing triggers for man-db (2.12.0-4build2) ...
checker-controls	Prepare unprivileged Linux isolation	2026-09-12T16:14:17.4446696Z Not building database; man-db/auto-update is not 'true'.
checker-controls	Prepare unprivileged Linux isolation	2026-09-12T16:14:18.0137847Z 
checker-controls	Prepare unprivileged Linux isolation	2026-09-12T16:14:18.0138502Z Running kernel seems to be up-to-date.
checker-controls	Prepare unprivileged Linux isolation	2026-09-12T16:14:18.0138809Z 
checker-controls	Prepare unprivileged Linux isolation	2026-09-12T16:14:18.0138955Z No services need to be restarted.
checker-controls	Prepare unprivileged Linux isolation	2026-09-12T16:14:18.0139163Z 
checker-controls	Prepare unprivileged Linux isolation	2026-09-12T16:14:18.0139307Z No containers need to be restarted.
checker-controls	Prepare unprivileged Linux isolation	2026-09-12T16:14:18.0139570Z 
checker-controls	Prepare unprivileged Linux isolation	2026-09-12T16:14:18.0139729Z No user sessions are running outdated binaries.
checker-controls	Prepare unprivileged Linux isolation	2026-09-12T16:14:18.0139992Z 
checker-controls	Prepare unprivileged Linux isolation	2026-09-12T16:14:18.0152874Z No VM guests are running outdated hypervisor (qemu) binaries on this host.
checker-controls	Prepare unprivileged Linux isolation	2026-09-12T16:14:19.1272577Z kernel.apparmor_restrict_unprivileged_userns = 0
checker-controls	Build pinned checker and run rejection controls	﻿2026-09-12T16:14:19.1556279Z ##[group]Run ulimit -n 65536
checker-controls	Build pinned checker and run rejection controls	2026-09-12T16:14:19.1556532Z ^[[36;1mulimit -n 65536^[[0m
checker-controls	Build pinned checker and run rejection controls	2026-09-12T16:14:19.1556793Z ^[[36;1mtools/lean/bootstrap.sh "$RUNNER_TEMP/nla-lean-tools"^[[0m
checker-controls	Build pinned checker and run rejection controls	2026-09-12T16:14:19.1557120Z ^[[36;1mtools/lean/selftest.sh "$RUNNER_TEMP/nla-lean-tools"^[[0m
checker-controls	Build pinned checker and run rejection controls	2026-09-12T16:14:19.1590534Z shell: /usr/bin/bash -e {0}
checker-controls	Build pinned checker and run rejection controls	2026-09-12T16:14:19.1590743Z env:
checker-controls	Build pinned checker and run rejection controls	2026-09-12T16:14:19.1590918Z   GOTOOLCHAIN: local
checker-controls	Build pinned checker and run rejection controls	2026-09-12T16:14:19.1591114Z   XDG_RUNTIME_DIR: /run/user/1001
checker-controls	Build pinned checker and run rejection controls	2026-09-12T16:14:19.1591362Z   DBUS_SESSION_BUS_ADDRESS: unix:path=/run/user/1001/bus
checker-controls	Build pinned checker and run rejection controls	2026-09-12T16:14:19.1591610Z ##[endgroup]
checker-controls	Build pinned checker and run rejection controls	2026-09-12T16:14:19.8218556Z Running elan toolchain install leanprover/lean4:v4.33.1
checker-controls	Build pinned checker and run rejection controls	2026-09-12T16:14:19.8219241Z Log: /home/runner/work/_temp/nla-lean-tools/logs/bootstrap/elan.log
checker-controls	Build pinned checker and run rejection controls	2026-09-12T16:14:19.8237017Z info: toolchain 'leanprover/lean4:v4.33.1' is already installed
checker-controls	Build pinned checker and run rejection controls	2026-09-12T16:14:19.8917450Z Running go build -mod=readonly -buildvcs=false -o /home/runner/work/_temp/nla-lean-tools/.tools/bin/landrun ./cmd/landrun
checker-controls	Build pinned checker and run rejection controls	2026-09-12T16:14:19.8931725Z Log: /home/runner/work/_temp/nla-lean-tools/logs/bootstrap/landrun-build.log
checker-controls	Build pinned checker and run rejection controls	2026-09-12T16:14:19.8955099Z go: downloading github.com/urfave/cli/v3 v3.6.2
checker-controls	Build pinned checker and run rejection controls	2026-09-12T16:14:19.9065344Z go: downloading github.com/landlock-lsm/go-landlock v0.9.0
checker-controls	Build pinned checker and run rejection controls	2026-09-12T16:14:20.1571054Z go: downloading kernel.org/pub/linux/libs/security/libcap/psx v1.2.77
checker-controls	Build pinned checker and run rejection controls	2026-09-12T16:14:20.1571504Z go: downloading golang.org/x/sys v0.40.0
checker-controls	Build pinned checker and run rejection controls	2026-09-12T16:14:27.6359292Z Running lake build lean4export comparator
checker-controls	Build pinned checker and run rejection controls	2026-09-12T16:14:27.6359776Z Log: /home/runner/work/_temp/nla-lean-tools/logs/bootstrap/comparator-build.log
checker-controls	Build pinned checker and run rejection controls	2026-09-12T16:14:28.0737722Z ✔ [3/20] Built Comparator.Util (358ms)
checker-controls	Build pinned checker and run rejection controls	2026-09-12T16:14:28.2711223Z ✔ [4/20] Built Comparator.Util:c.o (142ms)
checker-controls	Build pinned checker and run rejection controls	2026-09-12T16:14:29.2749222Z ✔ [5/20] Built Export.Parse (1.6s)
checker-controls	Build pinned checker and run rejection controls	2026-09-12T16:14:29.8783427Z ✔ [6/20] Built Comparator.Axioms (584ms)
checker-controls	Build pinned checker and run rejection controls	2026-09-12T16:14:30.2773525Z ✔ [7/20] Built Comparator.Axioms:c.o (414ms)
checker-controls	Build pinned checker and run rejection controls	2026-09-12T16:14:30.3785335Z ✔ [8/20] Built Export (2.6s)
checker-controls	Build pinned checker and run rejection controls	2026-09-12T16:14:30.6823541Z ✔ [9/20] Built Comparator.Compare (826ms)
checker-controls	Build pinned checker and run rejection controls	2026-09-12T16:14:31.1802277Z ✔ [10/20] Built Comparator.Compare:c.o (500ms)
checker-controls	Build pinned checker and run rejection controls	2026-09-12T16:14:31.5806624Z ✔ [11/20] Built Main (1.3s)
checker-controls	Build pinned checker and run rejection controls	2026-09-12T16:14:31.5832987Z ✔ [12/20] Built Comparator (424ms)
checker-controls	Build pinned checker and run rejection controls	2026-09-12T16:14:31.6813355Z ✔ [13/20] Built Comparator:c.o (77ms)
checker-controls	Build pinned checker and run rejection controls	2026-09-12T16:14:31.8809440Z ✔ [14/20] Built Main:c.o (256ms)
checker-controls	Build pinned checker and run rejection controls	2026-09-12T16:14:32.9814792Z ✔ [15/20] Built Export:c.o (2.6s)
checker-controls	Build pinned checker and run rejection controls	2026-09-12T16:14:33.4829924Z ✔ [16/20] Built Export.Parse:c.o (4.2s)
checker-controls	Build pinned checker and run rejection controls	2026-09-12T16:14:33.5843406Z ✔ [17/20] Built Main (1.9s)
checker-controls	Build pinned checker and run rejection controls	2026-09-12T16:14:33.9847091Z ✔ [18/20] Built lean4export:exe (1.1s)
checker-controls	Build pinned checker and run rejection controls	2026-09-12T16:14:34.3850410Z ✔ [19/20] Built Main:c.o (855ms)
checker-controls	Build pinned checker and run rejection controls	2026-09-12T16:14:35.0858125Z ✔ [20/20] Built comparator:exe (661ms)
checker-controls	Build pinned checker and run rejection controls	2026-09-12T16:14:35.0863641Z Build completed successfully (20 jobs).
checker-controls	Build pinned checker and run rejection controls	2026-09-12T16:14:35.3343557Z Tools built; isolation and checker controls run during verify. Receipt: /home/runner/work/_temp/nla-lean-tools/bootstrap.json
checker-controls	Build pinned checker and run rejection controls	2026-09-12T16:14:35.6837753Z Running /usr/bin/timeout --kill-after=5s 45s systemd-run -p RuntimeMaxSec=40 --user --quiet --wait --pipe --collect -p 'RestrictAddressFamilies=~AF_UNIX' --working-directory /home/runner/work/_temp/nla-lean-tools /usr/bin/env -i PATH=/home/runner/.elan/toolchains/leanprover--lean4---v4.33.1/bin:/home/runner/.elan/bin:/home/runner/go/bin:/opt/hostedtoolcache/go/1.27.1/x64/bin:/snap/bin:/home/runner/.local/bin:/opt/pipx_bin:/home/runner/.cargo/bin:/home/runner/.config/composer/vendor/bin:/usr/local/.ghcup/bin:/home/runner/.dotnet/tools:/usr/local/sbin:/usr/local/bin:/usr/sbin:/usr/bin:/sbin:/bin:/usr/games:/usr/local/games:/snap/bin HOME=/home/runner LANG=C.UTF-8 XDG_RUNTIME_DIR=/run/user/1001 DBUS_SESSION_BUS_ADDRESS=unix:path=/run/user/1001/bus GIT_TERMINAL_PROMPT=0 GIT_CONFIG_NOSYSTEM=1 GIT_CONFIG_GLOBAL=/dev/null COMPARATOR_BIN=/home/runner/work/_temp/nla-lean-tools/.tools/comparator/.lake/build/bin/comparator COMPARATOR_LEAN4EXPORT=/home/runner/work/_temp/nla-lean-tools/.tools/lean4export/.lake/build/bin/lean4export COMPARATOR_LANDRUN=/home/runner/work/_temp/nla-lean-tools/scripts/strict_landrun.py XDG_CACHE_HOME=/home/runner/work/_temp/nla-lean-tools/.tools/cache TMPDIR=/home/runner/work/_temp/nla-lean-tools/.verification-tmp /usr/bin/true
checker-controls	Build pinned checker and run rejection controls	2026-09-12T16:14:35.6841909Z Log: /home/runner/work/_temp/nla-lean-tools/logs/selftest-20260912T161435Z-3917/user-service.log
checker-controls	Build pinned checker and run rejection controls	2026-09-12T16:14:35.7172918Z Running python3 /home/runner/work/_temp/nla-lean-tools/reproduction/checks/sandbox_probe_ci.py
checker-controls	Build pinned checker and run rejection controls	2026-09-12T16:14:35.7173543Z Log: /home/runner/work/_temp/nla-lean-tools/logs/selftest-20260912T161435Z-3917/sandbox.log
checker-controls	Build pinned checker and run rejection controls	2026-09-12T16:14:35.7439611Z START sandbox mode: build
checker-controls	Build pinned checker and run rejection controls	2026-09-12T16:14:35.8203157Z START sandbox mode: export
checker-controls	Build pinned checker and run rejection controls	2026-09-12T16:14:35.8929104Z START sandbox negative case: unknown option
checker-controls	Build pinned checker and run rejection controls	2026-09-12T16:14:35.9259694Z START sandbox negative case: unexpected --rw
checker-controls	Build pinned checker and run rejection controls	2026-09-12T16:14:35.9582874Z START sandbox negative case: unexpected --rwx
checker-controls	Build pinned checker and run rejection controls	2026-09-12T16:14:35.9929487Z START sandbox negative case: relative --rwx
checker-controls	Build pinned checker and run rejection controls	2026-09-12T16:14:36.0332276Z MODE build: exit=0
checker-controls	Build pinned checker and run rejection controls	2026-09-12T16:14:36.0332887Z Running as unit: run-u2.service; invocation ID: 980c6af8da5a403bb628d2b0f69035eb
checker-controls	Build pinned checker and run rejection controls	2026-09-12T16:14:36.0333443Z PASS outside .lake write-open: denied errno=30
checker-controls	Build pinned checker and run rejection controls	2026-09-12T16:14:36.0336127Z PASS outside .lake truncate: denied errno=30
checker-controls	Build pinned checker and run rejection controls	2026-09-12T16:14:36.0336563Z PASS outside .lake read-only truncate-open: denied errno=30
checker-controls	Build pinned checker and run rejection controls	2026-09-12T16:14:36.0337025Z PASS symlink from .lake to outside write: denied errno=30
checker-controls	Build pinned checker and run rejection controls	2026-09-12T16:14:36.0337437Z PASS outside .lake creation: denied errno=30
checker-controls	Build pinned checker and run rejection controls	2026-09-12T16:14:36.0337784Z PASS build .lake write: allowed
checker-controls	Build pinned checker and run rejection controls	2026-09-12T16:14:36.0338081Z PASS user namespace: private
checker-controls	Build pinned checker and run rejection controls	2026-09-12T16:14:36.0338367Z PASS pid namespace: private
checker-controls	Build pinned checker and run rejection controls	2026-09-12T16:14:36.0338640Z PASS mnt namespace: private
checker-controls	Build pinned checker and run rejection controls	2026-09-12T16:14:36.0338915Z PASS net namespace: private
checker-controls	Build pinned checker and run rejection controls	2026-09-12T16:14:36.0339189Z PASS ipc namespace: private
checker-controls	Build pinned checker and run rejection controls	2026-09-12T16:14:36.0339456Z PASS uts namespace: private
checker-controls	Build pinned checker and run rejection controls	2026-09-12T16:14:36.0339918Z PASS host parent: absent from private /proc
checker-controls	Build pinned checker and run rejection controls	2026-09-12T16:14:36.0340318Z PASS host parent signal lookup: denied errno=3
checker-controls	Build pinned checker and run rejection controls	2026-09-12T16:14:36.0340714Z PASS host loopback listener: unreachable errno=13
checker-controls	Build pinned checker and run rejection controls	2026-09-12T16:14:36.0341132Z PASS AF_UNIX socket creation: denied errno=97
checker-controls	Build pinned checker and run rejection controls	2026-09-12T16:14:36.0341490Z PASS effective capabilities: none
checker-controls	Build pinned checker and run rejection controls	2026-09-12T16:14:36.0341779Z PASS no_new_privs: set
checker-controls	Build pinned checker and run rejection controls	2026-09-12T16:14:36.0342289Z Sandbox UID: 1001
checker-controls	Build pinned checker and run rejection controls	2026-09-12T16:14:36.0342726Z PASS nested namespace write attempt: rejected exit=1
checker-controls	Build pinned checker and run rejection controls	2026-09-12T16:14:36.0343107Z bwrap: setting up uid map: Permission denied
checker-controls	Build pinned checker and run rejection controls	2026-09-12T16:14:36.0343456Z Finished with result: success
checker-controls	Build pinned checker and run rejection controls	2026-09-12T16:14:36.0343787Z Main processes terminated with: code=exited/status=0
checker-controls	Build pinned checker and run rejection controls	2026-09-12T16:14:36.0344128Z Service runtime: 58ms
checker-controls	Build pinned checker and run rejection controls	2026-09-12T16:14:36.0344377Z CPU time consumed: 59ms
checker-controls	Build pinned checker and run rejection controls	2026-09-12T16:14:36.0344637Z Memory peak: 256.0K
checker-controls	Build pinned checker and run rejection controls	2026-09-12T16:14:36.0344913Z Memory swap peak: 0B
checker-controls	Build pinned checker and run rejection controls	2026-09-12T16:14:36.0345081Z 
checker-controls	Build pinned checker and run rejection controls	2026-09-12T16:14:36.0345194Z MODE export: exit=0
checker-controls	Build pinned checker and run rejection controls	2026-09-12T16:14:36.0345655Z Running as unit: run-u3.service; invocation ID: d122b75b22a04f48a6ff82bca969e689
checker-controls	Build pinned checker and run rejection controls	2026-09-12T16:14:36.0346191Z PASS outside .lake write-open: denied errno=30
checker-controls	Build pinned checker and run rejection controls	2026-09-12T16:14:36.0346590Z PASS outside .lake truncate: denied errno=30
checker-controls	Build pinned checker and run rejection controls	2026-09-12T16:14:36.0347047Z PASS outside .lake read-only truncate-open: denied errno=30
checker-controls	Build pinned checker and run rejection controls	2026-09-12T16:14:36.0347546Z PASS symlink from .lake to outside write: denied errno=30
checker-controls	Build pinned checker and run rejection controls	2026-09-12T16:14:36.0347981Z PASS outside .lake creation: denied errno=30
checker-controls	Build pinned checker and run rejection controls	2026-09-12T16:14:36.0348395Z PASS export .lake write-open: denied errno=30
checker-controls	Build pinned checker and run rejection controls	2026-09-12T16:14:36.0348803Z PASS export .lake truncate: denied errno=30
checker-controls	Build pinned checker and run rejection controls	2026-09-12T16:14:36.0349181Z PASS user namespace: private
checker-controls	Build pinned checker and run rejection controls	2026-09-12T16:14:36.0349501Z PASS pid namespace: private
checker-controls	Build pinned checker and run rejection controls	2026-09-12T16:14:36.0349811Z PASS mnt namespace: private
checker-controls	Build pinned checker and run rejection controls	2026-09-12T16:14:36.0350114Z PASS net namespace: private
checker-controls	Build pinned checker and run rejection controls	2026-09-12T16:14:36.0350420Z PASS ipc namespace: private
checker-controls	Build pinned checker and run rejection controls	2026-09-12T16:14:36.0350746Z PASS uts namespace: private
checker-controls	Build pinned checker and run rejection controls	2026-09-12T16:14:36.0351080Z PASS host parent: absent from private /proc
checker-controls	Build pinned checker and run rejection controls	2026-09-12T16:14:36.0351836Z PASS host parent signal lookup: denied errno=3
checker-controls	Build pinned checker and run rejection controls	2026-09-12T16:14:36.0352360Z PASS host loopback listener: unreachable errno=13
checker-controls	Build pinned checker and run rejection controls	2026-09-12T16:14:36.0352773Z PASS AF_UNIX socket creation: denied errno=97
checker-controls	Build pinned checker and run rejection controls	2026-09-12T16:14:36.0353588Z PASS effective capabilities: none
checker-controls	Build pinned checker and run rejection controls	2026-09-12T16:14:36.0353944Z PASS no_new_privs: set
checker-controls	Build pinned checker and run rejection controls	2026-09-12T16:14:36.0354242Z Sandbox UID: 1001
checker-controls	Build pinned checker and run rejection controls	2026-09-12T16:14:36.0354588Z PASS nested namespace write attempt: rejected exit=1
checker-controls	Build pinned checker and run rejection controls	2026-09-12T16:14:36.0355048Z bwrap: setting up uid map: Permission denied
checker-controls	Build pinned checker and run rejection controls	2026-09-12T16:14:36.0355456Z Finished with result: success
checker-controls	Build pinned checker and run rejection controls	2026-09-12T16:14:36.0355864Z Main processes terminated with: code=exited/status=0
checker-controls	Build pinned checker and run rejection controls	2026-09-12T16:14:36.0356286Z Service runtime: 61ms
checker-controls	Build pinned checker and run rejection controls	2026-09-12T16:14:36.0356595Z CPU time consumed: 62ms
checker-controls	Build pinned checker and run rejection controls	2026-09-12T16:14:36.0356905Z Memory peak: 256.0K
checker-controls	Build pinned checker and run rejection controls	2026-09-12T16:14:36.0357189Z Memory swap peak: 0B
checker-controls	Build pinned checker and run rejection controls	2026-09-12T16:14:36.0357365Z 
checker-controls	Build pinned checker and run rejection controls	2026-09-12T16:14:36.0357492Z NEGATIVE unknown option: exit=2
checker-controls	Build pinned checker and run rejection controls	2026-09-12T16:14:36.0358001Z Running as unit: run-u4.service; invocation ID: 5886400cdefc4aa2a6a84da11a787e0f
checker-controls	Build pinned checker and run rejection controls	2026-09-12T16:14:36.0358804Z strict Comparator sandbox: unsupported Comparator Landrun option: --unrestricted-filesystem
checker-controls	Build pinned checker and run rejection controls	2026-09-12T16:14:36.0359403Z Finished with result: exit-code
checker-controls	Build pinned checker and run rejection controls	2026-09-12T16:14:36.0359806Z Main processes terminated with: code=exited/status=2
checker-controls	Build pinned checker and run rejection controls	2026-09-12T16:14:36.0360160Z Service runtime: 21ms
checker-controls	Build pinned checker and run rejection controls	2026-09-12T16:14:36.0360432Z CPU time consumed: 21ms
checker-controls	Build pinned checker and run rejection controls	2026-09-12T16:14:36.0360725Z Memory peak: 256.0K
checker-controls	Build pinned checker and run rejection controls	2026-09-12T16:14:36.0361032Z Memory swap peak: 0B
checker-controls	Build pinned checker and run rejection controls	2026-09-12T16:14:36.0361195Z 
checker-controls	Build pinned checker and run rejection controls	2026-09-12T16:14:36.0361325Z NEGATIVE unexpected --rw: exit=2
checker-controls	Build pinned checker and run rejection controls	2026-09-12T16:14:36.0361851Z Running as unit: run-u5.service; invocation ID: ea7fca6130c84e59890c61b96f1090e5
checker-controls	Build pinned checker and run rejection controls	2026-09-12T16:14:36.0362799Z strict Comparator sandbox: only private /dev may be passed with --rw
checker-controls	Build pinned checker and run rejection controls	2026-09-12T16:14:36.0363290Z Finished with result: exit-code
checker-controls	Build pinned checker and run rejection controls	2026-09-12T16:14:36.0363658Z Main processes terminated with: code=exited/status=2
checker-controls	Build pinned checker and run rejection controls	2026-09-12T16:14:36.0364056Z Service runtime: 22ms
checker-controls	Build pinned checker and run rejection controls	2026-09-12T16:14:36.0364333Z CPU time consumed: 21ms
checker-controls	Build pinned checker and run rejection controls	2026-09-12T16:14:36.0364616Z Memory peak: 308.0K
checker-controls	Build pinned checker and run rejection controls	2026-09-12T16:14:36.0364877Z Memory swap peak: 0B
checker-controls	Build pinned checker and run rejection controls	2026-09-12T16:14:36.0365043Z 
checker-controls	Build pinned checker and run rejection controls	2026-09-12T16:14:36.0365173Z NEGATIVE unexpected --rwx: exit=2
checker-controls	Build pinned checker and run rejection controls	2026-09-12T16:14:36.0365672Z Running as unit: run-u6.service; invocation ID: b75558cb520c459ca85e42bd5426dc41
checker-controls	Build pinned checker and run rejection controls	2026-09-12T16:14:36.0366366Z strict Comparator sandbox: only this project's existing .lake may be writable
checker-controls	Build pinned checker and run rejection controls	2026-09-12T16:14:36.0366867Z Finished with result: exit-code
checker-controls	Build pinned checker and run rejection controls	2026-09-12T16:14:36.0367251Z Main processes terminated with: code=exited/status=2
checker-controls	Build pinned checker and run rejection controls	2026-09-12T16:14:36.0367637Z Service runtime: 24ms
checker-controls	Build pinned checker and run rejection controls	2026-09-12T16:14:36.0367915Z CPU time consumed: 24ms
checker-controls	Build pinned checker and run rejection controls	2026-09-12T16:14:36.0368193Z Memory peak: 256.0K
checker-controls	Build pinned checker and run rejection controls	2026-09-12T16:14:36.0368461Z Memory swap peak: 0B
checker-controls	Build pinned checker and run rejection controls	2026-09-12T16:14:36.0368627Z 
checker-controls	Build pinned checker and run rejection controls	2026-09-12T16:14:36.0368756Z NEGATIVE relative --rwx: exit=2
checker-controls	Build pinned checker and run rejection controls	2026-09-12T16:14:36.0369241Z Running as unit: run-u7.service; invocation ID: dfe5cebe617e43239e2869957b81611f
checker-controls	Build pinned checker and run rejection controls	2026-09-12T16:14:36.0369969Z strict Comparator sandbox: only this project's existing .lake may be writable
checker-controls	Build pinned checker and run rejection controls	2026-09-12T16:14:36.0370449Z Finished with result: exit-code
checker-controls	Build pinned checker and run rejection controls	2026-09-12T16:14:36.0370827Z Main processes terminated with: code=exited/status=2
checker-controls	Build pinned checker and run rejection controls	2026-09-12T16:14:36.0371219Z Service runtime: 22ms
checker-controls	Build pinned checker and run rejection controls	2026-09-12T16:14:36.0371492Z CPU time consumed: 22ms
checker-controls	Build pinned checker and run rejection controls	2026-09-12T16:14:36.0371771Z Memory peak: 256.0K
checker-controls	Build pinned checker and run rejection controls	2026-09-12T16:14:36.0372171Z Memory swap peak: 0B
checker-controls	Build pinned checker and run rejection controls	2026-09-12T16:14:36.0372324Z 
checker-controls	Build pinned checker and run rejection controls	2026-09-12T16:14:36.0372656Z Outer and export fixture contents unchanged; only designated build fixture written.
checker-controls	Build pinned checker and run rejection controls	2026-09-12T16:14:36.0402885Z Running bash /home/runner/work/_temp/nla-lean-tools/reproduction/checks/run_replay.sh
checker-controls	Build pinned checker and run rejection controls	2026-09-12T16:14:36.0403676Z Log: /home/runner/work/_temp/nla-lean-tools/logs/selftest-20260912T161435Z-3917/kernel-controls.log
checker-controls	Build pinned checker and run rejection controls	2026-09-12T16:14:36.0910059Z Replay probe: RestrictAddressFamilies=~AF_UNIX (deny AF_UNIX sockets).
checker-controls	Build pinned checker and run rejection controls	2026-09-12T16:14:36.1379602Z Lean (version 4.33.1, x86_64-unknown-linux-gnu, Release)
checker-controls	Build pinned checker and run rejection controls	2026-09-12T16:14:36.1677954Z /home/runner/.elan/toolchains/leanprover--lean4---v4.33.1/lib/lean/Init.olean
checker-controls	Build pinned checker and run rejection controls	2026-09-12T16:14:36.1678506Z /home/runner/.elan/toolchains/leanprover--lean4---v4.33.1/lib/lean/Init.olean
checker-controls	Build pinned checker and run rejection controls	2026-09-12T16:14:36.1678953Z /home/runner/work/_temp/nla-lean-tools/.tools/comparator/.lake/build/lib/lean/Main.olean
checker-controls	Build pinned checker and run rejection controls	2026-09-12T16:14:37.2950485Z Trusted base fixture: 11 constants
checker-controls	Build pinned checker and run rejection controls	2026-09-12T16:14:37.2950943Z BEGIN honest_with_inductives_and_quotients
checker-controls	Build pinned checker and run rejection controls	2026-09-12T16:14:37.2951268Z Running Lean default kernel on solution.
checker-controls	Build pinned checker and run rejection controls	2026-09-12T16:14:37.2951571Z Lean default kernel accepts the solution
checker-controls	Build pinned checker and run rejection controls	2026-09-12T16:14:37.2951913Z RETURN honest_with_inductives_and_quotients: accepted
checker-controls	Build pinned checker and run rejection controls	2026-09-12T16:14:37.2952484Z BEGIN invalid_raw_proof
checker-controls	Build pinned checker and run rejection controls	2026-09-12T16:14:37.2952750Z Running Lean default kernel on solution.
checker-controls	Build pinned checker and run rejection controls	2026-09-12T16:14:37.2953070Z Lean default kernel rejects the solution
checker-controls	Build pinned checker and run rejection controls	2026-09-12T16:14:37.2953555Z RETURN invalid_raw_proof: rejected: while replaying declaration 'PinnedReplayProbe.invalid':
checker-controls	Build pinned checker and run rejection controls	2026-09-12T16:14:37.2954193Z (kernel) declaration type mismatch, 'PinnedReplayProbe.invalid' has type
checker-controls	Build pinned checker and run rejection controls	2026-09-12T16:14:37.2954577Z   True
checker-controls	Build pinned checker and run rejection controls	2026-09-12T16:14:37.2954795Z but it is expected to have type
checker-controls	Build pinned checker and run rejection controls	2026-09-12T16:14:37.2955047Z   False
checker-controls	Build pinned checker and run rejection controls	2026-09-12T16:14:37.2955259Z BEGIN quotient_postcheck_mismatch
checker-controls	Build pinned checker and run rejection controls	2026-09-12T16:14:37.2955571Z Running Lean default kernel on solution.
checker-controls	Build pinned checker and run rejection controls	2026-09-12T16:14:37.2955871Z Lean default kernel accepts the solution
checker-controls	Build pinned checker and run rejection controls	2026-09-12T16:14:37.2956173Z Quotient post-check rejects the solution
checker-controls	Build pinned checker and run rejection controls	2026-09-12T16:14:37.2956635Z RETURN quotient_postcheck_mismatch: rejected: Quotient constant mismatch on: Quot.lift
checker-controls	Build pinned checker and run rejection controls	2026-09-12T16:14:37.2957219Z PASS: all three actual Comparator.runBuiltinKernel cases behaved as required
checker-controls	Build pinned checker and run rejection controls	2026-09-12T16:14:37.3757430Z Running python3 /home/runner/work/_temp/nla-lean-tools/reproduction/checks/comparator_regressions.py
checker-controls	Build pinned checker and run rejection controls	2026-09-12T16:14:37.3758406Z Log: /home/runner/work/_temp/nla-lean-tools/logs/selftest-20260912T161435Z-3917/comparator-controls.log
checker-controls	Build pinned checker and run rejection controls	2026-09-12T16:14:37.4010001Z Comparator regressions: RestrictAddressFamilies=~AF_UNIX; .tools/env.sh selects the real strict sandbox.
checker-controls	Build pinned checker and run rejection controls	2026-09-12T16:14:37.4016501Z 
checker-controls	Build pinned checker and run rejection controls	2026-09-12T16:14:37.4016642Z CASE simple_match
checker-controls	Build pinned checker and run rejection controls	2026-09-12T16:14:39.2484025Z info: ComparatorRegression: no previous manifest, creating one from scratch
checker-controls	Build pinned checker and run rejection controls	2026-09-12T16:14:39.2484518Z info: toolchain not updated; already up-to-date
checker-controls	Build pinned checker and run rejection controls	2026-09-12T16:14:39.2484769Z Building Challenge
checker-controls	Build pinned checker and run rejection controls	2026-09-12T16:14:39.2485215Z ⚠ [2/3] Built Challenge (212ms)
checker-controls	Build pinned checker and run rejection controls	2026-09-12T16:14:39.2485474Z warning: Challenge.lean:1:8: declaration uses `sorry`
checker-controls	Build pinned checker and run rejection controls	2026-09-12T16:14:39.2485748Z Build completed successfully (3 jobs).
checker-controls	Build pinned checker and run rejection controls	2026-09-12T16:14:39.2486767Z Exporting #[Quot, Quot.mk, Quot.lift, Quot.ind, comm, propext, Quot.sound, Classical.choice, Nat.add, Nat.sub, Nat.mul, Nat.pow, Nat.gcd, Nat.div, Nat.mod, Nat.beq, Nat.ble, Nat.land, Nat.lor, Nat.xor, Nat.shiftLeft, Nat.shiftRight, String.ofList, Char.ofNat, List, eagerReduce, Nat, String, String.mk, Char, optParam, autoParam, semiOutParam, outParam] from Challenge
checker-controls	Build pinned checker and run rejection controls	2026-09-12T16:14:39.2487766Z Building Solution
checker-controls	Build pinned checker and run rejection controls	2026-09-12T16:14:39.2487988Z ✔ [2/3] Built Solution (211ms)
checker-controls	Build pinned checker and run rejection controls	2026-09-12T16:14:39.2488206Z Build completed successfully (3 jobs).
checker-controls	Build pinned checker and run rejection controls	2026-09-12T16:14:39.2489257Z Exporting #[Quot, Quot.mk, Quot.lift, Quot.ind, comm, propext, Quot.sound, Classical.choice, Nat.add, Nat.sub, Nat.mul, Nat.pow, Nat.gcd, Nat.div, Nat.mod, Nat.beq, Nat.ble, Nat.land, Nat.lor, Nat.xor, Nat.shiftLeft, Nat.shiftRight, String.ofList, Char.ofNat, List, eagerReduce, Nat, String, String.mk, Char, optParam, autoParam, semiOutParam, outParam] from Solution
checker-controls	Build pinned checker and run rejection controls	2026-09-12T16:14:39.2490831Z Running Lean default kernel on solution.
checker-controls	Build pinned checker and run rejection controls	2026-09-12T16:14:39.2491209Z Lean default kernel accepts the solution
checker-controls	Build pinned checker and run rejection controls	2026-09-12T16:14:39.2491544Z Your solution is okay!
checker-controls	Build pinned checker and run rejection controls	2026-09-12T16:14:39.2492107Z PASS simple_match: exit 0, expected 0; required phase: Your solution is okay!
checker-controls	Build pinned checker and run rejection controls	2026-09-12T16:14:39.2492473Z 
checker-controls	Build pinned checker and run rejection controls	2026-09-12T16:14:39.2492594Z CASE simple_mismatch
checker-controls	Build pinned checker and run rejection controls	2026-09-12T16:14:40.9092295Z info: ComparatorRegression: no previous manifest, creating one from scratch
checker-controls	Build pinned checker and run rejection controls	2026-09-12T16:14:40.9093262Z info: toolchain not updated; already up-to-date
checker-controls	Build pinned checker and run rejection controls	2026-09-12T16:14:40.9093621Z Building Challenge
checker-controls	Build pinned checker and run rejection controls	2026-09-12T16:14:40.9094190Z ⚠ [2/3] Built Challenge (207ms)
checker-controls	Build pinned checker and run rejection controls	2026-09-12T16:14:40.9094592Z warning: Challenge.lean:1:8: declaration uses `sorry`
checker-controls	Build pinned checker and run rejection controls	2026-09-12T16:14:40.9095209Z Build completed successfully (3 jobs).
checker-controls	Build pinned checker and run rejection controls	2026-09-12T16:14:40.9096862Z Exporting #[Quot, Quot.mk, Quot.lift, Quot.ind, comm, propext, Quot.sound, Classical.choice, Nat.add, Nat.sub, Nat.mul, Nat.pow, Nat.gcd, Nat.div, Nat.mod, Nat.beq, Nat.ble, Nat.land, Nat.lor, Nat.xor, Nat.shiftLeft, Nat.shiftRight, String.ofList, Char.ofNat, List, eagerReduce, Nat, String, String.mk, Char, optParam, autoParam, semiOutParam, outParam] from Challenge
checker-controls	Build pinned checker and run rejection controls	2026-09-12T16:14:40.9098421Z Building Solution
checker-controls	Build pinned checker and run rejection controls	2026-09-12T16:14:40.9098789Z ✔ [2/3] Built Solution (201ms)
checker-controls	Build pinned checker and run rejection controls	2026-09-12T16:14:40.9099127Z Build completed successfully (3 jobs).
checker-controls	Build pinned checker and run rejection controls	2026-09-12T16:14:40.9100675Z Exporting #[Quot, Quot.mk, Quot.lift, Quot.ind, comm, propext, Quot.sound, Classical.choice, Nat.add, Nat.sub, Nat.mul, Nat.pow, Nat.gcd, Nat.div, Nat.mod, Nat.beq, Nat.ble, Nat.land, Nat.lor, Nat.xor, Nat.shiftLeft, Nat.shiftRight, String.ofList, Char.ofNat, List, eagerReduce, Nat, String, String.mk, Char, optParam, autoParam, semiOutParam, outParam] from Solution
checker-controls	Build pinned checker and run rejection controls	2026-09-12T16:14:40.9101927Z uncaught exception: Challenge and solution constant kind don't match: 'comm'
checker-controls	Build pinned checker and run rejection controls	2026-09-12T16:14:40.9102666Z PASS simple_mismatch: exit 1, expected 1; required phase: Challenge and solution constant kind don't match: 'comm'
checker-controls	Build pinned checker and run rejection controls	2026-09-12T16:14:40.9102985Z 
checker-controls	Build pinned checker and run rejection controls	2026-09-12T16:14:40.9103067Z CASE simple_axiom_issue
checker-controls	Build pinned checker and run rejection controls	2026-09-12T16:14:42.5934247Z info: ComparatorRegression: no previous manifest, creating one from scratch
checker-controls	Build pinned checker and run rejection controls	2026-09-12T16:14:42.5934930Z info: toolchain not updated; already up-to-date
checker-controls	Build pinned checker and run rejection controls	2026-09-12T16:14:42.5935326Z Building Challenge
checker-controls	Build pinned checker and run rejection controls	2026-09-12T16:14:42.5935929Z ⚠ [2/3] Built Challenge (214ms)
checker-controls	Build pinned checker and run rejection controls	2026-09-12T16:14:42.5936320Z warning: Challenge.lean:1:8: declaration uses `sorry`
checker-controls	Build pinned checker and run rejection controls	2026-09-12T16:14:42.5936791Z Build completed successfully (3 jobs).
checker-controls	Build pinned checker and run rejection controls	2026-09-12T16:14:42.5938416Z Exporting #[Quot, Quot.mk, Quot.lift, Quot.ind, comm, propext, Quot.sound, Classical.choice, Nat.add, Nat.sub, Nat.mul, Nat.pow, Nat.gcd, Nat.div, Nat.mod, Nat.beq, Nat.ble, Nat.land, Nat.lor, Nat.xor, Nat.shiftLeft, Nat.shiftRight, String.ofList, Char.ofNat, List, eagerReduce, Nat, String, String.mk, Char, optParam, autoParam, semiOutParam, outParam] from Challenge
checker-controls	Build pinned checker and run rejection controls	2026-09-12T16:14:42.5940417Z Building Solution
checker-controls	Build pinned checker and run rejection controls	2026-09-12T16:14:42.5940788Z ✔ [2/3] Built Solution (208ms)
checker-controls	Build pinned checker and run rejection controls	2026-09-12T16:14:42.5941129Z Build completed successfully (3 jobs).
checker-controls	Build pinned checker and run rejection controls	2026-09-12T16:14:42.5942468Z Exporting #[Quot, Quot.mk, Quot.lift, Quot.ind, comm, propext, Quot.sound, Classical.choice, Nat.add, Nat.sub, Nat.mul, Nat.pow, Nat.gcd, Nat.div, Nat.mod, Nat.beq, Nat.ble, Nat.land, Nat.lor, Nat.xor, Nat.shiftLeft, Nat.shiftRight, String.ofList, Char.ofNat, List, eagerReduce, Nat, String, String.mk, Char, optParam, autoParam, semiOutParam, outParam] from Solution
checker-controls	Build pinned checker and run rejection controls	2026-09-12T16:14:42.5943525Z uncaught exception: Illegal axiom detected: 'helper'
checker-controls	Build pinned checker and run rejection controls	2026-09-12T16:14:42.5944076Z PASS simple_axiom_issue: exit 1, expected 1; required phase: Illegal axiom detected: 'helper'
checker-controls	Build pinned checker and run rejection controls	2026-09-12T16:14:42.5944346Z 
checker-controls	Build pinned checker and run rejection controls	2026-09-12T16:14:42.5944447Z CASE simple_kind_mismatch
checker-controls	Build pinned checker and run rejection controls	2026-09-12T16:14:44.2733620Z info: ComparatorRegression: no previous manifest, creating one from scratch
checker-controls	Build pinned checker and run rejection controls	2026-09-12T16:14:44.2734274Z info: toolchain not updated; already up-to-date
checker-controls	Build pinned checker and run rejection controls	2026-09-12T16:14:44.2734637Z Building Challenge
checker-controls	Build pinned checker and run rejection controls	2026-09-12T16:14:44.2735211Z ⚠ [2/3] Built Challenge (207ms)
checker-controls	Build pinned checker and run rejection controls	2026-09-12T16:14:44.2735598Z warning: Challenge.lean:1:8: declaration uses `sorry`
checker-controls	Build pinned checker and run rejection controls	2026-09-12T16:14:44.2736011Z Build completed successfully (3 jobs).
checker-controls	Build pinned checker and run rejection controls	2026-09-12T16:14:44.2737611Z Exporting #[Quot, Quot.mk, Quot.lift, Quot.ind, comm, propext, Quot.sound, Classical.choice, Nat.add, Nat.sub, Nat.mul, Nat.pow, Nat.gcd, Nat.div, Nat.mod, Nat.beq, Nat.ble, Nat.land, Nat.lor, Nat.xor, Nat.shiftLeft, Nat.shiftRight, String.ofList, Char.ofNat, List, eagerReduce, Nat, String, String.mk, Char, optParam, autoParam, semiOutParam, outParam] from Challenge
checker-controls	Build pinned checker and run rejection controls	2026-09-12T16:14:44.2739569Z Building Solution
checker-controls	Build pinned checker and run rejection controls	2026-09-12T16:14:44.2739932Z ✔ [2/3] Built Solution (206ms)
checker-controls	Build pinned checker and run rejection controls	2026-09-12T16:14:44.2740245Z Build completed successfully (3 jobs).
checker-controls	Build pinned checker and run rejection controls	2026-09-12T16:14:44.2742176Z Exporting #[Quot, Quot.mk, Quot.lift, Quot.ind, comm, propext, Quot.sound, Classical.choice, Nat.add, Nat.sub, Nat.mul, Nat.pow, Nat.gcd, Nat.div, Nat.mod, Nat.beq, Nat.ble, Nat.land, Nat.lor, Nat.xor, Nat.shiftLeft, Nat.shiftRight, String.ofList, Char.ofNat, List, eagerReduce, Nat, String, String.mk, Char, optParam, autoParam, semiOutParam, outParam] from Solution
checker-controls	Build pinned checker and run rejection controls	2026-09-12T16:14:44.2743793Z uncaught exception: Illegal axiom detected: 'helper'
checker-controls	Build pinned checker and run rejection controls	2026-09-12T16:14:44.2744412Z PASS simple_kind_mismatch: exit 1, expected 1; required phase: Illegal axiom detected: 'helper'
checker-controls	Build pinned checker and run rejection controls	2026-09-12T16:14:44.2744852Z 
checker-controls	Build pinned checker and run rejection controls	2026-09-12T16:14:44.2744971Z CASE type_mismatch
checker-controls	Build pinned checker and run rejection controls	2026-09-12T16:14:45.9339599Z info: ComparatorRegression: no previous manifest, creating one from scratch
checker-controls	Build pinned checker and run rejection controls	2026-09-12T16:14:45.9340114Z info: toolchain not updated; already up-to-date
checker-controls	Build pinned checker and run rejection controls	2026-09-12T16:14:45.9340361Z Building Challenge
checker-controls	Build pinned checker and run rejection controls	2026-09-12T16:14:45.9340812Z ✔ [2/3] Built Challenge (204ms)
checker-controls	Build pinned checker and run rejection controls	2026-09-12T16:14:45.9341052Z Build completed successfully (3 jobs).
checker-controls	Build pinned checker and run rejection controls	2026-09-12T16:14:45.9342389Z Exporting #[Quot, Quot.mk, Quot.lift, Quot.ind, checked, propext, Quot.sound, Classical.choice, Nat.add, Nat.sub, Nat.mul, Nat.pow, Nat.gcd, Nat.div, Nat.mod, Nat.beq, Nat.ble, Nat.land, Nat.lor, Nat.xor, Nat.shiftLeft, Nat.shiftRight, String.ofList, Char.ofNat, List, eagerReduce, Nat, String, String.mk, Char, optParam, autoParam, semiOutParam, outParam] from Challenge
checker-controls	Build pinned checker and run rejection controls	2026-09-12T16:14:45.9345116Z Building Solution
checker-controls	Build pinned checker and run rejection controls	2026-09-12T16:14:45.9345464Z ✔ [2/3] Built Solution (202ms)
checker-controls	Build pinned checker and run rejection controls	2026-09-12T16:14:45.9345787Z Build completed successfully (3 jobs).
checker-controls	Build pinned checker and run rejection controls	2026-09-12T16:14:45.9347290Z Exporting #[Quot, Quot.mk, Quot.lift, Quot.ind, checked, propext, Quot.sound, Classical.choice, Nat.add, Nat.sub, Nat.mul, Nat.pow, Nat.gcd, Nat.div, Nat.mod, Nat.beq, Nat.ble, Nat.land, Nat.lor, Nat.xor, Nat.shiftLeft, Nat.shiftRight, String.ofList, Char.ofNat, List, eagerReduce, Nat, String, String.mk, Char, optParam, autoParam, semiOutParam, outParam] from Solution
checker-controls	Build pinned checker and run rejection controls	2026-09-12T16:14:45.9349006Z uncaught exception: Challenge and solution theorem statement do not match: 'checked'
checker-controls	Build pinned checker and run rejection controls	2026-09-12T16:14:45.9349784Z PASS type_mismatch: exit 1, expected 1; required phase: Challenge and solution theorem statement do not match: 'checked'
checker-controls	Build pinned checker and run rejection controls	2026-09-12T16:14:45.9368651Z PASS: all five Comparator regressions
checker-controls	Build pinned checker and run rejection controls	2026-09-12T16:14:45.9430943Z Running systemd-run --user --quiet --wait --pipe --collect -p 'RestrictAddressFamilies=~AF_UNIX' --working-directory /home/runner/work/_temp/nla-lean-tools/.verification-tmp/nla-axiom-rkytu88c /usr/bin/env -i PATH=/home/runner/.elan/toolchains/leanprover--lean4---v4.33.1/bin:/home/runner/.elan/bin:/home/runner/go/bin:/opt/hostedtoolcache/go/1.27.1/x64/bin:/snap/bin:/home/runner/.local/bin:/opt/pipx_bin:/home/runner/.cargo/bin:/home/runner/.config/composer/vendor/bin:/usr/local/.ghcup/bin:/home/runner/.dotnet/tools:/usr/local/sbin:/usr/local/bin:/usr/sbin:/usr/bin:/sbin:/bin:/usr/games:/usr/local/games:/snap/bin HOME=/home/runner LANG=C.UTF-8 XDG_RUNTIME_DIR=/run/user/1001 DBUS_SESSION_BUS_ADDRESS=unix:path=/run/user/1001/bus GIT_TERMINAL_PROMPT=0 GIT_CONFIG_NOSYSTEM=1 GIT_CONFIG_GLOBAL=/dev/null COMPARATOR_BIN=/home/runner/work/_temp/nla-lean-tools/.tools/comparator/.lake/build/bin/comparator COMPARATOR_LEAN4EXPORT=/home/runner/work/_temp/nla-lean-tools/.tools/lean4export/.lake/build/bin/lean4export COMPARATOR_LANDRUN=/home/runner/work/_temp/nla-lean-tools/scripts/strict_landrun.py XDG_CACHE_HOME=/home/runner/work/_temp/nla-lean-tools/.tools/cache TMPDIR=/home/runner/work/_temp/nla-lean-tools/.verification-tmp lake env /home/runner/work/_temp/nla-lean-tools/.tools/comparator/.lake/build/bin/comparator comparator.json
checker-controls	Build pinned checker and run rejection controls	2026-09-12T16:14:45.9434821Z Log: /home/runner/work/_temp/nla-lean-tools/logs/selftest-20260912T161435Z-3917/negative-sorry.log
checker-controls	Build pinned checker and run rejection controls	2026-09-12T16:14:45.9849456Z info: NlaAxiomFixture: no previous manifest, creating one from scratch
checker-controls	Build pinned checker and run rejection controls	2026-09-12T16:14:45.9849910Z info: toolchain not updated; already up-to-date
checker-controls	Build pinned checker and run rejection controls	2026-09-12T16:14:46.0433900Z Building Challenge
checker-controls	Build pinned checker and run rejection controls	2026-09-12T16:14:46.9174643Z ✔ [2/3] Built Challenge (766ms)
checker-controls	Build pinned checker and run rejection controls	2026-09-12T16:14:46.9176930Z Build completed successfully (3 jobs).
checker-controls	Build pinned checker and run rejection controls	2026-09-12T16:14:47.7916369Z Exporting #[Quot, Quot.mk, Quot.lift, Quot.ind, checked, Classical.choice, Quot.sound, propext, Nat.add, Nat.sub, Nat.mul, Nat.pow, Nat.gcd, Nat.div, Nat.mod, Nat.beq, Nat.ble, Nat.land, Nat.lor, Nat.xor, Nat.shiftLeft, Nat.shiftRight, String.ofList, Char.ofNat, List, eagerReduce, Nat, String, String.mk, Char, optParam, autoParam, semiOutParam, outParam] from Challenge
checker-controls	Build pinned checker and run rejection controls	2026-09-12T16:14:47.7917593Z Building Solution
checker-controls	Build pinned checker and run rejection controls	2026-09-12T16:14:48.6728801Z ⚠ [2/3] Built Solution (765ms)
checker-controls	Build pinned checker and run rejection controls	2026-09-12T16:14:48.6729273Z warning: Solution.lean:2:8: declaration uses `sorry`
checker-controls	Build pinned checker and run rejection controls	2026-09-12T16:14:48.6731710Z Build completed successfully (3 jobs).
checker-controls	Build pinned checker and run rejection controls	2026-09-12T16:14:49.6376208Z Exporting #[Quot, Quot.mk, Quot.lift, Quot.ind, checked, Classical.choice, Quot.sound, propext, Nat.add, Nat.sub, Nat.mul, Nat.pow, Nat.gcd, Nat.div, Nat.mod, Nat.beq, Nat.ble, Nat.land, Nat.lor, Nat.xor, Nat.shiftLeft, Nat.shiftRight, String.ofList, Char.ofNat, List, eagerReduce, Nat, String, String.mk, Char, optParam, autoParam, semiOutParam, outParam] from Solution
checker-controls	Build pinned checker and run rejection controls	2026-09-12T16:14:49.6377761Z uncaught exception: Illegal axiom detected: 'sorryAx'
checker-controls	Build pinned checker and run rejection controls	2026-09-12T16:14:49.6468735Z Running systemd-run --user --quiet --wait --pipe --collect -p 'RestrictAddressFamilies=~AF_UNIX' --working-directory /home/runner/work/_temp/nla-lean-tools/.verification-tmp/nla-axiom-0dct5eo2 /usr/bin/env -i PATH=/home/runner/.elan/toolchains/leanprover--lean4---v4.33.1/bin:/home/runner/.elan/bin:/home/runner/go/bin:/opt/hostedtoolcache/go/1.27.1/x64/bin:/snap/bin:/home/runner/.local/bin:/opt/pipx_bin:/home/runner/.cargo/bin:/home/runner/.config/composer/vendor/bin:/usr/local/.ghcup/bin:/home/runner/.dotnet/tools:/usr/local/sbin:/usr/local/bin:/usr/sbin:/usr/bin:/sbin:/bin:/usr/games:/usr/local/games:/snap/bin HOME=/home/runner LANG=C.UTF-8 XDG_RUNTIME_DIR=/run/user/1001 DBUS_SESSION_BUS_ADDRESS=unix:path=/run/user/1001/bus GIT_TERMINAL_PROMPT=0 GIT_CONFIG_NOSYSTEM=1 GIT_CONFIG_GLOBAL=/dev/null COMPARATOR_BIN=/home/runner/work/_temp/nla-lean-tools/.tools/comparator/.lake/build/bin/comparator COMPARATOR_LEAN4EXPORT=/home/runner/work/_temp/nla-lean-tools/.tools/lean4export/.lake/build/bin/lean4export COMPARATOR_LANDRUN=/home/runner/work/_temp/nla-lean-tools/scripts/strict_landrun.py XDG_CACHE_HOME=/home/runner/work/_temp/nla-lean-tools/.tools/cache TMPDIR=/home/runner/work/_temp/nla-lean-tools/.verification-tmp lake env /home/runner/work/_temp/nla-lean-tools/.tools/comparator/.lake/build/bin/comparator comparator.json
checker-controls	Build pinned checker and run rejection controls	2026-09-12T16:14:49.6472751Z Log: /home/runner/work/_temp/nla-lean-tools/logs/selftest-20260912T161435Z-3917/negative-native.log
checker-controls	Build pinned checker and run rejection controls	2026-09-12T16:14:49.6940646Z info: NlaAxiomFixture: no previous manifest, creating one from scratch
checker-controls	Build pinned checker and run rejection controls	2026-09-12T16:14:49.6941356Z info: toolchain not updated; already up-to-date
checker-controls	Build pinned checker and run rejection controls	2026-09-12T16:14:49.7641544Z Building Challenge
checker-controls	Build pinned checker and run rejection controls	2026-09-12T16:14:50.6436930Z ✔ [2/3] Built Challenge (767ms)
checker-controls	Build pinned checker and run rejection controls	2026-09-12T16:14:50.6440005Z Build completed successfully (3 jobs).
checker-controls	Build pinned checker and run rejection controls	2026-09-12T16:14:51.5343987Z Exporting #[Quot, Quot.mk, Quot.lift, Quot.ind, checked, Classical.choice, Quot.sound, propext, Nat.add, Nat.sub, Nat.mul, Nat.pow, Nat.gcd, Nat.div, Nat.mod, Nat.beq, Nat.ble, Nat.land, Nat.lor, Nat.xor, Nat.shiftLeft, Nat.shiftRight, String.ofList, Char.ofNat, List, eagerReduce, Nat, String, String.mk, Char, optParam, autoParam, semiOutParam, outParam] from Challenge
checker-controls	Build pinned checker and run rejection controls	2026-09-12T16:14:51.5345596Z Building Solution
checker-controls	Build pinned checker and run rejection controls	2026-09-12T16:14:52.4126340Z ✔ [2/3] Built Solution (760ms)
checker-controls	Build pinned checker and run rejection controls	2026-09-12T16:14:52.4129034Z Build completed successfully (3 jobs).
checker-controls	Build pinned checker and run rejection controls	2026-09-12T16:14:53.3700592Z Exporting #[Quot, Quot.mk, Quot.lift, Quot.ind, checked, Classical.choice, Quot.sound, propext, Nat.add, Nat.sub, Nat.mul, Nat.pow, Nat.gcd, Nat.div, Nat.mod, Nat.beq, Nat.ble, Nat.land, Nat.lor, Nat.xor, Nat.shiftLeft, Nat.shiftRight, String.ofList, Char.ofNat, List, eagerReduce, Nat, String, String.mk, Char, optParam, autoParam, semiOutParam, outParam] from Solution
checker-controls	Build pinned checker and run rejection controls	2026-09-12T16:14:53.3703238Z uncaught exception: Illegal axiom detected: 'checked._native.native_decide.ax_1_1'
checker-controls	Build pinned checker and run rejection controls	2026-09-12T16:14:53.3787552Z PASS: sandbox and checker controls only. Evidence: /home/runner/work/_temp/nla-lean-tools/logs/selftest-20260912T161435Z-3917
checker-controls	Retain checker logs	﻿2026-09-12T16:14:53.3933154Z Node 20 is being deprecated. This workflow is running with Node 24 by default. If you need to temporarily use Node 20, you can set the ACTIONS_ALLOW_USE_UNSECURE_NODE_VERSION=true environment variable. For more information see: https://github.blog/changelog/2025-09-19-deprecation-of-node-20-on-github-actions-runners/
checker-controls	Retain checker logs	2026-09-12T16:14:53.3934357Z ##[group]Run actions/upload-artifact@ea165f8d65b6e75b540449e92b4886f43607fa02
checker-controls	Retain checker logs	2026-09-12T16:14:53.3934797Z with:
checker-controls	Retain checker logs	2026-09-12T16:14:53.3935081Z   name: lean-checker-controls
checker-controls	Retain checker logs	2026-09-12T16:14:53.3935420Z   path: /home/runner/work/_temp/nla-lean-tools/logs/
checker-controls	Retain checker logs	2026-09-12T16:14:53.3935829Z   if-no-files-found: warn
checker-controls	Retain checker logs	2026-09-12T16:14:53.3936114Z   compression-level: 6
checker-controls	Retain checker logs	2026-09-12T16:14:53.3936390Z   overwrite: false
checker-controls	Retain checker logs	2026-09-12T16:14:53.3936711Z   include-hidden-files: false
checker-controls	Retain checker logs	2026-09-12T16:14:53.3937032Z env:
checker-controls	Retain checker logs	2026-09-12T16:14:53.3937346Z   GOTOOLCHAIN: local
checker-controls	Retain checker logs	2026-09-12T16:14:53.3937620Z   XDG_RUNTIME_DIR: /run/user/1001
checker-controls	Retain checker logs	2026-09-12T16:14:53.3937939Z   DBUS_SESSION_BUS_ADDRESS: unix:path=/run/user/1001/bus
checker-controls	Retain checker logs	2026-09-12T16:14:53.3938443Z ##[endgroup]
checker-controls	Retain checker logs	2026-09-12T16:14:53.5288059Z (node:4724) [DEP0040] DeprecationWarning: The `punycode` module is deprecated. Please use a userland alternative instead.
checker-controls	Retain checker logs	2026-09-12T16:14:53.5288824Z (Use `node --trace-deprecation ...` to show where the warning was created)
checker-controls	Retain checker logs	2026-09-12T16:14:53.5350937Z With the provided path, there will be 10 files uploaded
checker-controls	Retain checker logs	2026-09-12T16:14:53.5355683Z Artifact name is valid!
checker-controls	Retain checker logs	2026-09-12T16:14:53.5356138Z Root directory input is valid!
checker-controls	Retain checker logs	2026-09-12T16:14:53.7246478Z Beginning upload of artifact content to blob storage
checker-controls	Retain checker logs	2026-09-12T16:14:53.7487382Z (node:4724) [DEP0169] DeprecationWarning: `url.parse()` behavior is not standardized and prone to errors that have security implications. Use the WHATWG URL API instead. CVEs are not issued for `url.parse()` vulnerabilities.
checker-controls	Retain checker logs	2026-09-12T16:14:53.7934717Z Uploaded bytes 8116
checker-controls	Retain checker logs	2026-09-12T16:14:53.8220215Z Finished uploading artifact content to blob storage!
checker-controls	Retain checker logs	2026-09-12T16:14:53.8221250Z SHA256 digest of uploaded artifact zip is b9f0fe273995ce7c2b0802aceb106d8afbce73a4225a1654cf4cda6a86d1156c
checker-controls	Retain checker logs	2026-09-12T16:14:53.8222147Z Finalizing artifact upload
checker-controls	Retain checker logs	2026-09-12T16:14:54.0537124Z Artifact lean-checker-controls.zip successfully finalized. Artifact ID 10301207078
checker-controls	Retain checker logs	2026-09-12T16:14:54.0538285Z Artifact lean-checker-controls has been successfully uploaded! Final size is 8116 bytes. Artifact ID is 10301207078
checker-controls	Retain checker logs	2026-09-12T16:14:54.0544386Z Artifact download URL: https://github.com/sgstepaniants/OpenProblemsInNLA/actions/runs/34704564047/artifacts/10301207078
checker-controls	Post Run actions/setup-go@924ae3a1cded613372ab5595356fb5720e22ba16	﻿2026-09-12T16:14:54.0688239Z Post job cleanup.
checker-controls	Post Run actions/checkout@11d5960a326750d5838078e36cf38b85af677262	﻿2026-09-12T16:14:54.1866675Z Node 20 is being deprecated. This workflow is running with Node 24 by default. If you need to temporarily use Node 20, you can set the ACTIONS_ALLOW_USE_UNSECURE_NODE_VERSION=true environment variable. For more information see: https://github.blog/changelog/2025-09-19-deprecation-of-node-20-on-github-actions-runners/
checker-controls	Post Run actions/checkout@11d5960a326750d5838078e36cf38b85af677262	2026-09-12T16:14:54.1868256Z Post job cleanup.
checker-controls	Post Run actions/checkout@11d5960a326750d5838078e36cf38b85af677262	2026-09-12T16:14:54.2623940Z [command]/usr/bin/git version
checker-controls	Post Run actions/checkout@11d5960a326750d5838078e36cf38b85af677262	2026-09-12T16:14:54.2685629Z git version 2.55.0
checker-controls	Post Run actions/checkout@11d5960a326750d5838078e36cf38b85af677262	2026-09-12T16:14:54.2718125Z Temporarily overriding HOME='/home/runner/work/_temp/d4827124-0ec7-4832-a00c-1ccb760e2958' before making global git config changes
checker-controls	Post Run actions/checkout@11d5960a326750d5838078e36cf38b85af677262	2026-09-12T16:14:54.2721386Z Adding repository directory to the temporary git global config as a safe directory
checker-controls	Post Run actions/checkout@11d5960a326750d5838078e36cf38b85af677262	2026-09-12T16:14:54.2722549Z [command]/usr/bin/git config --global --add safe.directory /home/runner/work/OpenProblemsInNLA/OpenProblemsInNLA
checker-controls	Post Run actions/checkout@11d5960a326750d5838078e36cf38b85af677262	2026-09-12T16:14:54.3345763Z [command]/usr/bin/git config --local --name-only --get-regexp core\.sshCommand
checker-controls	Post Run actions/checkout@11d5960a326750d5838078e36cf38b85af677262	2026-09-12T16:14:54.3403556Z [command]/usr/bin/git submodule foreach --recursive sh -c "git config --local --name-only --get-regexp 'core\.sshCommand' && git config --local --unset-all 'core.sshCommand' || :"
checker-controls	Post Run actions/checkout@11d5960a326750d5838078e36cf38b85af677262	2026-09-12T16:14:54.3618084Z [command]/usr/bin/git config --local --name-only --get-regexp http\.https\:\/\/github\.com\/\.extraheader
checker-controls	Post Run actions/checkout@11d5960a326750d5838078e36cf38b85af677262	2026-09-12T16:14:54.3650027Z [command]/usr/bin/git submodule foreach --recursive sh -c "git config --local --name-only --get-regexp 'http\.https\:\/\/github\.com\/\.extraheader' && git config --local --unset-all 'http.https://github.com/.extraheader' || :"
checker-controls	Post Run actions/checkout@11d5960a326750d5838078e36cf38b85af677262	2026-09-12T16:14:54.3853368Z [command]/usr/bin/git config --local --name-only --get-regexp ^includeIf\.gitdir:
checker-controls	Post Run actions/checkout@11d5960a326750d5838078e36cf38b85af677262	2026-09-12T16:14:54.3884666Z [command]/usr/bin/git submodule foreach --recursive git config --local --show-origin --name-only --get-regexp remote.origin.url
checker-controls	Complete job	﻿2026-09-12T16:14:54.4202971Z Cleaning up orphan processes
checker-controls	Complete job	2026-09-12T16:14:54.4500460Z ##[warning]Node.js 20 is deprecated. The following actions target Node.js 20 but are being forced to run on Node.js 24: actions/checkout@11d5960a326750d5838078e36cf38b85af677262, actions/upload-artifact@ea165f8d65b6e75b540449e92b4886f43607fa02. For more information see: https://github.blog/changelog/2025-09-19-deprecation-of-node-20-on-github-actions-runners/
verify (RA-03, randomized-and-low-rank-approximation/RA-03/lean)	UNKNOWN STEP	﻿2026-09-12T16:13:34.9809629Z Current runner version: '2.337.0'
verify (RA-03, randomized-and-low-rank-approximation/RA-03/lean)	UNKNOWN STEP	2026-09-12T16:13:34.9836220Z ##[group]Runner Image Provisioner
verify (RA-03, randomized-and-low-rank-approximation/RA-03/lean)	UNKNOWN STEP	2026-09-12T16:13:34.9837162Z Hosted Compute Agent
verify (RA-03, randomized-and-low-rank-approximation/RA-03/lean)	UNKNOWN STEP	2026-09-12T16:13:34.9837797Z Version: 20260828.587
verify (RA-03, randomized-and-low-rank-approximation/RA-03/lean)	UNKNOWN STEP	2026-09-12T16:13:34.9838465Z Commit: abac92662cab4cc7352de4f9f9d2e2419aad9c29
verify (RA-03, randomized-and-low-rank-approximation/RA-03/lean)	UNKNOWN STEP	2026-09-12T16:13:34.9839330Z Build Date: 2026-08-28T16:44:25Z
verify (RA-03, randomized-and-low-rank-approximation/RA-03/lean)	UNKNOWN STEP	2026-09-12T16:13:34.9840034Z Worker ID: {feade494-51a6-447e-9598-8cc582650e16}
verify (RA-03, randomized-and-low-rank-approximation/RA-03/lean)	UNKNOWN STEP	2026-09-12T16:13:34.9840818Z Azure Region: westcentralus
verify (RA-03, randomized-and-low-rank-approximation/RA-03/lean)	UNKNOWN STEP	2026-09-12T16:13:34.9841464Z ##[endgroup]
verify (RA-03, randomized-and-low-rank-approximation/RA-03/lean)	UNKNOWN STEP	2026-09-12T16:13:34.9843351Z ##[group]Operating System
verify (RA-03, randomized-and-low-rank-approximation/RA-03/lean)	UNKNOWN STEP	2026-09-12T16:13:34.9844130Z Ubuntu
verify (RA-03, randomized-and-low-rank-approximation/RA-03/lean)	UNKNOWN STEP	2026-09-12T16:13:34.9844657Z 24.04.5
verify (RA-03, randomized-and-low-rank-approximation/RA-03/lean)	UNKNOWN STEP	2026-09-12T16:13:34.9845159Z LTS
verify (RA-03, randomized-and-low-rank-approximation/RA-03/lean)	UNKNOWN STEP	2026-09-12T16:13:34.9845745Z ##[endgroup]
verify (RA-03, randomized-and-low-rank-approximation/RA-03/lean)	UNKNOWN STEP	2026-09-12T16:13:34.9846333Z ##[group]Runner Image
verify (RA-03, randomized-and-low-rank-approximation/RA-03/lean)	UNKNOWN STEP	2026-09-12T16:13:34.9847022Z Image: ubuntu-24.04
verify (RA-03, randomized-and-low-rank-approximation/RA-03/lean)	UNKNOWN STEP	2026-09-12T16:13:34.9847590Z Version: 20260907.300.1
verify (RA-03, randomized-and-low-rank-approximation/RA-03/lean)	UNKNOWN STEP	2026-09-12T16:13:34.9848908Z Included Software: https://github.com/actions/runner-images/blob/ubuntu24/20260907.300/images/ubuntu/Ubuntu2404-Readme.md
verify (RA-03, randomized-and-low-rank-approximation/RA-03/lean)	UNKNOWN STEP	2026-09-12T16:13:34.9850482Z Image Release: https://github.com/actions/runner-images/releases/tag/ubuntu24%2F20260907.300
verify (RA-03, randomized-and-low-rank-approximation/RA-03/lean)	UNKNOWN STEP	2026-09-12T16:13:34.9851515Z ##[endgroup]
verify (RA-03, randomized-and-low-rank-approximation/RA-03/lean)	UNKNOWN STEP	2026-09-12T16:13:34.9852899Z ##[group]GITHUB_TOKEN Permissions
verify (RA-03, randomized-and-low-rank-approximation/RA-03/lean)	UNKNOWN STEP	2026-09-12T16:13:34.9854942Z Contents: read
verify (RA-03, randomized-and-low-rank-approximation/RA-03/lean)	UNKNOWN STEP	2026-09-12T16:13:34.9855564Z Metadata: read
verify (RA-03, randomized-and-low-rank-approximation/RA-03/lean)	UNKNOWN STEP	2026-09-12T16:13:34.9856148Z ##[endgroup]
verify (RA-03, randomized-and-low-rank-approximation/RA-03/lean)	UNKNOWN STEP	2026-09-12T16:13:34.9858450Z Secret source: Actions
verify (RA-03, randomized-and-low-rank-approximation/RA-03/lean)	UNKNOWN STEP	2026-09-12T16:13:34.9859454Z Cache mode: write
verify (RA-03, randomized-and-low-rank-approximation/RA-03/lean)	UNKNOWN STEP	2026-09-12T16:13:34.9860272Z Prepare workflow directory
verify (RA-03, randomized-and-low-rank-approximation/RA-03/lean)	UNKNOWN STEP	2026-09-12T16:13:35.0227804Z Prepare all required actions
verify (RA-03, randomized-and-low-rank-approximation/RA-03/lean)	UNKNOWN STEP	2026-09-12T16:13:35.0277132Z Getting action download info
verify (RA-03, randomized-and-low-rank-approximation/RA-03/lean)	UNKNOWN STEP	2026-09-12T16:13:35.3389592Z Download action repository 'actions/checkout@11d5960a326750d5838078e36cf38b85af677262' (SHA:11d5960a326750d5838078e36cf38b85af677262)
verify (RA-03, randomized-and-low-rank-approximation/RA-03/lean)	UNKNOWN STEP	2026-09-12T16:13:35.4569905Z Download action repository 'actions/setup-go@924ae3a1cded613372ab5595356fb5720e22ba16' (SHA:924ae3a1cded613372ab5595356fb5720e22ba16)
verify (RA-03, randomized-and-low-rank-approximation/RA-03/lean)	UNKNOWN STEP	2026-09-12T16:13:36.0892423Z Download action repository 'leanprover/lean-action@96e06131c0e9943c780388fd166f55d1e2fa0433' (SHA:96e06131c0e9943c780388fd166f55d1e2fa0433)
verify (RA-03, randomized-and-low-rank-approximation/RA-03/lean)	UNKNOWN STEP	2026-09-12T16:13:36.3857300Z Download action repository 'actions/upload-artifact@ea165f8d65b6e75b540449e92b4886f43607fa02' (SHA:ea165f8d65b6e75b540449e92b4886f43607fa02)
verify (RA-03, randomized-and-low-rank-approximation/RA-03/lean)	UNKNOWN STEP	2026-09-12T16:13:36.6221246Z Getting action download info
verify (RA-03, randomized-and-low-rank-approximation/RA-03/lean)	UNKNOWN STEP	2026-09-12T16:13:36.7439109Z Download action repository 'actions/cache@v5' (SHA:caa296126883cff596d87d8935842f9db880ef25)
verify (RA-03, randomized-and-low-rank-approximation/RA-03/lean)	UNKNOWN STEP	2026-09-12T16:13:37.0329372Z Complete job name: verify (RA-03, randomized-and-low-rank-approximation/RA-03/lean)
verify (RA-03, randomized-and-low-rank-approximation/RA-03/lean)	UNKNOWN STEP	2026-09-12T16:13:37.1385888Z Node 20 is being deprecated. This workflow is running with Node 24 by default. If you need to temporarily use Node 20, you can set the ACTIONS_ALLOW_USE_UNSECURE_NODE_VERSION=true environment variable. For more information see: https://github.blog/changelog/2025-09-19-deprecation-of-node-20-on-github-actions-runners/
verify (RA-03, randomized-and-low-rank-approximation/RA-03/lean)	UNKNOWN STEP	2026-09-12T16:13:37.1398565Z ##[group]Run actions/checkout@11d5960a326750d5838078e36cf38b85af677262
verify (RA-03, randomized-and-low-rank-approximation/RA-03/lean)	UNKNOWN STEP	2026-09-12T16:13:37.1400249Z with:
verify (RA-03, randomized-and-low-rank-approximation/RA-03/lean)	UNKNOWN STEP	2026-09-12T16:13:37.1401133Z   persist-credentials: false
verify (RA-03, randomized-and-low-rank-approximation/RA-03/lean)	UNKNOWN STEP	2026-09-12T16:13:37.1402521Z   repository: sgstepaniants/OpenProblemsInNLA
verify (RA-03, randomized-and-low-rank-approximation/RA-03/lean)	UNKNOWN STEP	2026-09-12T16:13:37.1411704Z   token: ***
verify (RA-03, randomized-and-low-rank-approximation/RA-03/lean)	UNKNOWN STEP	2026-09-12T16:13:37.1412782Z   ssh-strict: true
verify (RA-03, randomized-and-low-rank-approximation/RA-03/lean)	UNKNOWN STEP	2026-09-12T16:13:37.1413666Z   ssh-user: git
verify (RA-03, randomized-and-low-rank-approximation/RA-03/lean)	UNKNOWN STEP	2026-09-12T16:13:37.1414525Z   clean: true
verify (RA-03, randomized-and-low-rank-approximation/RA-03/lean)	UNKNOWN STEP	2026-09-12T16:13:37.1415433Z   sparse-checkout-cone-mode: true
verify (RA-03, randomized-and-low-rank-approximation/RA-03/lean)	UNKNOWN STEP	2026-09-12T16:13:37.1416508Z   fetch-depth: 1
verify (RA-03, randomized-and-low-rank-approximation/RA-03/lean)	UNKNOWN STEP	2026-09-12T16:13:37.1417390Z   fetch-tags: false
verify (RA-03, randomized-and-low-rank-approximation/RA-03/lean)	UNKNOWN STEP	2026-09-12T16:13:37.1418307Z   show-progress: true
verify (RA-03, randomized-and-low-rank-approximation/RA-03/lean)	UNKNOWN STEP	2026-09-12T16:13:37.1419266Z   lfs: false
verify (RA-03, randomized-and-low-rank-approximation/RA-03/lean)	UNKNOWN STEP	2026-09-12T16:13:37.1420116Z   submodules: false
verify (RA-03, randomized-and-low-rank-approximation/RA-03/lean)	UNKNOWN STEP	2026-09-12T16:13:37.1421029Z   set-safe-directory: true
verify (RA-03, randomized-and-low-rank-approximation/RA-03/lean)	UNKNOWN STEP	2026-09-12T16:13:37.1422213Z   allow-unsafe-pr-checkout: false
verify (RA-03, randomized-and-low-rank-approximation/RA-03/lean)	UNKNOWN STEP	2026-09-12T16:13:37.1423607Z ##[endgroup]
verify (RA-03, randomized-and-low-rank-approximation/RA-03/lean)	UNKNOWN STEP	2026-09-12T16:13:37.2514646Z Syncing repository: sgstepaniants/OpenProblemsInNLA
verify (RA-03, randomized-and-low-rank-approximation/RA-03/lean)	UNKNOWN STEP	2026-09-12T16:13:37.2518949Z ##[group]Getting Git version info
verify (RA-03, randomized-and-low-rank-approximation/RA-03/lean)	UNKNOWN STEP	2026-09-12T16:13:37.2521542Z Working directory is '/home/runner/work/OpenProblemsInNLA/OpenProblemsInNLA'
verify (RA-03, randomized-and-low-rank-approximation/RA-03/lean)	UNKNOWN STEP	2026-09-12T16:13:37.2526061Z [command]/usr/bin/git version
verify (RA-03, randomized-and-low-rank-approximation/RA-03/lean)	UNKNOWN STEP	2026-09-12T16:13:37.2580705Z git version 2.55.0
verify (RA-03, randomized-and-low-rank-approximation/RA-03/lean)	UNKNOWN STEP	2026-09-12T16:13:37.2663925Z ##[endgroup]
verify (RA-03, randomized-and-low-rank-approximation/RA-03/lean)	UNKNOWN STEP	2026-09-12T16:13:37.2676492Z Temporarily overriding HOME='/home/runner/work/_temp/1cdce35d-9d39-4d9d-96c2-5c561464fb97' before making global git config changes
verify (RA-03, randomized-and-low-rank-approximation/RA-03/lean)	UNKNOWN STEP	2026-09-12T16:13:37.2681111Z Adding repository directory to the temporary git global config as a safe directory
verify (RA-03, randomized-and-low-rank-approximation/RA-03/lean)	UNKNOWN STEP	2026-09-12T16:13:37.2685569Z [command]/usr/bin/git config --global --add safe.directory /home/runner/work/OpenProblemsInNLA/OpenProblemsInNLA
verify (RA-03, randomized-and-low-rank-approximation/RA-03/lean)	UNKNOWN STEP	2026-09-12T16:13:37.2740160Z Deleting the contents of '/home/runner/work/OpenProblemsInNLA/OpenProblemsInNLA'
verify (RA-03, randomized-and-low-rank-approximation/RA-03/lean)	UNKNOWN STEP	2026-09-12T16:13:37.2747740Z ##[group]Initializing the repository
verify (RA-03, randomized-and-low-rank-approximation/RA-03/lean)	UNKNOWN STEP	2026-09-12T16:13:37.2754308Z [command]/usr/bin/git init /home/runner/work/OpenProblemsInNLA/OpenProblemsInNLA
verify (RA-03, randomized-and-low-rank-approximation/RA-03/lean)	UNKNOWN STEP	2026-09-12T16:13:37.2897972Z hint: Using 'master' as the name for the initial branch. This default branch name
verify (RA-03, randomized-and-low-rank-approximation/RA-03/lean)	UNKNOWN STEP	2026-09-12T16:13:37.2900710Z hint: will change to "main" in Git 3.0. To configure the initial branch name
verify (RA-03, randomized-and-low-rank-approximation/RA-03/lean)	UNKNOWN STEP	2026-09-12T16:13:37.2903114Z hint: to use in all of your new repositories, which will suppress this warning,
verify (RA-03, randomized-and-low-rank-approximation/RA-03/lean)	UNKNOWN STEP	2026-09-12T16:13:37.2904840Z hint: call:
verify (RA-03, randomized-and-low-rank-approximation/RA-03/lean)	UNKNOWN STEP	2026-09-12T16:13:37.2905776Z hint:
verify (RA-03, randomized-and-low-rank-approximation/RA-03/lean)	UNKNOWN STEP	2026-09-12T16:13:37.2906937Z hint: 	git config --global init.defaultBranch <name>
verify (RA-03, randomized-and-low-rank-approximation/RA-03/lean)	UNKNOWN STEP	2026-09-12T16:13:37.2908366Z hint:
verify (RA-03, randomized-and-low-rank-approximation/RA-03/lean)	UNKNOWN STEP	2026-09-12T16:13:37.2909681Z hint: Names commonly chosen instead of 'master' are 'main', 'trunk' and
verify (RA-03, randomized-and-low-rank-approximation/RA-03/lean)	UNKNOWN STEP	2026-09-12T16:13:37.2912188Z hint: 'development'. The just-created branch can be renamed via this command:
verify (RA-03, randomized-and-low-rank-approximation/RA-03/lean)	UNKNOWN STEP	2026-09-12T16:13:37.2914870Z hint:
verify (RA-03, randomized-and-low-rank-approximation/RA-03/lean)	UNKNOWN STEP	2026-09-12T16:13:37.2916280Z hint: 	git branch -m <name>
verify (RA-03, randomized-and-low-rank-approximation/RA-03/lean)	UNKNOWN STEP	2026-09-12T16:13:37.2917675Z hint:
verify (RA-03, randomized-and-low-rank-approximation/RA-03/lean)	UNKNOWN STEP	2026-09-12T16:13:37.2919467Z hint: Disable this message with "git config set advice.defaultBranchName false"
verify (RA-03, randomized-and-low-rank-approximation/RA-03/lean)	UNKNOWN STEP	2026-09-12T16:13:37.2922836Z Initialized empty Git repository in /home/runner/work/OpenProblemsInNLA/OpenProblemsInNLA/.git/
verify (RA-03, randomized-and-low-rank-approximation/RA-03/lean)	UNKNOWN STEP	2026-09-12T16:13:37.2933522Z [command]/usr/bin/git remote add origin https://github.com/sgstepaniants/OpenProblemsInNLA
verify (RA-03, randomized-and-low-rank-approximation/RA-03/lean)	UNKNOWN STEP	2026-09-12T16:13:37.2989524Z ##[endgroup]
verify (RA-03, randomized-and-low-rank-approximation/RA-03/lean)	UNKNOWN STEP	2026-09-12T16:13:37.2992344Z ##[group]Disabling automatic garbage collection
verify (RA-03, randomized-and-low-rank-approximation/RA-03/lean)	UNKNOWN STEP	2026-09-12T16:13:37.2995766Z [command]/usr/bin/git config --local gc.auto 0
verify (RA-03, randomized-and-low-rank-approximation/RA-03/lean)	UNKNOWN STEP	2026-09-12T16:13:37.3056241Z ##[endgroup]
verify (RA-03, randomized-and-low-rank-approximation/RA-03/lean)	UNKNOWN STEP	2026-09-12T16:13:37.3058669Z ##[group]Setting up auth
verify (RA-03, randomized-and-low-rank-approximation/RA-03/lean)	UNKNOWN STEP	2026-09-12T16:13:37.3061056Z [command]/usr/bin/git config --local --name-only --get-regexp core\.sshCommand
verify (RA-03, randomized-and-low-rank-approximation/RA-03/lean)	UNKNOWN STEP	2026-09-12T16:13:37.3089010Z [command]/usr/bin/git submodule foreach --recursive sh -c "git config --local --name-only --get-regexp 'core\.sshCommand' && git config --local --unset-all 'core.sshCommand' || :"
verify (RA-03, randomized-and-low-rank-approximation/RA-03/lean)	UNKNOWN STEP	2026-09-12T16:13:37.3519795Z [command]/usr/bin/git config --local --name-only --get-regexp http\.https\:\/\/github\.com\/\.extraheader
verify (RA-03, randomized-and-low-rank-approximation/RA-03/lean)	UNKNOWN STEP	2026-09-12T16:13:37.3565029Z [command]/usr/bin/git submodule foreach --recursive sh -c "git config --local --name-only --get-regexp 'http\.https\:\/\/github\.com\/\.extraheader' && git config --local --unset-all 'http.https://github.com/.extraheader' || :"
verify (RA-03, randomized-and-low-rank-approximation/RA-03/lean)	UNKNOWN STEP	2026-09-12T16:13:37.3801125Z [command]/usr/bin/git config --local --name-only --get-regexp ^includeIf\.gitdir:
verify (RA-03, randomized-and-low-rank-approximation/RA-03/lean)	UNKNOWN STEP	2026-09-12T16:13:37.3843069Z [command]/usr/bin/git submodule foreach --recursive git config --local --show-origin --name-only --get-regexp remote.origin.url
verify (RA-03, randomized-and-low-rank-approximation/RA-03/lean)	UNKNOWN STEP	2026-09-12T16:13:37.4076573Z [command]/usr/bin/git config --local http.https://github.com/.extraheader AUTHORIZATION: basic ***
verify (RA-03, randomized-and-low-rank-approximation/RA-03/lean)	UNKNOWN STEP	2026-09-12T16:13:37.4118248Z ##[endgroup]
verify (RA-03, randomized-and-low-rank-approximation/RA-03/lean)	UNKNOWN STEP	2026-09-12T16:13:37.4121099Z ##[group]Fetching the repository
verify (RA-03, randomized-and-low-rank-approximation/RA-03/lean)	UNKNOWN STEP	2026-09-12T16:13:37.4132742Z [command]/usr/bin/git -c protocol.version=2 fetch --no-tags --prune --no-recurse-submodules --depth=1 origin +973f95969701601dcae7b30683b175843baa9c22:refs/remotes/origin/codex/lean-ra03-randomized-lu
verify (RA-03, randomized-and-low-rank-approximation/RA-03/lean)	UNKNOWN STEP	2026-09-12T16:13:40.0143151Z From https://github.com/sgstepaniants/OpenProblemsInNLA
verify (RA-03, randomized-and-low-rank-approximation/RA-03/lean)	UNKNOWN STEP	2026-09-12T16:13:40.0144155Z  * [new ref]         973f95969701601dcae7b30683b175843baa9c22 -> origin/codex/lean-ra03-randomized-lu
verify (RA-03, randomized-and-low-rank-approximation/RA-03/lean)	UNKNOWN STEP	2026-09-12T16:13:40.0147864Z ##[endgroup]
verify (RA-03, randomized-and-low-rank-approximation/RA-03/lean)	UNKNOWN STEP	2026-09-12T16:13:40.0148794Z ##[group]Determining the checkout info
verify (RA-03, randomized-and-low-rank-approximation/RA-03/lean)	UNKNOWN STEP	2026-09-12T16:13:40.0153654Z ##[endgroup]
verify (RA-03, randomized-and-low-rank-approximation/RA-03/lean)	UNKNOWN STEP	2026-09-12T16:13:40.0157924Z [command]/usr/bin/git sparse-checkout disable
verify (RA-03, randomized-and-low-rank-approximation/RA-03/lean)	UNKNOWN STEP	2026-09-12T16:13:40.0220651Z [command]/usr/bin/git config --local --unset-all extensions.worktreeConfig
verify (RA-03, randomized-and-low-rank-approximation/RA-03/lean)	UNKNOWN STEP	2026-09-12T16:13:40.0264212Z ##[group]Checking out the ref
verify (RA-03, randomized-and-low-rank-approximation/RA-03/lean)	UNKNOWN STEP	2026-09-12T16:13:40.0268492Z [command]/usr/bin/git checkout --progress --force -B codex/lean-ra03-randomized-lu refs/remotes/origin/codex/lean-ra03-randomized-lu
verify (RA-03, randomized-and-low-rank-approximation/RA-03/lean)	UNKNOWN STEP	2026-09-12T16:13:40.4534195Z Switched to a new branch 'codex/lean-ra03-randomized-lu'
verify (RA-03, randomized-and-low-rank-approximation/RA-03/lean)	UNKNOWN STEP	2026-09-12T16:13:40.4540458Z branch 'codex/lean-ra03-randomized-lu' set up to track 'origin/codex/lean-ra03-randomized-lu'.
verify (RA-03, randomized-and-low-rank-approximation/RA-03/lean)	UNKNOWN STEP	2026-09-12T16:13:40.4569447Z ##[endgroup]
verify (RA-03, randomized-and-low-rank-approximation/RA-03/lean)	UNKNOWN STEP	2026-09-12T16:13:40.4626678Z [command]/usr/bin/git log -1 --format=%H
verify (RA-03, randomized-and-low-rank-approximation/RA-03/lean)	UNKNOWN STEP	2026-09-12T16:13:40.4656621Z 973f95969701601dcae7b30683b175843baa9c22
verify (RA-03, randomized-and-low-rank-approximation/RA-03/lean)	UNKNOWN STEP	2026-09-12T16:13:40.4668587Z ##[group]Removing auth
verify (RA-03, randomized-and-low-rank-approximation/RA-03/lean)	UNKNOWN STEP	2026-09-12T16:13:40.4673419Z [command]/usr/bin/git config --local --name-only --get-regexp core\.sshCommand
verify (RA-03, randomized-and-low-rank-approximation/RA-03/lean)	UNKNOWN STEP	2026-09-12T16:13:40.4715062Z [command]/usr/bin/git submodule foreach --recursive sh -c "git config --local --name-only --get-regexp 'core\.sshCommand' && git config --local --unset-all 'core.sshCommand' || :"
verify (RA-03, randomized-and-low-rank-approximation/RA-03/lean)	UNKNOWN STEP	2026-09-12T16:13:40.4998860Z [command]/usr/bin/git config --local --name-only --get-regexp http\.https\:\/\/github\.com\/\.extraheader
verify (RA-03, randomized-and-low-rank-approximation/RA-03/lean)	UNKNOWN STEP	2026-09-12T16:13:40.5033561Z http.https://github.com/.extraheader
verify (RA-03, randomized-and-low-rank-approximation/RA-03/lean)	UNKNOWN STEP	2026-09-12T16:13:40.5045695Z [command]/usr/bin/git config --local --unset-all http.https://github.com/.extraheader
verify (RA-03, randomized-and-low-rank-approximation/RA-03/lean)	UNKNOWN STEP	2026-09-12T16:13:40.5083314Z [command]/usr/bin/git submodule foreach --recursive sh -c "git config --local --name-only --get-regexp 'http\.https\:\/\/github\.com\/\.extraheader' && git config --local --unset-all 'http.https://github.com/.extraheader' || :"
verify (RA-03, randomized-and-low-rank-approximation/RA-03/lean)	UNKNOWN STEP	2026-09-12T16:13:40.5373319Z [command]/usr/bin/git config --local --name-only --get-regexp ^includeIf\.gitdir:
verify (RA-03, randomized-and-low-rank-approximation/RA-03/lean)	UNKNOWN STEP	2026-09-12T16:13:40.5395620Z [command]/usr/bin/git submodule foreach --recursive git config --local --show-origin --name-only --get-regexp remote.origin.url
verify (RA-03, randomized-and-low-rank-approximation/RA-03/lean)	UNKNOWN STEP	2026-09-12T16:13:40.5660239Z ##[endgroup]
verify (RA-03, randomized-and-low-rank-approximation/RA-03/lean)	UNKNOWN STEP	2026-09-12T16:13:40.5881174Z ##[group]Run python3 -m pip install -r tools/lean/requirements.txt
verify (RA-03, randomized-and-low-rank-approximation/RA-03/lean)	UNKNOWN STEP	2026-09-12T16:13:40.5882105Z ^[[36;1mpython3 -m pip install -r tools/lean/requirements.txt^[[0m
verify (RA-03, randomized-and-low-rank-approximation/RA-03/lean)	UNKNOWN STEP	2026-09-12T16:13:40.5882645Z ^[[36;1mpython3 tools/lean/validate_manifest.py "$LEAN_PROJECT"^[[0m
verify (RA-03, randomized-and-low-rank-approximation/RA-03/lean)	UNKNOWN STEP	2026-09-12T16:13:40.5923884Z shell: /usr/bin/bash -e {0}
verify (RA-03, randomized-and-low-rank-approximation/RA-03/lean)	UNKNOWN STEP	2026-09-12T16:13:40.5924200Z env:
verify (RA-03, randomized-and-low-rank-approximation/RA-03/lean)	UNKNOWN STEP	2026-09-12T16:13:40.5924593Z   LEAN_PROJECT: randomized-and-low-rank-approximation/RA-03/lean
verify (RA-03, randomized-and-low-rank-approximation/RA-03/lean)	UNKNOWN STEP	2026-09-12T16:13:40.5925071Z ##[endgroup]
verify (RA-03, randomized-and-low-rank-approximation/RA-03/lean)	UNKNOWN STEP	2026-09-12T16:13:41.0810749Z Defaulting to user installation because normal site-packages is not writeable
verify (RA-03, randomized-and-low-rank-approximation/RA-03/lean)	UNKNOWN STEP	2026-09-12T16:13:41.6706152Z Collecting PyYAML==6.0.3 (from -r tools/lean/requirements.txt (line 1))
verify (RA-03, randomized-and-low-rank-approximation/RA-03/lean)	UNKNOWN STEP	2026-09-12T16:13:41.7480159Z   Downloading pyyaml-6.0.3-cp312-cp312-manylinux2014_x86_64.manylinux_2_17_x86_64.manylinux_2_28_x86_64.whl.metadata (2.4 kB)
verify (RA-03, randomized-and-low-rank-approximation/RA-03/lean)	UNKNOWN STEP	2026-09-12T16:13:41.8060697Z Collecting jsonschema==4.26.0 (from -r tools/lean/requirements.txt (line 2))
verify (RA-03, randomized-and-low-rank-approximation/RA-03/lean)	UNKNOWN STEP	2026-09-12T16:13:41.8354125Z   Downloading jsonschema-4.26.0-py3-none-any.whl.metadata (7.6 kB)
verify (RA-03, randomized-and-low-rank-approximation/RA-03/lean)	UNKNOWN STEP	2026-09-12T16:13:41.8545197Z Requirement already satisfied: attrs>=22.2.0 in /usr/lib/python3/dist-packages (from jsonschema==4.26.0->-r tools/lean/requirements.txt (line 2)) (23.2.0)
verify (RA-03, randomized-and-low-rank-approximation/RA-03/lean)	UNKNOWN STEP	2026-09-12T16:13:41.8889288Z Collecting jsonschema-specifications>=2023.03.6 (from jsonschema==4.26.0->-r tools/lean/requirements.txt (line 2))
verify (RA-03, randomized-and-low-rank-approximation/RA-03/lean)	UNKNOWN STEP	2026-09-12T16:13:41.9083424Z   Downloading jsonschema_specifications-2025.9.1-py3-none-any.whl.metadata (2.9 kB)
verify (RA-03, randomized-and-low-rank-approximation/RA-03/lean)	UNKNOWN STEP	2026-09-12T16:13:41.9642686Z Collecting referencing>=0.28.4 (from jsonschema==4.26.0->-r tools/lean/requirements.txt (line 2))
verify (RA-03, randomized-and-low-rank-approximation/RA-03/lean)	UNKNOWN STEP	2026-09-12T16:13:41.9835388Z   Downloading referencing-0.37.0-py3-none-any.whl.metadata (2.8 kB)
verify (RA-03, randomized-and-low-rank-approximation/RA-03/lean)	UNKNOWN STEP	2026-09-12T16:13:42.3761128Z Collecting rpds-py>=0.25.0 (from jsonschema==4.26.0->-r tools/lean/requirements.txt (line 2))
verify (RA-03, randomized-and-low-rank-approximation/RA-03/lean)	UNKNOWN STEP	2026-09-12T16:13:42.3955011Z   Downloading rpds_py-2026.6.3-cp312-cp312-manylinux_2_17_x86_64.manylinux2014_x86_64.whl.metadata (4.1 kB)
verify (RA-03, randomized-and-low-rank-approximation/RA-03/lean)	UNKNOWN STEP	2026-09-12T16:13:42.4300614Z Requirement already satisfied: typing-extensions>=4.4.0 in /usr/lib/python3/dist-packages (from referencing>=0.28.4->jsonschema==4.26.0->-r tools/lean/requirements.txt (line 2)) (4.10.0)
verify (RA-03, randomized-and-low-rank-approximation/RA-03/lean)	UNKNOWN STEP	2026-09-12T16:13:42.4523742Z Downloading pyyaml-6.0.3-cp312-cp312-manylinux2014_x86_64.manylinux_2_17_x86_64.manylinux_2_28_x86_64.whl (807 kB)
verify (RA-03, randomized-and-low-rank-approximation/RA-03/lean)	UNKNOWN STEP	2026-09-12T16:13:42.5484356Z    ━━━━━━━━━━━━━━━━━━━━━━━━━━━━━━━━━━━━━━━━ 807.9/807.9 kB 8.6 MB/s eta 0:00:00
verify (RA-03, randomized-and-low-rank-approximation/RA-03/lean)	UNKNOWN STEP	2026-09-12T16:13:42.5683499Z Downloading jsonschema-4.26.0-py3-none-any.whl (90 kB)
verify (RA-03, randomized-and-low-rank-approximation/RA-03/lean)	UNKNOWN STEP	2026-09-12T16:13:42.5730686Z    ━━━━━━━━━━━━━━━━━━━━━━━━━━━━━━━━━━━━━━━━ 90.6/90.6 kB 29.8 MB/s eta 0:00:00
verify (RA-03, randomized-and-low-rank-approximation/RA-03/lean)	UNKNOWN STEP	2026-09-12T16:13:42.5943040Z Downloading jsonschema_specifications-2025.9.1-py3-none-any.whl (18 kB)
verify (RA-03, randomized-and-low-rank-approximation/RA-03/lean)	UNKNOWN STEP	2026-09-12T16:13:42.6158719Z Downloading referencing-0.37.0-py3-none-any.whl (26 kB)
verify (RA-03, randomized-and-low-rank-approximation/RA-03/lean)	UNKNOWN STEP	2026-09-12T16:13:42.6378619Z Downloading rpds_py-2026.6.3-cp312-cp312-manylinux_2_17_x86_64.manylinux2014_x86_64.whl (366 kB)
verify (RA-03, randomized-and-low-rank-approximation/RA-03/lean)	UNKNOWN STEP	2026-09-12T16:13:42.6468694Z    ━━━━━━━━━━━━━━━━━━━━━━━━━━━━━━━━━━━━━━━━ 366.2/366.2 kB 51.1 MB/s eta 0:00:00
verify (RA-03, randomized-and-low-rank-approximation/RA-03/lean)	UNKNOWN STEP	2026-09-12T16:13:42.9421693Z Installing collected packages: rpds-py, PyYAML, referencing, jsonschema-specifications, jsonschema
verify (RA-03, randomized-and-low-rank-approximation/RA-03/lean)	UNKNOWN STEP	2026-09-12T16:13:43.1172550Z Successfully installed PyYAML-6.0.3 jsonschema-4.26.0 jsonschema-specifications-2025.9.1 referencing-0.37.0 rpds-py-2026.6.3
verify (RA-03, randomized-and-low-rank-approximation/RA-03/lean)	UNKNOWN STEP	2026-09-12T16:13:43.4104548Z Manifest schema and comparator coverage: PASS (4 declarations)
verify (RA-03, randomized-and-low-rank-approximation/RA-03/lean)	UNKNOWN STEP	2026-09-12T16:13:43.4377091Z ##[group]Run actions/setup-go@924ae3a1cded613372ab5595356fb5720e22ba16
verify (RA-03, randomized-and-low-rank-approximation/RA-03/lean)	UNKNOWN STEP	2026-09-12T16:13:43.4377517Z with:
verify (RA-03, randomized-and-low-rank-approximation/RA-03/lean)	UNKNOWN STEP	2026-09-12T16:13:43.4377719Z   go-version: 1.27.1
verify (RA-03, randomized-and-low-rank-approximation/RA-03/lean)	UNKNOWN STEP	2026-09-12T16:13:43.4377931Z   cache: false
verify (RA-03, randomized-and-low-rank-approximation/RA-03/lean)	UNKNOWN STEP	2026-09-12T16:13:43.4378132Z   check-latest: false
verify (RA-03, randomized-and-low-rank-approximation/RA-03/lean)	UNKNOWN STEP	2026-09-12T16:13:43.4380699Z   token: ***
verify (RA-03, randomized-and-low-rank-approximation/RA-03/lean)	UNKNOWN STEP	2026-09-12T16:13:43.4380910Z ##[endgroup]
verify (RA-03, randomized-and-low-rank-approximation/RA-03/lean)	UNKNOWN STEP	2026-09-12T16:13:43.5671150Z Setup go version spec 1.27.1
verify (RA-03, randomized-and-low-rank-approximation/RA-03/lean)	UNKNOWN STEP	2026-09-12T16:13:43.5684542Z Attempting to download 1.27.1...
verify (RA-03, randomized-and-low-rank-approximation/RA-03/lean)	UNKNOWN STEP	2026-09-12T16:13:44.4824157Z matching 1.27.1...
verify (RA-03, randomized-and-low-rank-approximation/RA-03/lean)	UNKNOWN STEP	2026-09-12T16:13:44.4853916Z Acquiring 1.27.1 from https://github.com/actions/go-versions/releases/download/1.27.1-33583469715/go-1.27.1-linux-x64.tar.gz
verify (RA-03, randomized-and-low-rank-approximation/RA-03/lean)	UNKNOWN STEP	2026-09-12T16:13:45.2672811Z Extracting Go...
verify (RA-03, randomized-and-low-rank-approximation/RA-03/lean)	UNKNOWN STEP	2026-09-12T16:13:45.2803182Z [command]/usr/bin/tar xz --warning=no-unknown-keyword --overwrite -C /home/runner/work/_temp/be1e670a-4fc8-4f36-9e1c-c7ebfd807268 -f /home/runner/work/_temp/2daf75cc-9c5f-49c9-9e29-159c23cd70f5
verify (RA-03, randomized-and-low-rank-approximation/RA-03/lean)	UNKNOWN STEP	2026-09-12T16:13:47.0846219Z Successfully extracted go to /home/runner/work/_temp/be1e670a-4fc8-4f36-9e1c-c7ebfd807268
verify (RA-03, randomized-and-low-rank-approximation/RA-03/lean)	UNKNOWN STEP	2026-09-12T16:13:47.0847168Z Adding to the cache ...
verify (RA-03, randomized-and-low-rank-approximation/RA-03/lean)	UNKNOWN STEP	2026-09-12T16:13:54.3876529Z Successfully cached go to /opt/hostedtoolcache/go/1.27.1/x64
verify (RA-03, randomized-and-low-rank-approximation/RA-03/lean)	UNKNOWN STEP	2026-09-12T16:13:54.3879745Z Added go to the path
verify (RA-03, randomized-and-low-rank-approximation/RA-03/lean)	UNKNOWN STEP	2026-09-12T16:13:54.3882541Z Successfully set up Go version 1.27.1
verify (RA-03, randomized-and-low-rank-approximation/RA-03/lean)	UNKNOWN STEP	2026-09-12T16:13:54.4123917Z go version go1.27.1 linux/amd64
verify (RA-03, randomized-and-low-rank-approximation/RA-03/lean)	UNKNOWN STEP	2026-09-12T16:13:54.4124180Z 
verify (RA-03, randomized-and-low-rank-approximation/RA-03/lean)	UNKNOWN STEP	2026-09-12T16:13:54.4124532Z ##[group]go env
verify (RA-03, randomized-and-low-rank-approximation/RA-03/lean)	UNKNOWN STEP	2026-09-12T16:13:54.5602232Z AR='ar'
verify (RA-03, randomized-and-low-rank-approximation/RA-03/lean)	UNKNOWN STEP	2026-09-12T16:13:54.5602695Z CC='gcc'
verify (RA-03, randomized-and-low-rank-approximation/RA-03/lean)	UNKNOWN STEP	2026-09-12T16:13:54.5603120Z CGO_CFLAGS='-O2 -g'
verify (RA-03, randomized-and-low-rank-approximation/RA-03/lean)	UNKNOWN STEP	2026-09-12T16:13:54.5603609Z CGO_CPPFLAGS=''
verify (RA-03, randomized-and-low-rank-approximation/RA-03/lean)	UNKNOWN STEP	2026-09-12T16:13:54.5604063Z CGO_CXXFLAGS='-O2 -g'
verify (RA-03, randomized-and-low-rank-approximation/RA-03/lean)	UNKNOWN STEP	2026-09-12T16:13:54.5604528Z CGO_ENABLED='1'
verify (RA-03, randomized-and-low-rank-approximation/RA-03/lean)	UNKNOWN STEP	2026-09-12T16:13:54.5604937Z CGO_FFLAGS='-O2 -g'
verify (RA-03, randomized-and-low-rank-approximation/RA-03/lean)	UNKNOWN STEP	2026-09-12T16:13:54.5605368Z CGO_LDFLAGS='-O2 -g'
verify (RA-03, randomized-and-low-rank-approximation/RA-03/lean)	UNKNOWN STEP	2026-09-12T16:13:54.5605781Z CXX='g++'
verify (RA-03, randomized-and-low-rank-approximation/RA-03/lean)	UNKNOWN STEP	2026-09-12T16:13:54.5606155Z GCCGO='gccgo'
verify (RA-03, randomized-and-low-rank-approximation/RA-03/lean)	UNKNOWN STEP	2026-09-12T16:13:54.5606513Z GO111MODULE=''
verify (RA-03, randomized-and-low-rank-approximation/RA-03/lean)	UNKNOWN STEP	2026-09-12T16:13:54.5606819Z GOAMD64='v1'
verify (RA-03, randomized-and-low-rank-approximation/RA-03/lean)	UNKNOWN STEP	2026-09-12T16:13:54.5607078Z GOARCH='amd64'
verify (RA-03, randomized-and-low-rank-approximation/RA-03/lean)	UNKNOWN STEP	2026-09-12T16:13:54.5607352Z GOAUTH='netrc'
verify (RA-03, randomized-and-low-rank-approximation/RA-03/lean)	UNKNOWN STEP	2026-09-12T16:13:54.5607652Z GOBIN='/home/runner/go/bin'
verify (RA-03, randomized-and-low-rank-approximation/RA-03/lean)	UNKNOWN STEP	2026-09-12T16:13:54.5608005Z GOCACHE='/home/runner/.cache/go-build'
verify (RA-03, randomized-and-low-rank-approximation/RA-03/lean)	UNKNOWN STEP	2026-09-12T16:13:54.5608384Z GOCACHEPROG=''
verify (RA-03, randomized-and-low-rank-approximation/RA-03/lean)	UNKNOWN STEP	2026-09-12T16:13:54.5608642Z GODEBUG=''
verify (RA-03, randomized-and-low-rank-approximation/RA-03/lean)	UNKNOWN STEP	2026-09-12T16:13:54.5608911Z GOENV='/home/runner/.config/go/env'
verify (RA-03, randomized-and-low-rank-approximation/RA-03/lean)	UNKNOWN STEP	2026-09-12T16:13:54.5609245Z GOEXE=''
verify (RA-03, randomized-and-low-rank-approximation/RA-03/lean)	UNKNOWN STEP	2026-09-12T16:13:54.5609485Z GOEXPERIMENT=''
verify (RA-03, randomized-and-low-rank-approximation/RA-03/lean)	UNKNOWN STEP	2026-09-12T16:13:54.5609745Z GOFIPS140='off'
verify (RA-03, randomized-and-low-rank-approximation/RA-03/lean)	UNKNOWN STEP	2026-09-12T16:13:54.5609992Z GOFLAGS=''
verify (RA-03, randomized-and-low-rank-approximation/RA-03/lean)	UNKNOWN STEP	2026-09-12T16:13:54.5610901Z GOGCCFLAGS='-fPIC -m64 -pthread -Wl,--no-gc-sections -fmessage-length=0 -ffile-prefix-map=/tmp/go-build2331537047=/tmp/go-build -gno-record-gcc-switches'
verify (RA-03, randomized-and-low-rank-approximation/RA-03/lean)	UNKNOWN STEP	2026-09-12T16:13:54.5612516Z GOHOSTARCH='amd64'
verify (RA-03, randomized-and-low-rank-approximation/RA-03/lean)	UNKNOWN STEP	2026-09-12T16:13:54.5612793Z GOHOSTOS='linux'
verify (RA-03, randomized-and-low-rank-approximation/RA-03/lean)	UNKNOWN STEP	2026-09-12T16:13:54.5613059Z GOINSECURE=''
verify (RA-03, randomized-and-low-rank-approximation/RA-03/lean)	UNKNOWN STEP	2026-09-12T16:13:54.5613315Z GOMOD='/dev/null'
verify (RA-03, randomized-and-low-rank-approximation/RA-03/lean)	UNKNOWN STEP	2026-09-12T16:13:54.5613614Z GOMODCACHE='/home/runner/go/pkg/mod'
verify (RA-03, randomized-and-low-rank-approximation/RA-03/lean)	UNKNOWN STEP	2026-09-12T16:13:54.5613957Z GONOPROXY=''
verify (RA-03, randomized-and-low-rank-approximation/RA-03/lean)	UNKNOWN STEP	2026-09-12T16:13:54.5614205Z GONOSUMDB=''
verify (RA-03, randomized-and-low-rank-approximation/RA-03/lean)	UNKNOWN STEP	2026-09-12T16:13:54.5614455Z GOOS='linux'
verify (RA-03, randomized-and-low-rank-approximation/RA-03/lean)	UNKNOWN STEP	2026-09-12T16:13:54.5614708Z GOPACKAGESDRIVER=''
verify (RA-03, randomized-and-low-rank-approximation/RA-03/lean)	UNKNOWN STEP	2026-09-12T16:13:54.5614991Z GOPATH='/home/runner/go'
verify (RA-03, randomized-and-low-rank-approximation/RA-03/lean)	UNKNOWN STEP	2026-09-12T16:13:54.5615278Z GOPRIVATE=''
verify (RA-03, randomized-and-low-rank-approximation/RA-03/lean)	UNKNOWN STEP	2026-09-12T16:13:54.5615601Z GOPROXY='https://proxy.golang.org,direct'
verify (RA-03, randomized-and-low-rank-approximation/RA-03/lean)	UNKNOWN STEP	2026-09-12T16:13:54.5616039Z GOROOT='/opt/hostedtoolcache/go/1.27.1/x64'
verify (RA-03, randomized-and-low-rank-approximation/RA-03/lean)	UNKNOWN STEP	2026-09-12T16:13:54.5616437Z GOSUMDB='sum.golang.org'
verify (RA-03, randomized-and-low-rank-approximation/RA-03/lean)	UNKNOWN STEP	2026-09-12T16:13:54.5616735Z GOTELEMETRY='local'
verify (RA-03, randomized-and-low-rank-approximation/RA-03/lean)	UNKNOWN STEP	2026-09-12T16:13:54.5617079Z GOTELEMETRYDIR='/home/runner/.config/go/telemetry'
verify (RA-03, randomized-and-low-rank-approximation/RA-03/lean)	UNKNOWN STEP	2026-09-12T16:13:54.5617477Z GOTMPDIR=''
verify (RA-03, randomized-and-low-rank-approximation/RA-03/lean)	UNKNOWN STEP	2026-09-12T16:13:54.5617729Z GOTOOLCHAIN='local'
verify (RA-03, randomized-and-low-rank-approximation/RA-03/lean)	UNKNOWN STEP	2026-09-12T16:13:54.5618155Z GOTOOLDIR='/opt/hostedtoolcache/go/1.27.1/x64/pkg/tool/linux_amd64'
verify (RA-03, randomized-and-low-rank-approximation/RA-03/lean)	UNKNOWN STEP	2026-09-12T16:13:54.5618620Z GOVCS=''
verify (RA-03, randomized-and-low-rank-approximation/RA-03/lean)	UNKNOWN STEP	2026-09-12T16:13:54.5618863Z GOVERSION='go1.27.1'
verify (RA-03, randomized-and-low-rank-approximation/RA-03/lean)	UNKNOWN STEP	2026-09-12T16:13:54.5619125Z GOWORK=''
verify (RA-03, randomized-and-low-rank-approximation/RA-03/lean)	UNKNOWN STEP	2026-09-12T16:13:54.5619379Z PKG_CONFIG='pkg-config'
verify (RA-03, randomized-and-low-rank-approximation/RA-03/lean)	UNKNOWN STEP	2026-09-12T16:13:54.5619533Z 
verify (RA-03, randomized-and-low-rank-approximation/RA-03/lean)	UNKNOWN STEP	2026-09-12T16:13:54.5619907Z ##[endgroup]
verify (RA-03, randomized-and-low-rank-approximation/RA-03/lean)	UNKNOWN STEP	2026-09-12T16:13:54.6043410Z ##[group]Run leanprover/lean-action@96e06131c0e9943c780388fd166f55d1e2fa0433
verify (RA-03, randomized-and-low-rank-approximation/RA-03/lean)	UNKNOWN STEP	2026-09-12T16:13:54.6043839Z with:
verify (RA-03, randomized-and-low-rank-approximation/RA-03/lean)	UNKNOWN STEP	2026-09-12T16:13:54.6044186Z   lake-package-directory: randomized-and-low-rank-approximation/RA-03/lean
verify (RA-03, randomized-and-low-rank-approximation/RA-03/lean)	UNKNOWN STEP	2026-09-12T16:13:54.6044599Z   auto-config: false
verify (RA-03, randomized-and-low-rank-approximation/RA-03/lean)	UNKNOWN STEP	2026-09-12T16:13:54.6044810Z   build: false
verify (RA-03, randomized-and-low-rank-approximation/RA-03/lean)	UNKNOWN STEP	2026-09-12T16:13:54.6044995Z   test: false
verify (RA-03, randomized-and-low-rank-approximation/RA-03/lean)	UNKNOWN STEP	2026-09-12T16:13:54.6045176Z   lint: false
verify (RA-03, randomized-and-low-rank-approximation/RA-03/lean)	UNKNOWN STEP	2026-09-12T16:13:54.6045378Z   use-mathlib-cache: false
verify (RA-03, randomized-and-low-rank-approximation/RA-03/lean)	UNKNOWN STEP	2026-09-12T16:13:54.6045615Z   use-github-cache: false
verify (RA-03, randomized-and-low-rank-approximation/RA-03/lean)	UNKNOWN STEP	2026-09-12T16:13:54.6045837Z   mk_all-check: false
verify (RA-03, randomized-and-low-rank-approximation/RA-03/lean)	UNKNOWN STEP	2026-09-12T16:13:54.6046070Z   check-reservoir-eligibility: false
verify (RA-03, randomized-and-low-rank-approximation/RA-03/lean)	UNKNOWN STEP	2026-09-12T16:13:54.6046350Z   leanchecker: false
verify (RA-03, randomized-and-low-rank-approximation/RA-03/lean)	UNKNOWN STEP	2026-09-12T16:13:54.6046553Z   lean4checker: false
verify (RA-03, randomized-and-low-rank-approximation/RA-03/lean)	UNKNOWN STEP	2026-09-12T16:13:54.6046752Z   nanoda: false
verify (RA-03, randomized-and-low-rank-approximation/RA-03/lean)	UNKNOWN STEP	2026-09-12T16:13:54.6046952Z   nanoda-allow-sorry: true
verify (RA-03, randomized-and-low-rank-approximation/RA-03/lean)	UNKNOWN STEP	2026-09-12T16:13:54.6047175Z   axiom-audit: false
verify (RA-03, randomized-and-low-rank-approximation/RA-03/lean)	UNKNOWN STEP	2026-09-12T16:13:54.6047454Z   axiom-audit-allow: propext,Classical.choice,Quot.sound
verify (RA-03, randomized-and-low-rank-approximation/RA-03/lean)	UNKNOWN STEP	2026-09-12T16:13:54.6047919Z   reinstall-transient-toolchain: false
verify (RA-03, randomized-and-low-rank-approximation/RA-03/lean)	UNKNOWN STEP	2026-09-12T16:13:54.6048203Z env:
verify (RA-03, randomized-and-low-rank-approximation/RA-03/lean)	UNKNOWN STEP	2026-09-12T16:13:54.6048379Z   GOTOOLCHAIN: local
verify (RA-03, randomized-and-low-rank-approximation/RA-03/lean)	UNKNOWN STEP	2026-09-12T16:13:54.6048584Z ##[endgroup]
verify (RA-03, randomized-and-low-rank-approximation/RA-03/lean)	UNKNOWN STEP	2026-09-12T16:13:54.6115785Z ##[start-action display=install elan;id=__leanprover_lean-action.__run]
verify (RA-03, randomized-and-low-rank-approximation/RA-03/lean)	UNKNOWN STEP	2026-09-12T16:13:54.6139213Z ##[group]Run : Install Elan
verify (RA-03, randomized-and-low-rank-approximation/RA-03/lean)	UNKNOWN STEP	2026-09-12T16:13:54.6139498Z ^[[36;1m: Install Elan^[[0m
verify (RA-03, randomized-and-low-rank-approximation/RA-03/lean)	UNKNOWN STEP	2026-09-12T16:13:54.6139777Z ^[[36;1m${GITHUB_ACTION_PATH}/scripts/install_elan.sh^[[0m
verify (RA-03, randomized-and-low-rank-approximation/RA-03/lean)	UNKNOWN STEP	2026-09-12T16:13:54.6180726Z shell: /usr/bin/bash --noprofile --norc -e -o pipefail {0}
verify (RA-03, randomized-and-low-rank-approximation/RA-03/lean)	UNKNOWN STEP	2026-09-12T16:13:54.6181435Z env:
verify (RA-03, randomized-and-low-rank-approximation/RA-03/lean)	UNKNOWN STEP	2026-09-12T16:13:54.6181672Z   GOTOOLCHAIN: local
verify (RA-03, randomized-and-low-rank-approximation/RA-03/lean)	UNKNOWN STEP	2026-09-12T16:13:54.6182121Z ##[endgroup]
verify (RA-03, randomized-and-low-rank-approximation/RA-03/lean)	UNKNOWN STEP	2026-09-12T16:13:54.6273334Z ##[group]Elan Installation Output
verify (RA-03, randomized-and-low-rank-approximation/RA-03/lean)	UNKNOWN STEP	2026-09-12T16:13:54.8260493Z info: downloading installer
verify (RA-03, randomized-and-low-rank-approximation/RA-03/lean)	UNKNOWN STEP	2026-09-12T16:13:56.3145972Z info: downloading https://releases.lean-lang.org/lean4/v4.33.1/lean-4.33.1-linux.tar.zst
verify (RA-03, randomized-and-low-rank-approximation/RA-03/lean)	UNKNOWN STEP	2026-09-12T16:13:59.7585124Z info: installing /home/runner/.elan/toolchains/leanprover--lean4---v4.33.1
verify (RA-03, randomized-and-low-rank-approximation/RA-03/lean)	UNKNOWN STEP	2026-09-12T16:14:06.6664091Z Lean (version 4.33.1, x86_64-unknown-linux-gnu, commit 819816b2e0a3bf405af45ae5c7af2491d8f5bee6, Release)
verify (RA-03, randomized-and-low-rank-approximation/RA-03/lean)	UNKNOWN STEP	2026-09-12T16:14:06.7120816Z Lake version 5.0.0-src+819816b (Lean version 4.33.1)
verify (RA-03, randomized-and-low-rank-approximation/RA-03/lean)	UNKNOWN STEP	2026-09-12T16:14:06.7191569Z ##[endgroup]
verify (RA-03, randomized-and-low-rank-approximation/RA-03/lean)	UNKNOWN STEP	2026-09-12T16:14:06.7192497Z 
verify (RA-03, randomized-and-low-rank-approximation/RA-03/lean)	UNKNOWN STEP	2026-09-12T16:14:06.7212978Z ##[end-action id=__leanprover_lean-action.__run;outcome=success;conclusion=success;duration_ms=12109]
verify (RA-03, randomized-and-low-rank-approximation/RA-03/lean)	UNKNOWN STEP	2026-09-12T16:14:06.7218411Z ##[start-action display=configure `lean-action`;id=__leanprover_lean-action.config]
verify (RA-03, randomized-and-low-rank-approximation/RA-03/lean)	UNKNOWN STEP	2026-09-12T16:14:06.7235449Z ##[group]Run : Configure Lean Action
verify (RA-03, randomized-and-low-rank-approximation/RA-03/lean)	UNKNOWN STEP	2026-09-12T16:14:06.7235825Z ^[[36;1m: Configure Lean Action^[[0m
verify (RA-03, randomized-and-low-rank-approximation/RA-03/lean)	UNKNOWN STEP	2026-09-12T16:14:06.7236371Z ^[[36;1m${GITHUB_ACTION_PATH}/scripts/config.sh^[[0m
verify (RA-03, randomized-and-low-rank-approximation/RA-03/lean)	UNKNOWN STEP	2026-09-12T16:14:06.7273936Z shell: /usr/bin/bash --noprofile --norc -e -o pipefail {0}
verify (RA-03, randomized-and-low-rank-approximation/RA-03/lean)	UNKNOWN STEP	2026-09-12T16:14:06.7274349Z env:
verify (RA-03, randomized-and-low-rank-approximation/RA-03/lean)	UNKNOWN STEP	2026-09-12T16:14:06.7274573Z   GOTOOLCHAIN: local
verify (RA-03, randomized-and-low-rank-approximation/RA-03/lean)	UNKNOWN STEP	2026-09-12T16:14:06.7274838Z   AUTO_CONFIG: false
verify (RA-03, randomized-and-low-rank-approximation/RA-03/lean)	UNKNOWN STEP	2026-09-12T16:14:06.7275085Z   BUILD: false
verify (RA-03, randomized-and-low-rank-approximation/RA-03/lean)	UNKNOWN STEP	2026-09-12T16:14:06.7275328Z   TEST: false
verify (RA-03, randomized-and-low-rank-approximation/RA-03/lean)	UNKNOWN STEP	2026-09-12T16:14:06.7275548Z   LINT: false
verify (RA-03, randomized-and-low-rank-approximation/RA-03/lean)	UNKNOWN STEP	2026-09-12T16:14:06.7275770Z ##[endgroup]
verify (RA-03, randomized-and-low-rank-approximation/RA-03/lean)	UNKNOWN STEP	2026-09-12T16:14:06.7723786Z ##[group]Configure lean-action
verify (RA-03, randomized-and-low-rank-approximation/RA-03/lean)	UNKNOWN STEP	2026-09-12T16:14:06.7783008Z ##[end-action id=__leanprover_lean-action.config;outcome=success;conclusion=success;duration_ms=56]
verify (RA-03, randomized-and-low-rank-approximation/RA-03/lean)	UNKNOWN STEP	2026-09-12T16:14:06.7788601Z ##[start-action display=reinstall transient toolchain;id=__leanprover_lean-action.__run_2]
verify (RA-03, randomized-and-low-rank-approximation/RA-03/lean)	UNKNOWN STEP	2026-09-12T16:14:06.7795610Z ##[end-action id=__leanprover_lean-action.__run_2;outcome=skipped;conclusion=skipped;duration_ms=0]
verify (RA-03, randomized-and-low-rank-approximation/RA-03/lean)	UNKNOWN STEP	2026-09-12T16:14:06.7798567Z ##[start-action display=ensure all files are imported;id=__leanprover_lean-action.mk_all]
verify (RA-03, randomized-and-low-rank-approximation/RA-03/lean)	UNKNOWN STEP	2026-09-12T16:14:06.7802805Z ##[end-action id=__leanprover_lean-action.mk_all;outcome=skipped;conclusion=skipped;duration_ms=0]
verify (RA-03, randomized-and-low-rank-approximation/RA-03/lean)	UNKNOWN STEP	2026-09-12T16:14:06.7804957Z ##[start-action display=Run actions/cache/restore@v5;id=__leanprover_lean-action.__actions_cache]
verify (RA-03, randomized-and-low-rank-approximation/RA-03/lean)	UNKNOWN STEP	2026-09-12T16:14:06.7808963Z ##[end-action id=__leanprover_lean-action.__actions_cache;outcome=skipped;conclusion=skipped;duration_ms=0]
verify (RA-03, randomized-and-low-rank-approximation/RA-03/lean)	UNKNOWN STEP	2026-09-12T16:14:06.7810937Z ##[start-action display=detect mathlib;id=__leanprover_lean-action.detect-mathlib]
verify (RA-03, randomized-and-low-rank-approximation/RA-03/lean)	UNKNOWN STEP	2026-09-12T16:14:06.7815024Z ##[end-action id=__leanprover_lean-action.detect-mathlib;outcome=skipped;conclusion=skipped;duration_ms=0]
verify (RA-03, randomized-and-low-rank-approximation/RA-03/lean)	UNKNOWN STEP	2026-09-12T16:14:06.7816916Z ##[start-action display=get mathlib cache;id=__leanprover_lean-action.__run_3]
verify (RA-03, randomized-and-low-rank-approximation/RA-03/lean)	UNKNOWN STEP	2026-09-12T16:14:06.7833799Z ##[end-action id=__leanprover_lean-action.__run_3;outcome=skipped;conclusion=skipped;duration_ms=0]
verify (RA-03, randomized-and-low-rank-approximation/RA-03/lean)	UNKNOWN STEP	2026-09-12T16:14:06.7861633Z ##[start-action display=build sgstepaniants/OpenProblemsInNLA;id=__leanprover_lean-action.build]
verify (RA-03, randomized-and-low-rank-approximation/RA-03/lean)	UNKNOWN STEP	2026-09-12T16:14:06.7866789Z ##[end-action id=__leanprover_lean-action.build;outcome=skipped;conclusion=skipped;duration_ms=0]
verify (RA-03, randomized-and-low-rank-approximation/RA-03/lean)	UNKNOWN STEP	2026-09-12T16:14:06.7868793Z ##[start-action display=Run actions/cache/save@v5;id=__leanprover_lean-action.__actions_cache_2]
verify (RA-03, randomized-and-low-rank-approximation/RA-03/lean)	UNKNOWN STEP	2026-09-12T16:14:06.7872658Z ##[end-action id=__leanprover_lean-action.__actions_cache_2;outcome=skipped;conclusion=skipped;duration_ms=0]
verify (RA-03, randomized-and-low-rank-approximation/RA-03/lean)	UNKNOWN STEP	2026-09-12T16:14:06.7876351Z ##[start-action display=test sgstepaniants/OpenProblemsInNLA;id=__leanprover_lean-action.test]
verify (RA-03, randomized-and-low-rank-approximation/RA-03/lean)	UNKNOWN STEP	2026-09-12T16:14:06.7880579Z ##[end-action id=__leanprover_lean-action.test;outcome=skipped;conclusion=skipped;duration_ms=0]
verify (RA-03, randomized-and-low-rank-approximation/RA-03/lean)	UNKNOWN STEP	2026-09-12T16:14:06.7883960Z ##[start-action display=lint sgstepaniants/OpenProblemsInNLA;id=__leanprover_lean-action.lint]
verify (RA-03, randomized-and-low-rank-approximation/RA-03/lean)	UNKNOWN STEP	2026-09-12T16:14:06.7888273Z ##[end-action id=__leanprover_lean-action.lint;outcome=skipped;conclusion=skipped;duration_ms=0]
verify (RA-03, randomized-and-low-rank-approximation/RA-03/lean)	UNKNOWN STEP	2026-09-12T16:14:06.7890117Z ##[start-action display=check reservoir eligibility;id=__leanprover_lean-action.__run_4]
verify (RA-03, randomized-and-low-rank-approximation/RA-03/lean)	UNKNOWN STEP	2026-09-12T16:14:06.7893683Z ##[end-action id=__leanprover_lean-action.__run_4;outcome=skipped;conclusion=skipped;duration_ms=0]
verify (RA-03, randomized-and-low-rank-approximation/RA-03/lean)	UNKNOWN STEP	2026-09-12T16:14:06.7896409Z ##[start-action display=check environment with leanchecker;id=__leanprover_lean-action.__run_5]
verify (RA-03, randomized-and-low-rank-approximation/RA-03/lean)	UNKNOWN STEP	2026-09-12T16:14:06.7901095Z ##[end-action id=__leanprover_lean-action.__run_5;outcome=skipped;conclusion=skipped;duration_ms=0]
verify (RA-03, randomized-and-low-rank-approximation/RA-03/lean)	UNKNOWN STEP	2026-09-12T16:14:06.7903939Z ##[start-action display=check environment with nanoda;id=__leanprover_lean-action.nanoda]
verify (RA-03, randomized-and-low-rank-approximation/RA-03/lean)	UNKNOWN STEP	2026-09-12T16:14:06.7907179Z ##[end-action id=__leanprover_lean-action.nanoda;outcome=skipped;conclusion=skipped;duration_ms=0]
verify (RA-03, randomized-and-low-rank-approximation/RA-03/lean)	UNKNOWN STEP	2026-09-12T16:14:06.7909639Z ##[start-action display=audit axioms with axiom-audit;id=__leanprover_lean-action.axiom-audit]
verify (RA-03, randomized-and-low-rank-approximation/RA-03/lean)	UNKNOWN STEP	2026-09-12T16:14:06.7913181Z ##[end-action id=__leanprover_lean-action.axiom-audit;outcome=skipped;conclusion=skipped;duration_ms=0]
verify (RA-03, randomized-and-low-rank-approximation/RA-03/lean)	UNKNOWN STEP	2026-09-12T16:14:06.7968893Z ##[group]Run sudo apt-get update
verify (RA-03, randomized-and-low-rank-approximation/RA-03/lean)	UNKNOWN STEP	2026-09-12T16:14:06.7969249Z ^[[36;1msudo apt-get update^[[0m
verify (RA-03, randomized-and-low-rank-approximation/RA-03/lean)	UNKNOWN STEP	2026-09-12T16:14:06.7969576Z ^[[36;1msudo apt-get install -y bubblewrap dbus-user-session^[[0m
verify (RA-03, randomized-and-low-rank-approximation/RA-03/lean)	UNKNOWN STEP	2026-09-12T16:14:06.7970212Z ^[[36;1msudo sysctl -w kernel.apparmor_restrict_unprivileged_userns=0^[[0m
verify (RA-03, randomized-and-low-rank-approximation/RA-03/lean)	UNKNOWN STEP	2026-09-12T16:14:06.7970628Z ^[[36;1msudo loginctl enable-linger "$(id -un)"^[[0m
verify (RA-03, randomized-and-low-rank-approximation/RA-03/lean)	UNKNOWN STEP	2026-09-12T16:14:06.7970971Z ^[[36;1msudo systemctl start "user@$(id -u).service"^[[0m
verify (RA-03, randomized-and-low-rank-approximation/RA-03/lean)	UNKNOWN STEP	2026-09-12T16:14:06.7971361Z ^[[36;1mecho "XDG_RUNTIME_DIR=/run/user/$(id -u)" >> "$GITHUB_ENV"^[[0m
verify (RA-03, randomized-and-low-rank-approximation/RA-03/lean)	UNKNOWN STEP	2026-09-12T16:14:06.7972310Z ^[[36;1mecho "DBUS_SESSION_BUS_ADDRESS=unix:path=/run/user/$(id -u)/bus" >> "$GITHUB_ENV"^[[0m
verify (RA-03, randomized-and-low-rank-approximation/RA-03/lean)	UNKNOWN STEP	2026-09-12T16:14:06.8008871Z shell: /usr/bin/bash -e {0}
verify (RA-03, randomized-and-low-rank-approximation/RA-03/lean)	UNKNOWN STEP	2026-09-12T16:14:06.8009140Z env:
verify (RA-03, randomized-and-low-rank-approximation/RA-03/lean)	UNKNOWN STEP	2026-09-12T16:14:06.8009350Z   GOTOOLCHAIN: local
verify (RA-03, randomized-and-low-rank-approximation/RA-03/lean)	UNKNOWN STEP	2026-09-12T16:14:06.8009583Z ##[endgroup]
verify (RA-03, randomized-and-low-rank-approximation/RA-03/lean)	UNKNOWN STEP	2026-09-12T16:14:07.0051807Z Get:1 file:/etc/apt/apt-mirrors.txt Mirrorlist [144 B]
verify (RA-03, randomized-and-low-rank-approximation/RA-03/lean)	UNKNOWN STEP	2026-09-12T16:14:07.0452105Z Hit:2 http://azure.archive.ubuntu.com/ubuntu noble InRelease
verify (RA-03, randomized-and-low-rank-approximation/RA-03/lean)	UNKNOWN STEP	2026-09-12T16:14:07.0467303Z Get:3 http://azure.archive.ubuntu.com/ubuntu noble-updates InRelease [126 kB]
verify (RA-03, randomized-and-low-rank-approximation/RA-03/lean)	UNKNOWN STEP	2026-09-12T16:14:07.0504063Z Get:4 http://azure.archive.ubuntu.com/ubuntu noble-backports InRelease [126 kB]
verify (RA-03, randomized-and-low-rank-approximation/RA-03/lean)	UNKNOWN STEP	2026-09-12T16:14:07.0529688Z Get:5 http://azure.archive.ubuntu.com/ubuntu noble-security InRelease [126 kB]
verify (RA-03, randomized-and-low-rank-approximation/RA-03/lean)	UNKNOWN STEP	2026-09-12T16:14:07.0594528Z Get:6 https://packages.microsoft.com/ubuntu/24.04/prod noble InRelease [3600 B]
verify (RA-03, randomized-and-low-rank-approximation/RA-03/lean)	UNKNOWN STEP	2026-09-12T16:14:07.1109182Z Get:7 https://dl.google.com/linux/chrome-stable/deb stable InRelease [2548 B]
verify (RA-03, randomized-and-low-rank-approximation/RA-03/lean)	UNKNOWN STEP	2026-09-12T16:14:07.1862848Z Get:8 http://azure.archive.ubuntu.com/ubuntu noble-updates/main amd64 Packages [1263 kB]
verify (RA-03, randomized-and-low-rank-approximation/RA-03/lean)	UNKNOWN STEP	2026-09-12T16:14:07.2000129Z Get:9 http://azure.archive.ubuntu.com/ubuntu noble-updates/main Translation-en [292 kB]
verify (RA-03, randomized-and-low-rank-approximation/RA-03/lean)	UNKNOWN STEP	2026-09-12T16:14:07.2024364Z Get:10 http://azure.archive.ubuntu.com/ubuntu noble-updates/main amd64 Components [180 kB]
verify (RA-03, randomized-and-low-rank-approximation/RA-03/lean)	UNKNOWN STEP	2026-09-12T16:14:07.2044049Z Get:11 http://azure.archive.ubuntu.com/ubuntu noble-updates/universe amd64 Packages [1690 kB]
verify (RA-03, randomized-and-low-rank-approximation/RA-03/lean)	UNKNOWN STEP	2026-09-12T16:14:07.2143116Z Get:12 http://azure.archive.ubuntu.com/ubuntu noble-updates/universe amd64 Components [388 kB]
verify (RA-03, randomized-and-low-rank-approximation/RA-03/lean)	UNKNOWN STEP	2026-09-12T16:14:07.2163274Z Get:13 http://azure.archive.ubuntu.com/ubuntu noble-updates/restricted amd64 Packages [1544 kB]
verify (RA-03, randomized-and-low-rank-approximation/RA-03/lean)	UNKNOWN STEP	2026-09-12T16:14:07.2239841Z Get:14 http://azure.archive.ubuntu.com/ubuntu noble-updates/restricted Translation-en [354 kB]
verify (RA-03, randomized-and-low-rank-approximation/RA-03/lean)	UNKNOWN STEP	2026-09-12T16:14:07.2258524Z Get:15 http://azure.archive.ubuntu.com/ubuntu noble-updates/multiverse amd64 Components [940 B]
verify (RA-03, randomized-and-low-rank-approximation/RA-03/lean)	UNKNOWN STEP	2026-09-12T16:14:07.2476703Z Get:16 http://azure.archive.ubuntu.com/ubuntu noble-backports/main amd64 Components [5748 B]
verify (RA-03, randomized-and-low-rank-approximation/RA-03/lean)	UNKNOWN STEP	2026-09-12T16:14:07.2488094Z Get:17 http://azure.archive.ubuntu.com/ubuntu noble-backports/universe amd64 Components [12.6 kB]
verify (RA-03, randomized-and-low-rank-approximation/RA-03/lean)	UNKNOWN STEP	2026-09-12T16:14:07.3453360Z Get:18 http://azure.archive.ubuntu.com/ubuntu noble-security/main amd64 Packages [1006 kB]
verify (RA-03, randomized-and-low-rank-approximation/RA-03/lean)	UNKNOWN STEP	2026-09-12T16:14:07.3494431Z Get:25 https://packages.microsoft.com/ubuntu/24.04/prod noble/main amd64 Packages [463 kB]
verify (RA-03, randomized-and-low-rank-approximation/RA-03/lean)	UNKNOWN STEP	2026-09-12T16:14:07.3503559Z Get:19 http://azure.archive.ubuntu.com/ubuntu noble-security/main Translation-en [213 kB]
verify (RA-03, randomized-and-low-rank-approximation/RA-03/lean)	UNKNOWN STEP	2026-09-12T16:14:07.3526449Z Get:20 http://azure.archive.ubuntu.com/ubuntu noble-security/main amd64 Components [46.4 kB]
verify (RA-03, randomized-and-low-rank-approximation/RA-03/lean)	UNKNOWN STEP	2026-09-12T16:14:07.3577377Z Get:21 http://azure.archive.ubuntu.com/ubuntu noble-security/universe amd64 Packages [1206 kB]
verify (RA-03, randomized-and-low-rank-approximation/RA-03/lean)	UNKNOWN STEP	2026-09-12T16:14:07.3645276Z Get:26 https://packages.microsoft.com/ubuntu/24.04/prod noble/main arm64 Packages [414 kB]
verify (RA-03, randomized-and-low-rank-approximation/RA-03/lean)	UNKNOWN STEP	2026-09-12T16:14:07.3674979Z Get:22 http://azure.archive.ubuntu.com/ubuntu noble-security/universe amd64 Components [76.3 kB]
verify (RA-03, randomized-and-low-rank-approximation/RA-03/lean)	UNKNOWN STEP	2026-09-12T16:14:07.3706042Z Get:23 http://azure.archive.ubuntu.com/ubuntu noble-security/restricted amd64 Packages [1445 kB]
verify (RA-03, randomized-and-low-rank-approximation/RA-03/lean)	UNKNOWN STEP	2026-09-12T16:14:07.3849543Z Get:24 http://azure.archive.ubuntu.com/ubuntu noble-security/restricted Translation-en [336 kB]
verify (RA-03, randomized-and-low-rank-approximation/RA-03/lean)	UNKNOWN STEP	2026-09-12T16:14:07.5134132Z Get:27 https://dl.google.com/linux/chrome-stable/deb stable/main amd64 Packages [1409 B]
verify (RA-03, randomized-and-low-rank-approximation/RA-03/lean)	UNKNOWN STEP	2026-09-12T16:14:11.8260014Z Fetched 11.3 MB in 1s (8872 kB/s)
verify (RA-03, randomized-and-low-rank-approximation/RA-03/lean)	UNKNOWN STEP	2026-09-12T16:14:12.7370510Z Reading package lists...
verify (RA-03, randomized-and-low-rank-approximation/RA-03/lean)	UNKNOWN STEP	2026-09-12T16:14:12.8207134Z Reading package lists...
verify (RA-03, randomized-and-low-rank-approximation/RA-03/lean)	UNKNOWN STEP	2026-09-12T16:14:13.0653593Z Building dependency tree...
verify (RA-03, randomized-and-low-rank-approximation/RA-03/lean)	UNKNOWN STEP	2026-09-12T16:14:13.0666000Z Reading state information...
verify (RA-03, randomized-and-low-rank-approximation/RA-03/lean)	UNKNOWN STEP	2026-09-12T16:14:13.4194732Z dbus-user-session is already the newest version (1.14.10-4ubuntu4.1).
verify (RA-03, randomized-and-low-rank-approximation/RA-03/lean)	UNKNOWN STEP	2026-09-12T16:14:13.4196626Z dbus-user-session set to manually installed.
verify (RA-03, randomized-and-low-rank-approximation/RA-03/lean)	UNKNOWN STEP	2026-09-12T16:14:13.4197881Z The following NEW packages will be installed:
verify (RA-03, randomized-and-low-rank-approximation/RA-03/lean)	UNKNOWN STEP	2026-09-12T16:14:13.4209049Z   bubblewrap
verify (RA-03, randomized-and-low-rank-approximation/RA-03/lean)	UNKNOWN STEP	2026-09-12T16:14:13.4745151Z 0 upgraded, 1 newly installed, 0 to remove and 50 not upgraded.
verify (RA-03, randomized-and-low-rank-approximation/RA-03/lean)	UNKNOWN STEP	2026-09-12T16:14:13.4746315Z Need to get 50.2 kB of archives.
verify (RA-03, randomized-and-low-rank-approximation/RA-03/lean)	UNKNOWN STEP	2026-09-12T16:14:13.4747536Z After this operation, 133 kB of additional disk space will be used.
verify (RA-03, randomized-and-low-rank-approximation/RA-03/lean)	UNKNOWN STEP	2026-09-12T16:14:13.4748732Z Get:1 file:/etc/apt/apt-mirrors.txt Mirrorlist [144 B]
verify (RA-03, randomized-and-low-rank-approximation/RA-03/lean)	UNKNOWN STEP	2026-09-12T16:14:13.5439054Z Get:2 http://azure.archive.ubuntu.com/ubuntu noble-updates/main amd64 bubblewrap amd64 0.9.0-1ubuntu0.1 [50.2 kB]
verify (RA-03, randomized-and-low-rank-approximation/RA-03/lean)	UNKNOWN STEP	2026-09-12T16:14:14.1953961Z Fetched 50.2 kB in 0s (460 kB/s)
verify (RA-03, randomized-and-low-rank-approximation/RA-03/lean)	UNKNOWN STEP	2026-09-12T16:14:14.2230754Z Selecting previously unselected package bubblewrap.
verify (RA-03, randomized-and-low-rank-approximation/RA-03/lean)	UNKNOWN STEP	2026-09-12T16:14:14.2576771Z (Reading database ... 
verify (RA-03, randomized-and-low-rank-approximation/RA-03/lean)	UNKNOWN STEP	2026-09-12T16:14:14.2577413Z (Reading database ... 5%
verify (RA-03, randomized-and-low-rank-approximation/RA-03/lean)	UNKNOWN STEP	2026-09-12T16:14:14.2577938Z (Reading database ... 10%
verify (RA-03, randomized-and-low-rank-approximation/RA-03/lean)	UNKNOWN STEP	2026-09-12T16:14:14.2578281Z (Reading database ... 15%
verify (RA-03, randomized-and-low-rank-approximation/RA-03/lean)	UNKNOWN STEP	2026-09-12T16:14:14.2578605Z (Reading database ... 20%
verify (RA-03, randomized-and-low-rank-approximation/RA-03/lean)	UNKNOWN STEP	2026-09-12T16:14:14.2579011Z (Reading database ... 25%
verify (RA-03, randomized-and-low-rank-approximation/RA-03/lean)	UNKNOWN STEP	2026-09-12T16:14:14.2579633Z (Reading database ... 30%
verify (RA-03, randomized-and-low-rank-approximation/RA-03/lean)	UNKNOWN STEP	2026-09-12T16:14:14.2580197Z (Reading database ... 35%
verify (RA-03, randomized-and-low-rank-approximation/RA-03/lean)	UNKNOWN STEP	2026-09-12T16:14:14.2580704Z (Reading database ... 40%
verify (RA-03, randomized-and-low-rank-approximation/RA-03/lean)	UNKNOWN STEP	2026-09-12T16:14:14.2582590Z (Reading database ... 45%
verify (RA-03, randomized-and-low-rank-approximation/RA-03/lean)	UNKNOWN STEP	2026-09-12T16:14:14.2583563Z (Reading database ... 50%
verify (RA-03, randomized-and-low-rank-approximation/RA-03/lean)	UNKNOWN STEP	2026-09-12T16:14:14.2665097Z (Reading database ... 55%
verify (RA-03, randomized-and-low-rank-approximation/RA-03/lean)	UNKNOWN STEP	2026-09-12T16:14:14.4339495Z (Reading database ... 60%
verify (RA-03, randomized-and-low-rank-approximation/RA-03/lean)	UNKNOWN STEP	2026-09-12T16:14:14.6086227Z (Reading database ... 65%
verify (RA-03, randomized-and-low-rank-approximation/RA-03/lean)	UNKNOWN STEP	2026-09-12T16:14:14.7822449Z (Reading database ... 70%
verify (RA-03, randomized-and-low-rank-approximation/RA-03/lean)	UNKNOWN STEP	2026-09-12T16:14:14.9690241Z (Reading database ... 75%
verify (RA-03, randomized-and-low-rank-approximation/RA-03/lean)	UNKNOWN STEP	2026-09-12T16:14:15.1766544Z (Reading database ... 80%
verify (RA-03, randomized-and-low-rank-approximation/RA-03/lean)	UNKNOWN STEP	2026-09-12T16:14:15.3686026Z (Reading database ... 85%
verify (RA-03, randomized-and-low-rank-approximation/RA-03/lean)	UNKNOWN STEP	2026-09-12T16:14:15.5786208Z (Reading database ... 90%
verify (RA-03, randomized-and-low-rank-approximation/RA-03/lean)	UNKNOWN STEP	2026-09-12T16:14:15.7775647Z (Reading database ... 95%
verify (RA-03, randomized-and-low-rank-approximation/RA-03/lean)	UNKNOWN STEP	2026-09-12T16:14:15.7776649Z (Reading database ... 100%
verify (RA-03, randomized-and-low-rank-approximation/RA-03/lean)	UNKNOWN STEP	2026-09-12T16:14:15.7777497Z (Reading database ... 201818 files and directories currently installed.)
verify (RA-03, randomized-and-low-rank-approximation/RA-03/lean)	UNKNOWN STEP	2026-09-12T16:14:15.7823816Z Preparing to unpack .../bubblewrap_0.9.0-1ubuntu0.1_amd64.deb ...
verify (RA-03, randomized-and-low-rank-approximation/RA-03/lean)	UNKNOWN STEP	2026-09-12T16:14:15.7850866Z Unpacking bubblewrap (0.9.0-1ubuntu0.1) ...
verify (RA-03, randomized-and-low-rank-approximation/RA-03/lean)	UNKNOWN STEP	2026-09-12T16:14:15.8354780Z Setting up bubblewrap (0.9.0-1ubuntu0.1) ...
verify (RA-03, randomized-and-low-rank-approximation/RA-03/lean)	UNKNOWN STEP	2026-09-12T16:14:15.8406808Z Processing triggers for man-db (2.12.0-4build2) ...
verify (RA-03, randomized-and-low-rank-approximation/RA-03/lean)	UNKNOWN STEP	2026-09-12T16:14:15.8430111Z Not building database; man-db/auto-update is not 'true'.
verify (RA-03, randomized-and-low-rank-approximation/RA-03/lean)	UNKNOWN STEP	2026-09-12T16:14:16.5191476Z 
verify (RA-03, randomized-and-low-rank-approximation/RA-03/lean)	UNKNOWN STEP	2026-09-12T16:14:16.5192454Z Running kernel seems to be up-to-date.
verify (RA-03, randomized-and-low-rank-approximation/RA-03/lean)	UNKNOWN STEP	2026-09-12T16:14:16.5193076Z 
verify (RA-03, randomized-and-low-rank-approximation/RA-03/lean)	UNKNOWN STEP	2026-09-12T16:14:16.5193395Z No services need to be restarted.
verify (RA-03, randomized-and-low-rank-approximation/RA-03/lean)	UNKNOWN STEP	2026-09-12T16:14:16.5193903Z 
verify (RA-03, randomized-and-low-rank-approximation/RA-03/lean)	UNKNOWN STEP	2026-09-12T16:14:16.5194238Z No containers need to be restarted.
verify (RA-03, randomized-and-low-rank-approximation/RA-03/lean)	UNKNOWN STEP	2026-09-12T16:14:16.5194762Z 
verify (RA-03, randomized-and-low-rank-approximation/RA-03/lean)	UNKNOWN STEP	2026-09-12T16:14:16.5195148Z No user sessions are running outdated binaries.
verify (RA-03, randomized-and-low-rank-approximation/RA-03/lean)	UNKNOWN STEP	2026-09-12T16:14:16.5195768Z 
verify (RA-03, randomized-and-low-rank-approximation/RA-03/lean)	UNKNOWN STEP	2026-09-12T16:14:16.5196409Z No VM guests are running outdated hypervisor (qemu) binaries on this host.
verify (RA-03, randomized-and-low-rank-approximation/RA-03/lean)	UNKNOWN STEP	2026-09-12T16:14:17.4150543Z kernel.apparmor_restrict_unprivileged_userns = 0
verify (RA-03, randomized-and-low-rank-approximation/RA-03/lean)	UNKNOWN STEP	2026-09-12T16:14:17.4484234Z ##[group]Run ulimit -n 65536
verify (RA-03, randomized-and-low-rank-approximation/RA-03/lean)	UNKNOWN STEP	2026-09-12T16:14:17.4484600Z ^[[36;1mulimit -n 65536^[[0m
verify (RA-03, randomized-and-low-rank-approximation/RA-03/lean)	UNKNOWN STEP	2026-09-12T16:14:17.4484983Z ^[[36;1mtools/lean/bootstrap.sh "$RUNNER_TEMP/nla-lean-tools"^[[0m
verify (RA-03, randomized-and-low-rank-approximation/RA-03/lean)	UNKNOWN STEP	2026-09-12T16:14:17.4485547Z ^[[36;1mtools/lean/verify.sh "$LEAN_PROJECT" "$RUNNER_TEMP/nla-lean-tools"^[[0m
verify (RA-03, randomized-and-low-rank-approximation/RA-03/lean)	UNKNOWN STEP	2026-09-12T16:14:17.4522519Z shell: /usr/bin/bash -e {0}
verify (RA-03, randomized-and-low-rank-approximation/RA-03/lean)	UNKNOWN STEP	2026-09-12T16:14:17.4522812Z env:
verify (RA-03, randomized-and-low-rank-approximation/RA-03/lean)	UNKNOWN STEP	2026-09-12T16:14:17.4523040Z   GOTOOLCHAIN: local
verify (RA-03, randomized-and-low-rank-approximation/RA-03/lean)	UNKNOWN STEP	2026-09-12T16:14:17.4523313Z   XDG_RUNTIME_DIR: /run/user/1001
verify (RA-03, randomized-and-low-rank-approximation/RA-03/lean)	UNKNOWN STEP	2026-09-12T16:14:17.4523687Z   DBUS_SESSION_BUS_ADDRESS: unix:path=/run/user/1001/bus
verify (RA-03, randomized-and-low-rank-approximation/RA-03/lean)	UNKNOWN STEP	2026-09-12T16:14:17.4524201Z   LEAN_PROJECT: randomized-and-low-rank-approximation/RA-03/lean
verify (RA-03, randomized-and-low-rank-approximation/RA-03/lean)	UNKNOWN STEP	2026-09-12T16:14:17.4524632Z ##[endgroup]
verify (RA-03, randomized-and-low-rank-approximation/RA-03/lean)	UNKNOWN STEP	2026-09-12T16:14:18.7461366Z Running elan toolchain install leanprover/lean4:v4.33.1
verify (RA-03, randomized-and-low-rank-approximation/RA-03/lean)	UNKNOWN STEP	2026-09-12T16:14:18.7462867Z Log: /home/runner/work/_temp/nla-lean-tools/logs/bootstrap/elan.log
verify (RA-03, randomized-and-low-rank-approximation/RA-03/lean)	UNKNOWN STEP	2026-09-12T16:14:18.7483579Z info: toolchain 'leanprover/lean4:v4.33.1' is already installed
verify (RA-03, randomized-and-low-rank-approximation/RA-03/lean)	UNKNOWN STEP	2026-09-12T16:14:18.8318495Z Running go build -mod=readonly -buildvcs=false -o /home/runner/work/_temp/nla-lean-tools/.tools/bin/landrun ./cmd/landrun
verify (RA-03, randomized-and-low-rank-approximation/RA-03/lean)	UNKNOWN STEP	2026-09-12T16:14:18.8319383Z Log: /home/runner/work/_temp/nla-lean-tools/logs/bootstrap/landrun-build.log
verify (RA-03, randomized-and-low-rank-approximation/RA-03/lean)	UNKNOWN STEP	2026-09-12T16:14:18.8366415Z go: downloading github.com/urfave/cli/v3 v3.6.2
verify (RA-03, randomized-and-low-rank-approximation/RA-03/lean)	UNKNOWN STEP	2026-09-12T16:14:18.8513825Z go: downloading github.com/landlock-lsm/go-landlock v0.9.0
verify (RA-03, randomized-and-low-rank-approximation/RA-03/lean)	UNKNOWN STEP	2026-09-12T16:14:18.9397120Z go: downloading kernel.org/pub/linux/libs/security/libcap/psx v1.2.77
verify (RA-03, randomized-and-low-rank-approximation/RA-03/lean)	UNKNOWN STEP	2026-09-12T16:14:18.9400253Z go: downloading golang.org/x/sys v0.40.0
verify (RA-03, randomized-and-low-rank-approximation/RA-03/lean)	UNKNOWN STEP	2026-09-12T16:14:28.2287970Z Running lake build lean4export comparator
verify (RA-03, randomized-and-low-rank-approximation/RA-03/lean)	UNKNOWN STEP	2026-09-12T16:14:28.2289154Z Log: /home/runner/work/_temp/nla-lean-tools/logs/bootstrap/comparator-build.log
verify (RA-03, randomized-and-low-rank-approximation/RA-03/lean)	UNKNOWN STEP	2026-09-12T16:14:28.7713446Z ✔ [3/20] Built Comparator.Util (447ms)
verify (RA-03, randomized-and-low-rank-approximation/RA-03/lean)	UNKNOWN STEP	2026-09-12T16:14:28.9716552Z ✔ [4/20] Built Comparator.Util:c.o (223ms)
verify (RA-03, randomized-and-low-rank-approximation/RA-03/lean)	UNKNOWN STEP	2026-09-12T16:14:30.3803562Z ✔ [5/20] Built Export.Parse (2.1s)
verify (RA-03, randomized-and-low-rank-approximation/RA-03/lean)	UNKNOWN STEP	2026-09-12T16:14:31.1808465Z ✔ [6/20] Built Comparator.Axioms (745ms)
verify (RA-03, randomized-and-low-rank-approximation/RA-03/lean)	UNKNOWN STEP	2026-09-12T16:14:31.6811549Z ✔ [7/20] Built Comparator.Axioms:c.o (523ms)
verify (RA-03, randomized-and-low-rank-approximation/RA-03/lean)	UNKNOWN STEP	2026-09-12T16:14:31.7815506Z ✔ [8/20] Built Export (3.4s)
verify (RA-03, randomized-and-low-rank-approximation/RA-03/lean)	UNKNOWN STEP	2026-09-12T16:14:32.0843361Z ✔ [9/20] Built Comparator.Compare (947ms)
verify (RA-03, randomized-and-low-rank-approximation/RA-03/lean)	UNKNOWN STEP	2026-09-12T16:14:32.8873158Z ✔ [10/20] Built Comparator.Compare:c.o (743ms)
verify (RA-03, randomized-and-low-rank-approximation/RA-03/lean)	UNKNOWN STEP	2026-09-12T16:14:33.2873311Z ✔ [11/20] Built Comparator (475ms)
verify (RA-03, randomized-and-low-rank-approximation/RA-03/lean)	UNKNOWN STEP	2026-09-12T16:14:33.3883109Z ✔ [12/20] Built Main (1.6s)
verify (RA-03, randomized-and-low-rank-approximation/RA-03/lean)	UNKNOWN STEP	2026-09-12T16:14:33.4883340Z ✔ [13/20] Built Comparator:c.o (112ms)
verify (RA-03, randomized-and-low-rank-approximation/RA-03/lean)	UNKNOWN STEP	2026-09-12T16:14:33.7876224Z ✔ [14/20] Built Main:c.o (358ms)
verify (RA-03, randomized-and-low-rank-approximation/RA-03/lean)	UNKNOWN STEP	2026-09-12T16:14:35.6923536Z ✔ [15/20] Built Export.Parse:c.o (5.3s)
verify (RA-03, randomized-and-low-rank-approximation/RA-03/lean)	UNKNOWN STEP	2026-09-12T16:14:35.7925513Z ✔ [16/20] Built Main (2.4s)
verify (RA-03, randomized-and-low-rank-approximation/RA-03/lean)	UNKNOWN STEP	2026-09-12T16:14:35.8927370Z ✔ [17/20] Built Export:c.o (4.2s)
verify (RA-03, randomized-and-low-rank-approximation/RA-03/lean)	UNKNOWN STEP	2026-09-12T16:14:37.1002546Z ✔ [18/20] Built lean4export:exe (1.2s)
verify (RA-03, randomized-and-low-rank-approximation/RA-03/lean)	UNKNOWN STEP	2026-09-12T16:14:37.1003247Z ✔ [19/20] Built Main:c.o (1.3s)
verify (RA-03, randomized-and-low-rank-approximation/RA-03/lean)	UNKNOWN STEP	2026-09-12T16:14:37.9011389Z ✔ [20/20] Built comparator:exe (765ms)
verify (RA-03, randomized-and-low-rank-approximation/RA-03/lean)	UNKNOWN STEP	2026-09-12T16:14:37.9022734Z Build completed successfully (20 jobs).
verify (RA-03, randomized-and-low-rank-approximation/RA-03/lean)	UNKNOWN STEP	2026-09-12T16:14:38.1983726Z Tools built; isolation and checker controls run during verify. Receipt: /home/runner/work/_temp/nla-lean-tools/bootstrap.json
verify (RA-03, randomized-and-low-rank-approximation/RA-03/lean)	UNKNOWN STEP	2026-09-12T16:14:38.6234503Z Running /usr/bin/timeout --kill-after=5s 45s systemd-run -p RuntimeMaxSec=40 --user --quiet --wait --pipe --collect -p 'RestrictAddressFamilies=~AF_UNIX' --working-directory /home/runner/work/_temp/nla-lean-tools /usr/bin/env -i PATH=/home/runner/.elan/toolchains/leanprover--lean4---v4.33.1/bin:/home/runner/.elan/bin:/home/runner/go/bin:/opt/hostedtoolcache/go/1.27.1/x64/bin:/snap/bin:/home/runner/.local/bin:/opt/pipx_bin:/home/runner/.cargo/bin:/home/runner/.config/composer/vendor/bin:/usr/local/.ghcup/bin:/home/runner/.dotnet/tools:/usr/local/sbin:/usr/local/bin:/usr/sbin:/usr/bin:/sbin:/bin:/usr/games:/usr/local/games:/snap/bin HOME=/home/runner LANG=C.UTF-8 XDG_RUNTIME_DIR=/run/user/1001 DBUS_SESSION_BUS_ADDRESS=unix:path=/run/user/1001/bus GIT_TERMINAL_PROMPT=0 GIT_CONFIG_NOSYSTEM=1 GIT_CONFIG_GLOBAL=/dev/null COMPARATOR_BIN=/home/runner/work/_temp/nla-lean-tools/.tools/comparator/.lake/build/bin/comparator COMPARATOR_LEAN4EXPORT=/home/runner/work/_temp/nla-lean-tools/.tools/lean4export/.lake/build/bin/lean4export COMPARATOR_LANDRUN=/home/runner/work/_temp/nla-lean-tools/scripts/strict_landrun.py XDG_CACHE_HOME=/home/runner/work/_temp/nla-lean-tools/.tools/cache TMPDIR=/home/runner/work/_temp/nla-lean-tools/.verification-tmp /usr/bin/true
verify (RA-03, randomized-and-low-rank-approximation/RA-03/lean)	UNKNOWN STEP	2026-09-12T16:14:38.6242305Z Log: /home/runner/work/_temp/nla-lean-tools/logs/verify-20260912T161438Z-4193/user-service.log
verify (RA-03, randomized-and-low-rank-approximation/RA-03/lean)	UNKNOWN STEP	2026-09-12T16:14:38.6591452Z Running python3 /home/runner/work/_temp/nla-lean-tools/reproduction/checks/sandbox_probe_ci.py
verify (RA-03, randomized-and-low-rank-approximation/RA-03/lean)	UNKNOWN STEP	2026-09-12T16:14:38.6592538Z Log: /home/runner/work/_temp/nla-lean-tools/logs/verify-20260912T161438Z-4193/sandbox.log
verify (RA-03, randomized-and-low-rank-approximation/RA-03/lean)	UNKNOWN STEP	2026-09-12T16:14:38.6931047Z START sandbox mode: build
verify (RA-03, randomized-and-low-rank-approximation/RA-03/lean)	UNKNOWN STEP	2026-09-12T16:14:38.7819496Z START sandbox mode: export
verify (RA-03, randomized-and-low-rank-approximation/RA-03/lean)	UNKNOWN STEP	2026-09-12T16:14:38.8714832Z START sandbox negative case: unknown option
verify (RA-03, randomized-and-low-rank-approximation/RA-03/lean)	UNKNOWN STEP	2026-09-12T16:14:38.9105304Z START sandbox negative case: unexpected --rw
verify (RA-03, randomized-and-low-rank-approximation/RA-03/lean)	UNKNOWN STEP	2026-09-12T16:14:38.9511112Z START sandbox negative case: unexpected --rwx
verify (RA-03, randomized-and-low-rank-approximation/RA-03/lean)	UNKNOWN STEP	2026-09-12T16:14:38.9970962Z START sandbox negative case: relative --rwx
verify (RA-03, randomized-and-low-rank-approximation/RA-03/lean)	UNKNOWN STEP	2026-09-12T16:14:39.0442941Z MODE build: exit=0
verify (RA-03, randomized-and-low-rank-approximation/RA-03/lean)	UNKNOWN STEP	2026-09-12T16:14:39.0443697Z Running as unit: run-u2.service; invocation ID: 0fe5a1cd04aa4cd396829423ead638c5
verify (RA-03, randomized-and-low-rank-approximation/RA-03/lean)	UNKNOWN STEP	2026-09-12T16:14:39.0444595Z PASS outside .lake write-open: denied errno=30
verify (RA-03, randomized-and-low-rank-approximation/RA-03/lean)	UNKNOWN STEP	2026-09-12T16:14:39.0445121Z PASS outside .lake truncate: denied errno=30
verify (RA-03, randomized-and-low-rank-approximation/RA-03/lean)	UNKNOWN STEP	2026-09-12T16:14:39.0445742Z PASS outside .lake read-only truncate-open: denied errno=30
verify (RA-03, randomized-and-low-rank-approximation/RA-03/lean)	UNKNOWN STEP	2026-09-12T16:14:39.0446664Z PASS symlink from .lake to outside write: denied errno=30
verify (RA-03, randomized-and-low-rank-approximation/RA-03/lean)	UNKNOWN STEP	2026-09-12T16:14:39.0447410Z PASS outside .lake creation: denied errno=30
verify (RA-03, randomized-and-low-rank-approximation/RA-03/lean)	UNKNOWN STEP	2026-09-12T16:14:39.0448047Z PASS build .lake write: allowed
verify (RA-03, randomized-and-low-rank-approximation/RA-03/lean)	UNKNOWN STEP	2026-09-12T16:14:39.0448578Z PASS user namespace: private
verify (RA-03, randomized-and-low-rank-approximation/RA-03/lean)	UNKNOWN STEP	2026-09-12T16:14:39.0449205Z PASS pid namespace: private
verify (RA-03, randomized-and-low-rank-approximation/RA-03/lean)	UNKNOWN STEP	2026-09-12T16:14:39.0449764Z PASS mnt namespace: private
verify (RA-03, randomized-and-low-rank-approximation/RA-03/lean)	UNKNOWN STEP	2026-09-12T16:14:39.0450282Z PASS net namespace: private
verify (RA-03, randomized-and-low-rank-approximation/RA-03/lean)	UNKNOWN STEP	2026-09-12T16:14:39.0450831Z PASS ipc namespace: private
verify (RA-03, randomized-and-low-rank-approximation/RA-03/lean)	UNKNOWN STEP	2026-09-12T16:14:39.0451400Z PASS uts namespace: private
verify (RA-03, randomized-and-low-rank-approximation/RA-03/lean)	UNKNOWN STEP	2026-09-12T16:14:39.0452221Z PASS host parent: absent from private /proc
verify (RA-03, randomized-and-low-rank-approximation/RA-03/lean)	UNKNOWN STEP	2026-09-12T16:14:39.0452844Z PASS host parent signal lookup: denied errno=3
verify (RA-03, randomized-and-low-rank-approximation/RA-03/lean)	UNKNOWN STEP	2026-09-12T16:14:39.0453742Z PASS host loopback listener: unreachable errno=13
verify (RA-03, randomized-and-low-rank-approximation/RA-03/lean)	UNKNOWN STEP	2026-09-12T16:14:39.0454545Z PASS AF_UNIX socket creation: denied errno=97
verify (RA-03, randomized-and-low-rank-approximation/RA-03/lean)	UNKNOWN STEP	2026-09-12T16:14:39.0455316Z PASS effective capabilities: none
verify (RA-03, randomized-and-low-rank-approximation/RA-03/lean)	UNKNOWN STEP	2026-09-12T16:14:39.0455978Z PASS no_new_privs: set
verify (RA-03, randomized-and-low-rank-approximation/RA-03/lean)	UNKNOWN STEP	2026-09-12T16:14:39.0456491Z Sandbox UID: 1001
verify (RA-03, randomized-and-low-rank-approximation/RA-03/lean)	UNKNOWN STEP	2026-09-12T16:14:39.0457061Z PASS nested namespace write attempt: rejected exit=1
verify (RA-03, randomized-and-low-rank-approximation/RA-03/lean)	UNKNOWN STEP	2026-09-12T16:14:39.0457704Z bwrap: setting up uid map: Permission denied
verify (RA-03, randomized-and-low-rank-approximation/RA-03/lean)	UNKNOWN STEP	2026-09-12T16:14:39.0458274Z Finished with result: success
verify (RA-03, randomized-and-low-rank-approximation/RA-03/lean)	UNKNOWN STEP	2026-09-12T16:14:39.0458840Z Main processes terminated with: code=exited/status=0
verify (RA-03, randomized-and-low-rank-approximation/RA-03/lean)	UNKNOWN STEP	2026-09-12T16:14:39.0459471Z Service runtime: 73ms
verify (RA-03, randomized-and-low-rank-approximation/RA-03/lean)	UNKNOWN STEP	2026-09-12T16:14:39.0459888Z CPU time consumed: 74ms
verify (RA-03, randomized-and-low-rank-approximation/RA-03/lean)	UNKNOWN STEP	2026-09-12T16:14:39.0460268Z Memory peak: 256.0K
verify (RA-03, randomized-and-low-rank-approximation/RA-03/lean)	UNKNOWN STEP	2026-09-12T16:14:39.0460646Z Memory swap peak: 0B
verify (RA-03, randomized-and-low-rank-approximation/RA-03/lean)	UNKNOWN STEP	2026-09-12T16:14:39.0460797Z 
verify (RA-03, randomized-and-low-rank-approximation/RA-03/lean)	UNKNOWN STEP	2026-09-12T16:14:39.0460902Z MODE export: exit=0
verify (RA-03, randomized-and-low-rank-approximation/RA-03/lean)	UNKNOWN STEP	2026-09-12T16:14:39.0461296Z Running as unit: run-u3.service; invocation ID: 3027be4fa9bf4032b47a3223c643b597
verify (RA-03, randomized-and-low-rank-approximation/RA-03/lean)	UNKNOWN STEP	2026-09-12T16:14:39.0462190Z PASS outside .lake write-open: denied errno=30
verify (RA-03, randomized-and-low-rank-approximation/RA-03/lean)	UNKNOWN STEP	2026-09-12T16:14:39.0462646Z PASS outside .lake truncate: denied errno=30
verify (RA-03, randomized-and-low-rank-approximation/RA-03/lean)	UNKNOWN STEP	2026-09-12T16:14:39.0463067Z PASS outside .lake read-only truncate-open: denied errno=30
verify (RA-03, randomized-and-low-rank-approximation/RA-03/lean)	UNKNOWN STEP	2026-09-12T16:14:39.0463513Z PASS symlink from .lake to outside write: denied errno=30
verify (RA-03, randomized-and-low-rank-approximation/RA-03/lean)	UNKNOWN STEP	2026-09-12T16:14:39.0463908Z PASS outside .lake creation: denied errno=30
verify (RA-03, randomized-and-low-rank-approximation/RA-03/lean)	UNKNOWN STEP	2026-09-12T16:14:39.0464240Z PASS export .lake write-open: denied errno=30
verify (RA-03, randomized-and-low-rank-approximation/RA-03/lean)	UNKNOWN STEP	2026-09-12T16:14:39.0464567Z PASS export .lake truncate: denied errno=30
verify (RA-03, randomized-and-low-rank-approximation/RA-03/lean)	UNKNOWN STEP	2026-09-12T16:14:39.0464878Z PASS user namespace: private
verify (RA-03, randomized-and-low-rank-approximation/RA-03/lean)	UNKNOWN STEP	2026-09-12T16:14:39.0465168Z PASS pid namespace: private
verify (RA-03, randomized-and-low-rank-approximation/RA-03/lean)	UNKNOWN STEP	2026-09-12T16:14:39.0465423Z PASS mnt namespace: private
verify (RA-03, randomized-and-low-rank-approximation/RA-03/lean)	UNKNOWN STEP	2026-09-12T16:14:39.0465675Z PASS net namespace: private
verify (RA-03, randomized-and-low-rank-approximation/RA-03/lean)	UNKNOWN STEP	2026-09-12T16:14:39.0466444Z PASS ipc namespace: private
verify (RA-03, randomized-and-low-rank-approximation/RA-03/lean)	UNKNOWN STEP	2026-09-12T16:14:39.0466806Z PASS uts namespace: private
verify (RA-03, randomized-and-low-rank-approximation/RA-03/lean)	UNKNOWN STEP	2026-09-12T16:14:39.0467102Z PASS host parent: absent from private /proc
verify (RA-03, randomized-and-low-rank-approximation/RA-03/lean)	UNKNOWN STEP	2026-09-12T16:14:39.0467444Z PASS host parent signal lookup: denied errno=3
verify (RA-03, randomized-and-low-rank-approximation/RA-03/lean)	UNKNOWN STEP	2026-09-12T16:14:39.0467798Z PASS host loopback listener: unreachable errno=13
verify (RA-03, randomized-and-low-rank-approximation/RA-03/lean)	UNKNOWN STEP	2026-09-12T16:14:39.0468148Z PASS AF_UNIX socket creation: denied errno=97
verify (RA-03, randomized-and-low-rank-approximation/RA-03/lean)	UNKNOWN STEP	2026-09-12T16:14:39.0468475Z PASS effective capabilities: none
verify (RA-03, randomized-and-low-rank-approximation/RA-03/lean)	UNKNOWN STEP	2026-09-12T16:14:39.0468745Z PASS no_new_privs: set
verify (RA-03, randomized-and-low-rank-approximation/RA-03/lean)	UNKNOWN STEP	2026-09-12T16:14:39.0468970Z Sandbox UID: 1001
verify (RA-03, randomized-and-low-rank-approximation/RA-03/lean)	UNKNOWN STEP	2026-09-12T16:14:39.0469243Z PASS nested namespace write attempt: rejected exit=1
verify (RA-03, randomized-and-low-rank-approximation/RA-03/lean)	UNKNOWN STEP	2026-09-12T16:14:39.0469614Z bwrap: setting up uid map: Permission denied
verify (RA-03, randomized-and-low-rank-approximation/RA-03/lean)	UNKNOWN STEP	2026-09-12T16:14:39.0469919Z Finished with result: success
verify (RA-03, randomized-and-low-rank-approximation/RA-03/lean)	UNKNOWN STEP	2026-09-12T16:14:39.0470222Z Main processes terminated with: code=exited/status=0
verify (RA-03, randomized-and-low-rank-approximation/RA-03/lean)	UNKNOWN STEP	2026-09-12T16:14:39.0470709Z Service runtime: 73ms
verify (RA-03, randomized-and-low-rank-approximation/RA-03/lean)	UNKNOWN STEP	2026-09-12T16:14:39.0470935Z CPU time consumed: 73ms
verify (RA-03, randomized-and-low-rank-approximation/RA-03/lean)	UNKNOWN STEP	2026-09-12T16:14:39.0471163Z Memory peak: 256.0K
verify (RA-03, randomized-and-low-rank-approximation/RA-03/lean)	UNKNOWN STEP	2026-09-12T16:14:39.0471389Z Memory swap peak: 0B
verify (RA-03, randomized-and-low-rank-approximation/RA-03/lean)	UNKNOWN STEP	2026-09-12T16:14:39.0471525Z 
verify (RA-03, randomized-and-low-rank-approximation/RA-03/lean)	UNKNOWN STEP	2026-09-12T16:14:39.0471634Z NEGATIVE unknown option: exit=2
verify (RA-03, randomized-and-low-rank-approximation/RA-03/lean)	UNKNOWN STEP	2026-09-12T16:14:39.0472444Z Running as unit: run-u4.service; invocation ID: 84ca6a5c1f374ffba52f35ae73c90f3c
verify (RA-03, randomized-and-low-rank-approximation/RA-03/lean)	UNKNOWN STEP	2026-09-12T16:14:39.0473117Z strict Comparator sandbox: unsupported Comparator Landrun option: --unrestricted-filesystem
verify (RA-03, randomized-and-low-rank-approximation/RA-03/lean)	UNKNOWN STEP	2026-09-12T16:14:39.0473638Z Finished with result: exit-code
verify (RA-03, randomized-and-low-rank-approximation/RA-03/lean)	UNKNOWN STEP	2026-09-12T16:14:39.0473959Z Main processes terminated with: code=exited/status=2
verify (RA-03, randomized-and-low-rank-approximation/RA-03/lean)	UNKNOWN STEP	2026-09-12T16:14:39.0474287Z Service runtime: 28ms
verify (RA-03, randomized-and-low-rank-approximation/RA-03/lean)	UNKNOWN STEP	2026-09-12T16:14:39.0474524Z CPU time consumed: 28ms
verify (RA-03, randomized-and-low-rank-approximation/RA-03/lean)	UNKNOWN STEP	2026-09-12T16:14:39.0474759Z Memory peak: 512.0K
verify (RA-03, randomized-and-low-rank-approximation/RA-03/lean)	UNKNOWN STEP	2026-09-12T16:14:39.0474979Z Memory swap peak: 0B
verify (RA-03, randomized-and-low-rank-approximation/RA-03/lean)	UNKNOWN STEP	2026-09-12T16:14:39.0475119Z 
verify (RA-03, randomized-and-low-rank-approximation/RA-03/lean)	UNKNOWN STEP	2026-09-12T16:14:39.0475229Z NEGATIVE unexpected --rw: exit=2
verify (RA-03, randomized-and-low-rank-approximation/RA-03/lean)	UNKNOWN STEP	2026-09-12T16:14:39.0475650Z Running as unit: run-u5.service; invocation ID: 62a4b6177f604764bb35751648b334fc
verify (RA-03, randomized-and-low-rank-approximation/RA-03/lean)	UNKNOWN STEP	2026-09-12T16:14:39.0476203Z strict Comparator sandbox: only private /dev may be passed with --rw
verify (RA-03, randomized-and-low-rank-approximation/RA-03/lean)	UNKNOWN STEP	2026-09-12T16:14:39.0476628Z Finished with result: exit-code
verify (RA-03, randomized-and-low-rank-approximation/RA-03/lean)	UNKNOWN STEP	2026-09-12T16:14:39.0476938Z Main processes terminated with: code=exited/status=2
verify (RA-03, randomized-and-low-rank-approximation/RA-03/lean)	UNKNOWN STEP	2026-09-12T16:14:39.0477259Z Service runtime: 26ms
verify (RA-03, randomized-and-low-rank-approximation/RA-03/lean)	UNKNOWN STEP	2026-09-12T16:14:39.0477486Z CPU time consumed: 25ms
verify (RA-03, randomized-and-low-rank-approximation/RA-03/lean)	UNKNOWN STEP	2026-09-12T16:14:39.0477713Z Memory peak: 256.0K
verify (RA-03, randomized-and-low-rank-approximation/RA-03/lean)	UNKNOWN STEP	2026-09-12T16:14:39.0477929Z Memory swap peak: 0B
verify (RA-03, randomized-and-low-rank-approximation/RA-03/lean)	UNKNOWN STEP	2026-09-12T16:14:39.0478069Z 
verify (RA-03, randomized-and-low-rank-approximation/RA-03/lean)	UNKNOWN STEP	2026-09-12T16:14:39.0478176Z NEGATIVE unexpected --rwx: exit=2
verify (RA-03, randomized-and-low-rank-approximation/RA-03/lean)	UNKNOWN STEP	2026-09-12T16:14:39.0478580Z Running as unit: run-u6.service; invocation ID: 18a4e428189d4c36a06a384c40c42769
verify (RA-03, randomized-and-low-rank-approximation/RA-03/lean)	UNKNOWN STEP	2026-09-12T16:14:39.0479150Z strict Comparator sandbox: only this project's existing .lake may be writable
verify (RA-03, randomized-and-low-rank-approximation/RA-03/lean)	UNKNOWN STEP	2026-09-12T16:14:39.0479583Z Finished with result: exit-code
verify (RA-03, randomized-and-low-rank-approximation/RA-03/lean)	UNKNOWN STEP	2026-09-12T16:14:39.0479901Z Main processes terminated with: code=exited/status=2
verify (RA-03, randomized-and-low-rank-approximation/RA-03/lean)	UNKNOWN STEP	2026-09-12T16:14:39.0480220Z Service runtime: 26ms
verify (RA-03, randomized-and-low-rank-approximation/RA-03/lean)	UNKNOWN STEP	2026-09-12T16:14:39.0480445Z CPU time consumed: 26ms
verify (RA-03, randomized-and-low-rank-approximation/RA-03/lean)	UNKNOWN STEP	2026-09-12T16:14:39.0480674Z Memory peak: 256.0K
verify (RA-03, randomized-and-low-rank-approximation/RA-03/lean)	UNKNOWN STEP	2026-09-12T16:14:39.0480887Z Memory swap peak: 0B
verify (RA-03, randomized-and-low-rank-approximation/RA-03/lean)	UNKNOWN STEP	2026-09-12T16:14:39.0481023Z 
verify (RA-03, randomized-and-low-rank-approximation/RA-03/lean)	UNKNOWN STEP	2026-09-12T16:14:39.0481131Z NEGATIVE relative --rwx: exit=2
verify (RA-03, randomized-and-low-rank-approximation/RA-03/lean)	UNKNOWN STEP	2026-09-12T16:14:39.0481536Z Running as unit: run-u7.service; invocation ID: fa040b66bfe747e88909d3e38bbe87aa
verify (RA-03, randomized-and-low-rank-approximation/RA-03/lean)	UNKNOWN STEP	2026-09-12T16:14:39.0482494Z strict Comparator sandbox: only this project's existing .lake may be writable
verify (RA-03, randomized-and-low-rank-approximation/RA-03/lean)	UNKNOWN STEP	2026-09-12T16:14:39.0482938Z Finished with result: exit-code
verify (RA-03, randomized-and-low-rank-approximation/RA-03/lean)	UNKNOWN STEP	2026-09-12T16:14:39.0483258Z Main processes terminated with: code=exited/status=2
verify (RA-03, randomized-and-low-rank-approximation/RA-03/lean)	UNKNOWN STEP	2026-09-12T16:14:39.0483590Z Service runtime: 27ms
verify (RA-03, randomized-and-low-rank-approximation/RA-03/lean)	UNKNOWN STEP	2026-09-12T16:14:39.0483814Z CPU time consumed: 26ms
verify (RA-03, randomized-and-low-rank-approximation/RA-03/lean)	UNKNOWN STEP	2026-09-12T16:14:39.0484041Z Memory peak: 256.0K
verify (RA-03, randomized-and-low-rank-approximation/RA-03/lean)	UNKNOWN STEP	2026-09-12T16:14:39.0484257Z Memory swap peak: 0B
verify (RA-03, randomized-and-low-rank-approximation/RA-03/lean)	UNKNOWN STEP	2026-09-12T16:14:39.0484387Z 
verify (RA-03, randomized-and-low-rank-approximation/RA-03/lean)	UNKNOWN STEP	2026-09-12T16:14:39.0484662Z Outer and export fixture contents unchanged; only designated build fixture written.
verify (RA-03, randomized-and-low-rank-approximation/RA-03/lean)	UNKNOWN STEP	2026-09-12T16:14:39.0516828Z Running bash /home/runner/work/_temp/nla-lean-tools/reproduction/checks/run_replay.sh
verify (RA-03, randomized-and-low-rank-approximation/RA-03/lean)	UNKNOWN STEP	2026-09-12T16:14:39.0517719Z Log: /home/runner/work/_temp/nla-lean-tools/logs/verify-20260912T161438Z-4193/kernel-controls.log
verify (RA-03, randomized-and-low-rank-approximation/RA-03/lean)	UNKNOWN STEP	2026-09-12T16:14:39.1117615Z Replay probe: RestrictAddressFamilies=~AF_UNIX (deny AF_UNIX sockets).
verify (RA-03, randomized-and-low-rank-approximation/RA-03/lean)	UNKNOWN STEP	2026-09-12T16:14:39.1705938Z Lean (version 4.33.1, x86_64-unknown-linux-gnu, Release)
verify (RA-03, randomized-and-low-rank-approximation/RA-03/lean)	UNKNOWN STEP	2026-09-12T16:14:39.2079081Z /home/runner/.elan/toolchains/leanprover--lean4---v4.33.1/lib/lean/Init.olean
verify (RA-03, randomized-and-low-rank-approximation/RA-03/lean)	UNKNOWN STEP	2026-09-12T16:14:39.2080741Z /home/runner/.elan/toolchains/leanprover--lean4---v4.33.1/lib/lean/Init.olean
verify (RA-03, randomized-and-low-rank-approximation/RA-03/lean)	UNKNOWN STEP	2026-09-12T16:14:39.2082294Z /home/runner/work/_temp/nla-lean-tools/.tools/comparator/.lake/build/lib/lean/Main.olean
verify (RA-03, randomized-and-low-rank-approximation/RA-03/lean)	UNKNOWN STEP	2026-09-12T16:14:40.5305565Z Trusted base fixture: 11 constants
verify (RA-03, randomized-and-low-rank-approximation/RA-03/lean)	UNKNOWN STEP	2026-09-12T16:14:40.5306496Z BEGIN honest_with_inductives_and_quotients
verify (RA-03, randomized-and-low-rank-approximation/RA-03/lean)	UNKNOWN STEP	2026-09-12T16:14:40.5307225Z Running Lean default kernel on solution.
verify (RA-03, randomized-and-low-rank-approximation/RA-03/lean)	UNKNOWN STEP	2026-09-12T16:14:40.5307930Z Lean default kernel accepts the solution
verify (RA-03, randomized-and-low-rank-approximation/RA-03/lean)	UNKNOWN STEP	2026-09-12T16:14:40.5308724Z RETURN honest_with_inductives_and_quotients: accepted
verify (RA-03, randomized-and-low-rank-approximation/RA-03/lean)	UNKNOWN STEP	2026-09-12T16:14:40.5309883Z BEGIN invalid_raw_proof
verify (RA-03, randomized-and-low-rank-approximation/RA-03/lean)	UNKNOWN STEP	2026-09-12T16:14:40.5310455Z Running Lean default kernel on solution.
verify (RA-03, randomized-and-low-rank-approximation/RA-03/lean)	UNKNOWN STEP	2026-09-12T16:14:40.5311181Z Lean default kernel rejects the solution
verify (RA-03, randomized-and-low-rank-approximation/RA-03/lean)	UNKNOWN STEP	2026-09-12T16:14:40.5312616Z RETURN invalid_raw_proof: rejected: while replaying declaration 'PinnedReplayProbe.invalid':
verify (RA-03, randomized-and-low-rank-approximation/RA-03/lean)	UNKNOWN STEP	2026-09-12T16:14:40.5314069Z (kernel) declaration type mismatch, 'PinnedReplayProbe.invalid' has type
verify (RA-03, randomized-and-low-rank-approximation/RA-03/lean)	UNKNOWN STEP	2026-09-12T16:14:40.5315014Z   True
verify (RA-03, randomized-and-low-rank-approximation/RA-03/lean)	UNKNOWN STEP	2026-09-12T16:14:40.5315398Z but it is expected to have type
verify (RA-03, randomized-and-low-rank-approximation/RA-03/lean)	UNKNOWN STEP	2026-09-12T16:14:40.5315823Z   False
verify (RA-03, randomized-and-low-rank-approximation/RA-03/lean)	UNKNOWN STEP	2026-09-12T16:14:40.5316167Z BEGIN quotient_postcheck_mismatch
verify (RA-03, randomized-and-low-rank-approximation/RA-03/lean)	UNKNOWN STEP	2026-09-12T16:14:40.5316662Z Running Lean default kernel on solution.
verify (RA-03, randomized-and-low-rank-approximation/RA-03/lean)	UNKNOWN STEP	2026-09-12T16:14:40.5317183Z Lean default kernel accepts the solution
verify (RA-03, randomized-and-low-rank-approximation/RA-03/lean)	UNKNOWN STEP	2026-09-12T16:14:40.5317714Z Quotient post-check rejects the solution
verify (RA-03, randomized-and-low-rank-approximation/RA-03/lean)	UNKNOWN STEP	2026-09-12T16:14:40.5318534Z RETURN quotient_postcheck_mismatch: rejected: Quotient constant mismatch on: Quot.lift
verify (RA-03, randomized-and-low-rank-approximation/RA-03/lean)	UNKNOWN STEP	2026-09-12T16:14:40.5319565Z PASS: all three actual Comparator.runBuiltinKernel cases behaved as required
verify (RA-03, randomized-and-low-rank-approximation/RA-03/lean)	UNKNOWN STEP	2026-09-12T16:14:40.6279675Z Running python3 /home/runner/work/_temp/nla-lean-tools/reproduction/checks/comparator_regressions.py
verify (RA-03, randomized-and-low-rank-approximation/RA-03/lean)	UNKNOWN STEP	2026-09-12T16:14:40.6282033Z Log: /home/runner/work/_temp/nla-lean-tools/logs/verify-20260912T161438Z-4193/comparator-controls.log
verify (RA-03, randomized-and-low-rank-approximation/RA-03/lean)	UNKNOWN STEP	2026-09-12T16:14:40.6623480Z Comparator regressions: RestrictAddressFamilies=~AF_UNIX; .tools/env.sh selects the real strict sandbox.
verify (RA-03, randomized-and-low-rank-approximation/RA-03/lean)	UNKNOWN STEP	2026-09-12T16:14:40.6633520Z 
verify (RA-03, randomized-and-low-rank-approximation/RA-03/lean)	UNKNOWN STEP	2026-09-12T16:14:40.6633824Z CASE simple_match
verify (RA-03, randomized-and-low-rank-approximation/RA-03/lean)	UNKNOWN STEP	2026-09-12T16:14:42.7834088Z info: ComparatorRegression: no previous manifest, creating one from scratch
verify (RA-03, randomized-and-low-rank-approximation/RA-03/lean)	UNKNOWN STEP	2026-09-12T16:14:42.7835326Z info: toolchain not updated; already up-to-date
verify (RA-03, randomized-and-low-rank-approximation/RA-03/lean)	UNKNOWN STEP	2026-09-12T16:14:42.7836278Z Building Challenge
verify (RA-03, randomized-and-low-rank-approximation/RA-03/lean)	UNKNOWN STEP	2026-09-12T16:14:42.7837226Z ⚠ [2/3] Built Challenge (251ms)
verify (RA-03, randomized-and-low-rank-approximation/RA-03/lean)	UNKNOWN STEP	2026-09-12T16:14:42.7838000Z warning: Challenge.lean:1:8: declaration uses `sorry`
verify (RA-03, randomized-and-low-rank-approximation/RA-03/lean)	UNKNOWN STEP	2026-09-12T16:14:42.7838916Z Build completed successfully (3 jobs).
verify (RA-03, randomized-and-low-rank-approximation/RA-03/lean)	UNKNOWN STEP	2026-09-12T16:14:42.7842914Z Exporting #[Quot, Quot.mk, Quot.lift, Quot.ind, comm, propext, Quot.sound, Classical.choice, Nat.add, Nat.sub, Nat.mul, Nat.pow, Nat.gcd, Nat.div, Nat.mod, Nat.beq, Nat.ble, Nat.land, Nat.lor, Nat.xor, Nat.shiftLeft, Nat.shiftRight, String.ofList, Char.ofNat, List, eagerReduce, Nat, String, String.mk, Char, optParam, autoParam, semiOutParam, outParam] from Challenge
verify (RA-03, randomized-and-low-rank-approximation/RA-03/lean)	UNKNOWN STEP	2026-09-12T16:14:42.7846537Z Building Solution
verify (RA-03, randomized-and-low-rank-approximation/RA-03/lean)	UNKNOWN STEP	2026-09-12T16:14:42.7847222Z ✔ [2/3] Built Solution (243ms)
verify (RA-03, randomized-and-low-rank-approximation/RA-03/lean)	UNKNOWN STEP	2026-09-12T16:14:42.7847742Z Build completed successfully (3 jobs).
verify (RA-03, randomized-and-low-rank-approximation/RA-03/lean)	UNKNOWN STEP	2026-09-12T16:14:42.7849623Z Exporting #[Quot, Quot.mk, Quot.lift, Quot.ind, comm, propext, Quot.sound, Classical.choice, Nat.add, Nat.sub, Nat.mul, Nat.pow, Nat.gcd, Nat.div, Nat.mod, Nat.beq, Nat.ble, Nat.land, Nat.lor, Nat.xor, Nat.shiftLeft, Nat.shiftRight, String.ofList, Char.ofNat, List, eagerReduce, Nat, String, String.mk, Char, optParam, autoParam, semiOutParam, outParam] from Solution
verify (RA-03, randomized-and-low-rank-approximation/RA-03/lean)	UNKNOWN STEP	2026-09-12T16:14:42.7852330Z Running Lean default kernel on solution.
verify (RA-03, randomized-and-low-rank-approximation/RA-03/lean)	UNKNOWN STEP	2026-09-12T16:14:42.7852888Z Lean default kernel accepts the solution
verify (RA-03, randomized-and-low-rank-approximation/RA-03/lean)	UNKNOWN STEP	2026-09-12T16:14:42.7853443Z Your solution is okay!
verify (RA-03, randomized-and-low-rank-approximation/RA-03/lean)	UNKNOWN STEP	2026-09-12T16:14:42.7854145Z PASS simple_match: exit 0, expected 0; required phase: Your solution is okay!
verify (RA-03, randomized-and-low-rank-approximation/RA-03/lean)	UNKNOWN STEP	2026-09-12T16:14:42.7854828Z 
verify (RA-03, randomized-and-low-rank-approximation/RA-03/lean)	UNKNOWN STEP	2026-09-12T16:14:42.7855315Z CASE simple_mismatch
verify (RA-03, randomized-and-low-rank-approximation/RA-03/lean)	UNKNOWN STEP	2026-09-12T16:14:44.7244760Z info: ComparatorRegression: no previous manifest, creating one from scratch
verify (RA-03, randomized-and-low-rank-approximation/RA-03/lean)	UNKNOWN STEP	2026-09-12T16:14:44.7245693Z info: toolchain not updated; already up-to-date
verify (RA-03, randomized-and-low-rank-approximation/RA-03/lean)	UNKNOWN STEP	2026-09-12T16:14:44.7246263Z Building Challenge
verify (RA-03, randomized-and-low-rank-approximation/RA-03/lean)	UNKNOWN STEP	2026-09-12T16:14:44.7246962Z ⚠ [2/3] Built Challenge (230ms)
verify (RA-03, randomized-and-low-rank-approximation/RA-03/lean)	UNKNOWN STEP	2026-09-12T16:14:44.7247527Z warning: Challenge.lean:1:8: declaration uses `sorry`
verify (RA-03, randomized-and-low-rank-approximation/RA-03/lean)	UNKNOWN STEP	2026-09-12T16:14:44.7248151Z Build completed successfully (3 jobs).
verify (RA-03, randomized-and-low-rank-approximation/RA-03/lean)	UNKNOWN STEP	2026-09-12T16:14:44.7249987Z Exporting #[Quot, Quot.mk, Quot.lift, Quot.ind, comm, propext, Quot.sound, Classical.choice, Nat.add, Nat.sub, Nat.mul, Nat.pow, Nat.gcd, Nat.div, Nat.mod, Nat.beq, Nat.ble, Nat.land, Nat.lor, Nat.xor, Nat.shiftLeft, Nat.shiftRight, String.ofList, Char.ofNat, List, eagerReduce, Nat, String, String.mk, Char, optParam, autoParam, semiOutParam, outParam] from Challenge
verify (RA-03, randomized-and-low-rank-approximation/RA-03/lean)	UNKNOWN STEP	2026-09-12T16:14:44.7253000Z Building Solution
verify (RA-03, randomized-and-low-rank-approximation/RA-03/lean)	UNKNOWN STEP	2026-09-12T16:14:44.7253417Z ✔ [2/3] Built Solution (229ms)
verify (RA-03, randomized-and-low-rank-approximation/RA-03/lean)	UNKNOWN STEP	2026-09-12T16:14:44.7253772Z Build completed successfully (3 jobs).
verify (RA-03, randomized-and-low-rank-approximation/RA-03/lean)	UNKNOWN STEP	2026-09-12T16:14:44.7255515Z Exporting #[Quot, Quot.mk, Quot.lift, Quot.ind, comm, propext, Quot.sound, Classical.choice, Nat.add, Nat.sub, Nat.mul, Nat.pow, Nat.gcd, Nat.div, Nat.mod, Nat.beq, Nat.ble, Nat.land, Nat.lor, Nat.xor, Nat.shiftLeft, Nat.shiftRight, String.ofList, Char.ofNat, List, eagerReduce, Nat, String, String.mk, Char, optParam, autoParam, semiOutParam, outParam] from Solution
verify (RA-03, randomized-and-low-rank-approximation/RA-03/lean)	UNKNOWN STEP	2026-09-12T16:14:44.7257328Z uncaught exception: Challenge and solution constant kind don't match: 'comm'
verify (RA-03, randomized-and-low-rank-approximation/RA-03/lean)	UNKNOWN STEP	2026-09-12T16:14:44.7258151Z PASS simple_mismatch: exit 1, expected 1; required phase: Challenge and solution constant kind don't match: 'comm'
verify (RA-03, randomized-and-low-rank-approximation/RA-03/lean)	UNKNOWN STEP	2026-09-12T16:14:44.7258699Z 
verify (RA-03, randomized-and-low-rank-approximation/RA-03/lean)	UNKNOWN STEP	2026-09-12T16:14:44.7258819Z CASE simple_axiom_issue
verify (RA-03, randomized-and-low-rank-approximation/RA-03/lean)	UNKNOWN STEP	2026-09-12T16:14:46.6802495Z info: ComparatorRegression: no previous manifest, creating one from scratch
verify (RA-03, randomized-and-low-rank-approximation/RA-03/lean)	UNKNOWN STEP	2026-09-12T16:14:46.6803741Z info: toolchain not updated; already up-to-date
verify (RA-03, randomized-and-low-rank-approximation/RA-03/lean)	UNKNOWN STEP	2026-09-12T16:14:46.6804660Z Building Challenge
verify (RA-03, randomized-and-low-rank-approximation/RA-03/lean)	UNKNOWN STEP	2026-09-12T16:14:46.6805445Z ⚠ [2/3] Built Challenge (236ms)
verify (RA-03, randomized-and-low-rank-approximation/RA-03/lean)	UNKNOWN STEP	2026-09-12T16:14:46.6806077Z warning: Challenge.lean:1:8: declaration uses `sorry`
verify (RA-03, randomized-and-low-rank-approximation/RA-03/lean)	UNKNOWN STEP	2026-09-12T16:14:46.6806769Z Build completed successfully (3 jobs).
verify (RA-03, randomized-and-low-rank-approximation/RA-03/lean)	UNKNOWN STEP	2026-09-12T16:14:46.6809744Z Exporting #[Quot, Quot.mk, Quot.lift, Quot.ind, comm, propext, Quot.sound, Classical.choice, Nat.add, Nat.sub, Nat.mul, Nat.pow, Nat.gcd, Nat.div, Nat.mod, Nat.beq, Nat.ble, Nat.land, Nat.lor, Nat.xor, Nat.shiftLeft, Nat.shiftRight, String.ofList, Char.ofNat, List, eagerReduce, Nat, String, String.mk, Char, optParam, autoParam, semiOutParam, outParam] from Challenge
verify (RA-03, randomized-and-low-rank-approximation/RA-03/lean)	UNKNOWN STEP	2026-09-12T16:14:46.6813738Z Building Solution
verify (RA-03, randomized-and-low-rank-approximation/RA-03/lean)	UNKNOWN STEP	2026-09-12T16:14:46.6814112Z ✔ [2/3] Built Solution (241ms)
verify (RA-03, randomized-and-low-rank-approximation/RA-03/lean)	UNKNOWN STEP	2026-09-12T16:14:46.6814465Z Build completed successfully (3 jobs).
verify (RA-03, randomized-and-low-rank-approximation/RA-03/lean)	UNKNOWN STEP	2026-09-12T16:14:46.6816338Z Exporting #[Quot, Quot.mk, Quot.lift, Quot.ind, comm, propext, Quot.sound, Classical.choice, Nat.add, Nat.sub, Nat.mul, Nat.pow, Nat.gcd, Nat.div, Nat.mod, Nat.beq, Nat.ble, Nat.land, Nat.lor, Nat.xor, Nat.shiftLeft, Nat.shiftRight, String.ofList, Char.ofNat, List, eagerReduce, Nat, String, String.mk, Char, optParam, autoParam, semiOutParam, outParam] from Solution
verify (RA-03, randomized-and-low-rank-approximation/RA-03/lean)	UNKNOWN STEP	2026-09-12T16:14:46.6818169Z uncaught exception: Illegal axiom detected: 'helper'
verify (RA-03, randomized-and-low-rank-approximation/RA-03/lean)	UNKNOWN STEP	2026-09-12T16:14:46.6818833Z PASS simple_axiom_issue: exit 1, expected 1; required phase: Illegal axiom detected: 'helper'
verify (RA-03, randomized-and-low-rank-approximation/RA-03/lean)	UNKNOWN STEP	2026-09-12T16:14:46.6819322Z 
verify (RA-03, randomized-and-low-rank-approximation/RA-03/lean)	UNKNOWN STEP	2026-09-12T16:14:46.6819454Z CASE simple_kind_mismatch
verify (RA-03, randomized-and-low-rank-approximation/RA-03/lean)	UNKNOWN STEP	2026-09-12T16:14:48.6209940Z info: ComparatorRegression: no previous manifest, creating one from scratch
verify (RA-03, randomized-and-low-rank-approximation/RA-03/lean)	UNKNOWN STEP	2026-09-12T16:14:48.6211305Z info: toolchain not updated; already up-to-date
verify (RA-03, randomized-and-low-rank-approximation/RA-03/lean)	UNKNOWN STEP	2026-09-12T16:14:48.6212452Z Building Challenge
verify (RA-03, randomized-and-low-rank-approximation/RA-03/lean)	UNKNOWN STEP	2026-09-12T16:14:48.6213436Z ⚠ [2/3] Built Challenge (231ms)
verify (RA-03, randomized-and-low-rank-approximation/RA-03/lean)	UNKNOWN STEP	2026-09-12T16:14:48.6214348Z warning: Challenge.lean:1:8: declaration uses `sorry`
verify (RA-03, randomized-and-low-rank-approximation/RA-03/lean)	UNKNOWN STEP	2026-09-12T16:14:48.6215341Z Build completed successfully (3 jobs).
verify (RA-03, randomized-and-low-rank-approximation/RA-03/lean)	UNKNOWN STEP	2026-09-12T16:14:48.6219117Z Exporting #[Quot, Quot.mk, Quot.lift, Quot.ind, comm, propext, Quot.sound, Classical.choice, Nat.add, Nat.sub, Nat.mul, Nat.pow, Nat.gcd, Nat.div, Nat.mod, Nat.beq, Nat.ble, Nat.land, Nat.lor, Nat.xor, Nat.shiftLeft, Nat.shiftRight, String.ofList, Char.ofNat, List, eagerReduce, Nat, String, String.mk, Char, optParam, autoParam, semiOutParam, outParam] from Challenge
verify (RA-03, randomized-and-low-rank-approximation/RA-03/lean)	UNKNOWN STEP	2026-09-12T16:14:48.6220834Z Building Solution
verify (RA-03, randomized-and-low-rank-approximation/RA-03/lean)	UNKNOWN STEP	2026-09-12T16:14:48.6221203Z ✔ [2/3] Built Solution (229ms)
verify (RA-03, randomized-and-low-rank-approximation/RA-03/lean)	UNKNOWN STEP	2026-09-12T16:14:48.6221729Z Build completed successfully (3 jobs).
verify (RA-03, randomized-and-low-rank-approximation/RA-03/lean)	UNKNOWN STEP	2026-09-12T16:14:48.6223843Z Exporting #[Quot, Quot.mk, Quot.lift, Quot.ind, comm, propext, Quot.sound, Classical.choice, Nat.add, Nat.sub, Nat.mul, Nat.pow, Nat.gcd, Nat.div, Nat.mod, Nat.beq, Nat.ble, Nat.land, Nat.lor, Nat.xor, Nat.shiftLeft, Nat.shiftRight, String.ofList, Char.ofNat, List, eagerReduce, Nat, String, String.mk, Char, optParam, autoParam, semiOutParam, outParam] from Solution
verify (RA-03, randomized-and-low-rank-approximation/RA-03/lean)	UNKNOWN STEP	2026-09-12T16:14:48.6225540Z uncaught exception: Illegal axiom detected: 'helper'
verify (RA-03, randomized-and-low-rank-approximation/RA-03/lean)	UNKNOWN STEP	2026-09-12T16:14:48.6226380Z PASS simple_kind_mismatch: exit 1, expected 1; required phase: Illegal axiom detected: 'helper'
verify (RA-03, randomized-and-low-rank-approximation/RA-03/lean)	UNKNOWN STEP	2026-09-12T16:14:48.6226864Z 
verify (RA-03, randomized-and-low-rank-approximation/RA-03/lean)	UNKNOWN STEP	2026-09-12T16:14:48.6226977Z CASE type_mismatch
verify (RA-03, randomized-and-low-rank-approximation/RA-03/lean)	UNKNOWN STEP	2026-09-12T16:14:50.5448684Z info: ComparatorRegression: no previous manifest, creating one from scratch
verify (RA-03, randomized-and-low-rank-approximation/RA-03/lean)	UNKNOWN STEP	2026-09-12T16:14:50.5449847Z info: toolchain not updated; already up-to-date
verify (RA-03, randomized-and-low-rank-approximation/RA-03/lean)	UNKNOWN STEP	2026-09-12T16:14:50.5450574Z Building Challenge
verify (RA-03, randomized-and-low-rank-approximation/RA-03/lean)	UNKNOWN STEP	2026-09-12T16:14:50.5451407Z ✔ [2/3] Built Challenge (235ms)
verify (RA-03, randomized-and-low-rank-approximation/RA-03/lean)	UNKNOWN STEP	2026-09-12T16:14:50.5452278Z Build completed successfully (3 jobs).
verify (RA-03, randomized-and-low-rank-approximation/RA-03/lean)	UNKNOWN STEP	2026-09-12T16:14:50.5455638Z Exporting #[Quot, Quot.mk, Quot.lift, Quot.ind, checked, propext, Quot.sound, Classical.choice, Nat.add, Nat.sub, Nat.mul, Nat.pow, Nat.gcd, Nat.div, Nat.mod, Nat.beq, Nat.ble, Nat.land, Nat.lor, Nat.xor, Nat.shiftLeft, Nat.shiftRight, String.ofList, Char.ofNat, List, eagerReduce, Nat, String, String.mk, Char, optParam, autoParam, semiOutParam, outParam] from Challenge
verify (RA-03, randomized-and-low-rank-approximation/RA-03/lean)	UNKNOWN STEP	2026-09-12T16:14:50.5458781Z Building Solution
verify (RA-03, randomized-and-low-rank-approximation/RA-03/lean)	UNKNOWN STEP	2026-09-12T16:14:50.5459359Z ✔ [2/3] Built Solution (235ms)
verify (RA-03, randomized-and-low-rank-approximation/RA-03/lean)	UNKNOWN STEP	2026-09-12T16:14:50.5459941Z Build completed successfully (3 jobs).
verify (RA-03, randomized-and-low-rank-approximation/RA-03/lean)	UNKNOWN STEP	2026-09-12T16:14:50.5463482Z Exporting #[Quot, Quot.mk, Quot.lift, Quot.ind, checked, propext, Quot.sound, Classical.choice, Nat.add, Nat.sub, Nat.mul, Nat.pow, Nat.gcd, Nat.div, Nat.mod, Nat.beq, Nat.ble, Nat.land, Nat.lor, Nat.xor, Nat.shiftLeft, Nat.shiftRight, String.ofList, Char.ofNat, List, eagerReduce, Nat, String, String.mk, Char, optParam, autoParam, semiOutParam, outParam] from Solution
verify (RA-03, randomized-and-low-rank-approximation/RA-03/lean)	UNKNOWN STEP	2026-09-12T16:14:50.5466257Z uncaught exception: Challenge and solution theorem statement do not match: 'checked'
verify (RA-03, randomized-and-low-rank-approximation/RA-03/lean)	UNKNOWN STEP	2026-09-12T16:14:50.5467595Z PASS type_mismatch: exit 1, expected 1; required phase: Challenge and solution theorem statement do not match: 'checked'
verify (RA-03, randomized-and-low-rank-approximation/RA-03/lean)	UNKNOWN STEP	2026-09-12T16:14:50.5490760Z PASS: all five Comparator regressions
verify (RA-03, randomized-and-low-rank-approximation/RA-03/lean)	UNKNOWN STEP	2026-09-12T16:14:50.5587248Z Running systemd-run --user --quiet --wait --pipe --collect -p 'RestrictAddressFamilies=~AF_UNIX' --working-directory /home/runner/work/_temp/nla-lean-tools/.verification-tmp/nla-axiom-bqew4sgs /usr/bin/env -i PATH=/home/runner/.elan/toolchains/leanprover--lean4---v4.33.1/bin:/home/runner/.elan/bin:/home/runner/go/bin:/opt/hostedtoolcache/go/1.27.1/x64/bin:/snap/bin:/home/runner/.local/bin:/opt/pipx_bin:/home/runner/.cargo/bin:/home/runner/.config/composer/vendor/bin:/usr/local/.ghcup/bin:/home/runner/.dotnet/tools:/usr/local/sbin:/usr/local/bin:/usr/sbin:/usr/bin:/sbin:/bin:/usr/games:/usr/local/games:/snap/bin HOME=/home/runner LANG=C.UTF-8 XDG_RUNTIME_DIR=/run/user/1001 DBUS_SESSION_BUS_ADDRESS=unix:path=/run/user/1001/bus GIT_TERMINAL_PROMPT=0 GIT_CONFIG_NOSYSTEM=1 GIT_CONFIG_GLOBAL=/dev/null COMPARATOR_BIN=/home/runner/work/_temp/nla-lean-tools/.tools/comparator/.lake/build/bin/comparator COMPARATOR_LEAN4EXPORT=/home/runner/work/_temp/nla-lean-tools/.tools/lean4export/.lake/build/bin/lean4export COMPARATOR_LANDRUN=/home/runner/work/_temp/nla-lean-tools/scripts/strict_landrun.py XDG_CACHE_HOME=/home/runner/work/_temp/nla-lean-tools/.tools/cache TMPDIR=/home/runner/work/_temp/nla-lean-tools/.verification-tmp lake env /home/runner/work/_temp/nla-lean-tools/.tools/comparator/.lake/build/bin/comparator comparator.json
verify (RA-03, randomized-and-low-rank-approximation/RA-03/lean)	UNKNOWN STEP	2026-09-12T16:14:50.5597030Z Log: /home/runner/work/_temp/nla-lean-tools/logs/verify-20260912T161438Z-4193/negative-sorry.log
verify (RA-03, randomized-and-low-rank-approximation/RA-03/lean)	UNKNOWN STEP	2026-09-12T16:14:50.6905334Z info: NlaAxiomFixture: no previous manifest, creating one from scratch
verify (RA-03, randomized-and-low-rank-approximation/RA-03/lean)	UNKNOWN STEP	2026-09-12T16:14:50.6906270Z info: toolchain not updated; already up-to-date
verify (RA-03, randomized-and-low-rank-approximation/RA-03/lean)	UNKNOWN STEP	2026-09-12T16:14:50.7662013Z Building Challenge
verify (RA-03, randomized-and-low-rank-approximation/RA-03/lean)	UNKNOWN STEP	2026-09-12T16:14:51.7739182Z ✔ [2/3] Built Challenge (884ms)
verify (RA-03, randomized-and-low-rank-approximation/RA-03/lean)	UNKNOWN STEP	2026-09-12T16:14:51.7772684Z Build completed successfully (3 jobs).
verify (RA-03, randomized-and-low-rank-approximation/RA-03/lean)	UNKNOWN STEP	2026-09-12T16:14:52.8022953Z Exporting #[Quot, Quot.mk, Quot.lift, Quot.ind, checked, Classical.choice, Quot.sound, propext, Nat.add, Nat.sub, Nat.mul, Nat.pow, Nat.gcd, Nat.div, Nat.mod, Nat.beq, Nat.ble, Nat.land, Nat.lor, Nat.xor, Nat.shiftLeft, Nat.shiftRight, String.ofList, Char.ofNat, List, eagerReduce, Nat, String, String.mk, Char, optParam, autoParam, semiOutParam, outParam] from Challenge
verify (RA-03, randomized-and-low-rank-approximation/RA-03/lean)	UNKNOWN STEP	2026-09-12T16:14:52.8025639Z Building Solution
verify (RA-03, randomized-and-low-rank-approximation/RA-03/lean)	UNKNOWN STEP	2026-09-12T16:14:53.7987241Z ⚠ [2/3] Built Solution (861ms)
verify (RA-03, randomized-and-low-rank-approximation/RA-03/lean)	UNKNOWN STEP	2026-09-12T16:14:53.7988122Z warning: Solution.lean:2:8: declaration uses `sorry`
verify (RA-03, randomized-and-low-rank-approximation/RA-03/lean)	UNKNOWN STEP	2026-09-12T16:14:53.7991488Z Build completed successfully (3 jobs).
verify (RA-03, randomized-and-low-rank-approximation/RA-03/lean)	UNKNOWN STEP	2026-09-12T16:14:54.8757046Z Exporting #[Quot, Quot.mk, Quot.lift, Quot.ind, checked, Classical.choice, Quot.sound, propext, Nat.add, Nat.sub, Nat.mul, Nat.pow, Nat.gcd, Nat.div, Nat.mod, Nat.beq, Nat.ble, Nat.land, Nat.lor, Nat.xor, Nat.shiftLeft, Nat.shiftRight, String.ofList, Char.ofNat, List, eagerReduce, Nat, String, String.mk, Char, optParam, autoParam, semiOutParam, outParam] from Solution
verify (RA-03, randomized-and-low-rank-approximation/RA-03/lean)	UNKNOWN STEP	2026-09-12T16:14:54.8758631Z uncaught exception: Illegal axiom detected: 'sorryAx'
verify (RA-03, randomized-and-low-rank-approximation/RA-03/lean)	UNKNOWN STEP	2026-09-12T16:14:54.8872346Z Running systemd-run --user --quiet --wait --pipe --collect -p 'RestrictAddressFamilies=~AF_UNIX' --working-directory /home/runner/work/_temp/nla-lean-tools/.verification-tmp/nla-axiom-h3xda0m0 /usr/bin/env -i PATH=/home/runner/.elan/toolchains/leanprover--lean4---v4.33.1/bin:/home/runner/.elan/bin:/home/runner/go/bin:/opt/hostedtoolcache/go/1.27.1/x64/bin:/snap/bin:/home/runner/.local/bin:/opt/pipx_bin:/home/runner/.cargo/bin:/home/runner/.config/composer/vendor/bin:/usr/local/.ghcup/bin:/home/runner/.dotnet/tools:/usr/local/sbin:/usr/local/bin:/usr/sbin:/usr/bin:/sbin:/bin:/usr/games:/usr/local/games:/snap/bin HOME=/home/runner LANG=C.UTF-8 XDG_RUNTIME_DIR=/run/user/1001 DBUS_SESSION_BUS_ADDRESS=unix:path=/run/user/1001/bus GIT_TERMINAL_PROMPT=0 GIT_CONFIG_NOSYSTEM=1 GIT_CONFIG_GLOBAL=/dev/null COMPARATOR_BIN=/home/runner/work/_temp/nla-lean-tools/.tools/comparator/.lake/build/bin/comparator COMPARATOR_LEAN4EXPORT=/home/runner/work/_temp/nla-lean-tools/.tools/lean4export/.lake/build/bin/lean4export COMPARATOR_LANDRUN=/home/runner/work/_temp/nla-lean-tools/scripts/strict_landrun.py XDG_CACHE_HOME=/home/runner/work/_temp/nla-lean-tools/.tools/cache TMPDIR=/home/runner/work/_temp/nla-lean-tools/.verification-tmp lake env /home/runner/work/_temp/nla-lean-tools/.tools/comparator/.lake/build/bin/comparator comparator.json
verify (RA-03, randomized-and-low-rank-approximation/RA-03/lean)	UNKNOWN STEP	2026-09-12T16:14:54.8879187Z Log: /home/runner/work/_temp/nla-lean-tools/logs/verify-20260912T161438Z-4193/negative-native.log
verify (RA-03, randomized-and-low-rank-approximation/RA-03/lean)	UNKNOWN STEP	2026-09-12T16:14:54.9430909Z info: NlaAxiomFixture: no previous manifest, creating one from scratch
verify (RA-03, randomized-and-low-rank-approximation/RA-03/lean)	UNKNOWN STEP	2026-09-12T16:14:54.9431697Z info: toolchain not updated; already up-to-date
verify (RA-03, randomized-and-low-rank-approximation/RA-03/lean)	UNKNOWN STEP	2026-09-12T16:14:55.0156870Z Building Challenge
verify (RA-03, randomized-and-low-rank-approximation/RA-03/lean)	UNKNOWN STEP	2026-09-12T16:14:56.0133419Z ✔ [2/3] Built Challenge (878ms)
verify (RA-03, randomized-and-low-rank-approximation/RA-03/lean)	UNKNOWN STEP	2026-09-12T16:14:56.0137272Z Build completed successfully (3 jobs).
verify (RA-03, randomized-and-low-rank-approximation/RA-03/lean)	UNKNOWN STEP	2026-09-12T16:14:57.0489256Z Exporting #[Quot, Quot.mk, Quot.lift, Quot.ind, checked, Classical.choice, Quot.sound, propext, Nat.add, Nat.sub, Nat.mul, Nat.pow, Nat.gcd, Nat.div, Nat.mod, Nat.beq, Nat.ble, Nat.land, Nat.lor, Nat.xor, Nat.shiftLeft, Nat.shiftRight, String.ofList, Char.ofNat, List, eagerReduce, Nat, String, String.mk, Char, optParam, autoParam, semiOutParam, outParam] from Challenge
verify (RA-03, randomized-and-low-rank-approximation/RA-03/lean)	UNKNOWN STEP	2026-09-12T16:14:57.0491024Z Building Solution
verify (RA-03, randomized-and-low-rank-approximation/RA-03/lean)	UNKNOWN STEP	2026-09-12T16:14:58.0520926Z ✔ [2/3] Built Solution (891ms)
verify (RA-03, randomized-and-low-rank-approximation/RA-03/lean)	UNKNOWN STEP	2026-09-12T16:14:58.0525145Z Build completed successfully (3 jobs).
verify (RA-03, randomized-and-low-rank-approximation/RA-03/lean)	UNKNOWN STEP	2026-09-12T16:14:59.1525036Z Exporting #[Quot, Quot.mk, Quot.lift, Quot.ind, checked, Classical.choice, Quot.sound, propext, Nat.add, Nat.sub, Nat.mul, Nat.pow, Nat.gcd, Nat.div, Nat.mod, Nat.beq, Nat.ble, Nat.land, Nat.lor, Nat.xor, Nat.shiftLeft, Nat.shiftRight, String.ofList, Char.ofNat, List, eagerReduce, Nat, String, String.mk, Char, optParam, autoParam, semiOutParam, outParam] from Solution
verify (RA-03, randomized-and-low-rank-approximation/RA-03/lean)	UNKNOWN STEP	2026-09-12T16:14:59.1526847Z uncaught exception: Illegal axiom detected: 'checked._native.native_decide.ax_1_1'
verify (RA-03, randomized-and-low-rank-approximation/RA-03/lean)	UNKNOWN STEP	2026-09-12T16:14:59.2515460Z Running lake env true
verify (RA-03, randomized-and-low-rank-approximation/RA-03/lean)	UNKNOWN STEP	2026-09-12T16:14:59.2516186Z Log: /home/runner/work/_temp/nla-lean-tools/logs/verify-20260912T161438Z-4193/dependencies.log
verify (RA-03, randomized-and-low-rank-approximation/RA-03/lean)	UNKNOWN STEP	2026-09-12T16:14:59.2918694Z info: leancert: cloning https://github.com/alerad/leancert
verify (RA-03, randomized-and-low-rank-approximation/RA-03/lean)	UNKNOWN STEP	2026-09-12T16:15:00.7200584Z info: leancert: checking out revision '621a43d7cf21f87872392a01e874f2f1dbddc926'
verify (RA-03, randomized-and-low-rank-approximation/RA-03/lean)	UNKNOWN STEP	2026-09-12T16:15:00.7566291Z info: mathlib: cloning https://github.com/leanprover-community/mathlib4.git
verify (RA-03, randomized-and-low-rank-approximation/RA-03/lean)	UNKNOWN STEP	2026-09-12T16:15:33.0997533Z info: mathlib: checking out revision '0df444a360eaa60ab8c11dca51a86af692955474'
verify (RA-03, randomized-and-low-rank-approximation/RA-03/lean)	UNKNOWN STEP	2026-09-12T16:15:35.0757986Z info: plausible: cloning https://github.com/leanprover-community/plausible
verify (RA-03, randomized-and-low-rank-approximation/RA-03/lean)	UNKNOWN STEP	2026-09-12T16:15:35.6603505Z info: plausible: checking out revision 'b7eb3304aeae834b12dda98993a37f6a41f6f0bb'
verify (RA-03, randomized-and-low-rank-approximation/RA-03/lean)	UNKNOWN STEP	2026-09-12T16:15:35.6759904Z info: LeanSearchClient: cloning https://github.com/leanprover-community/LeanSearchClient
verify (RA-03, randomized-and-low-rank-approximation/RA-03/lean)	UNKNOWN STEP	2026-09-12T16:15:36.2399641Z info: LeanSearchClient: checking out revision '5f4d51b81cbd3f6b32b156bfad9056621a040404'
verify (RA-03, randomized-and-low-rank-approximation/RA-03/lean)	UNKNOWN STEP	2026-09-12T16:15:36.2542953Z info: importGraph: cloning https://github.com/leanprover-community/import-graph
verify (RA-03, randomized-and-low-rank-approximation/RA-03/lean)	UNKNOWN STEP	2026-09-12T16:15:36.9020630Z info: importGraph: checking out revision '16f02aa7642864af59f1ff0e384a015994db9118'
verify (RA-03, randomized-and-low-rank-approximation/RA-03/lean)	UNKNOWN STEP	2026-09-12T16:15:36.9208239Z info: proofwidgets: cloning https://github.com/leanprover-community/ProofWidgets4
verify (RA-03, randomized-and-low-rank-approximation/RA-03/lean)	UNKNOWN STEP	2026-09-12T16:15:38.5493509Z info: proofwidgets: checking out revision '4be2e3d5087eeb272cf5a8853b8f9dd025ef5957'
verify (RA-03, randomized-and-low-rank-approximation/RA-03/lean)	UNKNOWN STEP	2026-09-12T16:15:39.3028118Z info: aesop: cloning https://github.com/leanprover-community/aesop
verify (RA-03, randomized-and-low-rank-approximation/RA-03/lean)	UNKNOWN STEP	2026-09-12T16:15:40.9097201Z info: aesop: checking out revision '3448c0bcc5ce01b2d1546e483ec3620e32df3d0e'
verify (RA-03, randomized-and-low-rank-approximation/RA-03/lean)	UNKNOWN STEP	2026-09-12T16:15:40.9295124Z info: Qq: cloning https://github.com/leanprover-community/quote4
verify (RA-03, randomized-and-low-rank-approximation/RA-03/lean)	UNKNOWN STEP	2026-09-12T16:15:41.6127739Z info: Qq: checking out revision '92c15be17b7caf78c2ad767ec40f89052d908d81'
verify (RA-03, randomized-and-low-rank-approximation/RA-03/lean)	UNKNOWN STEP	2026-09-12T16:15:41.6274377Z info: batteries: cloning https://github.com/leanprover-community/batteries
verify (RA-03, randomized-and-low-rank-approximation/RA-03/lean)	UNKNOWN STEP	2026-09-12T16:15:45.3234945Z info: batteries: checking out revision '4488d40d070b9700d4d5a6aa342f0d40c31b2a2d'
verify (RA-03, randomized-and-low-rank-approximation/RA-03/lean)	UNKNOWN STEP	2026-09-12T16:15:45.3531232Z info: Cli: cloning https://github.com/leanprover/lean4-cli
verify (RA-03, randomized-and-low-rank-approximation/RA-03/lean)	UNKNOWN STEP	2026-09-12T16:15:45.9747683Z info: Cli: checking out revision '6130a47896ce867c6a4a55373441e59e565bad0f'
verify (RA-03, randomized-and-low-rank-approximation/RA-03/lean)	UNKNOWN STEP	2026-09-12T16:15:46.0805384Z Running lake exe cache get
verify (RA-03, randomized-and-low-rank-approximation/RA-03/lean)	UNKNOWN STEP	2026-09-12T16:15:46.0806337Z Log: /home/runner/work/_temp/nla-lean-tools/logs/verify-20260912T161438Z-4193/mathlib-cache.log
verify (RA-03, randomized-and-low-rank-approximation/RA-03/lean)	UNKNOWN STEP	2026-09-12T16:15:47.5673767Z ✔ [2/26] Built Cache.Cli (445ms)
verify (RA-03, randomized-and-low-rank-approximation/RA-03/lean)	UNKNOWN STEP	2026-09-12T16:15:47.6664140Z ✔ [5/26] Built Cache.Lean (565ms)
verify (RA-03, randomized-and-low-rank-approximation/RA-03/lean)	UNKNOWN STEP	2026-09-12T16:15:47.8653609Z ✔ [6/26] Built Cache.Cli:c.o (212ms)
verify (RA-03, randomized-and-low-rank-approximation/RA-03/lean)	UNKNOWN STEP	2026-09-12T16:15:47.9653228Z ✔ [7/26] Built Cache.Lean:c.o (284ms)
verify (RA-03, randomized-and-low-rank-approximation/RA-03/lean)	UNKNOWN STEP	2026-09-12T16:15:48.1655976Z ✔ [8/26] Built Cache.Infra (549ms)
verify (RA-03, randomized-and-low-rank-approximation/RA-03/lean)	UNKNOWN STEP	2026-09-12T16:15:48.3648348Z ✔ [9/26] Built Cache.Infra:c.o (257ms)
verify (RA-03, randomized-and-low-rank-approximation/RA-03/lean)	UNKNOWN STEP	2026-09-12T16:15:48.6653669Z ✔ [10/26] Built Batteries.Tactic.OpenPrivate (1.1s)
verify (RA-03, randomized-and-low-rank-approximation/RA-03/lean)	UNKNOWN STEP	2026-09-12T16:15:50.1673913Z ✔ [11/26] Built Batteries.Tactic.OpenPrivate:c.o (1.4s)
verify (RA-03, randomized-and-low-rank-approximation/RA-03/lean)	UNKNOWN STEP	2026-09-12T16:15:50.2676789Z ✔ [12/26] Built Cache.IO (1.6s)
verify (RA-03, randomized-and-low-rank-approximation/RA-03/lean)	UNKNOWN STEP	2026-09-12T16:15:51.1710369Z ✔ [13/26] Built Cache.Hashing (896ms)
verify (RA-03, randomized-and-low-rank-approximation/RA-03/lean)	UNKNOWN STEP	2026-09-12T16:15:51.7720875Z ✔ [14/26] Built Cache.Hashing:c.o (536ms)
verify (RA-03, randomized-and-low-rank-approximation/RA-03/lean)	UNKNOWN STEP	2026-09-12T16:15:52.3728891Z ✔ [15/26] Built Cache.IO:c.o (2.1s)
verify (RA-03, randomized-and-low-rank-approximation/RA-03/lean)	UNKNOWN STEP	2026-09-12T16:15:53.7746465Z ✔ [16/26] Built Cache.Requests (2.6s)
verify (RA-03, randomized-and-low-rank-approximation/RA-03/lean)	UNKNOWN STEP	2026-09-12T16:15:54.4774228Z ✔ [17/26] Built Cache.Marker (707ms)
verify (RA-03, randomized-and-low-rank-approximation/RA-03/lean)	UNKNOWN STEP	2026-09-12T16:15:54.6759717Z ✔ [18/26] Built Cache.Marker:c.o (207ms)
verify (RA-03, randomized-and-low-rank-approximation/RA-03/lean)	UNKNOWN STEP	2026-09-12T16:15:55.3842879Z ✔ [19/26] Built Cache.Query (929ms)
verify (RA-03, randomized-and-low-rank-approximation/RA-03/lean)	UNKNOWN STEP	2026-09-12T16:15:55.7810842Z ✔ [20/26] Built Cache.Query:c.o (377ms)
verify (RA-03, randomized-and-low-rank-approximation/RA-03/lean)	UNKNOWN STEP	2026-09-12T16:15:56.3843729Z ✔ [21/26] Built Cache.Warning (953ms)
verify (RA-03, randomized-and-low-rank-approximation/RA-03/lean)	UNKNOWN STEP	2026-09-12T16:15:56.7825459Z ✔ [22/26] Built Cache.Warning:c.o (474ms)
verify (RA-03, randomized-and-low-rank-approximation/RA-03/lean)	UNKNOWN STEP	2026-09-12T16:15:57.5836480Z ✔ [23/26] Built Cache.Requests:c.o (3.8s)
verify (RA-03, randomized-and-low-rank-approximation/RA-03/lean)	UNKNOWN STEP	2026-09-12T16:15:57.7838851Z ✔ [24/26] Built Cache.Main (1.4s)
verify (RA-03, randomized-and-low-rank-approximation/RA-03/lean)	UNKNOWN STEP	2026-09-12T16:15:58.8890997Z ✔ [25/26] Built Cache.Main:c.o (1.1s)
verify (RA-03, randomized-and-low-rank-approximation/RA-03/lean)	UNKNOWN STEP	2026-09-12T16:15:59.7904271Z ✔ [26/26] Built cache:exe (848ms)
verify (RA-03, randomized-and-low-rank-approximation/RA-03/lean)	UNKNOWN STEP	2026-09-12T16:16:02.7780773Z Current branch: HEAD
verify (RA-03, randomized-and-low-rank-approximation/RA-03/lean)	UNKNOWN STEP	2026-09-12T16:16:02.7781499Z Using cache from origin: (some leanprover-community/mathlib4)
verify (RA-03, randomized-and-low-rank-approximation/RA-03/lean)	UNKNOWN STEP	2026-09-12T16:16:02.7782994Z Attempting to download 8690 file(s) from leanprover-community/mathlib4 cache at https://lakecache.blob.core.windows.net/mathlib4-master
verify (RA-03, randomized-and-low-rank-approximation/RA-03/lean)	UNKNOWN STEP	2026-09-12T16:16:04.0314846Z 
verify (RA-03, randomized-and-low-rank-approximation/RA-03/lean)	UNKNOWN STEP	2026-09-12T16:16:04.1323831Z Downloaded: 1 file(s) [attempted 1/8690 = 0%, 15 KB/s], Decompressed: 0
verify (RA-03, randomized-and-low-rank-approximation/RA-03/lean)	UNKNOWN STEP	2026-09-12T16:16:04.2314966Z Downloaded: 87 file(s) [attempted 87/8690 = 1%, 1086 KB/s], Decompressed: 8
verify (RA-03, randomized-and-low-rank-approximation/RA-03/lean)	UNKNOWN STEP	2026-09-12T16:16:04.3320436Z Downloaded: 205 file(s) [attempted 205/8690 = 2%, 467 KB/s], Decompressed: 34
verify (RA-03, randomized-and-low-rank-approximation/RA-03/lean)	UNKNOWN STEP	2026-09-12T16:16:04.4353345Z Downloaded: 324 file(s) [attempted 324/8690 = 3%, 876 KB/s], Decompressed: 34
verify (RA-03, randomized-and-low-rank-approximation/RA-03/lean)	UNKNOWN STEP	2026-09-12T16:16:04.5472295Z Downloaded: 450 file(s) [attempted 450/8690 = 5%, 964 KB/s], Decompressed: 34
verify (RA-03, randomized-and-low-rank-approximation/RA-03/lean)	UNKNOWN STEP	2026-09-12T16:16:04.6518431Z Downloaded: 573 file(s) [attempted 573/8690 = 6%, 3741 KB/s], Decompressed: 34
verify (RA-03, randomized-and-low-rank-approximation/RA-03/lean)	UNKNOWN STEP	2026-09-12T16:16:04.7675746Z Downloaded: 688 file(s) [attempted 688/8690 = 7%, 1857 KB/s], Decompressed: 131
verify (RA-03, randomized-and-low-rank-approximation/RA-03/lean)	UNKNOWN STEP	2026-09-12T16:16:04.8693940Z Downloaded: 791 file(s) [attempted 791/8690 = 9%, 195 KB/s], Decompressed: 131
verify (RA-03, randomized-and-low-rank-approximation/RA-03/lean)	UNKNOWN STEP	2026-09-12T16:16:04.9733352Z Downloaded: 894 file(s) [attempted 894/8690 = 10%, 187 KB/s], Decompressed: 131
verify (RA-03, randomized-and-low-rank-approximation/RA-03/lean)	UNKNOWN STEP	2026-09-12T16:16:05.0821530Z Downloaded: 1011 file(s) [attempted 1011/8690 = 11%, 2312 KB/s], Decompressed: 131
verify (RA-03, randomized-and-low-rank-approximation/RA-03/lean)	UNKNOWN STEP	2026-09-12T16:16:05.1810899Z Downloaded: 1130 file(s) [attempted 1130/8690 = 13%, 2023 KB/s], Decompressed: 131
verify (RA-03, randomized-and-low-rank-approximation/RA-03/lean)	UNKNOWN STEP	2026-09-12T16:16:05.2812781Z Downloaded: 1261 file(s) [attempted 1261/8690 = 14%, 1359 KB/s], Decompressed: 131
verify (RA-03, randomized-and-low-rank-approximation/RA-03/lean)	UNKNOWN STEP	2026-09-12T16:16:05.3988152Z Downloaded: 1379 file(s) [attempted 1379/8690 = 15%, 189 KB/s], Decompressed: 131
verify (RA-03, randomized-and-low-rank-approximation/RA-03/lean)	UNKNOWN STEP	2026-09-12T16:16:05.4999520Z Downloaded: 1498 file(s) [attempted 1498/8690 = 17%, 2902 KB/s], Decompressed: 131
verify (RA-03, randomized-and-low-rank-approximation/RA-03/lean)	UNKNOWN STEP	2026-09-12T16:16:05.6003329Z Downloaded: 1622 file(s) [attempted 1622/8690 = 18%, 1760 KB/s], Decompressed: 131
verify (RA-03, randomized-and-low-rank-approximation/RA-03/lean)	UNKNOWN STEP	2026-09-12T16:16:05.7031925Z Downloaded: 1756 file(s) [attempted 1756/8690 = 20%, 895 KB/s], Decompressed: 131
verify (RA-03, randomized-and-low-rank-approximation/RA-03/lean)	UNKNOWN STEP	2026-09-12T16:16:05.8003537Z Downloaded: 1864 file(s) [attempted 1864/8690 = 21%, 577 KB/s], Decompressed: 131
verify (RA-03, randomized-and-low-rank-approximation/RA-03/lean)	UNKNOWN STEP	2026-09-12T16:16:05.9063857Z Downloaded: 1990 file(s) [attempted 1990/8690 = 22%, 203 KB/s], Decompressed: 131
verify (RA-03, randomized-and-low-rank-approximation/RA-03/lean)	UNKNOWN STEP	2026-09-12T16:16:06.0035476Z Downloaded: 2091 file(s) [attempted 2091/8690 = 24%, 1993 KB/s], Decompressed: 131
verify (RA-03, randomized-and-low-rank-approximation/RA-03/lean)	UNKNOWN STEP	2026-09-12T16:16:06.1063441Z Downloaded: 2196 file(s) [attempted 2196/8690 = 25%, 708 KB/s], Decompressed: 131
verify (RA-03, randomized-and-low-rank-approximation/RA-03/lean)	UNKNOWN STEP	2026-09-12T16:16:06.2067407Z Downloaded: 2297 file(s) [attempted 2297/8690 = 26%, 424 KB/s], Decompressed: 131
verify (RA-03, randomized-and-low-rank-approximation/RA-03/lean)	UNKNOWN STEP	2026-09-12T16:16:06.3099616Z Downloaded: 2409 file(s) [attempted 2409/8690 = 27%, 3465 KB/s], Decompressed: 131
verify (RA-03, randomized-and-low-rank-approximation/RA-03/lean)	UNKNOWN STEP	2026-09-12T16:16:06.4163437Z Downloaded: 2541 file(s) [attempted 2541/8690 = 29%, 3692 KB/s], Decompressed: 131
verify (RA-03, randomized-and-low-rank-approximation/RA-03/lean)	UNKNOWN STEP	2026-09-12T16:16:06.5149404Z Downloaded: 2635 file(s) [attempted 2635/8690 = 30%, 1109 KB/s], Decompressed: 131
verify (RA-03, randomized-and-low-rank-approximation/RA-03/lean)	UNKNOWN STEP	2026-09-12T16:16:06.6183493Z Downloaded: 2734 file(s) [attempted 2734/8690 = 31%, 7278 KB/s], Decompressed: 131
verify (RA-03, randomized-and-low-rank-approximation/RA-03/lean)	UNKNOWN STEP	2026-09-12T16:16:06.7233033Z Downloaded: 2844 file(s) [attempted 2844/8690 = 32%, 1360 KB/s], Decompressed: 131
verify (RA-03, randomized-and-low-rank-approximation/RA-03/lean)	UNKNOWN STEP	2026-09-12T16:16:06.8358140Z Downloaded: 2946 file(s) [attempted 2946/8690 = 33%, 85 KB/s], Decompressed: 131
verify (RA-03, randomized-and-low-rank-approximation/RA-03/lean)	UNKNOWN STEP	2026-09-12T16:16:06.9427683Z Downloaded: 3052 file(s) [attempted 3052/8690 = 35%, 4082 KB/s], Decompressed: 131
verify (RA-03, randomized-and-low-rank-approximation/RA-03/lean)	UNKNOWN STEP	2026-09-12T16:16:07.0496881Z Downloaded: 3157 file(s) [attempted 3157/8690 = 36%, 3032 KB/s], Decompressed: 131
verify (RA-03, randomized-and-low-rank-approximation/RA-03/lean)	UNKNOWN STEP	2026-09-12T16:16:07.1505827Z Downloaded: 3269 file(s) [attempted 3269/8690 = 37%, 866 KB/s], Decompressed: 131
verify (RA-03, randomized-and-low-rank-approximation/RA-03/lean)	UNKNOWN STEP	2026-09-12T16:16:07.2544275Z Downloaded: 3399 file(s) [attempted 3399/8690 = 39%, 719 KB/s], Decompressed: 658
verify (RA-03, randomized-and-low-rank-approximation/RA-03/lean)	UNKNOWN STEP	2026-09-12T16:16:07.3519519Z Downloaded: 3533 file(s) [attempted 3533/8690 = 40%, 985 KB/s], Decompressed: 658
verify (RA-03, randomized-and-low-rank-approximation/RA-03/lean)	UNKNOWN STEP	2026-09-12T16:16:07.4533420Z Downloaded: 3656 file(s) [attempted 3656/8690 = 42%, 93 KB/s], Decompressed: 658
verify (RA-03, randomized-and-low-rank-approximation/RA-03/lean)	UNKNOWN STEP	2026-09-12T16:16:07.5516617Z Downloaded: 3782 file(s) [attempted 3782/8690 = 43%, 681 KB/s], Decompressed: 658
verify (RA-03, randomized-and-low-rank-approximation/RA-03/lean)	UNKNOWN STEP	2026-09-12T16:16:07.6553336Z Downloaded: 3919 file(s) [attempted 3919/8690 = 45%, 304 KB/s], Decompressed: 658
verify (RA-03, randomized-and-low-rank-approximation/RA-03/lean)	UNKNOWN STEP	2026-09-12T16:16:07.7556275Z Downloaded: 4033 file(s) [attempted 4033/8690 = 46%, 692 KB/s], Decompressed: 658
verify (RA-03, randomized-and-low-rank-approximation/RA-03/lean)	UNKNOWN STEP	2026-09-12T16:16:07.8583550Z Downloaded: 4157 file(s) [attempted 4157/8690 = 47%, 2188 KB/s], Decompressed: 658
verify (RA-03, randomized-and-low-rank-approximation/RA-03/lean)	UNKNOWN STEP	2026-09-12T16:16:07.9622584Z Downloaded: 4264 file(s) [attempted 4264/8690 = 49%, 2273 KB/s], Decompressed: 658
verify (RA-03, randomized-and-low-rank-approximation/RA-03/lean)	UNKNOWN STEP	2026-09-12T16:16:08.0636935Z Downloaded: 4388 file(s) [attempted 4388/8690 = 50%, 337 KB/s], Decompressed: 658
verify (RA-03, randomized-and-low-rank-approximation/RA-03/lean)	UNKNOWN STEP	2026-09-12T16:16:08.1641153Z Downloaded: 4521 file(s) [attempted 4521/8690 = 52%, 387 KB/s], Decompressed: 658
verify (RA-03, randomized-and-low-rank-approximation/RA-03/lean)	UNKNOWN STEP	2026-09-12T16:16:08.2701078Z Downloaded: 4656 file(s) [attempted 4656/8690 = 53%, 1777 KB/s], Decompressed: 658
verify (RA-03, randomized-and-low-rank-approximation/RA-03/lean)	UNKNOWN STEP	2026-09-12T16:16:08.3716442Z Downloaded: 4781 file(s) [attempted 4781/8690 = 55%, 2802 KB/s], Decompressed: 658
verify (RA-03, randomized-and-low-rank-approximation/RA-03/lean)	UNKNOWN STEP	2026-09-12T16:16:08.4757596Z Downloaded: 4854 file(s) [attempted 4854/8690 = 55%, 1473 KB/s], Decompressed: 658
verify (RA-03, randomized-and-low-rank-approximation/RA-03/lean)	UNKNOWN STEP	2026-09-12T16:16:08.5755361Z Downloaded: 4942 file(s) [attempted 4942/8690 = 56%, 1224 KB/s], Decompressed: 658
verify (RA-03, randomized-and-low-rank-approximation/RA-03/lean)	UNKNOWN STEP	2026-09-12T16:16:08.6773430Z Downloaded: 5049 file(s) [attempted 5049/8690 = 58%, 919 KB/s], Decompressed: 658
verify (RA-03, randomized-and-low-rank-approximation/RA-03/lean)	UNKNOWN STEP	2026-09-12T16:16:08.7809790Z Downloaded: 5167 file(s) [attempted 5167/8690 = 59%, 729 KB/s], Decompressed: 658
verify (RA-03, randomized-and-low-rank-approximation/RA-03/lean)	UNKNOWN STEP	2026-09-12T16:16:08.8798259Z Downloaded: 5303 file(s) [attempted 5303/8690 = 61%, 550 KB/s], Decompressed: 658
verify (RA-03, randomized-and-low-rank-approximation/RA-03/lean)	UNKNOWN STEP	2026-09-12T16:16:08.9810911Z Downloaded: 5431 file(s) [attempted 5431/8690 = 62%, 552 KB/s], Decompressed: 658
verify (RA-03, randomized-and-low-rank-approximation/RA-03/lean)	UNKNOWN STEP	2026-09-12T16:16:09.0796991Z Downloaded: 5500 file(s) [attempted 5500/8690 = 63%, 3138 KB/s], Decompressed: 658
verify (RA-03, randomized-and-low-rank-approximation/RA-03/lean)	UNKNOWN STEP	2026-09-12T16:16:09.1822400Z Downloaded: 5621 file(s) [attempted 5621/8690 = 64%, 64 KB/s], Decompressed: 658
verify (RA-03, randomized-and-low-rank-approximation/RA-03/lean)	UNKNOWN STEP	2026-09-12T16:16:09.2840854Z Downloaded: 5745 file(s) [attempted 5745/8690 = 66%, 5380 KB/s], Decompressed: 658
verify (RA-03, randomized-and-low-rank-approximation/RA-03/lean)	UNKNOWN STEP	2026-09-12T16:16:09.3863549Z Downloaded: 5826 file(s) [attempted 5826/8690 = 67%, 2341 KB/s], Decompressed: 658
verify (RA-03, randomized-and-low-rank-approximation/RA-03/lean)	UNKNOWN STEP	2026-09-12T16:16:09.4953308Z Downloaded: 5907 file(s) [attempted 5907/8690 = 67%, 3513 KB/s], Decompressed: 658
verify (RA-03, randomized-and-low-rank-approximation/RA-03/lean)	UNKNOWN STEP	2026-09-12T16:16:09.6110044Z Downloaded: 6026 file(s) [attempted 6026/8690 = 69%, 1331 KB/s], Decompressed: 658
verify (RA-03, randomized-and-low-rank-approximation/RA-03/lean)	UNKNOWN STEP	2026-09-12T16:16:09.7103108Z Downloaded: 6134 file(s) [attempted 6134/8690 = 70%, 587 KB/s], Decompressed: 658
verify (RA-03, randomized-and-low-rank-approximation/RA-03/lean)	UNKNOWN STEP	2026-09-12T16:16:09.8133687Z Downloaded: 6244 file(s) [attempted 6244/8690 = 71%, 657 KB/s], Decompressed: 658
verify (RA-03, randomized-and-low-rank-approximation/RA-03/lean)	UNKNOWN STEP	2026-09-12T16:16:09.9146698Z Downloaded: 6340 file(s) [attempted 6340/8690 = 72%, 660 KB/s], Decompressed: 658
verify (RA-03, randomized-and-low-rank-approximation/RA-03/lean)	UNKNOWN STEP	2026-09-12T16:16:10.0344014Z Downloaded: 6456 file(s) [attempted 6456/8690 = 74%, 4413 KB/s], Decompressed: 658
verify (RA-03, randomized-and-low-rank-approximation/RA-03/lean)	UNKNOWN STEP	2026-09-12T16:16:10.1301459Z Downloaded: 6559 file(s) [attempted 6559/8690 = 75%, 2685 KB/s], Decompressed: 658
verify (RA-03, randomized-and-low-rank-approximation/RA-03/lean)	UNKNOWN STEP	2026-09-12T16:16:10.2388580Z Downloaded: 6666 file(s) [attempted 6666/8690 = 76%, 1568 KB/s], Decompressed: 658
verify (RA-03, randomized-and-low-rank-approximation/RA-03/lean)	UNKNOWN STEP	2026-09-12T16:16:10.3394430Z Downloaded: 6772 file(s) [attempted 6772/8690 = 77%, 1827 KB/s], Decompressed: 658
verify (RA-03, randomized-and-low-rank-approximation/RA-03/lean)	UNKNOWN STEP	2026-09-12T16:16:10.4438732Z Downloaded: 6882 file(s) [attempted 6882/8690 = 79%, 395 KB/s], Decompressed: 658
verify (RA-03, randomized-and-low-rank-approximation/RA-03/lean)	UNKNOWN STEP	2026-09-12T16:16:10.5446878Z Downloaded: 7026 file(s) [attempted 7026/8690 = 80%, 207 KB/s], Decompressed: 658
verify (RA-03, randomized-and-low-rank-approximation/RA-03/lean)	UNKNOWN STEP	2026-09-12T16:16:10.6453609Z Downloaded: 7143 file(s) [attempted 7143/8690 = 82%, 162 KB/s], Decompressed: 658
verify (RA-03, randomized-and-low-rank-approximation/RA-03/lean)	UNKNOWN STEP	2026-09-12T16:16:10.7455131Z Downloaded: 7285 file(s) [attempted 7285/8690 = 83%, 1056 KB/s], Decompressed: 658
verify (RA-03, randomized-and-low-rank-approximation/RA-03/lean)	UNKNOWN STEP	2026-09-12T16:16:10.8454043Z Downloaded: 7386 file(s) [attempted 7386/8690 = 84%, 4467 KB/s], Decompressed: 658
verify (RA-03, randomized-and-low-rank-approximation/RA-03/lean)	UNKNOWN STEP	2026-09-12T16:16:10.9458059Z Downloaded: 7504 file(s) [attempted 7504/8690 = 86%, 724 KB/s], Decompressed: 658
verify (RA-03, randomized-and-low-rank-approximation/RA-03/lean)	UNKNOWN STEP	2026-09-12T16:16:11.0717183Z Downloaded: 7632 file(s) [attempted 7632/8690 = 87%, 6312 KB/s], Decompressed: 658
verify (RA-03, randomized-and-low-rank-approximation/RA-03/lean)	UNKNOWN STEP	2026-09-12T16:16:11.1788208Z Downloaded: 7744 file(s) [attempted 7744/8690 = 89%, 3859 KB/s], Decompressed: 658
verify (RA-03, randomized-and-low-rank-approximation/RA-03/lean)	UNKNOWN STEP	2026-09-12T16:16:11.2834889Z Downloaded: 7870 file(s) [attempted 7870/8690 = 90%, 789 KB/s], Decompressed: 658
verify (RA-03, randomized-and-low-rank-approximation/RA-03/lean)	UNKNOWN STEP	2026-09-12T16:16:11.3928346Z Downloaded: 7989 file(s) [attempted 7989/8690 = 91%, 591 KB/s], Decompressed: 658
verify (RA-03, randomized-and-low-rank-approximation/RA-03/lean)	UNKNOWN STEP	2026-09-12T16:16:11.4885257Z Downloaded: 8104 file(s) [attempted 8104/8690 = 93%, 503 KB/s], Decompressed: 658
verify (RA-03, randomized-and-low-rank-approximation/RA-03/lean)	UNKNOWN STEP	2026-09-12T16:16:11.5932986Z Downloaded: 8219 file(s) [attempted 8219/8690 = 94%, 645 KB/s], Decompressed: 658
verify (RA-03, randomized-and-low-rank-approximation/RA-03/lean)	UNKNOWN STEP	2026-09-12T16:16:11.7170164Z Downloaded: 8333 file(s) [attempted 8333/8690 = 95%, 2425 KB/s], Decompressed: 658
verify (RA-03, randomized-and-low-rank-approximation/RA-03/lean)	UNKNOWN STEP	2026-09-12T16:16:11.8183460Z Downloaded: 8465 file(s) [attempted 8465/8690 = 97%, 1048 KB/s], Decompressed: 658
verify (RA-03, randomized-and-low-rank-approximation/RA-03/lean)	UNKNOWN STEP	2026-09-12T16:16:11.9273904Z Downloaded: 8566 file(s) [attempted 8566/8690 = 98%, 416 KB/s], Decompressed: 658
verify (RA-03, randomized-and-low-rank-approximation/RA-03/lean)	UNKNOWN STEP	2026-09-12T16:16:12.0293231Z Downloaded: 8671 file(s) [attempted 8671/8690 = 99%, 437 KB/s], Decompressed: 658
verify (RA-03, randomized-and-low-rank-approximation/RA-03/lean)	UNKNOWN STEP	2026-09-12T16:16:12.0294673Z Downloaded: 8690 file(s) [attempted 8690/8690 = 100%, 437 KB/s], Decompressed: 658
verify (RA-03, randomized-and-low-rank-approximation/RA-03/lean)	UNKNOWN STEP	2026-09-12T16:16:32.5155480Z Decompressed 8690 file(s)
verify (RA-03, randomized-and-low-rank-approximation/RA-03/lean)	UNKNOWN STEP	2026-09-12T16:16:32.5156281Z Already decompressed 8690 file(s)
verify (RA-03, randomized-and-low-rank-approximation/RA-03/lean)	UNKNOWN STEP	2026-09-12T16:16:32.5645685Z Running systemd-run --user --quiet --wait --pipe --collect -p 'RestrictAddressFamilies=~AF_UNIX' --working-directory /home/runner/work/_temp/nla-lean-tools/.verification-tmp/nla-fresh-proof-qlslcd8t/project /usr/bin/env -i PATH=/home/runner/.elan/toolchains/leanprover--lean4---v4.33.1/bin:/home/runner/.elan/bin:/home/runner/go/bin:/opt/hostedtoolcache/go/1.27.1/x64/bin:/snap/bin:/home/runner/.local/bin:/opt/pipx_bin:/home/runner/.cargo/bin:/home/runner/.config/composer/vendor/bin:/usr/local/.ghcup/bin:/home/runner/.dotnet/tools:/usr/local/sbin:/usr/local/bin:/usr/sbin:/usr/bin:/sbin:/bin:/usr/games:/usr/local/games:/snap/bin HOME=/home/runner LANG=C.UTF-8 XDG_RUNTIME_DIR=/run/user/1001 DBUS_SESSION_BUS_ADDRESS=unix:path=/run/user/1001/bus GIT_TERMINAL_PROMPT=0 GIT_CONFIG_NOSYSTEM=1 GIT_CONFIG_GLOBAL=/dev/null COMPARATOR_BIN=/home/runner/work/_temp/nla-lean-tools/.tools/comparator/.lake/build/bin/comparator COMPARATOR_LEAN4EXPORT=/home/runner/work/_temp/nla-lean-tools/.tools/lean4export/.lake/build/bin/lean4export COMPARATOR_LANDRUN=/home/runner/work/_temp/nla-lean-tools/scripts/strict_landrun.py XDG_CACHE_HOME=/home/runner/work/_temp/nla-lean-tools/.tools/cache TMPDIR=/home/runner/work/_temp/nla-lean-tools/.verification-tmp lake env /home/runner/work/_temp/nla-lean-tools/.tools/comparator/.lake/build/bin/comparator comparator.json
verify (RA-03, randomized-and-low-rank-approximation/RA-03/lean)	UNKNOWN STEP	2026-09-12T16:16:32.5651553Z Log: /home/runner/work/_temp/nla-lean-tools/logs/verify-20260912T161438Z-4193/comparator.log
verify (RA-03, randomized-and-low-rank-approximation/RA-03/lean)	UNKNOWN STEP	2026-09-12T16:16:33.5149475Z Building Challenge
verify (RA-03, randomized-and-low-rank-approximation/RA-03/lean)	UNKNOWN STEP	2026-09-12T16:16:38.0687708Z ✔ [2721/2723] Built NLA.RA03.Definitions (2.5s)
verify (RA-03, randomized-and-low-rank-approximation/RA-03/lean)	UNKNOWN STEP	2026-09-12T16:16:40.2718921Z ⚠ [2722/2723] Built Challenge (2.1s)
verify (RA-03, randomized-and-low-rank-approximation/RA-03/lean)	UNKNOWN STEP	2026-09-12T16:16:40.2720236Z warning: Challenge.lean:11:8: declaration uses `sorry`
verify (RA-03, randomized-and-low-rank-approximation/RA-03/lean)	UNKNOWN STEP	2026-09-12T16:16:40.2722163Z warning: Challenge.lean:15:8: declaration uses `sorry`
verify (RA-03, randomized-and-low-rank-approximation/RA-03/lean)	UNKNOWN STEP	2026-09-12T16:16:40.2740988Z warning: Challenge.lean:22:8: declaration uses `sorry`
verify (RA-03, randomized-and-low-rank-approximation/RA-03/lean)	UNKNOWN STEP	2026-09-12T16:16:40.2746898Z warning: Challenge.lean:33:8: declaration uses `sorry`
verify (RA-03, randomized-and-low-rank-approximation/RA-03/lean)	UNKNOWN STEP	2026-09-12T16:16:40.2867400Z Build completed successfully (2723 jobs).
verify (RA-03, randomized-and-low-rank-approximation/RA-03/lean)	UNKNOWN STEP	2026-09-12T16:16:53.0246270Z Exporting #[Quot, Quot.mk, Quot.lift, Quot.ind, NLA.RA03.frobeniusSq_eq_norm_sq, NLA.RA03.process_isProbability, NLA.RA03.counterexample, NLA.RA03.not_squaredErrorConjecture, propext, Classical.choice, Quot.sound, Nat.add, Nat.sub, Nat.mul, Nat.pow, Nat.gcd, Nat.div, Nat.mod, Nat.beq, Nat.ble, Nat.land, Nat.lor, Nat.xor, Nat.shiftLeft, Nat.shiftRight, String.ofList, Char.ofNat, List, eagerReduce, Nat, String, String.mk, Char, optParam, autoParam, semiOutParam, outParam] from Challenge
verify (RA-03, randomized-and-low-rank-approximation/RA-03/lean)	UNKNOWN STEP	2026-09-12T16:16:53.0249709Z Building Solution
verify (RA-03, randomized-and-low-rank-approximation/RA-03/lean)	UNKNOWN STEP	2026-09-12T16:16:59.5885221Z ✔ [3020/3053] Built LeanCert.Core.Interval (4.5s)
verify (RA-03, randomized-and-low-rank-approximation/RA-03/lean)	UNKNOWN STEP	2026-09-12T16:16:59.7885363Z ✔ [3021/3053] Built LeanCert.Core.DerivativeIntervals (4.7s)
verify (RA-03, randomized-and-low-rank-approximation/RA-03/lean)	UNKNOWN STEP	2026-09-12T16:17:01.9934332Z ✔ [3022/3060] Built LeanCert.Contrib.Sinc (6.9s)
verify (RA-03, randomized-and-low-rank-approximation/RA-03/lean)	UNKNOWN STEP	2026-09-12T16:17:02.6940522Z ✔ [3023/3060] Built LeanCert.Core.Expr (7.6s)
verify (RA-03, randomized-and-low-rank-approximation/RA-03/lean)	UNKNOWN STEP	2026-09-12T16:17:09.2076236Z ✔ [3024/3064] Built LeanCert.Core.Dyadic (7.2s)
verify (RA-03, randomized-and-low-rank-approximation/RA-03/lean)	UNKNOWN STEP	2026-09-12T16:17:09.8182513Z ✔ [3025/3064] Built LeanCert.Tactic.Verification (7.1s)
verify (RA-03, randomized-and-low-rank-approximation/RA-03/lean)	UNKNOWN STEP	2026-09-12T16:17:12.4237363Z ✔ [3026/3064] Built LeanCert.Core.Taylor (12s)
verify (RA-03, randomized-and-low-rank-approximation/RA-03/lean)	UNKNOWN STEP	2026-09-12T16:17:12.9265586Z ✔ [3027/3065] Built LeanCert.Core.IntervalRat.Basic (13s)
verify (RA-03, randomized-and-low-rank-approximation/RA-03/lean)	UNKNOWN STEP	2026-09-12T16:17:14.9305478Z ✔ [3028/3065] Built LeanCert.Core.Support (5.2s)
verify (RA-03, randomized-and-low-rank-approximation/RA-03/lean)	UNKNOWN STEP	2026-09-12T16:17:16.2356714Z ✔ [3029/3065] Built LeanCert.Core.IntervalRat.LogReduction (6.0s)
verify (RA-03, randomized-and-low-rank-approximation/RA-03/lean)	UNKNOWN STEP	2026-09-12T16:17:16.6377543Z ✔ [3030/3065] Built LeanCert.Tactic.LeanCert.Bridge.Environment (3.7s)
verify (RA-03, randomized-and-low-rank-approximation/RA-03/lean)	UNKNOWN STEP	2026-09-12T16:17:17.3435779Z ✔ [3031/3065] Built LeanCert.Meta.Numeral (4.0s)
verify (RA-03, randomized-and-low-rank-approximation/RA-03/lean)	UNKNOWN STEP	2026-09-12T16:17:18.6515717Z ✔ [3032/3065] Built LeanCert.Engine.Eval.Result (3.7s)
verify (RA-03, randomized-and-low-rank-approximation/RA-03/lean)	UNKNOWN STEP	2026-09-12T16:17:19.3564814Z ✔ [3033/3065] Built LeanCert.Tactic.NumericalRefinement (694ms)
verify (RA-03, randomized-and-low-rank-approximation/RA-03/lean)	UNKNOWN STEP	2026-09-12T16:17:20.2562691Z ✔ [3034/3065] Built LeanCert.Core.TrigReduction (3.0s)
verify (RA-03, randomized-and-low-rank-approximation/RA-03/lean)	UNKNOWN STEP	2026-09-12T16:17:22.3649658Z ✔ [3035/3065] Built LeanCert.Tactic.IntervalAuto.Types (4.0s)
verify (RA-03, randomized-and-low-rank-approximation/RA-03/lean)	UNKNOWN STEP	2026-09-12T16:17:22.8654242Z ✔ [3036/3065] Built LeanCert.Core.IntervalRat.Transcendental (6.2s)
verify (RA-03, randomized-and-low-rank-approximation/RA-03/lean)	UNKNOWN STEP	2026-09-12T16:17:25.0734393Z ✔ [3037/3103] Built LeanCert.Tactic.IntervalAuto.Extract (4.8s)
verify (RA-03, randomized-and-low-rank-approximation/RA-03/lean)	UNKNOWN STEP	2026-09-12T16:17:29.4940913Z ✔ [3089/3170] Built LeanCert.Tactic.IntervalAuto.Norm (6.7s)
verify (RA-03, randomized-and-low-rank-approximation/RA-03/lean)	UNKNOWN STEP	2026-09-12T16:17:31.1007619Z ✔ [3091/3174] Built LeanCert.Tactic.VecUtil (5.0s)
verify (RA-03, randomized-and-low-rank-approximation/RA-03/lean)	UNKNOWN STEP	2026-09-12T16:17:32.0048046Z ✔ [3092/3174] Built LeanCert.Meta.ToExpr (9.6s)
verify (RA-03, randomized-and-low-rank-approximation/RA-03/lean)	UNKNOWN STEP	2026-09-12T16:17:35.3135545Z ✔ [3093/3174] Built LeanCert.Tactic.BridgeNative (3.3s)
verify (RA-03, randomized-and-low-rank-approximation/RA-03/lean)	UNKNOWN STEP	2026-09-12T16:17:36.3146975Z ✔ [3094/3174] Built LeanCert.Tactic.FinSumExpand (5.2s)
verify (RA-03, randomized-and-low-rank-approximation/RA-03/lean)	UNKNOWN STEP	2026-09-12T16:17:36.5148781Z ✔ [3095/3224] Built LeanCert.Tactic.FinsetParse (6.0s)
verify (RA-03, randomized-and-low-rank-approximation/RA-03/lean)	UNKNOWN STEP	2026-09-12T16:17:41.2222160Z ✔ [3614/3696] Built LeanCert.Validity.Eventual (4.1s)
verify (RA-03, randomized-and-low-rank-approximation/RA-03/lean)	UNKNOWN STEP	2026-09-12T16:17:41.3221643Z ✔ [3615/3696] Built LeanCert.Tactic.LeanCert.Normalize (4.0s)
verify (RA-03, randomized-and-low-rank-approximation/RA-03/lean)	UNKNOWN STEP	2026-09-12T16:17:42.6275420Z ✔ [3616/3698] Built LeanCert.Tactic.IntervalAuto.Parse (7.4s)
verify (RA-03, randomized-and-low-rank-approximation/RA-03/lean)	UNKNOWN STEP	2026-09-12T16:17:43.3295913Z ✔ [3617/3700] Built LeanCert.Tactic.LeanCert.Semantic.Domain (2.0s)
verify (RA-03, randomized-and-low-rank-approximation/RA-03/lean)	UNKNOWN STEP	2026-09-12T16:17:45.6317442Z ✔ [3618/3702] Built LeanCert.Core.IntervalRat.Taylor (26s)
verify (RA-03, randomized-and-low-rank-approximation/RA-03/lean)	UNKNOWN STEP	2026-09-12T16:17:45.8318442Z ✔ [3619/3703] Built LeanCert.Tactic.LeanCert.Semantic.Goal (2.6s)
verify (RA-03, randomized-and-low-rank-approximation/RA-03/lean)	UNKNOWN STEP	2026-09-12T16:17:46.7329367Z ✔ [3620/3703] Built LeanCert.Tactic.IntervalAuto.Diagnostic (4.1s)
verify (RA-03, randomized-and-low-rank-approximation/RA-03/lean)	UNKNOWN STEP	2026-09-12T16:17:47.5345924Z ✔ [3621/3703] Built LeanCert.Tactic.EventualBound (6.3s)
verify (RA-03, randomized-and-low-rank-approximation/RA-03/lean)	UNKNOWN STEP	2026-09-12T16:17:48.4346777Z ✔ [3622/3703] Built LeanCert.Tactic.LeanCert.Semantic.Parse.Comparison (1.7s)
verify (RA-03, randomized-and-low-rank-approximation/RA-03/lean)	UNKNOWN STEP	2026-09-12T16:17:48.6370748Z ✔ [3623/3707] Built LeanCert.Core.IntervalReal (3.0s)
verify (RA-03, randomized-and-low-rank-approximation/RA-03/lean)	UNKNOWN STEP	2026-09-12T16:17:49.5381979Z ✔ [3624/3707] Built LeanCert.Core.IntervalRat.TrigReduced (3.7s)
verify (RA-03, randomized-and-low-rank-approximation/RA-03/lean)	UNKNOWN STEP	2026-09-12T16:17:49.6382149Z ✔ [3625/3707] Built LeanCert.Tactic.VecSimp (2.1s)
verify (RA-03, randomized-and-low-rank-approximation/RA-03/lean)	UNKNOWN STEP	2026-09-12T16:17:52.4673166Z ✔ [3626/3707] Built LeanCert.Tactic.LeanCert.Semantic.Parse.Bound (4.1s)
verify (RA-03, randomized-and-low-rank-approximation/RA-03/lean)	UNKNOWN STEP	2026-09-12T16:17:56.3884287Z ✔ [3627/3708] Built LeanCert.Core.IntervalRealEndpoints (6.8s)
verify (RA-03, randomized-and-low-rank-approximation/RA-03/lean)	UNKNOWN STEP	2026-09-12T16:17:58.5916721Z ✔ [3628/3708] Built LeanCert.Engine.Affine.Basic (9.9s)
verify (RA-03, randomized-and-low-rank-approximation/RA-03/lean)	UNKNOWN STEP	2026-09-12T16:17:59.5939379Z ✔ [3629/3710] Built LeanCert.Tactic.Extension.Protocol (7.1s)
verify (RA-03, randomized-and-low-rank-approximation/RA-03/lean)	UNKNOWN STEP	2026-09-12T16:18:01.0956636Z ✔ [3630/3711] Built LeanCert.Core.IntervalDyadic (11s)
verify (RA-03, randomized-and-low-rank-approximation/RA-03/lean)	UNKNOWN STEP	2026-09-12T16:18:03.8051388Z ✔ [3631/3711] Built LeanCert.Tactic.LeanCert.Diagnostic.Evidence (5.2s)
verify (RA-03, randomized-and-low-rank-approximation/RA-03/lean)	UNKNOWN STEP	2026-09-12T16:18:07.1089734Z ✔ [3632/3715] Built LeanCert.Engine.Affine.Nonlinear (7.5s)
verify (RA-03, randomized-and-low-rank-approximation/RA-03/lean)	UNKNOWN STEP	2026-09-12T16:18:07.1095939Z ✔ [3633/3715] Built LeanCert.Tactic.LeanCert.Config (3.3s)
verify (RA-03, randomized-and-low-rank-approximation/RA-03/lean)	UNKNOWN STEP	2026-09-12T16:18:07.3095511Z ✔ [3635/3724] Built LeanCert.Tactic.Extension.Registry (6.2s)
verify (RA-03, randomized-and-low-rank-approximation/RA-03/lean)	UNKNOWN STEP	2026-09-12T16:18:07.5097097Z ✔ [3636/3726] Built LeanCert.Engine.Eval.Core (11s)
verify (RA-03, randomized-and-low-rank-approximation/RA-03/lean)	UNKNOWN STEP	2026-09-12T16:18:10.6133180Z ✔ [3638/3731] Built LeanCert.Engine.FloatEval (3.3s)
verify (RA-03, randomized-and-low-rank-approximation/RA-03/lean)	UNKNOWN STEP	2026-09-12T16:18:12.5188607Z ✔ [3639/3731] Built LeanCert.Engine.Algebra.QPoly (5.4s)
verify (RA-03, randomized-and-low-rank-approximation/RA-03/lean)	UNKNOWN STEP	2026-09-12T16:18:12.9210397Z ✔ [3640/3731] Built LeanCert.Core.DyadicCell (5.8s)
verify (RA-03, randomized-and-low-rank-approximation/RA-03/lean)	UNKNOWN STEP	2026-09-12T16:18:13.7210135Z ✔ [3641/3731] Built LeanCert.Engine.Eval.Extended (6.3s)
verify (RA-03, randomized-and-low-rank-approximation/RA-03/lean)	UNKNOWN STEP	2026-09-12T16:18:14.4213952Z ✔ [3642/3731] Built LeanCert.Tactic.Extension.Command (3.9s)
verify (RA-03, randomized-and-low-rank-approximation/RA-03/lean)	UNKNOWN STEP	2026-09-12T16:18:16.4374137Z ✔ [3643/3731] Built LeanCert.Core.DyadicFrontier (3.5s)
verify (RA-03, randomized-and-low-rank-approximation/RA-03/lean)	UNKNOWN STEP	2026-09-12T16:18:16.7427242Z ✔ [3644/3731] Built LeanCert.Engine.Algebra.QPolyIntegral (4.2s)
verify (RA-03, randomized-and-low-rank-approximation/RA-03/lean)	UNKNOWN STEP	2026-09-12T16:18:16.9429728Z ✔ [3645/3731] Built LeanCert.Engine.Bounds.Lemmas (3.2s)
verify (RA-03, randomized-and-low-rank-approximation/RA-03/lean)	UNKNOWN STEP	2026-09-12T16:18:17.2434292Z ✔ [3646/3731] Built LeanCert.Tactic.Extension (2.8s)
verify (RA-03, randomized-and-low-rank-approximation/RA-03/lean)	UNKNOWN STEP	2026-09-12T16:18:18.9465365Z ✔ [3647/3731] Built LeanCert.Engine.IntervalEval (2.0s)
verify (RA-03, randomized-and-low-rank-approximation/RA-03/lean)	UNKNOWN STEP	2026-09-12T16:18:22.4613417Z ✔ [3648/3731] Built LeanCert.Validity.Bounds.Checked (3.5s)
verify (RA-03, randomized-and-low-rank-approximation/RA-03/lean)	UNKNOWN STEP	2026-09-12T16:18:22.7607464Z ✔ [3649/3731] Built LeanCert.Validity.Bounds.Core (3.8s)
verify (RA-03, randomized-and-low-rank-approximation/RA-03/lean)	UNKNOWN STEP	2026-09-12T16:18:24.1777833Z ✔ [3650/3731] Built LeanCert.Engine.Affine.Transcendental (5.2s)
verify (RA-03, randomized-and-low-rank-approximation/RA-03/lean)	UNKNOWN STEP	2026-09-12T16:18:27.3852858Z ✔ [3651/3731] Built LeanCert.Engine.IntervalEvalDyadic (8.4s)
verify (RA-03, randomized-and-low-rank-approximation/RA-03/lean)	UNKNOWN STEP	2026-09-12T16:18:27.6858901Z ✔ [3652/3731] Built LeanCert.Engine.Optimization.Box (4.0s)
verify (RA-03, randomized-and-low-rank-approximation/RA-03/lean)	UNKNOWN STEP	2026-09-12T16:18:30.2922313Z ✔ [3653/3731] Built LeanCert.Engine.RootFinding.Basic (7.9s)
verify (RA-03, randomized-and-low-rank-approximation/RA-03/lean)	UNKNOWN STEP	2026-09-12T16:18:31.6041316Z ✔ [3654/3731] Built LeanCert.Engine.AD.Basic (3.9s)
verify (RA-03, randomized-and-low-rank-approximation/RA-03/lean)	UNKNOWN STEP	2026-09-12T16:18:33.6065204Z ✔ [3655/3731] Built LeanCert.Engine.Integrate (9.4s)
verify (RA-03, randomized-and-low-rank-approximation/RA-03/lean)	UNKNOWN STEP	2026-09-12T16:18:39.3214289Z ✔ [3656/3731] Built LeanCert.Engine.FinSumDyadic (7.7s)
verify (RA-03, randomized-and-low-rank-approximation/RA-03/lean)	UNKNOWN STEP	2026-09-12T16:18:39.9210352Z ✔ [3657/3731] Built LeanCert.Engine.IntervalEvalAffine (9.6s)
verify (RA-03, randomized-and-low-rank-approximation/RA-03/lean)	UNKNOWN STEP	2026-09-12T16:18:40.0210055Z ✔ [3658/3731] Built LeanCert.Validity.DyadicBounds (6.4s)
verify (RA-03, randomized-and-low-rank-approximation/RA-03/lean)	UNKNOWN STEP	2026-09-12T16:18:40.8209177Z ✔ [3659/3731] Built LeanCert.Engine.TaylorModel.Core (13s)
verify (RA-03, randomized-and-low-rank-approximation/RA-03/lean)	UNKNOWN STEP	2026-09-12T16:18:43.3246179Z ✔ [3660/3731] Built LeanCert.Engine.Search.Heuristic (3.0s)
verify (RA-03, randomized-and-low-rank-approximation/RA-03/lean)	UNKNOWN STEP	2026-09-12T16:18:45.3297737Z ✔ [3661/3731] Built LeanCert.Engine.WitnessSum (4.5s)
verify (RA-03, randomized-and-low-rank-approximation/RA-03/lean)	UNKNOWN STEP	2026-09-12T16:18:46.0305329Z ✔ [3662/3731] Built LeanCert.Engine.AD.Transcendental (6.0s)
verify (RA-03, randomized-and-low-rank-approximation/RA-03/lean)	UNKNOWN STEP	2026-09-12T16:18:46.2320517Z ✔ [3663/3731] Built LeanCert.Engine.RootFinding.Bisection (6.3s)
verify (RA-03, randomized-and-low-rank-approximation/RA-03/lean)	UNKNOWN STEP	2026-09-12T16:18:48.3365302Z ✔ [3664/3731] Built LeanCert.Engine.Affine.Environment (5.1s)
verify (RA-03, randomized-and-low-rank-approximation/RA-03/lean)	UNKNOWN STEP	2026-09-12T16:18:49.6416681Z ✔ [3665/3731] Built LeanCert.Engine.TaylorModel.Special (3.6s)
verify (RA-03, randomized-and-low-rank-approximation/RA-03/lean)	UNKNOWN STEP	2026-09-12T16:18:49.8418552Z ✔ [3666/3731] Built LeanCert.Engine.TaylorModel.Integral (4.6s)
verify (RA-03, randomized-and-low-rank-approximation/RA-03/lean)	UNKNOWN STEP	2026-09-12T16:18:56.5615451Z ✔ [3667/3731] Built LeanCert.Engine.AD.Eval (6.7s)
verify (RA-03, randomized-and-low-rank-approximation/RA-03/lean)	UNKNOWN STEP	2026-09-12T16:19:01.3941728Z ✔ [3668/3731] Built LeanCert.Engine.TaylorModel.ExpLog (13s)
verify (RA-03, randomized-and-low-rank-approximation/RA-03/lean)	UNKNOWN STEP	2026-09-12T16:19:03.1965122Z ✔ [3669/3731] Built LeanCert.Engine.AD.Correctness (6.5s)
verify (RA-03, randomized-and-low-rank-approximation/RA-03/lean)	UNKNOWN STEP	2026-09-12T16:19:04.4042710Z ✔ [3670/3731] Built LeanCert.Engine.TaylorModel.Hyperbolic (18s)
verify (RA-03, randomized-and-low-rank-approximation/RA-03/lean)	UNKNOWN STEP	2026-09-12T16:19:05.1048473Z ✔ [3671/3731] Built LeanCert.Engine.TaylorModel.Trig (15s)
verify (RA-03, randomized-and-low-rank-approximation/RA-03/lean)	UNKNOWN STEP	2026-09-12T16:19:07.5135435Z ✔ [3672/3731] Built LeanCert.Engine.AD.Computable (4.4s)
verify (RA-03, randomized-and-low-rank-approximation/RA-03/lean)	UNKNOWN STEP	2026-09-12T16:19:08.2156400Z ✔ [3673/3731] Built LeanCert.Engine.TaylorModel.Functions (3.2s)
verify (RA-03, randomized-and-low-rank-approximation/RA-03/lean)	UNKNOWN STEP	2026-09-12T16:19:10.0224108Z ✔ [3674/3731] Built LeanCert.Engine.AD.PartialCorrectness (6.9s)
verify (RA-03, randomized-and-low-rank-approximation/RA-03/lean)	UNKNOWN STEP	2026-09-12T16:19:11.3264590Z ✔ [3675/3731] Built LeanCert.Engine.AD.DomainChecked (3.8s)
verify (RA-03, randomized-and-low-rank-approximation/RA-03/lean)	UNKNOWN STEP	2026-09-12T16:19:12.9330619Z ✔ [3676/3731] Built LeanCert.Engine.TaylorModel.Expr (4.6s)
verify (RA-03, randomized-and-low-rank-approximation/RA-03/lean)	UNKNOWN STEP	2026-09-12T16:19:15.2400362Z ✔ [3677/3731] Built LeanCert.Engine.AD.Dyadic (3.9s)
verify (RA-03, randomized-and-low-rank-approximation/RA-03/lean)	UNKNOWN STEP	2026-09-12T16:19:15.2402491Z ✔ [3678/3731] Built LeanCert.Engine.TaylorModel (2.3s)
verify (RA-03, randomized-and-low-rank-approximation/RA-03/lean)	UNKNOWN STEP	2026-09-12T16:19:17.1429115Z ✔ [3679/3731] Built LeanCert.Engine.AD (1.9s)
verify (RA-03, randomized-and-low-rank-approximation/RA-03/lean)	UNKNOWN STEP	2026-09-12T16:19:21.5552825Z ✔ [3680/3731] Built LeanCert.Validity.Bounds.Smart (4.4s)
verify (RA-03, randomized-and-low-rank-approximation/RA-03/lean)	UNKNOWN STEP	2026-09-12T16:19:22.2616384Z ✔ [3681/3731] Built LeanCert.Meta.ProveSupported (5.1s)
verify (RA-03, randomized-and-low-rank-approximation/RA-03/lean)	UNKNOWN STEP	2026-09-12T16:19:22.5629206Z ✔ [3682/3731] Built LeanCert.Engine.IntervalEvalRefined (5.4s)
verify (RA-03, randomized-and-low-rank-approximation/RA-03/lean)	UNKNOWN STEP	2026-09-12T16:19:25.3698138Z ✔ [3683/3731] Built LeanCert.Engine.Optimize (8.1s)
verify (RA-03, randomized-and-low-rank-approximation/RA-03/lean)	UNKNOWN STEP	2026-09-12T16:19:26.1733548Z ✔ [3684/3731] Built LeanCert.Validity.Bounds.Bridge (4.6s)
verify (RA-03, randomized-and-low-rank-approximation/RA-03/lean)	UNKNOWN STEP	2026-09-12T16:19:28.4805426Z ✔ [3685/3731] Built LeanCert.Meta.ProveContinuous (6.2s)
verify (RA-03, randomized-and-low-rank-approximation/RA-03/lean)	UNKNOWN STEP	2026-09-12T16:19:29.5818137Z ✔ [3686/3731] Built LeanCert.Tactic.IntervalAuto.ProveCommon (7.0s)
verify (RA-03, randomized-and-low-rank-approximation/RA-03/lean)	UNKNOWN STEP	2026-09-12T16:19:32.4925406Z ✔ [3687/3731] Built LeanCert.Validity.Bounds.Basic (4.1s)
verify (RA-03, randomized-and-low-rank-approximation/RA-03/lean)	UNKNOWN STEP	2026-09-12T16:19:32.7934503Z ✔ [3688/3731] Built LeanCert.Engine.RootFinding.Newton (6.7s)
verify (RA-03, randomized-and-low-rank-approximation/RA-03/lean)	UNKNOWN STEP	2026-09-12T16:19:33.3975117Z ✔ [3689/3731] Built LeanCert.Engine.Optimization.Gradient (8.1s)
verify (RA-03, randomized-and-low-rank-approximation/RA-03/lean)	UNKNOWN STEP	2026-09-12T16:19:36.8063798Z ✔ [3690/3731] Built LeanCert.Tactic.LeanCert.Bridge.ReifiedFunction (4.3s)
verify (RA-03, randomized-and-low-rank-approximation/RA-03/lean)	UNKNOWN STEP	2026-09-12T16:19:36.9062811Z ✔ [3691/3731] Built LeanCert.Tactic.IntervalAuto.Basic (4.1s)
verify (RA-03, randomized-and-low-rank-approximation/RA-03/lean)	UNKNOWN STEP	2026-09-12T16:19:38.0077614Z ✔ [3692/3731] Built LeanCert.Validity.Integration (8.5s)
verify (RA-03, randomized-and-low-rank-approximation/RA-03/lean)	UNKNOWN STEP	2026-09-12T16:19:46.8527789Z ✔ [3693/3731] Built LeanCert.Engine.RootFinding.MVTBounds (13s)
verify (RA-03, randomized-and-low-rank-approximation/RA-03/lean)	UNKNOWN STEP	2026-09-12T16:19:46.9529416Z ✔ [3694/3731] Built LeanCert.Tactic.LeanCert.Semantic.Prepare (8.9s)
verify (RA-03, randomized-and-low-rank-approximation/RA-03/lean)	UNKNOWN STEP	2026-09-12T16:19:47.3725767Z ✔ [3695/3731] Built LeanCert.Engine.RootFinding.Krawczyk (10s)
verify (RA-03, randomized-and-low-rank-approximation/RA-03/lean)	UNKNOWN STEP	2026-09-12T16:19:57.8988482Z ✔ [3696/3731] Built LeanCert.Engine.RootFinding.Contraction (10s)
verify (RA-03, randomized-and-low-rank-approximation/RA-03/lean)	UNKNOWN STEP	2026-09-12T16:19:59.5005137Z ✔ [3697/3731] Built LeanCert.Tactic.LeanCert.Integral (12s)
verify (RA-03, randomized-and-low-rank-approximation/RA-03/lean)	UNKNOWN STEP	2026-09-12T16:20:01.1031213Z ✔ [3698/3731] Built LeanCert.Tactic.Extension.Execute (13s)
verify (RA-03, randomized-and-low-rank-approximation/RA-03/lean)	UNKNOWN STEP	2026-09-12T16:20:04.5102524Z ✔ [3699/3731] Built LeanCert.Engine.RootFinding.KrawczykCandidate (5.0s)
verify (RA-03, randomized-and-low-rank-approximation/RA-03/lean)	UNKNOWN STEP	2026-09-12T16:20:05.3119358Z ✔ [3700/3731] Built LeanCert.Validity.Krawczyk (4.2s)
verify (RA-03, randomized-and-low-rank-approximation/RA-03/lean)	UNKNOWN STEP	2026-09-12T16:20:05.6121202Z ✔ [3701/3731] Built LeanCert.Tactic.LeanCert.Solver.Protocol (7.7s)
verify (RA-03, randomized-and-low-rank-approximation/RA-03/lean)	UNKNOWN STEP	2026-09-12T16:20:07.7179740Z ✔ [3702/3731] Built LeanCert.Engine.RootFinding.Main (3.2s)
verify (RA-03, randomized-and-low-rank-approximation/RA-03/lean)	UNKNOWN STEP	2026-09-12T16:20:08.7235356Z ✔ [3703/3731] Built LeanCert.Engine.Optimization.Global (31s)
verify (RA-03, randomized-and-low-rank-approximation/RA-03/lean)	UNKNOWN STEP	2026-09-12T16:20:09.5374660Z ✔ [3704/3731] Built LeanCert.Tactic.Enclosure (4.2s)
verify (RA-03, randomized-and-low-rank-approximation/RA-03/lean)	UNKNOWN STEP	2026-09-12T16:20:10.3401661Z ✔ [3705/3731] Built LeanCert.Tactic.LeanCert.Diagnostic.Render (4.8s)
verify (RA-03, randomized-and-low-rank-approximation/RA-03/lean)	UNKNOWN STEP	2026-09-12T16:20:12.5416484Z ✔ [3706/3731] Built LeanCert.Validity.Types (3.8s)
verify (RA-03, randomized-and-low-rank-approximation/RA-03/lean)	UNKNOWN STEP	2026-09-12T16:20:13.7808784Z ✔ [3707/3731] Built LeanCert.Engine.Optimization.Guided (4.3s)
verify (RA-03, randomized-and-low-rank-approximation/RA-03/lean)	UNKNOWN STEP	2026-09-12T16:20:14.4815040Z ✔ [3708/3731] Built LeanCert.Engine.Search.CounterExample (4.1s)
verify (RA-03, randomized-and-low-rank-approximation/RA-03/lean)	UNKNOWN STEP	2026-09-12T16:20:16.4895035Z ✔ [3709/3731] Built LeanCert.Validity.Bounds (7.8s)
verify (RA-03, randomized-and-low-rank-approximation/RA-03/lean)	UNKNOWN STEP	2026-09-12T16:20:16.4899229Z ✔ [3710/3731] Built LeanCert.Engine.Optimization.BoundVerify (3.0s)
verify (RA-03, randomized-and-low-rank-approximation/RA-03/lean)	UNKNOWN STEP	2026-09-12T16:20:20.6961635Z ✔ [3711/3731] Built LeanCert.Discovery.Find (4.3s)
verify (RA-03, randomized-and-low-rank-approximation/RA-03/lean)	UNKNOWN STEP	2026-09-12T16:20:21.4028798Z ✔ [3712/3731] Built LeanCert.Tactic.IntervalAuto.OptBound (4.0s)
verify (RA-03, randomized-and-low-rank-approximation/RA-03/lean)	UNKNOWN STEP	2026-09-12T16:20:21.4030841Z ✔ [3713/3731] Built LeanCert.Tactic.IntervalAuto.RootBound (4.9s)
verify (RA-03, randomized-and-low-rank-approximation/RA-03/lean)	UNKNOWN STEP	2026-09-12T16:20:26.2097442Z ✔ [3714/3731] Built LeanCert.Tactic.IntervalAuto.Multivariate (5.5s)
verify (RA-03, randomized-and-low-rank-approximation/RA-03/lean)	UNKNOWN STEP	2026-09-12T16:20:33.0148142Z ✔ [3715/3731] Built LeanCert.Tactic.IntervalAuto.Bound (16s)
verify (RA-03, randomized-and-low-rank-approximation/RA-03/lean)	UNKNOWN STEP	2026-09-12T16:20:38.3261233Z ✔ [3716/3731] Built LeanCert.Tactic.IntervalAuto.Subdiv (5.3s)
verify (RA-03, randomized-and-low-rank-approximation/RA-03/lean)	UNKNOWN STEP	2026-09-12T16:20:40.3294715Z ✔ [3717/3731] Built LeanCert.Tactic.IntervalAuto.Adaptive (7.3s)
verify (RA-03, randomized-and-low-rank-approximation/RA-03/lean)	UNKNOWN STEP	2026-09-12T16:20:43.1325031Z ✔ [3718/3731] Built LeanCert.Tactic.IntervalAuto.PointIneq (10s)
verify (RA-03, randomized-and-low-rank-approximation/RA-03/lean)	UNKNOWN STEP	2026-09-12T16:20:45.6383911Z ✔ [3719/3731] Built LeanCert.Tactic.IntervalAuto (2.4s)
verify (RA-03, randomized-and-low-rank-approximation/RA-03/lean)	UNKNOWN STEP	2026-09-12T16:20:48.7405911Z ✔ [3720/3731] Built LeanCert.Tactic.Refute (3.1s)
verify (RA-03, randomized-and-low-rank-approximation/RA-03/lean)	UNKNOWN STEP	2026-09-12T16:20:51.4468102Z ✔ [3721/3731] Built LeanCert.Tactic.FinSumWitness (5.8s)
verify (RA-03, randomized-and-low-rank-approximation/RA-03/lean)	UNKNOWN STEP	2026-09-12T16:20:55.8553522Z ✔ [3722/3731] Built LeanCert.Tactic.FinSumBound (4.4s)
verify (RA-03, randomized-and-low-rank-approximation/RA-03/lean)	UNKNOWN STEP	2026-09-12T16:20:59.1580113Z ✔ [3723/3731] Built LeanCert.Tactic.LeanCert.Semantic.Parse (3.4s)
verify (RA-03, randomized-and-low-rank-approximation/RA-03/lean)	UNKNOWN STEP	2026-09-12T16:20:59.9579154Z ✔ [3724/3731] Built LeanCert.Tactic.Discovery (14s)
verify (RA-03, randomized-and-low-rank-approximation/RA-03/lean)	UNKNOWN STEP	2026-09-12T16:21:02.5602972Z ✔ [3725/3731] Built LeanCert.Tactic.Krawczyk (3.4s)
verify (RA-03, randomized-and-low-rank-approximation/RA-03/lean)	UNKNOWN STEP	2026-09-12T16:21:10.3682164Z ✔ [3726/3731] Built LeanCert.Tactic.LeanCert.Router (7.8s)
verify (RA-03, randomized-and-low-rank-approximation/RA-03/lean)	UNKNOWN STEP	2026-09-12T16:21:12.9714622Z ✔ [3727/3731] Built LeanCert.Tactic.LeanCert (2.6s)
verify (RA-03, randomized-and-low-rank-approximation/RA-03/lean)	UNKNOWN STEP	2026-09-12T16:21:15.4744745Z ✔ [3728/3731] Built LeanCert.Tactic (2.6s)
verify (RA-03, randomized-and-low-rank-approximation/RA-03/lean)	UNKNOWN STEP	2026-09-12T16:21:20.2816516Z ℹ [3729/3731] Built NLA.RA03.Proof (4.7s)
verify (RA-03, randomized-and-low-rank-approximation/RA-03/lean)	UNKNOWN STEP	2026-09-12T16:21:20.2818411Z info: NLA/RA03/Proof.lean:235:0: 'NLA.RA03.frobeniusSq_eq_norm_sq_proved' depends on axioms: [propext, Classical.choice, Quot.sound]
verify (RA-03, randomized-and-low-rank-approximation/RA-03/lean)	UNKNOWN STEP	2026-09-12T16:21:20.2821124Z info: NLA/RA03/Proof.lean:237:0: 'NLA.RA03.process_isProbability_proved' depends on axioms: [propext, Classical.choice, Quot.sound]
verify (RA-03, randomized-and-low-rank-approximation/RA-03/lean)	UNKNOWN STEP	2026-09-12T16:21:20.2823523Z info: NLA/RA03/Proof.lean:239:0: 'NLA.RA03.witness_singularValue_zero' depends on axioms: [propext, Classical.choice, Quot.sound]
verify (RA-03, randomized-and-low-rank-approximation/RA-03/lean)	UNKNOWN STEP	2026-09-12T16:21:20.2825385Z info: NLA/RA03/Proof.lean:241:0: 'NLA.RA03.witness_singularValue_one' depends on axioms: [propext, Classical.choice, Quot.sound]
verify (RA-03, randomized-and-low-rank-approximation/RA-03/lean)	UNKNOWN STEP	2026-09-12T16:21:20.2827121Z info: NLA/RA03/Proof.lean:243:0: 'NLA.RA03.witness_expectedError' depends on axioms: [propext, Classical.choice, Quot.sound]
verify (RA-03, randomized-and-low-rank-approximation/RA-03/lean)	UNKNOWN STEP	2026-09-12T16:21:20.2828790Z info: NLA/RA03/Proof.lean:245:0: 'NLA.RA03.strict_scalar_gap' depends on axioms: [propext, Classical.choice, Quot.sound]
verify (RA-03, randomized-and-low-rank-approximation/RA-03/lean)	UNKNOWN STEP	2026-09-12T16:21:20.2830611Z info: NLA/RA03/Proof.lean:247:0: 'NLA.RA03.counterexample_proved' depends on axioms: [propext, Classical.choice, Quot.sound]
verify (RA-03, randomized-and-low-rank-approximation/RA-03/lean)	UNKNOWN STEP	2026-09-12T16:21:20.2833263Z info: NLA/RA03/Proof.lean:249:0: 'NLA.RA03.not_squaredErrorConjecture_proved' depends on axioms: [propext, Classical.choice, Quot.sound]
verify (RA-03, randomized-and-low-rank-approximation/RA-03/lean)	UNKNOWN STEP	2026-09-12T16:21:23.0844131Z ℹ [3730/3731] Built Solution (2.8s)
verify (RA-03, randomized-and-low-rank-approximation/RA-03/lean)	UNKNOWN STEP	2026-09-12T16:21:23.0845502Z info: Solution.lean:43:0: 'NLA.RA03.frobeniusSq_eq_norm_sq' depends on axioms: [propext, Classical.choice, Quot.sound]
verify (RA-03, randomized-and-low-rank-approximation/RA-03/lean)	UNKNOWN STEP	2026-09-12T16:21:23.0847629Z info: Solution.lean:45:0: 'NLA.RA03.process_isProbability' depends on axioms: [propext, Classical.choice, Quot.sound]
verify (RA-03, randomized-and-low-rank-approximation/RA-03/lean)	UNKNOWN STEP	2026-09-12T16:21:23.0849423Z info: Solution.lean:47:0: 'NLA.RA03.counterexample' depends on axioms: [propext, Classical.choice, Quot.sound]
verify (RA-03, randomized-and-low-rank-approximation/RA-03/lean)	UNKNOWN STEP	2026-09-12T16:21:23.0851128Z info: Solution.lean:49:0: 'NLA.RA03.not_squaredErrorConjecture' depends on axioms: [propext, Classical.choice, Quot.sound]
verify (RA-03, randomized-and-low-rank-approximation/RA-03/lean)	UNKNOWN STEP	2026-09-12T16:21:23.1026055Z Build completed successfully (3731 jobs).
verify (RA-03, randomized-and-low-rank-approximation/RA-03/lean)	UNKNOWN STEP	2026-09-12T16:22:28.2775106Z Exporting #[Quot, Quot.mk, Quot.lift, Quot.ind, NLA.RA03.frobeniusSq_eq_norm_sq, NLA.RA03.process_isProbability, NLA.RA03.counterexample, NLA.RA03.not_squaredErrorConjecture, propext, Classical.choice, Quot.sound, Nat.add, Nat.sub, Nat.mul, Nat.pow, Nat.gcd, Nat.div, Nat.mod, Nat.beq, Nat.ble, Nat.land, Nat.lor, Nat.xor, Nat.shiftLeft, Nat.shiftRight, String.ofList, Char.ofNat, List, eagerReduce, Nat, String, String.mk, Char, optParam, autoParam, semiOutParam, outParam] from Solution
verify (RA-03, randomized-and-low-rank-approximation/RA-03/lean)	UNKNOWN STEP	2026-09-12T16:22:28.2777612Z Running Lean default kernel on solution.
verify (RA-03, randomized-and-low-rank-approximation/RA-03/lean)	UNKNOWN STEP	2026-09-12T16:22:28.2778019Z Lean default kernel accepts the solution
verify (RA-03, randomized-and-low-rank-approximation/RA-03/lean)	UNKNOWN STEP	2026-09-12T16:22:28.2778393Z Your solution is okay!
verify (RA-03, randomized-and-low-rank-approximation/RA-03/lean)	UNKNOWN STEP	2026-09-12T16:22:33.9608518Z PASS: fresh Comparator run and all controls. Evidence: /home/runner/work/_temp/nla-lean-tools/logs/verify-20260912T161438Z-4193
verify (RA-03, randomized-and-low-rank-approximation/RA-03/lean)	UNKNOWN STEP	2026-09-12T16:22:33.9777559Z Node 20 is being deprecated. This workflow is running with Node 24 by default. If you need to temporarily use Node 20, you can set the ACTIONS_ALLOW_USE_UNSECURE_NODE_VERSION=true environment variable. For more information see: https://github.blog/changelog/2025-09-19-deprecation-of-node-20-on-github-actions-runners/
verify (RA-03, randomized-and-low-rank-approximation/RA-03/lean)	UNKNOWN STEP	2026-09-12T16:22:33.9779198Z ##[group]Run actions/upload-artifact@ea165f8d65b6e75b540449e92b4886f43607fa02
verify (RA-03, randomized-and-low-rank-approximation/RA-03/lean)	UNKNOWN STEP	2026-09-12T16:22:33.9779613Z with:
verify (RA-03, randomized-and-low-rank-approximation/RA-03/lean)	UNKNOWN STEP	2026-09-12T16:22:33.9779812Z   name: lean-RA-03
verify (RA-03, randomized-and-low-rank-approximation/RA-03/lean)	UNKNOWN STEP	2026-09-12T16:22:33.9780074Z   path: /home/runner/work/_temp/nla-lean-tools/logs/
verify (RA-03, randomized-and-low-rank-approximation/RA-03/lean)	UNKNOWN STEP	2026-09-12T16:22:33.9780407Z   if-no-files-found: warn
verify (RA-03, randomized-and-low-rank-approximation/RA-03/lean)	UNKNOWN STEP	2026-09-12T16:22:33.9780651Z   compression-level: 6
verify (RA-03, randomized-and-low-rank-approximation/RA-03/lean)	UNKNOWN STEP	2026-09-12T16:22:33.9780875Z   overwrite: false
verify (RA-03, randomized-and-low-rank-approximation/RA-03/lean)	UNKNOWN STEP	2026-09-12T16:22:33.9781106Z   include-hidden-files: false
verify (RA-03, randomized-and-low-rank-approximation/RA-03/lean)	UNKNOWN STEP	2026-09-12T16:22:33.9781351Z env:
verify (RA-03, randomized-and-low-rank-approximation/RA-03/lean)	UNKNOWN STEP	2026-09-12T16:22:33.9781536Z   GOTOOLCHAIN: local
verify (RA-03, randomized-and-low-rank-approximation/RA-03/lean)	UNKNOWN STEP	2026-09-12T16:22:33.9783796Z   XDG_RUNTIME_DIR: /run/user/1001
verify (RA-03, randomized-and-low-rank-approximation/RA-03/lean)	UNKNOWN STEP	2026-09-12T16:22:33.9784167Z   DBUS_SESSION_BUS_ADDRESS: unix:path=/run/user/1001/bus
verify (RA-03, randomized-and-low-rank-approximation/RA-03/lean)	UNKNOWN STEP	2026-09-12T16:22:33.9784496Z ##[endgroup]
verify (RA-03, randomized-and-low-rank-approximation/RA-03/lean)	UNKNOWN STEP	2026-09-12T16:22:34.4389062Z (node:7252) [DEP0040] DeprecationWarning: The `punycode` module is deprecated. Please use a userland alternative instead.
verify (RA-03, randomized-and-low-rank-approximation/RA-03/lean)	UNKNOWN STEP	2026-09-12T16:22:34.4390751Z (Use `node --trace-deprecation ...` to show where the warning was created)
verify (RA-03, randomized-and-low-rank-approximation/RA-03/lean)	UNKNOWN STEP	2026-09-12T16:22:34.4536862Z With the provided path, there will be 13 files uploaded
verify (RA-03, randomized-and-low-rank-approximation/RA-03/lean)	UNKNOWN STEP	2026-09-12T16:22:34.4544945Z Artifact name is valid!
verify (RA-03, randomized-and-low-rank-approximation/RA-03/lean)	UNKNOWN STEP	2026-09-12T16:22:34.4545446Z Root directory input is valid!
verify (RA-03, randomized-and-low-rank-approximation/RA-03/lean)	UNKNOWN STEP	2026-09-12T16:22:34.7780479Z Beginning upload of artifact content to blob storage
verify (RA-03, randomized-and-low-rank-approximation/RA-03/lean)	UNKNOWN STEP	2026-09-12T16:22:34.8243941Z (node:7252) [DEP0169] DeprecationWarning: `url.parse()` behavior is not standardized and prone to errors that have security implications. Use the WHATWG URL API instead. CVEs are not issued for `url.parse()` vulnerabilities.
verify (RA-03, randomized-and-low-rank-approximation/RA-03/lean)	UNKNOWN STEP	2026-09-12T16:22:35.0777455Z Uploaded bytes 16294
verify (RA-03, randomized-and-low-rank-approximation/RA-03/lean)	UNKNOWN STEP	2026-09-12T16:22:35.1368829Z Finished uploading artifact content to blob storage!
verify (RA-03, randomized-and-low-rank-approximation/RA-03/lean)	UNKNOWN STEP	2026-09-12T16:22:35.1370359Z SHA256 digest of uploaded artifact zip is 3c26241f0fb27beae769efae5bcc09493a4a25378a8729164563e813146b0b0e
verify (RA-03, randomized-and-low-rank-approximation/RA-03/lean)	UNKNOWN STEP	2026-09-12T16:22:35.1371516Z Finalizing artifact upload
verify (RA-03, randomized-and-low-rank-approximation/RA-03/lean)	UNKNOWN STEP	2026-09-12T16:22:35.3825126Z Artifact lean-RA-03.zip successfully finalized. Artifact ID 10300997836
verify (RA-03, randomized-and-low-rank-approximation/RA-03/lean)	UNKNOWN STEP	2026-09-12T16:22:35.3827686Z Artifact lean-RA-03 has been successfully uploaded! Final size is 16294 bytes. Artifact ID is 10300997836
verify (RA-03, randomized-and-low-rank-approximation/RA-03/lean)	UNKNOWN STEP	2026-09-12T16:22:35.3834055Z Artifact download URL: https://github.com/sgstepaniants/OpenProblemsInNLA/actions/runs/34704564047/artifacts/10300997836
verify (RA-03, randomized-and-low-rank-approximation/RA-03/lean)	UNKNOWN STEP	2026-09-12T16:22:35.4022585Z Post job cleanup.
verify (RA-03, randomized-and-low-rank-approximation/RA-03/lean)	UNKNOWN STEP	2026-09-12T16:22:35.5584127Z Node 20 is being deprecated. This workflow is running with Node 24 by default. If you need to temporarily use Node 20, you can set the ACTIONS_ALLOW_USE_UNSECURE_NODE_VERSION=true environment variable. For more information see: https://github.blog/changelog/2025-09-19-deprecation-of-node-20-on-github-actions-runners/
verify (RA-03, randomized-and-low-rank-approximation/RA-03/lean)	UNKNOWN STEP	2026-09-12T16:22:35.5585413Z Post job cleanup.
verify (RA-03, randomized-and-low-rank-approximation/RA-03/lean)	UNKNOWN STEP	2026-09-12T16:22:35.6582733Z [command]/usr/bin/git version
verify (RA-03, randomized-and-low-rank-approximation/RA-03/lean)	UNKNOWN STEP	2026-09-12T16:22:35.6635106Z git version 2.55.0
verify (RA-03, randomized-and-low-rank-approximation/RA-03/lean)	UNKNOWN STEP	2026-09-12T16:22:35.6680828Z Temporarily overriding HOME='/home/runner/work/_temp/235ae7c2-4594-47b7-a388-4c4a0fd7a271' before making global git config changes
verify (RA-03, randomized-and-low-rank-approximation/RA-03/lean)	UNKNOWN STEP	2026-09-12T16:22:35.6682725Z Adding repository directory to the temporary git global config as a safe directory
verify (RA-03, randomized-and-low-rank-approximation/RA-03/lean)	UNKNOWN STEP	2026-09-12T16:22:35.6688469Z [command]/usr/bin/git config --global --add safe.directory /home/runner/work/OpenProblemsInNLA/OpenProblemsInNLA
verify (RA-03, randomized-and-low-rank-approximation/RA-03/lean)	UNKNOWN STEP	2026-09-12T16:22:35.6737017Z [command]/usr/bin/git config --local --name-only --get-regexp core\.sshCommand
verify (RA-03, randomized-and-low-rank-approximation/RA-03/lean)	UNKNOWN STEP	2026-09-12T16:22:35.6777921Z [command]/usr/bin/git submodule foreach --recursive sh -c "git config --local --name-only --get-regexp 'core\.sshCommand' && git config --local --unset-all 'core.sshCommand' || :"
verify (RA-03, randomized-and-low-rank-approximation/RA-03/lean)	UNKNOWN STEP	2026-09-12T16:22:35.7080028Z [command]/usr/bin/git config --local --name-only --get-regexp http\.https\:\/\/github\.com\/\.extraheader
verify (RA-03, randomized-and-low-rank-approximation/RA-03/lean)	UNKNOWN STEP	2026-09-12T16:22:35.7134257Z [command]/usr/bin/git submodule foreach --recursive sh -c "git config --local --name-only --get-regexp 'http\.https\:\/\/github\.com\/\.extraheader' && git config --local --unset-all 'http.https://github.com/.extraheader' || :"
verify (RA-03, randomized-and-low-rank-approximation/RA-03/lean)	UNKNOWN STEP	2026-09-12T16:22:35.7436043Z [command]/usr/bin/git config --local --name-only --get-regexp ^includeIf\.gitdir:
verify (RA-03, randomized-and-low-rank-approximation/RA-03/lean)	UNKNOWN STEP	2026-09-12T16:22:35.7504786Z [command]/usr/bin/git submodule foreach --recursive git config --local --show-origin --name-only --get-regexp remote.origin.url
verify (RA-03, randomized-and-low-rank-approximation/RA-03/lean)	UNKNOWN STEP	2026-09-12T16:22:35.7962547Z Cleaning up orphan processes
verify (RA-03, randomized-and-low-rank-approximation/RA-03/lean)	UNKNOWN STEP	2026-09-12T16:22:35.8425835Z ##[warning]Node.js 20 is deprecated. The following actions target Node.js 20 but are being forced to run on Node.js 24: actions/checkout@11d5960a326750d5838078e36cf38b85af677262, actions/upload-artifact@ea165f8d65b6e75b540449e92b4886f43607fa02. For more information see: https://github.blog/changelog/2025-09-19-deprecation-of-node-20-on-github-actions-runners/
