EXACT_FROZEN_TYPE NLA.KE04._proved.orderedSpectrum_semantics: ∀ {m : ℕ} (M : NLA.KE04.Mat m)
  (hM : Matrix.IsHermitian M),
  Monotone (NLA.KE04.orderedEigenvalues M hM) ∧
    (∀ (r : Fin m),
        (NLA.KE04.act M) ((NLA.KE04.orderedEigenbasis M hM) r) =
          NLA.KE04.orderedEigenvalues M hM r • (NLA.KE04.orderedEigenbasis M hM) r) ∧
      (Matrix.charpoly M).roots = Multiset.map (NLA.KE04.orderedEigenvalues M hM) Finset.univ.val ∧
        ∀ (i : ℕ) (hi : i < m), NLA.KE04.eigenvalueAt M hM i = NLA.KE04.orderedEigenvalues M hM ⟨i, hi⟩
EXACT_FROZEN_TYPE NLA.KE04._proved.quadratic_semantics: ∀ {m : ℕ} (M : NLA.KE04.Mat m) (a b : ℝ),
  (NLA.KE04.monicQuadratic a b).Monic ∧
    (NLA.KE04.monicQuadratic a b).natDegree = 2 ∧
      NLA.KE04.quadraticMatrix M a b = (Polynomial.aeval M) (NLA.KE04.monicQuadratic a b) ∧
        NLA.KE04.quadraticMatrix M a b = M ^ 2 - (a + b) • M + (a * b) • 1
EXACT_FROZEN_TYPE NLA.KE04._proved.spectral_gap_quadratic_psd: ∀ {m : ℕ} (M : NLA.KE04.Mat m)
  (hM : Matrix.IsHermitian M) (a b : ℝ),
  a ≤ b →
    (∀ (r : Fin m), ¬(a < NLA.KE04.orderedEigenvalues M hM r ∧ NLA.KE04.orderedEigenvalues M hM r < b)) →
      Matrix.PosSemidef (NLA.KE04.quadraticMatrix M a b)
EXACT_FROZEN_TYPE NLA.KE04._proved.psd_zero_form_iff_kernel: ∀ {m : ℕ} (M : NLA.KE04.Mat m),
  Matrix.PosSemidef M → ∀ (x : NLA.KE04.Vec m), NLA.KE04.form M x = 0 ↔ (NLA.KE04.act M) x = 0
ACTUAL_AXIOMS NLA.KE04._proved.orderedSpectrum_semantics: [propext, Classical.choice, Quot.sound]
PROJECT_EDGE NLA.KE04._proved.orderedSpectrum_semantics: [NLA.KE04.Mat,
 NLA.KE04.orderedEigenvalues,
 NLA.KE04.Vec,
 NLA.KE04.act,
 NLA.KE04.orderedEigenbasis,
 NLA.KE04.eigenvalueAt,
 NLA.KE04.Mat,
 NLA.KE04.orderedEigenvalues,
 NLA.KE04.Vec,
 NLA.KE04.act,
 NLA.KE04.orderedEigenbasis,
 NLA.KE04.eigenvalueAt,
 NLA.KE04.act._proof_1,
 NLA.KE04.act._proof_2,
 NLA.KE04.orderedEigenvalues._proof_1,
 NLA.KE04.orderedEigenvalues._proof_2]
ALL_DIRECT_DEPENDENCIES NLA.KE04._proved.orderedSpectrum_semantics: [Nat,
 NLA.KE04.Mat,
 Matrix.IsHermitian,
 Real,
 Fin,
 InvolutiveStar.toStar,
 StarAddMonoid.toInvolutiveStar,
 AddCommMonoid.toAddMonoid,
 NonUnitalNonAssocSemiring.toAddCommMonoid,
 NonUnitalNonAssocRing.toNonUnitalNonAssocSemiring,
 NonUnitalNonAssocCommRing.toNonUnitalNonAssocRing,
 NonUnitalCommRing.toNonUnitalNonAssocCommRing,
 CommRing.toNonUnitalCommRing,
 Real.commRing,
 StarRing.toStarAddMonoid,
 instStarRingReal,
 And,
 Monotone,
 PartialOrder.toPreorder,
 Fin.instPartialOrder,
 Real.instPreorder,
 NLA.KE04.orderedEigenvalues,
 Eq,
 NLA.KE04.Vec,
 DFunLike.coe,
 LinearMap,
 Real.semiring,
 RingHom.id,
 Semiring.toNonAssocSemiring,
 AddCommGroup.toAddCommMonoid,
 WithLp.instAddCommGroup,
 OfNat.ofNat,
 ENNReal,
 instOfNatAtLeastTwo,
 AddMonoidWithOne.toNatCast,
 AddCommMonoidWithOne.toAddMonoidWithOne,
 ENNReal.instAddCommMonoidWithOne,
 PiLp.innerProductSpace._proof_1,
 Pi.addCommGroup,
 Real.instAddCommGroup,
 WithLp.instModule,
 Pi.Function.module,
 Semiring.toAddCommMonoid,
 Ring.toSemiring,
 Real.instRing,
 Semiring.toModule,
 LinearMap.instFunLike,
 NLA.KE04.act,
 OrthonormalBasis,
 Real.instRCLike,
 PiLp.normedAddCommGroup,
 fact_one_le_two_ennreal,
 Fin.fintype,
 Real.normedAddCommGroup,
 PiLp.innerProductSpace,
 RCLike.toInnerProductSpaceReal,
 OrthonormalBasis.instFunLike,
 NLA.KE04.orderedEigenbasis,
 HSMul.hSMul,
 instHSMul,
 WithLp.instSMul,
 Function.hasSMul,
 instSMulOfMul,
 Real.instMul,
 Multiset,
 Polynomial.roots,
 Real.instIsDomain,
 Matrix.charpoly,
 instDecidableEqFin,
 Multiset.map,
 Finset.val,
 Finset.univ,
 LT.lt,
 instLTNat,
 NLA.KE04.eigenvalueAt,
 Fin.mk,
 Nat,
 NLA.KE04.Mat,
 Matrix.IsHermitian,
 Real,
 Fin,
 InvolutiveStar.toStar,
 StarAddMonoid.toInvolutiveStar,
 AddCommMonoid.toAddMonoid,
 NonUnitalNonAssocSemiring.toAddCommMonoid,
 NonUnitalNonAssocRing.toNonUnitalNonAssocSemiring,
 NonUnitalNonAssocCommRing.toNonUnitalNonAssocRing,
 NonUnitalCommRing.toNonUnitalNonAssocCommRing,
 CommRing.toNonUnitalCommRing,
 Real.commRing,
 StarRing.toStarAddMonoid,
 instStarRingReal,
 LinearMap.IsSymmetric,
 EuclideanSpace,
 Real.instRCLike,
 PiLp.seminormedAddCommGroup,
 OfNat.ofNat,
 ENNReal,
 instOfNatAtLeastTwo,
 AddMonoidWithOne.toNatCast,
 AddCommMonoidWithOne.toAddMonoidWithOne,
 ENNReal.instAddCommMonoidWithOne,
 PiLp.innerProductSpace._proof_1,
 fact_one_le_two_ennreal,
 Fin.fintype,
 NonUnitalSeminormedRing.toSeminormedAddCommGroup,
 NonUnitalSeminormedCommRing.toNonUnitalSeminormedRing,
 SeminormedCommRing.toNonUnitalSeminormedCommRing,
 NormedCommRing.toSeminormedCommRing,
 NormedField.toNormedCommRing,
 DenselyNormedField.toNormedField,
 RCLike.toDenselyNormedField,
 PiLp.innerProductSpace,
 NonUnitalNormedRing.toNormedAddCommGroup,
 NonUnitalNormedCommRing.toNonUnitalNormedRing,
 NormedCommRing.toNonUnitalNormedCommRing,
 RCLike.innerProductSpace,
 DFunLike.coe,
 LinearEquiv,
 DivisionSemiring.toSemiring,
 Semifield.toDivisionSemiring,
 Field.toSemifield,
 NormedField.toField,
 RingHom.id,
 Semiring.toNonAssocSemiring,
 RingHomInvPair.ids,
 Matrix,
 LinearMap,
 AddCommGroup.toAddCommMonoid,
 WithLp.instAddCommGroup,
 Pi.addCommGroup,
 Ring.toAddCommGroup,
 DivisionRing.toRing,
 Field.toDivisionRing,
 WithLp.instModule,
 Pi.Function.module,
 Semiring.toAddCommMonoid,
 Ring.toSemiring,
 Semiring.toModule,
 Matrix.addCommMonoid,
 LinearMap.addCommMonoid,
 Matrix.module,
 LinearMap.module,
 WithLp.instSMulCommClass,
 SemigroupAction.toSMul,
 Monoid.toSemigroup,
 Semiring.toMonoid,
 MulAction.toSemigroupAction,
 DistribMulAction.toMulAction,
 SubNegMonoid.toAddMonoid,
 AddGroup.toSubNegMonoid,
 AddCommGroup.toAddGroup,
 Module.toDistribMulAction,
 Function.smulCommClass,
 Algebra.to_smulCommClass,
 Semifield.toCommSemiring,
 CommSemiring.toSemiring,
 Algebra.id,
 EquivLike.toFunLike,
 DFinsupp.instEquivLikeLinearEquiv,
 Matrix.toEuclideanLin,
 instDecidableEqFin,
 Iff.mpr,
 Field.toCommRing,
 RCLike.toStarRing,
 Matrix.isSymmetric_toEuclideanLin_iff,
 And.intro,
 Monotone,
 PartialOrder.toPreorder,
 Fin.instPartialOrder,
 Real.instPreorder,
 NLA.KE04.orderedEigenvalues,
 And,
 Eq,
 NLA.KE04.Vec,
 Real.semiring,
 Real.instAddCommGroup,
 Real.instRing,
 LinearMap.instFunLike,
 NLA.KE04.act,
 OrthonormalBasis,
 PiLp.normedAddCommGroup,
 Real.normedAddCommGroup,
 RCLike.toInnerProductSpaceReal,
 OrthonormalBasis.instFunLike,
 NLA.KE04.orderedEigenbasis,
 HSMul.hSMul,
 instHSMul,
 WithLp.instSMul,
 Function.hasSMul,
 instSMulOfMul,
 Real.instMul,
 Multiset,
 Polynomial.roots,
 Real.instIsDomain,
 Matrix.charpoly,
 Multiset.map,
 Finset.val,
 Finset.univ,
 LT.lt,
 instLTNat,
 NLA.KE04.eigenvalueAt,
 Fin.mk,
 LE.le,
 Preorder.toLE,
 LinearMap.IsSymmetric.eigenvalues_antitone,
 WithLp.instModuleFinite,
 DivisionRing.toDivisionSemiring,
 SeminormedAddCommGroup.toAddCommGroup,
 NormedAddCommGroup.toSeminormedAddCommGroup,
 Pi.module,
 NormedSpace.toModule,
 InnerProductSpace.toNormedSpace,
 FiniteDimensional.finiteDimensional_pi',
 Finite.of_fintype,
 FiniteDimensional.rclike_to_real,
 finrank_euclideanSpace_fin,
 Fin.rev,
 instLEFin,
 Fin.rev_le_rev,
 of_eq_true,
 Eq.trans,
 SMulZeroClass.toSMul,
 AddZero.toZero,
 AddZeroClass.toAddZero,
 AddMonoid.toAddZeroClass,
 NormedAddCommGroup.toAddCommGroup,
 DistribSMul.toSMulZeroClass,
 DistribMulAction.toDistribSMul,
 LinearMap.IsSymmetric.eigenvalues,
 NLA.KE04.act._proof_1,
 NLA.KE04.act._proof_2,
 NLA.KE04.orderedEigenvalues._proof_1,
 NLA.KE04.orderedEigenvalues._proof_2,
 LinearMap.IsSymmetric.eigenvectorBasis,
 True,
 congr,
 congrArg,
 RCLike.ofReal,
 OrthonormalBasis.reindex,
 Fin.revPerm,
 Function.comp,
 Equiv,
 Equiv.instEquivLike,
 Equiv.symm,
 congrFun,
 OrthonormalBasis.coe_reindex,
 Fin.revPerm_apply,
 LinearMap.IsSymmetric.apply_eigenvectorBasis,
 eq_self,
 id,
 Eq.mp,
 instIsDomain,
 LinearMap.charpoly,
 Module.Free.of_divisionRing,
 Matrix.toLin,
 OrthonormalBasis.toBasis,
 EuclideanSpace.basisFun,
 congrFun',
 Polynomial.roots.congr_simp,
 Matrix.charpoly_toLin,
 LinearMap.IsSymmetric.roots_charpoly_eq_eigenvalues,
 Eq.mpr,
 Equiv.Perm,
 Eq.symm,
 Multiset.map_map,
 Multiset.map_univ_val_equiv,
 Eq.refl,
 eq_true,
 dite_cond_eq_true,
 Nat.decLt,
 Not,
 Zero.toOfNat0,
 Real.instZero]
ACTUAL_AXIOMS NLA.KE04.Mat: [propext, Classical.choice, Quot.sound]
PROJECT_EDGE NLA.KE04.Mat: [NLA.KE04.Rect]
ALL_DIRECT_DEPENDENCIES NLA.KE04.Mat: [Nat, Nat, NLA.KE04.Rect]
ACTUAL_AXIOMS NLA.KE04.Rect: [propext, Classical.choice, Quot.sound]
PROJECT_EDGE NLA.KE04.Rect: []
ALL_DIRECT_DEPENDENCIES NLA.KE04.Rect: [Nat, Nat, Matrix, Fin, Real]
ACTUAL_AXIOMS NLA.KE04.orderedEigenvalues: [propext, Classical.choice, Quot.sound]
PROJECT_EDGE NLA.KE04.orderedEigenvalues: [NLA.KE04.Mat,
 NLA.KE04.Mat,
 NLA.KE04.act._proof_1,
 NLA.KE04.act._proof_2,
 NLA.KE04.orderedEigenvalues._proof_1,
 NLA.KE04.orderedEigenvalues._proof_2]
ALL_DIRECT_DEPENDENCIES NLA.KE04.orderedEigenvalues: [Nat,
 NLA.KE04.Mat,
 Matrix.IsHermitian,
 Real,
 Fin,
 InvolutiveStar.toStar,
 StarAddMonoid.toInvolutiveStar,
 AddCommMonoid.toAddMonoid,
 NonUnitalNonAssocSemiring.toAddCommMonoid,
 NonUnitalNonAssocRing.toNonUnitalNonAssocSemiring,
 NonUnitalNonAssocCommRing.toNonUnitalNonAssocRing,
 NonUnitalCommRing.toNonUnitalNonAssocCommRing,
 CommRing.toNonUnitalCommRing,
 Real.commRing,
 StarRing.toStarAddMonoid,
 instStarRingReal,
 Nat,
 NLA.KE04.Mat,
 Matrix.IsHermitian,
 Real,
 Fin,
 InvolutiveStar.toStar,
 StarAddMonoid.toInvolutiveStar,
 AddCommMonoid.toAddMonoid,
 NonUnitalNonAssocSemiring.toAddCommMonoid,
 NonUnitalNonAssocRing.toNonUnitalNonAssocSemiring,
 NonUnitalNonAssocCommRing.toNonUnitalNonAssocRing,
 NonUnitalCommRing.toNonUnitalNonAssocCommRing,
 CommRing.toNonUnitalCommRing,
 Real.commRing,
 StarRing.toStarAddMonoid,
 instStarRingReal,
 LinearMap.IsSymmetric.eigenvalues,
 Real.instRCLike,
 EuclideanSpace,
 PiLp.normedAddCommGroup,
 OfNat.ofNat,
 ENNReal,
 instOfNatAtLeastTwo,
 AddMonoidWithOne.toNatCast,
 AddCommMonoidWithOne.toAddMonoidWithOne,
 ENNReal.instAddCommMonoidWithOne,
 PiLp.innerProductSpace._proof_1,
 fact_one_le_two_ennreal,
 Fin.fintype,
 Real.normedAddCommGroup,
 PiLp.innerProductSpace,
 NonUnitalNormedRing.toNormedAddCommGroup,
 NonUnitalNormedCommRing.toNonUnitalNormedRing,
 NormedCommRing.toNonUnitalNormedCommRing,
 NormedField.toNormedCommRing,
 DenselyNormedField.toNormedField,
 RCLike.toDenselyNormedField,
 RCLike.innerProductSpace,
 DFunLike.coe,
 LinearEquiv,
 DivisionSemiring.toSemiring,
 Semifield.toDivisionSemiring,
 Field.toSemifield,
 NormedField.toField,
 RingHom.id,
 Semiring.toNonAssocSemiring,
 NLA.KE04.act._proof_1,
 Matrix,
 LinearMap,
 AddCommGroup.toAddCommMonoid,
 WithLp.instAddCommGroup,
 Pi.addCommGroup,
 Ring.toAddCommGroup,
 DivisionRing.toRing,
 Field.toDivisionRing,
 WithLp.instModule,
 Pi.Function.module,
 Semiring.toAddCommMonoid,
 Ring.toSemiring,
 Semiring.toModule,
 Matrix.addCommMonoid,
 LinearMap.addCommMonoid,
 Matrix.module,
 LinearMap.module,
 NLA.KE04.act._proof_2,
 EquivLike.toFunLike,
 DFinsupp.instEquivLikeLinearEquiv,
 Matrix.toEuclideanLin,
 instDecidableEqFin,
 NLA.KE04.orderedEigenvalues._proof_1,
 NLA.KE04.orderedEigenvalues._proof_2,
 finrank_euclideanSpace_fin,
 Fin.rev]
ACTUAL_AXIOMS NLA.KE04.act._proof_1: [propext, Classical.choice, Quot.sound]
PROJECT_EDGE NLA.KE04.act._proof_1: []
ALL_DIRECT_DEPENDENCIES NLA.KE04.act._proof_1: [RingHomInvPair,
 Real,
 DivisionSemiring.toSemiring,
 Semifield.toDivisionSemiring,
 Field.toSemifield,
 NormedField.toField,
 DenselyNormedField.toNormedField,
 RCLike.toDenselyNormedField,
 Real.instRCLike,
 RingHom.id,
 Semiring.toNonAssocSemiring,
 RingHomInvPair.ids,
 Real,
 DivisionSemiring.toSemiring,
 Semifield.toDivisionSemiring,
 Field.toSemifield,
 NormedField.toField,
 DenselyNormedField.toNormedField,
 RCLike.toDenselyNormedField,
 Real.instRCLike]
ACTUAL_AXIOMS NLA.KE04.act._proof_2: [propext, Classical.choice, Quot.sound]
PROJECT_EDGE NLA.KE04.act._proof_2: []
ALL_DIRECT_DEPENDENCIES NLA.KE04.act._proof_2: [Nat,
 SMulCommClass,
 Real,
 WithLp,
 OfNat.ofNat,
 ENNReal,
 instOfNatAtLeastTwo,
 AddMonoidWithOne.toNatCast,
 AddCommMonoidWithOne.toAddMonoidWithOne,
 ENNReal.instAddCommMonoidWithOne,
 PiLp.innerProductSpace._proof_1,
 Fin,
 WithLp.instSMul,
 SemigroupAction.toSMul,
 Monoid.toSemigroup,
 Semiring.toMonoid,
 DivisionSemiring.toSemiring,
 Semifield.toDivisionSemiring,
 Field.toSemifield,
 NormedField.toField,
 DenselyNormedField.toNormedField,
 RCLike.toDenselyNormedField,
 Real.instRCLike,
 MulAction.toSemigroupAction,
 DistribMulAction.toMulAction,
 SubNegMonoid.toAddMonoid,
 AddGroup.toSubNegMonoid,
 AddCommGroup.toAddGroup,
 Pi.addCommGroup,
 Ring.toAddCommGroup,
 DivisionRing.toRing,
 Field.toDivisionRing,
 Module.toDistribMulAction,
 AddCommGroup.toAddCommMonoid,
 Pi.Function.module,
 Semiring.toAddCommMonoid,
 Ring.toSemiring,
 Semiring.toModule,
 Nat,
 WithLp.instSMulCommClass,
 OfNat.ofNat,
 ENNReal,
 instOfNatAtLeastTwo,
 AddMonoidWithOne.toNatCast,
 AddCommMonoidWithOne.toAddMonoidWithOne,
 ENNReal.instAddCommMonoidWithOne,
 PiLp.innerProductSpace._proof_1,
 Real,
 Fin,
 SemigroupAction.toSMul,
 Monoid.toSemigroup,
 Semiring.toMonoid,
 DivisionSemiring.toSemiring,
 Semifield.toDivisionSemiring,
 Field.toSemifield,
 NormedField.toField,
 DenselyNormedField.toNormedField,
 RCLike.toDenselyNormedField,
 Real.instRCLike,
 MulAction.toSemigroupAction,
 DistribMulAction.toMulAction,
 SubNegMonoid.toAddMonoid,
 AddGroup.toSubNegMonoid,
 AddCommGroup.toAddGroup,
 Pi.addCommGroup,
 Ring.toAddCommGroup,
 DivisionRing.toRing,
 Field.toDivisionRing,
 Module.toDistribMulAction,
 AddCommGroup.toAddCommMonoid,
 Pi.Function.module,
 Semiring.toAddCommMonoid,
 Ring.toSemiring,
 Semiring.toModule,
 Function.smulCommClass,
 AddCommMonoid.toAddMonoid,
 Algebra.to_smulCommClass,
 Semifield.toCommSemiring,
 CommSemiring.toSemiring,
 Algebra.id]
ACTUAL_AXIOMS NLA.KE04.orderedEigenvalues._proof_1: [propext, Classical.choice, Quot.sound]
PROJECT_EDGE NLA.KE04.orderedEigenvalues._proof_1: []
ALL_DIRECT_DEPENDENCIES NLA.KE04.orderedEigenvalues._proof_1: [Nat,
 Module.Finite,
 Real,
 WithLp,
 OfNat.ofNat,
 ENNReal,
 instOfNatAtLeastTwo,
 AddMonoidWithOne.toNatCast,
 AddCommMonoidWithOne.toAddMonoidWithOne,
 ENNReal.instAddCommMonoidWithOne,
 PiLp.innerProductSpace._proof_1,
 Fin,
 DivisionSemiring.toSemiring,
 DivisionRing.toDivisionSemiring,
 Field.toDivisionRing,
 NormedField.toField,
 DenselyNormedField.toNormedField,
 RCLike.toDenselyNormedField,
 Real.instRCLike,
 AddCommGroup.toAddCommMonoid,
 WithLp.instAddCommGroup,
 Pi.addCommGroup,
 SeminormedAddCommGroup.toAddCommGroup,
 NormedAddCommGroup.toSeminormedAddCommGroup,
 Real.normedAddCommGroup,
 WithLp.instModule,
 Pi.module,
 Semifield.toDivisionSemiring,
 Field.toSemifield,
 NonUnitalNormedRing.toNormedAddCommGroup,
 NonUnitalNormedCommRing.toNonUnitalNormedRing,
 NormedCommRing.toNonUnitalNormedCommRing,
 NormedField.toNormedCommRing,
 NormedSpace.toModule,
 InnerProductSpace.toNormedSpace,
 RCLike.innerProductSpace,
 Nat,
 WithLp.instModuleFinite,
 OfNat.ofNat,
 ENNReal,
 instOfNatAtLeastTwo,
 AddMonoidWithOne.toNatCast,
 AddCommMonoidWithOne.toAddMonoidWithOne,
 ENNReal.instAddCommMonoidWithOne,
 PiLp.innerProductSpace._proof_1,
 Real,
 Fin,
 DivisionSemiring.toSemiring,
 DivisionRing.toDivisionSemiring,
 Field.toDivisionRing,
 NormedField.toField,
 DenselyNormedField.toNormedField,
 RCLike.toDenselyNormedField,
 Real.instRCLike,
 Pi.addCommGroup,
 SeminormedAddCommGroup.toAddCommGroup,
 NormedAddCommGroup.toSeminormedAddCommGroup,
 Real.normedAddCommGroup,
 Pi.module,
 Semifield.toDivisionSemiring,
 Field.toSemifield,
 AddCommGroup.toAddCommMonoid,
 NonUnitalNormedRing.toNormedAddCommGroup,
 NonUnitalNormedCommRing.toNonUnitalNormedRing,
 NormedCommRing.toNonUnitalNormedCommRing,
 NormedField.toNormedCommRing,
 NormedSpace.toModule,
 InnerProductSpace.toNormedSpace,
 RCLike.innerProductSpace,
 FiniteDimensional.finiteDimensional_pi',
 Finite.of_fintype,
 Fin.fintype,
 FiniteDimensional.rclike_to_real]
ACTUAL_AXIOMS NLA.KE04.orderedEigenvalues._proof_2: [propext, Classical.choice, Quot.sound]
PROJECT_EDGE NLA.KE04.orderedEigenvalues._proof_2: [NLA.KE04.Mat,
 NLA.KE04.act._proof_1,
 NLA.KE04.act._proof_2,
 NLA.KE04.Mat]
ALL_DIRECT_DEPENDENCIES NLA.KE04.orderedEigenvalues._proof_2: [Nat,
 NLA.KE04.Mat,
 Matrix.IsHermitian,
 Real,
 Fin,
 InvolutiveStar.toStar,
 StarAddMonoid.toInvolutiveStar,
 AddCommMonoid.toAddMonoid,
 NonUnitalNonAssocSemiring.toAddCommMonoid,
 NonUnitalNonAssocRing.toNonUnitalNonAssocSemiring,
 NonUnitalNonAssocCommRing.toNonUnitalNonAssocRing,
 NonUnitalCommRing.toNonUnitalNonAssocCommRing,
 CommRing.toNonUnitalCommRing,
 Real.commRing,
 StarRing.toStarAddMonoid,
 instStarRingReal,
 LinearMap.IsSymmetric,
 EuclideanSpace,
 Real.instRCLike,
 PiLp.seminormedAddCommGroup,
 OfNat.ofNat,
 ENNReal,
 instOfNatAtLeastTwo,
 AddMonoidWithOne.toNatCast,
 AddCommMonoidWithOne.toAddMonoidWithOne,
 ENNReal.instAddCommMonoidWithOne,
 PiLp.innerProductSpace._proof_1,
 fact_one_le_two_ennreal,
 Fin.fintype,
 NonUnitalSeminormedRing.toSeminormedAddCommGroup,
 NonUnitalSeminormedCommRing.toNonUnitalSeminormedRing,
 SeminormedCommRing.toNonUnitalSeminormedCommRing,
 NormedCommRing.toSeminormedCommRing,
 NormedField.toNormedCommRing,
 DenselyNormedField.toNormedField,
 RCLike.toDenselyNormedField,
 PiLp.innerProductSpace,
 NonUnitalNormedRing.toNormedAddCommGroup,
 NonUnitalNormedCommRing.toNonUnitalNormedRing,
 NormedCommRing.toNonUnitalNormedCommRing,
 RCLike.innerProductSpace,
 DFunLike.coe,
 LinearEquiv,
 DivisionSemiring.toSemiring,
 Semifield.toDivisionSemiring,
 Field.toSemifield,
 NormedField.toField,
 RingHom.id,
 Semiring.toNonAssocSemiring,
 NLA.KE04.act._proof_1,
 Matrix,
 LinearMap,
 AddCommGroup.toAddCommMonoid,
 WithLp.instAddCommGroup,
 Pi.addCommGroup,
 Ring.toAddCommGroup,
 DivisionRing.toRing,
 Field.toDivisionRing,
 WithLp.instModule,
 Pi.Function.module,
 Semiring.toAddCommMonoid,
 Ring.toSemiring,
 Semiring.toModule,
 Matrix.addCommMonoid,
 LinearMap.addCommMonoid,
 Matrix.module,
 LinearMap.module,
 NLA.KE04.act._proof_2,
 EquivLike.toFunLike,
 DFinsupp.instEquivLikeLinearEquiv,
 Matrix.toEuclideanLin,
 instDecidableEqFin,
 Nat,
 NLA.KE04.Mat,
 Matrix.IsHermitian,
 Real,
 Fin,
 InvolutiveStar.toStar,
 StarAddMonoid.toInvolutiveStar,
 AddCommMonoid.toAddMonoid,
 NonUnitalNonAssocSemiring.toAddCommMonoid,
 NonUnitalNonAssocRing.toNonUnitalNonAssocSemiring,
 NonUnitalNonAssocCommRing.toNonUnitalNonAssocRing,
 NonUnitalCommRing.toNonUnitalNonAssocCommRing,
 CommRing.toNonUnitalCommRing,
 Real.commRing,
 StarRing.toStarAddMonoid,
 instStarRingReal,
 Iff.mpr,
 LinearMap.IsSymmetric,
 EuclideanSpace,
 Real.instRCLike,
 PiLp.seminormedAddCommGroup,
 OfNat.ofNat,
 ENNReal,
 instOfNatAtLeastTwo,
 AddMonoidWithOne.toNatCast,
 AddCommMonoidWithOne.toAddMonoidWithOne,
 ENNReal.instAddCommMonoidWithOne,
 PiLp.innerProductSpace._proof_1,
 fact_one_le_two_ennreal,
 Fin.fintype,
 NonUnitalSeminormedRing.toSeminormedAddCommGroup,
 NonUnitalSeminormedCommRing.toNonUnitalSeminormedRing,
 SeminormedCommRing.toNonUnitalSeminormedCommRing,
 NormedCommRing.toSeminormedCommRing,
 NormedField.toNormedCommRing,
 DenselyNormedField.toNormedField,
 RCLike.toDenselyNormedField,
 PiLp.innerProductSpace,
 NonUnitalNormedRing.toNormedAddCommGroup,
 NonUnitalNormedCommRing.toNonUnitalNormedRing,
 NormedCommRing.toNonUnitalNormedCommRing,
 RCLike.innerProductSpace,
 DFunLike.coe,
 LinearEquiv,
 DivisionSemiring.toSemiring,
 Semifield.toDivisionSemiring,
 Field.toSemifield,
 NormedField.toField,
 RingHom.id,
 Semiring.toNonAssocSemiring,
 RingHomInvPair.ids,
 Matrix,
 LinearMap,
 AddCommGroup.toAddCommMonoid,
 WithLp.instAddCommGroup,
 Pi.addCommGroup,
 Ring.toAddCommGroup,
 DivisionRing.toRing,
 Field.toDivisionRing,
 WithLp.instModule,
 Pi.Function.module,
 Semiring.toAddCommMonoid,
 Ring.toSemiring,
 Semiring.toModule,
 Matrix.addCommMonoid,
 LinearMap.addCommMonoid,
 Matrix.module,
 LinearMap.module,
 WithLp.instSMulCommClass,
 SemigroupAction.toSMul,
 Monoid.toSemigroup,
 Semiring.toMonoid,
 MulAction.toSemigroupAction,
 DistribMulAction.toMulAction,
 SubNegMonoid.toAddMonoid,
 AddGroup.toSubNegMonoid,
 AddCommGroup.toAddGroup,
 Module.toDistribMulAction,
 Function.smulCommClass,
 Algebra.to_smulCommClass,
 Semifield.toCommSemiring,
 CommSemiring.toSemiring,
 Algebra.id,
 EquivLike.toFunLike,
 DFinsupp.instEquivLikeLinearEquiv,
 Matrix.toEuclideanLin,
 instDecidableEqFin,
 Field.toCommRing,
 RCLike.toStarRing,
 Matrix.isSymmetric_toEuclideanLin_iff]
ACTUAL_AXIOMS NLA.KE04.Vec: [propext, Classical.choice, Quot.sound]
PROJECT_EDGE NLA.KE04.Vec: []
ALL_DIRECT_DEPENDENCIES NLA.KE04.Vec: [Nat, Nat, EuclideanSpace, Real, Fin]
ACTUAL_AXIOMS NLA.KE04.act: [propext, Classical.choice, Quot.sound]
PROJECT_EDGE NLA.KE04.act: [NLA.KE04.Rect, NLA.KE04.Vec, NLA.KE04.Rect, NLA.KE04.act._proof_1, NLA.KE04.act._proof_2]
ALL_DIRECT_DEPENDENCIES NLA.KE04.act: [Nat,
 NLA.KE04.Rect,
 LinearMap,
 Real,
 Real.semiring,
 RingHom.id,
 Semiring.toNonAssocSemiring,
 NLA.KE04.Vec,
 AddCommGroup.toAddCommMonoid,
 WithLp.instAddCommGroup,
 OfNat.ofNat,
 ENNReal,
 instOfNatAtLeastTwo,
 AddMonoidWithOne.toNatCast,
 AddCommMonoidWithOne.toAddMonoidWithOne,
 ENNReal.instAddCommMonoidWithOne,
 PiLp.innerProductSpace._proof_1,
 Fin,
 Pi.addCommGroup,
 Real.instAddCommGroup,
 WithLp.instModule,
 Pi.Function.module,
 Semiring.toAddCommMonoid,
 Ring.toSemiring,
 Real.instRing,
 Semiring.toModule,
 Nat,
 NLA.KE04.Rect,
 DFunLike.coe,
 LinearEquiv,
 Real,
 DivisionSemiring.toSemiring,
 Semifield.toDivisionSemiring,
 Field.toSemifield,
 NormedField.toField,
 DenselyNormedField.toNormedField,
 RCLike.toDenselyNormedField,
 Real.instRCLike,
 RingHom.id,
 Semiring.toNonAssocSemiring,
 NLA.KE04.act._proof_1,
 Matrix,
 Fin,
 LinearMap,
 EuclideanSpace,
 AddCommGroup.toAddCommMonoid,
 WithLp.instAddCommGroup,
 OfNat.ofNat,
 ENNReal,
 instOfNatAtLeastTwo,
 AddMonoidWithOne.toNatCast,
 AddCommMonoidWithOne.toAddMonoidWithOne,
 ENNReal.instAddCommMonoidWithOne,
 PiLp.innerProductSpace._proof_1,
 Pi.addCommGroup,
 Ring.toAddCommGroup,
 DivisionRing.toRing,
 Field.toDivisionRing,
 WithLp.instModule,
 Pi.Function.module,
 Semiring.toAddCommMonoid,
 Ring.toSemiring,
 Semiring.toModule,
 Matrix.addCommMonoid,
 LinearMap.addCommMonoid,
 Matrix.module,
 LinearMap.module,
 NLA.KE04.act._proof_2,
 EquivLike.toFunLike,
 DFinsupp.instEquivLikeLinearEquiv,
 Matrix.toEuclideanLin,
 Fin.fintype,
 instDecidableEqFin]
ACTUAL_AXIOMS NLA.KE04.orderedEigenbasis: [propext, Classical.choice, Quot.sound]
PROJECT_EDGE NLA.KE04.orderedEigenbasis: [NLA.KE04.Mat,
 NLA.KE04.Vec,
 NLA.KE04.Mat,
 NLA.KE04.act._proof_1,
 NLA.KE04.act._proof_2,
 NLA.KE04.orderedEigenvalues._proof_1,
 NLA.KE04.orderedEigenvalues._proof_2]
ALL_DIRECT_DEPENDENCIES NLA.KE04.orderedEigenbasis: [Nat,
 NLA.KE04.Mat,
 Matrix.IsHermitian,
 Real,
 Fin,
 InvolutiveStar.toStar,
 StarAddMonoid.toInvolutiveStar,
 AddCommMonoid.toAddMonoid,
 NonUnitalNonAssocSemiring.toAddCommMonoid,
 NonUnitalNonAssocRing.toNonUnitalNonAssocSemiring,
 NonUnitalNonAssocCommRing.toNonUnitalNonAssocRing,
 NonUnitalCommRing.toNonUnitalNonAssocCommRing,
 CommRing.toNonUnitalCommRing,
 Real.commRing,
 StarRing.toStarAddMonoid,
 instStarRingReal,
 OrthonormalBasis,
 Real.instRCLike,
 NLA.KE04.Vec,
 PiLp.normedAddCommGroup,
 OfNat.ofNat,
 ENNReal,
 instOfNatAtLeastTwo,
 AddMonoidWithOne.toNatCast,
 AddCommMonoidWithOne.toAddMonoidWithOne,
 ENNReal.instAddCommMonoidWithOne,
 PiLp.innerProductSpace._proof_1,
 fact_one_le_two_ennreal,
 Fin.fintype,
 Real.normedAddCommGroup,
 PiLp.innerProductSpace,
 RCLike.toInnerProductSpaceReal,
 Nat,
 NLA.KE04.Mat,
 Matrix.IsHermitian,
 Real,
 Fin,
 InvolutiveStar.toStar,
 StarAddMonoid.toInvolutiveStar,
 AddCommMonoid.toAddMonoid,
 NonUnitalNonAssocSemiring.toAddCommMonoid,
 NonUnitalNonAssocRing.toNonUnitalNonAssocSemiring,
 NonUnitalNonAssocCommRing.toNonUnitalNonAssocRing,
 NonUnitalCommRing.toNonUnitalNonAssocCommRing,
 CommRing.toNonUnitalCommRing,
 Real.commRing,
 StarRing.toStarAddMonoid,
 instStarRingReal,
 OrthonormalBasis.reindex,
 Real.instRCLike,
 EuclideanSpace,
 PiLp.normedAddCommGroup,
 OfNat.ofNat,
 ENNReal,
 instOfNatAtLeastTwo,
 AddMonoidWithOne.toNatCast,
 AddCommMonoidWithOne.toAddMonoidWithOne,
 ENNReal.instAddCommMonoidWithOne,
 PiLp.innerProductSpace._proof_1,
 fact_one_le_two_ennreal,
 Fin.fintype,
 Real.normedAddCommGroup,
 PiLp.innerProductSpace,
 NonUnitalNormedRing.toNormedAddCommGroup,
 NonUnitalNormedCommRing.toNonUnitalNormedRing,
 NormedCommRing.toNonUnitalNormedCommRing,
 NormedField.toNormedCommRing,
 DenselyNormedField.toNormedField,
 RCLike.toDenselyNormedField,
 RCLike.innerProductSpace,
 LinearMap.IsSymmetric.eigenvectorBasis,
 DFunLike.coe,
 LinearEquiv,
 DivisionSemiring.toSemiring,
 Semifield.toDivisionSemiring,
 Field.toSemifield,
 NormedField.toField,
 RingHom.id,
 Semiring.toNonAssocSemiring,
 NLA.KE04.act._proof_1,
 Matrix,
 LinearMap,
 AddCommGroup.toAddCommMonoid,
 WithLp.instAddCommGroup,
 Pi.addCommGroup,
 Ring.toAddCommGroup,
 DivisionRing.toRing,
 Field.toDivisionRing,
 WithLp.instModule,
 Pi.Function.module,
 Semiring.toAddCommMonoid,
 Ring.toSemiring,
 Semiring.toModule,
 Matrix.addCommMonoid,
 LinearMap.addCommMonoid,
 Matrix.module,
 LinearMap.module,
 NLA.KE04.act._proof_2,
 EquivLike.toFunLike,
 DFinsupp.instEquivLikeLinearEquiv,
 Matrix.toEuclideanLin,
 instDecidableEqFin,
 NLA.KE04.orderedEigenvalues._proof_1,
 NLA.KE04.orderedEigenvalues._proof_2,
 finrank_euclideanSpace_fin,
 Fin.revPerm]
ACTUAL_AXIOMS NLA.KE04.eigenvalueAt: [propext, Classical.choice, Quot.sound]
PROJECT_EDGE NLA.KE04.eigenvalueAt: [NLA.KE04.Mat, NLA.KE04.Mat, NLA.KE04.orderedEigenvalues]
ALL_DIRECT_DEPENDENCIES NLA.KE04.eigenvalueAt: [Nat,
 NLA.KE04.Mat,
 Matrix.IsHermitian,
 Real,
 Fin,
 InvolutiveStar.toStar,
 StarAddMonoid.toInvolutiveStar,
 AddCommMonoid.toAddMonoid,
 NonUnitalNonAssocSemiring.toAddCommMonoid,
 NonUnitalNonAssocRing.toNonUnitalNonAssocSemiring,
 NonUnitalNonAssocCommRing.toNonUnitalNonAssocRing,
 NonUnitalCommRing.toNonUnitalNonAssocCommRing,
 CommRing.toNonUnitalCommRing,
 Real.commRing,
 StarRing.toStarAddMonoid,
 instStarRingReal,
 Nat,
 NLA.KE04.Mat,
 Matrix.IsHermitian,
 Real,
 Fin,
 InvolutiveStar.toStar,
 StarAddMonoid.toInvolutiveStar,
 AddCommMonoid.toAddMonoid,
 NonUnitalNonAssocSemiring.toAddCommMonoid,
 NonUnitalNonAssocRing.toNonUnitalNonAssocSemiring,
 NonUnitalNonAssocCommRing.toNonUnitalNonAssocRing,
 NonUnitalCommRing.toNonUnitalNonAssocCommRing,
 CommRing.toNonUnitalCommRing,
 Real.commRing,
 StarRing.toStarAddMonoid,
 instStarRingReal,
 dite,
 LT.lt,
 instLTNat,
 Nat.decLt,
 NLA.KE04.orderedEigenvalues,
 Fin.mk,
 Not,
 OfNat.ofNat,
 Zero.toOfNat0,
 Real.instZero]
ACTUAL_AXIOMS NLA.KE04._proved.quadratic_semantics: [propext, Classical.choice, Quot.sound]
PROJECT_EDGE NLA.KE04._proved.quadratic_semantics: [NLA.KE04.Mat,
 NLA.KE04.monicQuadratic,
 NLA.KE04.quadraticMatrix,
 NLA.KE04.Mat,
 NLA.KE04.monicQuadratic,
 NLA.KE04.quadraticMatrix,
 NLA.KE04.monicQuadratic.eq_1]
ALL_DIRECT_DEPENDENCIES NLA.KE04._proved.quadratic_semantics: [Nat,
 NLA.KE04.Mat,
 Real,
 And,
 Polynomial.Monic,
 Real.semiring,
 NLA.KE04.monicQuadratic,
 Eq,
 Polynomial.natDegree,
 OfNat.ofNat,
 instOfNatNat,
 NLA.KE04.quadraticMatrix,
 DFunLike.coe,
 AlgHom,
 Polynomial,
 CommSemiring.toSemiring,
 Real.instCommSemiring,
 Polynomial.semiring,
 Matrix.semiring,
 Fin,
 Fin.fintype,
 instDecidableEqFin,
 Polynomial.algebraOfAlgebra,
 Algebra.id,
 Matrix.instAlgebra,
 AlgHom.funLike,
 Polynomial.aeval,
 HAdd.hAdd,
 instHAdd,
 Matrix.add,
 Real.instAdd,
 HSub.hSub,
 instHSub,
 Matrix.sub,
 Real.instSub,
 HPow.hPow,
 instHPow,
 NPow.toPow,
 Monoid.toNPow,
 Semiring.toMonoid,
 HSMul.hSMul,
 instHSMul,
 Matrix.smul,
 instSMulOfMul,
 Real.instMul,
 HMul.hMul,
 instHMul,
 One.toOfNat1,
 Matrix.one,
 Real.instZero,
 Real.instOne,
 Nat,
 NLA.KE04.Mat,
 Real,
 And.intro,
 Polynomial.Monic,
 Real.semiring,
 NLA.KE04.monicQuadratic,
 And,
 Eq,
 Polynomial.natDegree,
 OfNat.ofNat,
 instOfNatNat,
 NLA.KE04.quadraticMatrix,
 DFunLike.coe,
 AlgHom,
 Polynomial,
 CommSemiring.toSemiring,
 Real.instCommSemiring,
 Polynomial.semiring,
 Matrix.semiring,
 Fin,
 Fin.fintype,
 instDecidableEqFin,
 Polynomial.algebraOfAlgebra,
 Algebra.id,
 Matrix.instAlgebra,
 AlgHom.funLike,
 Polynomial.aeval,
 HAdd.hAdd,
 instHAdd,
 Matrix.add,
 Real.instAdd,
 HSub.hSub,
 instHSub,
 Matrix.sub,
 Real.instSub,
 HPow.hPow,
 instHPow,
 NPow.toPow,
 Monoid.toNPow,
 Semiring.toMonoid,
 HSMul.hSMul,
 instHSMul,
 Matrix.smul,
 instSMulOfMul,
 Real.instMul,
 HMul.hMul,
 instHMul,
 One.toOfNat1,
 Matrix.one,
 Real.instZero,
 Real.instOne,
 Polynomial.Monic.mul,
 Ring.toSemiring,
 Real.instRing,
 Polynomial.instSub,
 Polynomial.X,
 RingHom,
 Semiring.toNonAssocSemiring,
 RingHom.instFunLike,
 Polynomial.C,
 Polynomial.monic_X_sub_C,
 Eq.mpr,
 Polynomial.instMul,
 id,
 congrArg,
 NLA.KE04.monicQuadratic.eq_1,
 instAddNat,
 Polynomial.natDegree_mul,
 NormMulClass.toNoZeroDivisors,
 NormedCommRing.toNormedRing,
 Real.normedCommRing,
 NormedDivisionRing.toNormMulClass,
 NormedField.toNormedDivisionRing,
 Real.normedField,
 Polynomial.X_sub_C_ne_zero,
 Real.instNontrivial,
 Polynomial.natDegree_X_sub_C,
 Eq.refl,
 of_eq_true,
 Matrix,
 Matrix.instHMulOfFintypeOfMulOfAddCommMonoid,
 Real.instAddCommMonoid,
 Eq.trans,
 Matrix.instMulOfFintypeOfAddCommMonoid,
 SubNegMonoid.toSub,
 AddGroup.toSubNegMonoid,
 AddGroupWithOne.toAddGroup,
 Ring.toAddGroupWithOne,
 Matrix.instRing,
 Algebra.toSMul,
 CommRing.toCommSemiring,
 Real.commRing,
 AddMonoidWithOne.toOne,
 AddCommMonoidWithOne.toAddMonoidWithOne,
 NonAssocSemiring.toAddCommMonoidWithOne,
 True,
 map_mul,
 NonUnitalAlgSemiHomClass.toMulHomClass,
 MonoidHom.id,
 MulOneClass.toMulOne,
 Monoid.toMulOneClass,
 NonAssocSemiring.toNonUnitalNonAssocSemiring,
 Module.toDistribMulAction,
 Semiring.toAddCommMonoid,
 Algebra.toModule,
 AlgHom.instNonUnitalAlgHomClassOfAlgHomClass,
 AlgHom.algHomClass,
 congr,
 CommRing.toRing,
 Polynomial.aeval_sub,
 Polynomial.aeval_X,
 Algebra.algebraMap,
 Polynomial.aeval_C,
 Algebra.algebraMap_eq_smul_one,
 eq_self,
 AddCommGroup.toAddGroup,
 NonUnitalNonAssocRing.toAddCommGroup,
 Matrix.nonUnitalNonAssocRing,
 NonUnitalNonAssocCommRing.toNonUnitalNonAssocRing,
 NonUnitalCommRing.toNonUnitalNonAssocCommRing,
 CommRing.toNonUnitalCommRing,
 Distrib.toMul,
 NonUnitalNonAssocSemiring.toDistrib,
 NonUnitalNonAssocRing.toNonUnitalNonAssocSemiring,
 Matrix.addGroup,
 Real.instAddGroup,
 SMulZeroClass.toSMul,
 AddZero.toZero,
 AddZeroClass.toAddZero,
 AddMonoid.toAddZeroClass,
 SubNegMonoid.toAddMonoid,
 DistribSMul.toSMulZeroClass,
 DistribMulAction.toDistribSMul,
 Real.instMonoid,
 Matrix.addMonoid,
 Real.instAddMonoid,
 Matrix.distribMulAction,
 Semiring.toModule,
 SemigroupAction.toSMul,
 Monoid.toSemigroup,
 MulAction.toSemigroupAction,
 Matrix.mulAction,
 Monoid.toMulAction,
 MulOne.toMul,
 AddCommMagma.toAdd,
 AddCommSemigroup.toAddCommMagma,
 AddCommMonoid.toAddCommSemigroup,
 Matrix.addCommMonoid,
 AddCommMonoid.toAddMonoid,
 Matrix.module,
 mul_sub,
 sub_mul,
 smul_mul_assoc,
 IsScalarTower.right,
 one_mul,
 MulZeroOneClass.toMulOneClass,
 instMulZeroOneClassOfSemiring,
 mul_smul_comm,
 Algebra.to_smulCommClass,
 mul_one,
 smul_sub,
 smul_smul,
 congrFun',
 pow_two,
 add_smul,
 Mathlib.Tactic.Module.NF.eq_of_eval_eq_eval,
 Mathlib.Tactic.Module.NF.cons,
 Prod.mk,
 Int,
 Int.instCommSemiring,
 Ring.toIntAlgebra,
 Nat.instCommSemiring,
 Int.instSemiring,
 Semiring.toNatAlgebra,
 Neg.neg,
 NegZeroClass.toNeg,
 SubNegZeroMonoid.toNegZeroClass,
 SubtractionMonoid.toSubNegZeroMonoid,
 SubtractionCommMonoid.toSubtractionMonoid,
 AddCommGroup.toDivisionAddCommMonoid,
 Ring.toAddCommGroup,
 instDistribOfSemiring,
 List.nil,
 Prod,
 Distrib.toAdd,
 Mathlib.Tactic.Module.NF.sub_eq_eval,
 Matrix.addCommGroup,
 Real.instAddCommGroup,
 AddCommGroup.toIntModule,
 Nat.instSemiring,
 AddCommMonoid.toNatModule,
 Mathlib.Tactic.Module.NF.atom_eq_eval,
 Mathlib.Tactic.Module.NF.smul_eq_eval,
 Mathlib.Tactic.Module.NF.eval_algebraMap,
 DistribMulAction.toMulAction,
 AddCommMonoid.nat_isScalarTower,
 rfl,
 Mathlib.Tactic.Module.NF.eval,
 AddCommGroup.intIsScalarTower,
 Mathlib.Tactic.Module.NF.sub_eq_eval₁,
 AddCommGroup.toAddCommMonoid,
 Mathlib.Tactic.Module.NF.zero_sub_eq_eval,
 Mathlib.Tactic.Module.NF.sub_eq_eval₂,
 Mathlib.Tactic.Module.NF.add_eq_eval,
 Mathlib.Tactic.Module.NF.add_eq_eval₂,
 zero_add,
 Mathlib.Tactic.Module.NF.add_eq_eval₁,
 Mathlib.Tactic.Module.NF.eq_cons_cons,
 AddGroupWithOne.toAddMonoidWithOne,
 Int.cast,
 AddGroupWithOne.toIntCast,
 AddCommGroupWithOne.toAddGroupWithOne,
 NonAssocRing.toAddCommGroupWithOne,
 NonAssocCommRing.toNonAssocRing,
 CommRing.toNonAssocCommRing,
 Int.instRing,
 Nat.cast,
 AddMonoidWithOne.toNatCast,
 eq_natCast,
 RingHom.instRingHomClass,
 Nat.cast_one,
 eq_intCast,
 Int.cast_one,
 Mathlib.Tactic.Ring.of_eq,
 Nat.rawCast,
 Zero.toOfNat0,
 MulZeroClass.toZero,
 instMulZeroClassOfSemiring,
 Mathlib.Tactic.Ring.cast_pos,
 Mathlib.Meta.NormNum.isNat_ofNat,
 Int.rawCast,
 inferInstance,
 Ring,
 Int.negOfNat,
 Mathlib.Tactic.Ring.Common.sub_congr,
 Mathlib.Tactic.Ring.Common.neg_congr,
 Mathlib.Tactic.Ring.Common.mul_congr,
 Mathlib.Tactic.Ring.Common.atom_pf,
 Eq.symm,
 Mathlib.Tactic.Ring.Common.add_mul,
 Mathlib.Tactic.Ring.Common.mul_add,
 Mathlib.Tactic.Ring.Common.mul_pf_left,
 Mathlib.Meta.NormNum.IsNat.to_raw_eq,
 Mathlib.Meta.NormNum.isNat_mul,
 Mathlib.Meta.NormNum.IsNat.of_raw,
 Mathlib.Tactic.Ring.Common.mul_zero,
 Mathlib.Tactic.Ring.Common.add_pf_add_zero,
 Mathlib.Tactic.Ring.Common.zero_mul,
 Mathlib.Tactic.Ring.Common.neg_add,
 Mathlib.Tactic.Ring.Common.neg_mul,
 Mathlib.Meta.NormNum.IsInt.to_raw_eq,
 Mathlib.Meta.NormNum.isInt_neg,
 Int.ofNat,
 Mathlib.Meta.NormNum.IsNat.to_isInt,
 Mathlib.Tactic.Ring.Common.neg_zero,
 Mathlib.Tactic.Ring.Common.sub_pf,
 Mathlib.Tactic.Ring.Common.add_pf_add_lt,
 Mathlib.Tactic.Ring.Common.add_pf_zero_add,
 Mathlib.Tactic.Ring.Common.add_congr,
 Mathlib.Meta.NormNum.instAddMonoidWithOne,
 Mathlib.Tactic.Ring.Common.mul_pf_right,
 Mathlib.Meta.NormNum.IsInt.to_isNat,
 Mathlib.Meta.NormNum.IsInt.of_raw]
ACTUAL_AXIOMS NLA.KE04.monicQuadratic: [propext, Classical.choice, Quot.sound]
PROJECT_EDGE NLA.KE04.monicQuadratic: []
ALL_DIRECT_DEPENDENCIES NLA.KE04.monicQuadratic: [Real,
 Polynomial,
 Real.semiring,
 Real,
 HMul.hMul,
 Polynomial,
 Real.semiring,
 instHMul,
 Polynomial.instMul,
 HSub.hSub,
 instHSub,
 Polynomial.instSub,
 Real.instRing,
 Polynomial.X,
 DFunLike.coe,
 RingHom,
 Semiring.toNonAssocSemiring,
 Polynomial.semiring,
 RingHom.instFunLike,
 Polynomial.C]
ACTUAL_AXIOMS NLA.KE04.quadraticMatrix: [propext, Classical.choice, Quot.sound]
PROJECT_EDGE NLA.KE04.quadraticMatrix: [NLA.KE04.Mat, NLA.KE04.Mat]
ALL_DIRECT_DEPENDENCIES NLA.KE04.quadraticMatrix: [Nat,
 NLA.KE04.Mat,
 Real,
 Nat,
 NLA.KE04.Mat,
 Real,
 HMul.hMul,
 Matrix,
 Fin,
 Matrix.instHMulOfFintypeOfMulOfAddCommMonoid,
 Fin.fintype,
 Real.instMul,
 Real.instAddCommMonoid,
 HSub.hSub,
 instHSub,
 Matrix.sub,
 Real.instSub,
 HSMul.hSMul,
 instHSMul,
 Matrix.smul,
 instSMulOfMul,
 OfNat.ofNat,
 One.toOfNat1,
 Matrix.one,
 instDecidableEqFin,
 Real.instZero,
 Real.instOne]
ACTUAL_AXIOMS NLA.KE04.monicQuadratic.eq_1: [propext, Classical.choice, Quot.sound]
PROJECT_EDGE NLA.KE04.monicQuadratic.eq_1: [NLA.KE04.monicQuadratic, NLA.KE04.monicQuadratic]
ALL_DIRECT_DEPENDENCIES NLA.KE04.monicQuadratic.eq_1: [Real,
 Eq,
 Polynomial,
 Real.semiring,
 NLA.KE04.monicQuadratic,
 HMul.hMul,
 instHMul,
 Polynomial.instMul,
 HSub.hSub,
 instHSub,
 Polynomial.instSub,
 Real.instRing,
 Polynomial.X,
 DFunLike.coe,
 RingHom,
 Semiring.toNonAssocSemiring,
 Polynomial.semiring,
 RingHom.instFunLike,
 Polynomial.C,
 Real,
 Eq.refl,
 Polynomial,
 Real.semiring,
 NLA.KE04.monicQuadratic]
ACTUAL_AXIOMS NLA.KE04._proved.spectral_gap_quadratic_psd: [propext, Classical.choice, Quot.sound]
PROJECT_EDGE NLA.KE04._proved.spectral_gap_quadratic_psd: [NLA.KE04.Mat,
 NLA.KE04.orderedEigenvalues,
 NLA.KE04.quadraticMatrix,
 NLA.KE04.Mat,
 NLA.KE04.orderedEigenvalues,
 NLA.KE04.Vec,
 NLA.KE04.orderedEigenbasis,
 NLA.KE04.act,
 NLA.KE04.quadraticMatrix,
 NLA.KE04._proved.quadratic_apply_eigenvector,
 NLA.KE04.eigenvalueAt,
 NLA.KE04._proved.orderedSpectrum_semantics]
ALL_DIRECT_DEPENDENCIES NLA.KE04._proved.spectral_gap_quadratic_psd: [Nat,
 NLA.KE04.Mat,
 Matrix.IsHermitian,
 Real,
 Fin,
 InvolutiveStar.toStar,
 StarAddMonoid.toInvolutiveStar,
 AddCommMonoid.toAddMonoid,
 NonUnitalNonAssocSemiring.toAddCommMonoid,
 NonUnitalNonAssocRing.toNonUnitalNonAssocSemiring,
 NonUnitalNonAssocCommRing.toNonUnitalNonAssocRing,
 NonUnitalCommRing.toNonUnitalNonAssocCommRing,
 CommRing.toNonUnitalCommRing,
 Real.commRing,
 StarRing.toStarAddMonoid,
 instStarRingReal,
 LE.le,
 Real.instLE,
 Not,
 And,
 LT.lt,
 Real.instLT,
 NLA.KE04.orderedEigenvalues,
 Matrix.PosSemidef,
 Real.instRing,
 Real.partialOrder,
 NLA.KE04.quadraticMatrix,
 Nat,
 NLA.KE04.Mat,
 Matrix.IsHermitian,
 Real,
 Fin,
 InvolutiveStar.toStar,
 StarAddMonoid.toInvolutiveStar,
 AddCommMonoid.toAddMonoid,
 NonUnitalNonAssocSemiring.toAddCommMonoid,
 NonUnitalNonAssocRing.toNonUnitalNonAssocSemiring,
 NonUnitalNonAssocCommRing.toNonUnitalNonAssocRing,
 NonUnitalCommRing.toNonUnitalNonAssocCommRing,
 CommRing.toNonUnitalCommRing,
 Real.commRing,
 StarRing.toStarAddMonoid,
 instStarRingReal,
 LE.le,
 Real.instLE,
 Not,
 And,
 LT.lt,
 Real.instLT,
 NLA.KE04.orderedEigenvalues,
 OrthonormalBasis,
 Real.instRCLike,
 NLA.KE04.Vec,
 PiLp.normedAddCommGroup,
 OfNat.ofNat,
 ENNReal,
 instOfNatAtLeastTwo,
 AddMonoidWithOne.toNatCast,
 AddCommMonoidWithOne.toAddMonoidWithOne,
 ENNReal.instAddCommMonoidWithOne,
 PiLp.innerProductSpace._proof_1,
 fact_one_le_two_ennreal,
 Fin.fintype,
 Real.normedAddCommGroup,
 PiLp.innerProductSpace,
 RCLike.toInnerProductSpaceReal,
 NLA.KE04.orderedEigenbasis,
 HMul.hMul,
 instHMul,
 Real.instMul,
 HSub.hSub,
 instHSub,
 Real.instSub,
 Zero.toOfNat0,
 Real.instZero,
 dite,
 Real.decidableLE,
 mul_nonneg_of_nonpos_of_nonpos,
 Real.semiring,
 Real.instPreorder,
 StarOrderedRing.toExistsAddOfLE,
 NonUnitalCommSemiring.toNonUnitalSemiring,
 NonUnitalCommRing.toNonUnitalCommSemiring,
 Real.partialOrder,
 Real.instStarOrderedRing,
 IsOrderedRing.toMulPosMono,
 Real.instIsOrderedRing,
 covariant_swap_add_of_covariant_add,
 Preorder.toLE,
 Real.instAddCommSemigroup,
 IsOrderedAddMonoid.toAddLeftMono,
 Real.instAddCommMonoid,
 Real.instIsOrderedAddMonoid,
 IsRightCancelAdd.addRightReflectLE_of_addRightReflectLT,
 Distrib.toAdd,
 instDistribOfSemiring,
 instIsRightCancelAddOfAddRightReflectLE,
 addRightReflectLE_of_addLeftReflectLE,
 PartialOrder.toPreorder,
 IsLeftCancelAdd.addLeftReflectLE_of_addLeftReflectLT,
 AddCommMagma.toAdd,
 AddCommSemigroup.toAddCommMagma,
 AddLeftCancelSemigroup.toIsLeftCancelAdd,
 Real.instAddLeftCancelSemigroup,
 contravariant_lt_of_covariant_le,
 HAdd.hAdd,
 instHAdd,
 Real.linearOrder,
 contravariant_swap_add_of_contravariant_add,
 Preorder.toLT,
 Iff.mpr,
 SubNegMonoid.toSub,
 AddGroup.toSubNegMonoid,
 Real.instAddGroup,
 NegZeroClass.toZero,
 SubNegZeroMonoid.toNegZeroClass,
 SubtractionMonoid.toSubNegZeroMonoid,
 AddGroup.toSubtractionMonoid,
 sub_nonpos,
 LE.le.trans,
 Decidable.byContradiction,
 And.intro,
 lt_of_not_ge,
 mul_nonneg,
 instMulZeroClassOfSemiring,
 IsOrderedRing.toPosMulMono,
 sub_nonneg,
 Eq,
 DFunLike.coe,
 LinearMap,
 RingHom.id,
 Semiring.toNonAssocSemiring,
 AddCommGroup.toAddCommMonoid,
 WithLp.instAddCommGroup,
 Pi.addCommGroup,
 Real.instAddCommGroup,
 WithLp.instModule,
 Pi.Function.module,
 Semiring.toAddCommMonoid,
 Ring.toSemiring,
 Real.instRing,
 Semiring.toModule,
 LinearMap.instFunLike,
 NLA.KE04.act,
 NLA.KE04.quadraticMatrix,
 OrthonormalBasis.instFunLike,
 HSMul.hSMul,
 instHSMul,
 WithLp.instSMul,
 Function.hasSMul,
 instSMulOfMul,
 NLA.KE04._proved.quadratic_apply_eigenvector,
 And.left,
 Multiset,
 Polynomial.roots,
 Real.instIsDomain,
 Matrix.charpoly,
 instDecidableEqFin,
 Multiset.map,
 Finset.val,
 Finset.univ,
 instLTNat,
 NLA.KE04.eigenvalueAt,
 Fin.mk,
 And.right,
 Monotone,
 Fin.instPartialOrder,
 NLA.KE04._proved.orderedSpectrum_semantics,
 Matrix,
 LinearEquiv,
 CommSemiring.toSemiring,
 Real.instCommSemiring,
 RingHomInvPair.ids,
 NormedAddCommGroup.toAddCommGroup,
 NormedSpace.toModule,
 DenselyNormedField.toNormedField,
 RCLike.toDenselyNormedField,
 NormedAddCommGroup.toSeminormedAddCommGroup,
 InnerProductSpace.toNormedSpace,
 LinearMap.addCommMonoid,
 Matrix.addCommMonoid,
 LinearMap.module,
 smulCommClass_self,
 CommSemiring.toCommMonoid,
 DistribMulAction.toMulAction,
 CommMonoid.toMonoid,
 Module.toDistribMulAction,
 Matrix.module,
 EquivLike.toFunLike,
 DFinsupp.instEquivLikeLinearEquiv,
 LinearMap.toMatrix,
 Finite.of_fintype,
 OrthonormalBasis.toBasis,
 Matrix.diagonal,
 Matrix.ext,
 Eq.mpr,
 ite,
 MulZeroClass.toZero,
 id,
 congrFun',
 congrArg,
 Eq.trans,
 Finsupp,
 Finsupp.instFunLike,
 Finsupp.instAddCommMonoid,
 Finsupp.module,
 Module.Basis.repr,
 Module.Basis,
 Module.Basis.instFunLike,
 LinearMap.toMatrix_apply,
 SMulZeroClass.toSMul,
 Finsupp.instZero,
 Finsupp.smulZeroClass,
 DistribSMul.toSMulZeroClass,
 AddMonoid.toAddZeroClass,
 Real.instAddMonoid,
 NonUnitalNonAssocSemiring.toDistribSMul,
 map_smul,
 SemilinearMapClass.toMulActionSemiHomClass,
 SemilinearEquivClass.instSemilinearMapClass,
 LinearEquiv.instSemilinearEquivClass,
 One.toOfNat1,
 AddMonoidWithOne.toOne,
 AddGroupWithOne.toAddMonoidWithOne,
 Ring.toAddGroupWithOne,
 DivisionRing.toRing,
 Field.toDivisionRing,
 NormedField.toField,
 DivisionSemiring.toSemiring,
 Semifield.toDivisionSemiring,
 Field.toSemifield,
 WithLp.ofLp,
 LinearIsometryEquiv,
 EuclideanSpace,
 PiLp.seminormedAddCommGroup,
 NonUnitalSeminormedRing.toSeminormedAddCommGroup,
 NonUnitalSeminormedCommRing.toNonUnitalSeminormedRing,
 SeminormedCommRing.toNonUnitalSeminormedCommRing,
 NormedCommRing.toSeminormedCommRing,
 NormedField.toNormedCommRing,
 SeminormedAddCommGroup.toAddCommGroup,
 SeminormedRing.toRing,
 SeminormedCommRing.toSeminormedRing,
 LinearIsometryEquiv.instEquivLike,
 OrthonormalBasis.repr,
 OrthonormalBasis.coe_toBasis_repr_apply,
 EuclideanSpace.single,
 congrFun,
 OrthonormalBasis.repr_self,
 PiLp.single_apply,
 mul_ite,
 ite_congr,
 Eq.refl,
 mul_one,
 MulZeroOneClass.toMulOneClass,
 instMulZeroOneClassOfSemiring,
 MulZeroClass.mul_zero,
 congr,
 if_pos,
 of_eq_true,
 True,
 eq_self,
 if_neg,
 Iff.mp,
 LinearMap.IsPositive,
 NonUnitalNormedRing.toNormedAddCommGroup,
 NonUnitalNormedCommRing.toNonUnitalNormedRing,
 NormedCommRing.toNonUnitalNormedCommRing,
 RCLike.innerProductSpace,
 Ring.toAddCommGroup,
 WithLp.instSMulCommClass,
 SemigroupAction.toSMul,
 Monoid.toSemigroup,
 Semiring.toMonoid,
 MulAction.toSemigroupAction,
 SubNegMonoid.toAddMonoid,
 AddCommGroup.toAddGroup,
 Function.smulCommClass,
 Algebra.to_smulCommClass,
 Semifield.toCommSemiring,
 Algebra.id,
 Matrix.toEuclideanLin,
 Matrix.PosSemidef,
 RCLike.toPartialOrder,
 RCLike.toStarRing,
 Matrix.isPositive_toEuclideanLin_iff,
 LinearMap.posSemidef_toMatrix_iff,
 rfl,
 Matrix.PosSemidef.diagonal]
ACTUAL_AXIOMS NLA.KE04._proved.quadratic_apply_eigenvector: [propext, Classical.choice, Quot.sound]
PROJECT_EDGE NLA.KE04._proved.quadratic_apply_eigenvector: [NLA.KE04.Mat,
 NLA.KE04.Vec,
 NLA.KE04.act,
 NLA.KE04.quadraticMatrix,
 NLA.KE04.Mat,
 NLA.KE04.Vec,
 NLA.KE04.act,
 NLA.KE04.quadraticMatrix]
ALL_DIRECT_DEPENDENCIES NLA.KE04._proved.quadratic_apply_eigenvector: [Nat,
 NLA.KE04.Mat,
 Real,
 NLA.KE04.Vec,
 Eq,
 DFunLike.coe,
 LinearMap,
 Real.semiring,
 RingHom.id,
 Semiring.toNonAssocSemiring,
 AddCommGroup.toAddCommMonoid,
 WithLp.instAddCommGroup,
 OfNat.ofNat,
 ENNReal,
 instOfNatAtLeastTwo,
 AddMonoidWithOne.toNatCast,
 AddCommMonoidWithOne.toAddMonoidWithOne,
 ENNReal.instAddCommMonoidWithOne,
 PiLp.innerProductSpace._proof_1,
 Fin,
 Pi.addCommGroup,
 Real.instAddCommGroup,
 WithLp.instModule,
 Pi.Function.module,
 Semiring.toAddCommMonoid,
 Ring.toSemiring,
 Real.instRing,
 Semiring.toModule,
 LinearMap.instFunLike,
 NLA.KE04.act,
 HSMul.hSMul,
 instHSMul,
 WithLp.instSMul,
 Function.hasSMul,
 instSMulOfMul,
 Real.instMul,
 NLA.KE04.quadraticMatrix,
 HMul.hMul,
 instHMul,
 HSub.hSub,
 instHSub,
 Real.instSub,
 Nat,
 NLA.KE04.Mat,
 Real,
 NLA.KE04.Vec,
 Eq,
 DFunLike.coe,
 LinearMap,
 Real.semiring,
 RingHom.id,
 Semiring.toNonAssocSemiring,
 AddCommGroup.toAddCommMonoid,
 WithLp.instAddCommGroup,
 OfNat.ofNat,
 ENNReal,
 instOfNatAtLeastTwo,
 AddMonoidWithOne.toNatCast,
 AddCommMonoidWithOne.toAddMonoidWithOne,
 ENNReal.instAddCommMonoidWithOne,
 PiLp.innerProductSpace._proof_1,
 Fin,
 Pi.addCommGroup,
 Real.instAddCommGroup,
 WithLp.instModule,
 Pi.Function.module,
 Semiring.toAddCommMonoid,
 Ring.toSemiring,
 Real.instRing,
 Semiring.toModule,
 LinearMap.instFunLike,
 NLA.KE04.act,
 HSMul.hSMul,
 instHSMul,
 WithLp.instSMul,
 Function.hasSMul,
 instSMulOfMul,
 Real.instMul,
 id,
 NLA.KE04.quadraticMatrix,
 HMul.hMul,
 instHMul,
 HSub.hSub,
 instHSub,
 Real.instSub,
 WithLp,
 Nat.instAtLeastTwoHAddOfNat,
 instOfNatNat,
 Nat.instNeZeroSucc,
 CommSemiring.toSemiring,
 CommRing.toCommSemiring,
 Real.commRing,
 Ring.toAddCommGroup,
 CommRing.toRing,
 LinearEquiv,
 RingHomInvPair.ids,
 Matrix,
 Matrix.addCommMonoid,
 LinearMap.addCommMonoid,
 Matrix.module,
 LinearMap.module,
 WithLp.instSMulCommClass,
 SemigroupAction.toSMul,
 Monoid.toSemigroup,
 Semiring.toMonoid,
 MulAction.toSemigroupAction,
 DistribMulAction.toMulAction,
 SubNegMonoid.toAddMonoid,
 AddGroup.toSubNegMonoid,
 AddCommGroup.toAddGroup,
 Module.toDistribMulAction,
 Function.smulCommClass,
 AddCommMonoid.toAddMonoid,
 Algebra.to_smulCommClass,
 Algebra.id,
 EquivLike.toFunLike,
 DFinsupp.instEquivLikeLinearEquiv,
 Matrix.toLpLin,
 Fin.fintype,
 instDecidableEqFin,
 Eq.mpr,
 SubNegMonoid.toSub,
 SubtractionMonoid.toSubNegMonoid,
 SubtractionCommMonoid.toSubtractionMonoid,
 AddCommGroup.toDivisionAddCommMonoid,
 Field.toCommRing,
 NormedField.toField,
 DenselyNormedField.toNormedField,
 RCLike.toDenselyNormedField,
 Real.instRCLike,
 SMulZeroClass.toSMul,
 AddZero.toZero,
 AddZeroClass.toAddZero,
 AddMonoid.toAddZeroClass,
 DistribSMul.toSMulZeroClass,
 DistribMulAction.toDistribSMul,
 Real.instMonoid,
 WithLp.instDistribMulAction,
 Pi.distribMulAction,
 Real.instAddCommMonoid,
 congrFun',
 congrArg,
 Eq.trans,
 LinearMap.comp,
 RingHomCompTriple.ids,
 LinearMap.addCommGroup,
 LinearMap.instSMul,
 Real.instCommSemiring,
 LinearMap.id,
 Matrix.instHMulOfFintypeOfMulOfAddCommMonoid,
 Distrib.toMul,
 instDistribOfSemiring,
 Matrix.sub,
 Matrix.smul,
 One.toOfNat1,
 Matrix.one,
 Real.instZero,
 Real.instOne,
 Matrix.toLpLin_mul_same,
 LinearMap.comp.congr_simp,
 Matrix.addGroup,
 Real.instAddGroup,
 map_sub,
 DistribMulActionSemiHomClass.toAddMonoidHomClass,
 RingHom,
 RingHom.instFunLike,
 SemilinearMapClass.distribMulActionSemiHomClass,
 SemilinearEquivClass.instSemilinearMapClass,
 LinearEquiv.instSemilinearEquivClass,
 map_smul,
 SemilinearMapClass.toMulActionSemiHomClass,
 Matrix.toLpLin_one,
 LinearMap.semilinearMapClass,
 Mathlib.Tactic.Module.NF.eq_of_eval_eq_eval,
 Mathlib.Tactic.Module.NF.cons,
 Prod.mk,
 AddGroupWithOne.toAddGroup,
 Ring.toAddGroupWithOne,
 Nat.instCommSemiring,
 Algebra.algebraMap,
 Semiring.toNatAlgebra,
 List.nil,
 Prod,
 Mathlib.Tactic.Module.NF.sub_eq_eval,
 Mathlib.Tactic.Module.NF.smul_eq_eval,
 Nat.instSemiring,
 AddCommMonoid.toNatModule,
 Mathlib.Tactic.Module.NF.atom_eq_eval,
 Mathlib.Tactic.Module.NF.eval_algebraMap,
 AddCommMonoid.nat_isScalarTower,
 rfl,
 Mathlib.Tactic.Module.NF.eval,
 AddCommMagma.toAdd,
 AddCommSemigroup.toAddCommMagma,
 AddCommMonoid.toAddCommSemigroup,
 Mathlib.Tactic.Module.NF.sub_eq_eval₂,
 Mathlib.Tactic.Module.NF.zero_sub_eq_eval,
 Mathlib.Tactic.Module.NF.eq_cons_cons,
 AddMonoidWithOne.toOne,
 AddGroupWithOne.toAddMonoidWithOne,
 congr,
 Nat.cast,
 NonAssocSemiring.toAddCommMonoidWithOne,
 eq_natCast,
 RingHom.instRingHomClass,
 Nat.cast_one,
 Mathlib.Tactic.Ring.of_eq,
 HAdd.hAdd,
 instHAdd,
 Distrib.toAdd,
 HPow.hPow,
 instHPow,
 NPow.toPow,
 Monoid.toNPow,
 Nat.rawCast,
 Int.rawCast,
 inferInstance,
 Ring,
 Int.negOfNat,
 Mathlib.Meta.NormNum.instAddMonoidWithOne,
 Zero.toOfNat0,
 MulZeroClass.toZero,
 instMulZeroClassOfSemiring,
 Mathlib.Tactic.Ring.Common.sub_congr,
 Mathlib.Tactic.Ring.Common.mul_congr,
 Mathlib.Tactic.Ring.Common.atom_pf,
 Eq.symm,
 Eq.refl,
 Mathlib.Tactic.Ring.cast_pos,
 Mathlib.Meta.NormNum.isNat_ofNat,
 Mathlib.Tactic.Ring.Common.add_mul,
 Mathlib.Tactic.Ring.Common.mul_add,
 Mathlib.Tactic.Ring.Common.mul_pf_left,
 Mathlib.Meta.NormNum.IsNat.to_raw_eq,
 Mathlib.Meta.NormNum.isNat_mul,
 Mathlib.Meta.NormNum.IsNat.of_raw,
 Mathlib.Tactic.Ring.Common.mul_zero,
 Mathlib.Tactic.Ring.Common.add_pf_add_zero,
 Mathlib.Tactic.Ring.Common.zero_mul,
 Mathlib.Tactic.Ring.Common.mul_pp_pf_overlap,
 Mathlib.Meta.NormNum.isNat_add,
 Mathlib.Tactic.Ring.Common.mul_pf_right,
 Mathlib.Tactic.Ring.Common.sub_pf,
 Mathlib.Tactic.Ring.Common.neg_add,
 Mathlib.Tactic.Ring.Common.neg_mul,
 Mathlib.Meta.NormNum.IsInt.to_raw_eq,
 Neg.neg,
 NegZeroClass.toNeg,
 SubNegZeroMonoid.toNegZeroClass,
 SubtractionMonoid.toSubNegZeroMonoid,
 Mathlib.Meta.NormNum.isInt_neg,
 Int.ofNat,
 Mathlib.Meta.NormNum.IsNat.to_isInt,
 Int,
 Mathlib.Tactic.Ring.Common.neg_zero,
 Mathlib.Tactic.Ring.Common.add_pf_add_gt,
 Mathlib.Tactic.Ring.Common.add_pf_add_lt,
 Mathlib.Tactic.Ring.Common.add_pf_zero_add,
 Mathlib.Meta.NormNum.isInt_mul,
 Mathlib.Meta.NormNum.IsInt.of_raw,
 Mathlib.Meta.NormNum.IsInt.to_isNat]
ACTUAL_AXIOMS NLA.KE04._proved.psd_zero_form_iff_kernel: [propext, Classical.choice, Quot.sound]
PROJECT_EDGE NLA.KE04._proved.psd_zero_form_iff_kernel: [NLA.KE04.Mat,
 NLA.KE04.Vec,
 NLA.KE04.form,
 NLA.KE04.act,
 NLA.KE04.Mat,
 NLA.KE04.Vec,
 NLA.KE04.form,
 NLA.KE04.act,
 NLA.KE04._proved.psd_zero_form_iff_kernel._simp_1_3,
 NLA.KE04.act._proof_1,
 NLA.KE04.act._proof_2]
ALL_DIRECT_DEPENDENCIES NLA.KE04._proved.psd_zero_form_iff_kernel: [Nat,
 NLA.KE04.Mat,
 Matrix.PosSemidef,
 Fin,
 Real,
 Real.instRing,
 Real.partialOrder,
 instStarRingReal,
 NLA.KE04.Vec,
 Iff,
 Eq,
 NLA.KE04.form,
 OfNat.ofNat,
 Zero.toOfNat0,
 Real.instZero,
 DFunLike.coe,
 LinearMap,
 Real.semiring,
 RingHom.id,
 Semiring.toNonAssocSemiring,
 AddCommGroup.toAddCommMonoid,
 WithLp.instAddCommGroup,
 ENNReal,
 instOfNatAtLeastTwo,
 AddMonoidWithOne.toNatCast,
 AddCommMonoidWithOne.toAddMonoidWithOne,
 ENNReal.instAddCommMonoidWithOne,
 PiLp.innerProductSpace._proof_1,
 Pi.addCommGroup,
 Real.instAddCommGroup,
 WithLp.instModule,
 Pi.Function.module,
 Semiring.toAddCommMonoid,
 Ring.toSemiring,
 Semiring.toModule,
 LinearMap.instFunLike,
 NLA.KE04.act,
 NegZeroClass.toZero,
 SubNegZeroMonoid.toNegZeroClass,
 SubtractionMonoid.toSubNegZeroMonoid,
 SubtractionCommMonoid.toSubtractionMonoid,
 AddCommGroup.toDivisionAddCommMonoid,
 Nat,
 NLA.KE04.Mat,
 Matrix.PosSemidef,
 Fin,
 Real,
 Real.instRing,
 Real.partialOrder,
 instStarRingReal,
 NLA.KE04.Vec,
 Eq.mpr,
 Iff,
 Eq,
 NLA.KE04.form,
 OfNat.ofNat,
 Zero.toOfNat0,
 Real.instZero,
 DFunLike.coe,
 LinearMap,
 Real.semiring,
 RingHom.id,
 Semiring.toNonAssocSemiring,
 AddCommGroup.toAddCommMonoid,
 WithLp.instAddCommGroup,
 ENNReal,
 instOfNatAtLeastTwo,
 AddMonoidWithOne.toNatCast,
 AddCommMonoidWithOne.toAddMonoidWithOne,
 ENNReal.instAddCommMonoidWithOne,
 PiLp.innerProductSpace._proof_1,
 Pi.addCommGroup,
 Real.instAddCommGroup,
 WithLp.instModule,
 Pi.Function.module,
 Semiring.toAddCommMonoid,
 Ring.toSemiring,
 Semiring.toModule,
 LinearMap.instFunLike,
 NLA.KE04.act,
 NegZeroClass.toZero,
 SubNegZeroMonoid.toNegZeroClass,
 SubtractionMonoid.toSubNegZeroMonoid,
 SubtractionCommMonoid.toSubtractionMonoid,
 AddCommGroup.toDivisionAddCommMonoid,
 dotProduct,
 Fin.fintype,
 CommMagma.toMul,
 NonUnitalNonAssocCommSemiring.toCommMagma,
 NonUnitalNonAssocCommRing.toNonUnitalNonAssocCommSemiring,
 NonUnitalCommRing.toNonUnitalNonAssocCommRing,
 CommRing.toNonUnitalCommRing,
 Real.commRing,
 DivisionSemiring.toSemiring,
 Semifield.toDivisionSemiring,
 Field.toSemifield,
 NormedField.toField,
 DenselyNormedField.toNormedField,
 RCLike.toDenselyNormedField,
 Real.instRCLike,
 WithLp.ofLp,
 Matrix.mulVec,
 NonAssocSemiring.toNonUnitalNonAssocSemiring,
 CommSemiring.toSemiring,
 CommRing.toCommSemiring,
 Field.toCommRing,
 id,
 congr,
 congrArg,
 congrFun',
 Eq.trans,
 Distrib.toMul,
 instDistribOfSemiring,
 Star.star,
 Pi.instStarForall,
 InvolutiveStar.toStar,
 StarAddMonoid.toInvolutiveStar,
 AddCommMonoid.toAddMonoid,
 NonUnitalNonAssocSemiring.toAddCommMonoid,
 NonUnitalNonAssocRing.toNonUnitalNonAssocSemiring,
 NonUnitalNonAssocCommRing.toNonUnitalNonAssocRing,
 StarRing.toStarAddMonoid,
 RCLike.toStarRing,
 TrivialStar.star_trivial,
 Pi.instTrivialStarForall,
 instTrivialStarReal,
 dotProduct_comm,
 NLA.KE04._proved.psd_zero_form_iff_kernel._simp_1_3,
 LinearEquiv,
 NLA.KE04.act._proof_1,
 Matrix,
 EuclideanSpace,
 Ring.toAddCommGroup,
 DivisionRing.toRing,
 Field.toDivisionRing,
 Matrix.addCommMonoid,
 LinearMap.addCommMonoid,
 Matrix.module,
 LinearMap.module,
 NLA.KE04.act._proof_2,
 EquivLike.toFunLike,
 DFinsupp.instEquivLikeLinearEquiv,
 Matrix.toEuclideanLin,
 instDecidableEqFin,
 Eq.mp,
 MulZeroClass.toZero,
 instMulZeroClassOfSemiring,
 Pi.instZero,
 Matrix.PosSemidef.dotProduct_mulVec_zero_iff]
ACTUAL_AXIOMS NLA.KE04.form: [propext, Classical.choice, Quot.sound]
PROJECT_EDGE NLA.KE04.form: [NLA.KE04.Mat,
 NLA.KE04.Vec,
 NLA.KE04.Mat,
 NLA.KE04.Vec,
 NLA.KE04.column._proof_1,
 NLA.KE04.act]
ALL_DIRECT_DEPENDENCIES NLA.KE04.form: [Nat,
 NLA.KE04.Mat,
 NLA.KE04.Vec,
 Real,
 Nat,
 NLA.KE04.Mat,
 NLA.KE04.Vec,
 Inner.inner,
 Real,
 InnerProductSpace.toInner,
 Real.instRCLike,
 PiLp.seminormedAddCommGroup,
 OfNat.ofNat,
 ENNReal,
 instOfNatAtLeastTwo,
 AddMonoidWithOne.toNatCast,
 AddCommMonoidWithOne.toAddMonoidWithOne,
 ENNReal.instAddCommMonoidWithOne,
 NLA.KE04.column._proof_1,
 Fin,
 fact_one_le_two_ennreal,
 Fin.fintype,
 NormedAddCommGroup.toSeminormedAddCommGroup,
 Real.normedAddCommGroup,
 PiLp.innerProductSpace,
 RCLike.toInnerProductSpaceReal,
 DFunLike.coe,
 LinearMap,
 Real.semiring,
 RingHom.id,
 Semiring.toNonAssocSemiring,
 AddCommGroup.toAddCommMonoid,
 WithLp.instAddCommGroup,
 PiLp.innerProductSpace._proof_1,
 Pi.addCommGroup,
 Real.instAddCommGroup,
 WithLp.instModule,
 Pi.Function.module,
 Semiring.toAddCommMonoid,
 Ring.toSemiring,
 Real.instRing,
 Semiring.toModule,
 LinearMap.instFunLike,
 NLA.KE04.act]
ACTUAL_AXIOMS NLA.KE04.column._proof_1: [propext]
PROJECT_EDGE NLA.KE04.column._proof_1: []
ALL_DIRECT_DEPENDENCIES NLA.KE04.column._proof_1: [Nat.AtLeastTwo,
 HAdd.hAdd,
 Nat,
 instHAdd,
 instAddNat,
 OfNat.ofNat,
 instOfNatNat,
 Nat.instAtLeastTwoHAddOfNat,
 OfNat.ofNat,
 Nat,
 instOfNatNat,
 Nat.instNeZeroSucc]
ACTUAL_AXIOMS NLA.KE04._proved.psd_zero_form_iff_kernel._simp_1_3: [propext, Classical.choice, Quot.sound]
PROJECT_EDGE NLA.KE04._proved.psd_zero_form_iff_kernel._simp_1_3: []
ALL_DIRECT_DEPENDENCIES NLA.KE04._proved.psd_zero_form_iff_kernel._simp_1_3: [ENNReal,
 AddCommGroup,
 WithLp,
 Eq,
 OfNat.ofNat,
 Zero.toOfNat0,
 NegZeroClass.toZero,
 SubNegZeroMonoid.toNegZeroClass,
 SubtractionMonoid.toSubNegZeroMonoid,
 SubtractionCommMonoid.toSubtractionMonoid,
 AddCommGroup.toDivisionAddCommMonoid,
 WithLp.instAddCommGroup,
 WithLp.ofLp,
 ENNReal,
 AddCommGroup,
 WithLp,
 Eq.symm,
 Eq,
 WithLp.ofLp,
 OfNat.ofNat,
 Zero.toOfNat0,
 NegZeroClass.toZero,
 SubNegZeroMonoid.toNegZeroClass,
 SubtractionMonoid.toSubNegZeroMonoid,
 SubtractionCommMonoid.toSubtractionMonoid,
 AddCommGroup.toDivisionAddCommMonoid,
 WithLp.instAddCommGroup,
 propext,
 WithLp.ofLp_eq_zero]
RETAINED_DEPENDENCY NLA.KE04.act
RETAINED_DEPENDENCY NLA.KE04.orderedEigenvalues
RETAINED_DEPENDENCY NLA.KE04.orderedEigenbasis
RETAINED_DEPENDENCY NLA.KE04.eigenvalueAt
RETAINED_DEPENDENCY NLA.KE04.monicQuadratic
RETAINED_DEPENDENCY NLA.KE04.quadraticMatrix
RETAINED_DEPENDENCY NLA.KE04.form
RETAINED_DEPENDENCY NLA.KE04._proved.orderedSpectrum_semantics
RETAINED_DEPENDENCY NLA.KE04._proved.quadratic_apply_eigenvector
RETAINED_DEPENDENCY LinearMap.IsSymmetric.eigenvalues
RETAINED_DEPENDENCY LinearMap.IsSymmetric.eigenvectorBasis
RETAINED_DEPENDENCY LinearMap.IsSymmetric.eigenvalues_antitone
RETAINED_DEPENDENCY LinearMap.IsSymmetric.apply_eigenvectorBasis
RETAINED_DEPENDENCY LinearMap.IsSymmetric.roots_charpoly_eq_eigenvalues
RETAINED_DEPENDENCY Matrix.charpoly_toLin
RETAINED_DEPENDENCY Multiset.map_univ_val_equiv
RETAINED_DEPENDENCY Polynomial.monic_X_sub_C
RETAINED_DEPENDENCY Polynomial.natDegree_mul
RETAINED_DEPENDENCY Polynomial.aeval_X
RETAINED_DEPENDENCY Polynomial.aeval_C
RETAINED_DEPENDENCY Matrix.toLpLin_mul_same
RETAINED_DEPENDENCY Matrix.PosSemidef.diagonal
RETAINED_DEPENDENCY LinearMap.posSemidef_toMatrix_iff
RETAINED_DEPENDENCY Matrix.isPositive_toEuclideanLin_iff
RETAINED_DEPENDENCY Matrix.PosSemidef.dotProduct_mulVec_zero_iff
PROJECT_COUNTS declarations=22, required=25
'NLA.KE04._proved.orderedSpectrum_semantics' depends on axioms: [propext, Classical.choice, Quot.sound]
'NLA.KE04._proved.quadratic_semantics' depends on axioms: [propext, Classical.choice, Quot.sound]
'NLA.KE04._proved.quadratic_apply_eigenvector' depends on axioms: [propext, Classical.choice, Quot.sound]
'NLA.KE04._proved.spectral_gap_quadratic_psd' depends on axioms: [propext, Classical.choice, Quot.sound]
'NLA.KE04._proved.psd_zero_form_iff_kernel' depends on axioms: [propext, Classical.choice, Quot.sound]
def NLA.KE04.orderedEigenvalues : {m : Nat} →
  (M : NLA.KE04.Mat m) →
    (hM :
        @Matrix.IsHermitian.{0, 0} Real (Fin m)
          (@InvolutiveStar.toStar.{0} Real
            (@StarAddMonoid.toInvolutiveStar.{0} Real
              (@AddCommMonoid.toAddMonoid.{0} Real
                (@NonUnitalNonAssocSemiring.toAddCommMonoid.{0} Real
                  (@NonUnitalNonAssocRing.toNonUnitalNonAssocSemiring.{0} Real
                    (@NonUnitalNonAssocCommRing.toNonUnitalNonAssocRing.{0} Real
                      (@NonUnitalCommRing.toNonUnitalNonAssocCommRing.{0} Real
                        (@CommRing.toNonUnitalCommRing.{0} Real Real.commRing))))))
              (@StarRing.toStarAddMonoid.{0} Real
                (@NonUnitalNonAssocRing.toNonUnitalNonAssocSemiring.{0} Real
                  (@NonUnitalNonAssocCommRing.toNonUnitalNonAssocRing.{0} Real
                    (@NonUnitalCommRing.toNonUnitalNonAssocCommRing.{0} Real
                      (@CommRing.toNonUnitalCommRing.{0} Real Real.commRing))))
                instStarRingReal)))
          M) →
      Fin m → Real :=
fun {m : Nat} (M : NLA.KE04.Mat m)
    (hM :
      @Matrix.IsHermitian.{0, 0} Real (Fin m)
        (@InvolutiveStar.toStar.{0} Real
          (@StarAddMonoid.toInvolutiveStar.{0} Real
            (@AddCommMonoid.toAddMonoid.{0} Real
              (@NonUnitalNonAssocSemiring.toAddCommMonoid.{0} Real
                (@NonUnitalNonAssocRing.toNonUnitalNonAssocSemiring.{0} Real
                  (@NonUnitalNonAssocCommRing.toNonUnitalNonAssocRing.{0} Real
                    (@NonUnitalCommRing.toNonUnitalNonAssocCommRing.{0} Real
                      (@CommRing.toNonUnitalCommRing.{0} Real Real.commRing))))))
            (@StarRing.toStarAddMonoid.{0} Real
              (@NonUnitalNonAssocRing.toNonUnitalNonAssocSemiring.{0} Real
                (@NonUnitalNonAssocCommRing.toNonUnitalNonAssocRing.{0} Real
                  (@NonUnitalCommRing.toNonUnitalNonAssocCommRing.{0} Real
                    (@CommRing.toNonUnitalCommRing.{0} Real Real.commRing))))
              instStarRingReal)))
        M)
    (r : Fin m) =>
  @LinearMap.IsSymmetric.eigenvalues.{0, 0} Real Real.instRCLike (EuclideanSpace.{0, 0} Real (Fin m))
    (@PiLp.normedAddCommGroup.{0, 0}
      (@OfNat.ofNat.{0} ENNReal (nat_lit 2)
        (@instOfNatAtLeastTwo.{0} ENNReal (nat_lit 2)
          (@AddMonoidWithOne.toNatCast.{0} ENNReal
            (@AddCommMonoidWithOne.toAddMonoidWithOne.{0} ENNReal ENNReal.instAddCommMonoidWithOne))
          PiLp.innerProductSpace._proof_1))
      (Fin m) (fun (x : Fin m) => Real) fact_one_le_two_ennreal (Fin.fintype m) fun (i : Fin m) =>
      Real.normedAddCommGroup)
    (@PiLp.innerProductSpace.{0, 0, 0} Real Real.instRCLike (Fin m) (Fin.fintype m) (fun (x : Fin m) => Real)
      (fun (i : Fin m) =>
        @NonUnitalNormedRing.toNormedAddCommGroup.{0} Real
          (@NonUnitalNormedCommRing.toNonUnitalNormedRing.{0} Real
            (@NormedCommRing.toNonUnitalNormedCommRing.{0} Real
              (@NormedField.toNormedCommRing.{0} Real
                (@DenselyNormedField.toNormedField.{0} Real (@RCLike.toDenselyNormedField.{0} Real Real.instRCLike))))))
      fun (i : Fin m) => @RCLike.innerProductSpace.{0} Real Real.instRCLike)
    (@DFunLike.coe.{1, 1, 1}
      (@LinearEquiv.{0, 0, 0, 0} Real Real
        (@DivisionSemiring.toSemiring.{0} Real
          (@Semifield.toDivisionSemiring.{0} Real
            (@Field.toSemifield.{0} Real
              (@NormedField.toField.{0} Real
                (@DenselyNormedField.toNormedField.{0} Real (@RCLike.toDenselyNormedField.{0} Real Real.instRCLike))))))
        (@DivisionSemiring.toSemiring.{0} Real
          (@Semifield.toDivisionSemiring.{0} Real
            (@Field.toSemifield.{0} Real
              (@NormedField.toField.{0} Real
                (@DenselyNormedField.toNormedField.{0} Real (@RCLike.toDenselyNormedField.{0} Real Real.instRCLike))))))
        (@RingHom.id.{0} Real
          (@Semiring.toNonAssocSemiring.{0} Real
            (@DivisionSemiring.toSemiring.{0} Real
              (@Semifield.toDivisionSemiring.{0} Real
                (@Field.toSemifield.{0} Real
                  (@NormedField.toField.{0} Real
                    (@DenselyNormedField.toNormedField.{0} Real
                      (@RCLike.toDenselyNormedField.{0} Real Real.instRCLike))))))))
        (@RingHom.id.{0} Real
          (@Semiring.toNonAssocSemiring.{0} Real
            (@DivisionSemiring.toSemiring.{0} Real
              (@Semifield.toDivisionSemiring.{0} Real
                (@Field.toSemifield.{0} Real
                  (@NormedField.toField.{0} Real
                    (@DenselyNormedField.toNormedField.{0} Real
                      (@RCLike.toDenselyNormedField.{0} Real Real.instRCLike))))))))
        NLA.KE04.act._proof_1 NLA.KE04.act._proof_1 (Matrix.{0, 0, 0} (Fin m) (Fin m) Real)
        (@LinearMap.{0, 0, 0, 0} Real Real
          (@DivisionSemiring.toSemiring.{0} Real
            (@Semifield.toDivisionSemiring.{0} Real
              (@Field.toSemifield.{0} Real
                (@NormedField.toField.{0} Real
                  (@DenselyNormedField.toNormedField.{0} Real
                    (@RCLike.toDenselyNormedField.{0} Real Real.instRCLike))))))
          (@DivisionSemiring.toSemiring.{0} Real
            (@Semifield.toDivisionSemiring.{0} Real
              (@Field.toSemifield.{0} Real
                (@NormedField.toField.{0} Real
                  (@DenselyNormedField.toNormedField.{0} Real
                    (@RCLike.toDenselyNormedField.{0} Real Real.instRCLike))))))
          (@RingHom.id.{0} Real
            (@Semiring.toNonAssocSemiring.{0} Real
              (@DivisionSemiring.toSemiring.{0} Real
                (@Semifield.toDivisionSemiring.{0} Real
                  (@Field.toSemifield.{0} Real
                    (@NormedField.toField.{0} Real
                      (@DenselyNormedField.toNormedField.{0} Real
                        (@RCLike.toDenselyNormedField.{0} Real Real.instRCLike))))))))
          (EuclideanSpace.{0, 0} Real (Fin m)) (EuclideanSpace.{0, 0} Real (Fin m))
          (@AddCommGroup.toAddCommMonoid.{0} (EuclideanSpace.{0, 0} Real (Fin m))
            (@WithLp.instAddCommGroup.{0}
              (@OfNat.ofNat.{0} ENNReal (nat_lit 2)
                (@instOfNatAtLeastTwo.{0} ENNReal (nat_lit 2)
                  (@AddMonoidWithOne.toNatCast.{0} ENNReal
                    (@AddCommMonoidWithOne.toAddMonoidWithOne.{0} ENNReal ENNReal.instAddCommMonoidWithOne))
                  PiLp.innerProductSpace._proof_1))
              ((i : Fin m) → (fun (x : Fin m) => Real) i)
              (@Pi.addCommGroup.{0, 0} (Fin m) (fun (x : Fin m) => Real) fun (i : Fin m) =>
                @Ring.toAddCommGroup.{0} Real
                  (@DivisionRing.toRing.{0} Real
                    (@Field.toDivisionRing.{0} Real
                      (@NormedField.toField.{0} Real
                        (@DenselyNormedField.toNormedField.{0} Real
                          (@RCLike.toDenselyNormedField.{0} Real Real.instRCLike))))))))
          (@AddCommGroup.toAddCommMonoid.{0} (EuclideanSpace.{0, 0} Real (Fin m))
            (@WithLp.instAddCommGroup.{0}
              (@OfNat.ofNat.{0} ENNReal (nat_lit 2)
                (@instOfNatAtLeastTwo.{0} ENNReal (nat_lit 2)
                  (@AddMonoidWithOne.toNatCast.{0} ENNReal
                    (@AddCommMonoidWithOne.toAddMonoidWithOne.{0} ENNReal ENNReal.instAddCommMonoidWithOne))
                  PiLp.innerProductSpace._proof_1))
              ((i : Fin m) → (fun (x : Fin m) => Real) i)
              (@Pi.addCommGroup.{0, 0} (Fin m) (fun (x : Fin m) => Real) fun (i : Fin m) =>
                @Ring.toAddCommGroup.{0} Real
                  (@DivisionRing.toRing.{0} Real
                    (@Field.toDivisionRing.{0} Real
                      (@NormedField.toField.{0} Real
                        (@DenselyNormedField.toNormedField.{0} Real
                          (@RCLike.toDenselyNormedField.{0} Real Real.instRCLike))))))))
          (@WithLp.instModule.{0, 0}
            (@OfNat.ofNat.{0} ENNReal (nat_lit 2)
              (@instOfNatAtLeastTwo.{0} ENNReal (nat_lit 2)
                (@AddMonoidWithOne.toNatCast.{0} ENNReal
                  (@AddCommMonoidWithOne.toAddMonoidWithOne.{0} ENNReal ENNReal.instAddCommMonoidWithOne))
                PiLp.innerProductSpace._proof_1))
            Real ((i : Fin m) → (fun (x : Fin m) => Real) i)
            (@DivisionSemiring.toSemiring.{0} Real
              (@Semifield.toDivisionSemiring.{0} Real
                (@Field.toSemifield.{0} Real
                  (@NormedField.toField.{0} Real
                    (@DenselyNormedField.toNormedField.{0} Real
                      (@RCLike.toDenselyNormedField.{0} Real Real.instRCLike))))))
            (@Pi.addCommGroup.{0, 0} (Fin m) (fun (x : Fin m) => Real) fun (i : Fin m) =>
              @Ring.toAddCommGroup.{0} Real
                (@DivisionRing.toRing.{0} Real
                  (@Field.toDivisionRing.{0} Real
                    (@NormedField.toField.{0} Real
                      (@DenselyNormedField.toNormedField.{0} Real
                        (@RCLike.toDenselyNormedField.{0} Real Real.instRCLike))))))
            (@Pi.Function.module.{0, 0, 0} (Fin m) Real Real
              (@DivisionSemiring.toSemiring.{0} Real
                (@Semifield.toDivisionSemiring.{0} Real
                  (@Field.toSemifield.{0} Real
                    (@NormedField.toField.{0} Real
                      (@DenselyNormedField.toNormedField.{0} Real
                        (@RCLike.toDenselyNormedField.{0} Real Real.instRCLike))))))
              (@Semiring.toAddCommMonoid.{0} Real
                (@Ring.toSemiring.{0} Real
                  (@DivisionRing.toRing.{0} Real
                    (@Field.toDivisionRing.{0} Real
                      (@NormedField.toField.{0} Real
                        (@DenselyNormedField.toNormedField.{0} Real
                          (@RCLike.toDenselyNormedField.{0} Real Real.instRCLike)))))))
              (@Semiring.toModule.{0} Real
                (@DivisionSemiring.toSemiring.{0} Real
                  (@Semifield.toDivisionSemiring.{0} Real
                    (@Field.toSemifield.{0} Real
                      (@NormedField.toField.{0} Real
                        (@DenselyNormedField.toNormedField.{0} Real
                          (@RCLike.toDenselyNormedField.{0} Real Real.instRCLike)))))))))
          (@WithLp.instModule.{0, 0}
            (@OfNat.ofNat.{0} ENNReal (nat_lit 2)
              (@instOfNatAtLeastTwo.{0} ENNReal (nat_lit 2)
                (@AddMonoidWithOne.toNatCast.{0} ENNReal
                  (@AddCommMonoidWithOne.toAddMonoidWithOne.{0} ENNReal ENNReal.instAddCommMonoidWithOne))
                PiLp.innerProductSpace._proof_1))
            Real ((i : Fin m) → (fun (x : Fin m) => Real) i)
            (@DivisionSemiring.toSemiring.{0} Real
              (@Semifield.toDivisionSemiring.{0} Real
                (@Field.toSemifield.{0} Real
                  (@NormedField.toField.{0} Real
                    (@DenselyNormedField.toNormedField.{0} Real
                      (@RCLike.toDenselyNormedField.{0} Real Real.instRCLike))))))
            (@Pi.addCommGroup.{0, 0} (Fin m) (fun (x : Fin m) => Real) fun (i : Fin m) =>
              @Ring.toAddCommGroup.{0} Real
                (@DivisionRing.toRing.{0} Real
                  (@Field.toDivisionRing.{0} Real
                    (@NormedField.toField.{0} Real
                      (@DenselyNormedField.toNormedField.{0} Real
                        (@RCLike.toDenselyNormedField.{0} Real Real.instRCLike))))))
            (@Pi.Function.module.{0, 0, 0} (Fin m) Real Real
              (@DivisionSemiring.toSemiring.{0} Real
                (@Semifield.toDivisionSemiring.{0} Real
                  (@Field.toSemifield.{0} Real
                    (@NormedField.toField.{0} Real
                      (@DenselyNormedField.toNormedField.{0} Real
                        (@RCLike.toDenselyNormedField.{0} Real Real.instRCLike))))))
              (@Semiring.toAddCommMonoid.{0} Real
                (@Ring.toSemiring.{0} Real
                  (@DivisionRing.toRing.{0} Real
                    (@Field.toDivisionRing.{0} Real
                      (@NormedField.toField.{0} Real
                        (@DenselyNormedField.toNormedField.{0} Real
                          (@RCLike.toDenselyNormedField.{0} Real Real.instRCLike)))))))
              (@Semiring.toModule.{0} Real
                (@DivisionSemiring.toSemiring.{0} Real
                  (@Semifield.toDivisionSemiring.{0} Real
                    (@Field.toSemifield.{0} Real
                      (@NormedField.toField.{0} Real
                        (@DenselyNormedField.toNormedField.{0} Real
                          (@RCLike.toDenselyNormedField.{0} Real Real.instRCLike))))))))))
        (@Matrix.addCommMonoid.{0, 0, 0} (Fin m) (Fin m) Real
          (@Semiring.toAddCommMonoid.{0} Real
            (@DivisionSemiring.toSemiring.{0} Real
              (@Semifield.toDivisionSemiring.{0} Real
                (@Field.toSemifield.{0} Real
                  (@NormedField.toField.{0} Real
                    (@DenselyNormedField.toNormedField.{0} Real
                      (@RCLike.toDenselyNormedField.{0} Real Real.instRCLike))))))))
        (@LinearMap.addCommMonoid.{0, 0, 0, 0} Real Real (EuclideanSpace.{0, 0} Real (Fin m))
          (EuclideanSpace.{0, 0} Real (Fin m))
          (@DivisionSemiring.toSemiring.{0} Real
            (@Semifield.toDivisionSemiring.{0} Real
              (@Field.toSemifield.{0} Real
                (@NormedField.toField.{0} Real
                  (@DenselyNormedField.toNormedField.{0} Real
                    (@RCLike.toDenselyNormedField.{0} Real Real.instRCLike))))))
          (@DivisionSemiring.toSemiring.{0} Real
            (@Semifield.toDivisionSemiring.{0} Real
              (@Field.toSemifield.{0} Real
                (@NormedField.toField.{0} Real
                  (@DenselyNormedField.toNormedField.{0} Real
                    (@RCLike.toDenselyNormedField.{0} Real Real.instRCLike))))))
          (@AddCommGroup.toAddCommMonoid.{0} (EuclideanSpace.{0, 0} Real (Fin m))
            (@WithLp.instAddCommGroup.{0}
              (@OfNat.ofNat.{0} ENNReal (nat_lit 2)
                (@instOfNatAtLeastTwo.{0} ENNReal (nat_lit 2)
                  (@AddMonoidWithOne.toNatCast.{0} ENNReal
                    (@AddCommMonoidWithOne.toAddMonoidWithOne.{0} ENNReal ENNReal.instAddCommMonoidWithOne))
                  PiLp.innerProductSpace._proof_1))
              ((i : Fin m) → (fun (x : Fin m) => Real) i)
              (@Pi.addCommGroup.{0, 0} (Fin m) (fun (x : Fin m) => Real) fun (i : Fin m) =>
                @Ring.toAddCommGroup.{0} Real
                  (@DivisionRing.toRing.{0} Real
                    (@Field.toDivisionRing.{0} Real
                      (@NormedField.toField.{0} Real
                        (@DenselyNormedField.toNormedField.{0} Real
                          (@RCLike.toDenselyNormedField.{0} Real Real.instRCLike))))))))
          (@AddCommGroup.toAddCommMonoid.{0} (EuclideanSpace.{0, 0} Real (Fin m))
            (@WithLp.instAddCommGroup.{0}
              (@OfNat.ofNat.{0} ENNReal (nat_lit 2)
                (@instOfNatAtLeastTwo.{0} ENNReal (nat_lit 2)
                  (@AddMonoidWithOne.toNatCast.{0} ENNReal
                    (@AddCommMonoidWithOne.toAddMonoidWithOne.{0} ENNReal ENNReal.instAddCommMonoidWithOne))
                  PiLp.innerProductSpace._proof_1))
              ((i : Fin m) → (fun (x : Fin m) => Real) i)
              (@Pi.addCommGroup.{0, 0} (Fin m) (fun (x : Fin m) => Real) fun (i : Fin m) =>
                @Ring.toAddCommGroup.{0} Real
                  (@DivisionRing.toRing.{0} Real
                    (@Field.toDivisionRing.{0} Real
                      (@NormedField.toField.{0} Real
                        (@DenselyNormedField.toNormedField.{0} Real
                          (@RCLike.toDenselyNormedField.{0} Real Real.instRCLike))))))))
          (@WithLp.instModule.{0, 0}
            (@OfNat.ofNat.{0} ENNReal (nat_lit 2)
              (@instOfNatAtLeastTwo.{0} ENNReal (nat_lit 2)
                (@AddMonoidWithOne.toNatCast.{0} ENNReal
                  (@AddCommMonoidWithOne.toAddMonoidWithOne.{0} ENNReal ENNReal.instAddCommMonoidWithOne))
                PiLp.innerProductSpace._proof_1))
            Real ((i : Fin m) → (fun (x : Fin m) => Real) i)
            (@DivisionSemiring.toSemiring.{0} Real
              (@Semifield.toDivisionSemiring.{0} Real
                (@Field.toSemifield.{0} Real
                  (@NormedField.toField.{0} Real
                    (@DenselyNormedField.toNormedField.{0} Real
                      (@RCLike.toDenselyNormedField.{0} Real Real.instRCLike))))))
            (@Pi.addCommGroup.{0, 0} (Fin m) (fun (x : Fin m) => Real) fun (i : Fin m) =>
              @Ring.toAddCommGroup.{0} Real
                (@DivisionRing.toRing.{0} Real
                  (@Field.toDivisionRing.{0} Real
                    (@NormedField.toField.{0} Real
                      (@DenselyNormedField.toNormedField.{0} Real
                        (@RCLike.toDenselyNormedField.{0} Real Real.instRCLike))))))
            (@Pi.Function.module.{0, 0, 0} (Fin m) Real Real
              (@DivisionSemiring.toSemiring.{0} Real
                (@Semifield.toDivisionSemiring.{0} Real
                  (@Field.toSemifield.{0} Real
                    (@NormedField.toField.{0} Real
                      (@DenselyNormedField.toNormedField.{0} Real
                        (@RCLike.toDenselyNormedField.{0} Real Real.instRCLike))))))
              (@Semiring.toAddCommMonoid.{0} Real
                (@Ring.toSemiring.{0} Real
                  (@DivisionRing.toRing.{0} Real
                    (@Field.toDivisionRing.{0} Real
                      (@NormedField.toField.{0} Real
                        (@DenselyNormedField.toNormedField.{0} Real
                          (@RCLike.toDenselyNormedField.{0} Real Real.instRCLike)))))))
              (@Semiring.toModule.{0} Real
                (@DivisionSemiring.toSemiring.{0} Real
                  (@Semifield.toDivisionSemiring.{0} Real
                    (@Field.toSemifield.{0} Real
                      (@NormedField.toField.{0} Real
                        (@DenselyNormedField.toNormedField.{0} Real
                          (@RCLike.toDenselyNormedField.{0} Real Real.instRCLike)))))))))
          (@WithLp.instModule.{0, 0}
            (@OfNat.ofNat.{0} ENNReal (nat_lit 2)
              (@instOfNatAtLeastTwo.{0} ENNReal (nat_lit 2)
                (@AddMonoidWithOne.toNatCast.{0} ENNReal
                  (@AddCommMonoidWithOne.toAddMonoidWithOne.{0} ENNReal ENNReal.instAddCommMonoidWithOne))
                PiLp.innerProductSpace._proof_1))
            Real ((i : Fin m) → (fun (x : Fin m) => Real) i)
            (@DivisionSemiring.toSemiring.{0} Real
              (@Semifield.toDivisionSemiring.{0} Real
                (@Field.toSemifield.{0} Real
                  (@NormedField.toField.{0} Real
                    (@DenselyNormedField.toNormedField.{0} Real
                      (@RCLike.toDenselyNormedField.{0} Real Real.instRCLike))))))
            (@Pi.addCommGroup.{0, 0} (Fin m) (fun (x : Fin m) => Real) fun (i : Fin m) =>
              @Ring.toAddCommGroup.{0} Real
                (@DivisionRing.toRing.{0} Real
                  (@Field.toDivisionRing.{0} Real
                    (@NormedField.toField.{0} Real
                      (@DenselyNormedField.toNormedField.{0} Real
                        (@RCLike.toDenselyNormedField.{0} Real Real.instRCLike))))))
            (@Pi.Function.module.{0, 0, 0} (Fin m) Real Real
              (@DivisionSemiring.toSemiring.{0} Real
                (@Semifield.toDivisionSemiring.{0} Real
                  (@Field.toSemifield.{0} Real
                    (@NormedField.toField.{0} Real
                      (@DenselyNormedField.toNormedField.{0} Real
                        (@RCLike.toDenselyNormedField.{0} Real Real.instRCLike))))))
              (@Semiring.toAddCommMonoid.{0} Real
                (@Ring.toSemiring.{0} Real
                  (@DivisionRing.toRing.{0} Real
                    (@Field.toDivisionRing.{0} Real
                      (@NormedField.toField.{0} Real
                        (@DenselyNormedField.toNormedField.{0} Real
                          (@RCLike.toDenselyNormedField.{0} Real Real.instRCLike)))))))
              (@Semiring.toModule.{0} Real
                (@DivisionSemiring.toSemiring.{0} Real
                  (@Semifield.toDivisionSemiring.{0} Real
                    (@Field.toSemifield.{0} Real
                      (@NormedField.toField.{0} Real
                        (@DenselyNormedField.toNormedField.{0} Real
                          (@RCLike.toDenselyNormedField.{0} Real Real.instRCLike)))))))))
          (@RingHom.id.{0} Real
            (@Semiring.toNonAssocSemiring.{0} Real
              (@DivisionSemiring.toSemiring.{0} Real
                (@Semifield.toDivisionSemiring.{0} Real
                  (@Field.toSemifield.{0} Real
                    (@NormedField.toField.{0} Real
                      (@DenselyNormedField.toNormedField.{0} Real
                        (@RCLike.toDenselyNormedField.{0} Real Real.instRCLike)))))))))
        (@Matrix.module.{0, 0, 0, 0} (Fin m) (Fin m) Real Real
          (@DivisionSemiring.toSemiring.{0} Real
            (@Semifield.toDivisionSemiring.{0} Real
              (@Field.toSemifield.{0} Real
                (@NormedField.toField.{0} Real
                  (@DenselyNormedField.toNormedField.{0} Real
                    (@RCLike.toDenselyNormedField.{0} Real Real.instRCLike))))))
          (@Semiring.toAddCommMonoid.{0} Real
            (@DivisionSemiring.toSemiring.{0} Real
              (@Semifield.toDivisionSemiring.{0} Real
                (@Field.toSemifield.{0} Real
                  (@NormedField.toField.{0} Real
                    (@DenselyNormedField.toNormedField.{0} Real
                      (@RCLike.toDenselyNormedField.{0} Real Real.instRCLike)))))))
          (@Semiring.toModule.{0} Real
            (@DivisionSemiring.toSemiring.{0} Real
              (@Semifield.toDivisionSemiring.{0} Real
                (@Field.toSemifield.{0} Real
                  (@NormedField.toField.{0} Real
                    (@DenselyNormedField.toNormedField.{0} Real
                      (@RCLike.toDenselyNormedField.{0} Real Real.instRCLike))))))))
        (@LinearMap.module.{0, 0, 0, 0, 0} Real Real Real (EuclideanSpace.{0, 0} Real (Fin m))
          (EuclideanSpace.{0, 0} Real (Fin m))
          (@DivisionSemiring.toSemiring.{0} Real
            (@Semifield.toDivisionSemiring.{0} Real
              (@Field.toSemifield.{0} Real
                (@NormedField.toField.{0} Real
                  (@DenselyNormedField.toNormedField.{0} Real
                    (@RCLike.toDenselyNormedField.{0} Real Real.instRCLike))))))
          (@DivisionSemiring.toSemiring.{0} Real
            (@Semifield.toDivisionSemiring.{0} Real
              (@Field.toSemifield.{0} Real
                (@NormedField.toField.{0} Real
                  (@DenselyNormedField.toNormedField.{0} Real
                    (@RCLike.toDenselyNormedField.{0} Real Real.instRCLike))))))
          (@AddCommGroup.toAddCommMonoid.{0} (EuclideanSpace.{0, 0} Real (Fin m))
            (@WithLp.instAddCommGroup.{0}
              (@OfNat.ofNat.{0} ENNReal (nat_lit 2)
                (@instOfNatAtLeastTwo.{0} ENNReal (nat_lit 2)
                  (@AddMonoidWithOne.toNatCast.{0} ENNReal
                    (@AddCommMonoidWithOne.toAddMonoidWithOne.{0} ENNReal ENNReal.instAddCommMonoidWithOne))
                  PiLp.innerProductSpace._proof_1))
              ((i : Fin m) → (fun (x : Fin m) => Real) i)
              (@Pi.addCommGroup.{0, 0} (Fin m) (fun (x : Fin m) => Real) fun (i : Fin m) =>
                @Ring.toAddCommGroup.{0} Real
                  (@DivisionRing.toRing.{0} Real
                    (@Field.toDivisionRing.{0} Real
                      (@NormedField.toField.{0} Real
                        (@DenselyNormedField.toNormedField.{0} Real
                          (@RCLike.toDenselyNormedField.{0} Real Real.instRCLike))))))))
          (@AddCommGroup.toAddCommMonoid.{0} (EuclideanSpace.{0, 0} Real (Fin m))
            (@WithLp.instAddCommGroup.{0}
              (@OfNat.ofNat.{0} ENNReal (nat_lit 2)
                (@instOfNatAtLeastTwo.{0} ENNReal (nat_lit 2)
                  (@AddMonoidWithOne.toNatCast.{0} ENNReal
                    (@AddCommMonoidWithOne.toAddMonoidWithOne.{0} ENNReal ENNReal.instAddCommMonoidWithOne))
                  PiLp.innerProductSpace._proof_1))
              ((i : Fin m) → (fun (x : Fin m) => Real) i)
              (@Pi.addCommGroup.{0, 0} (Fin m) (fun (x : Fin m) => Real) fun (i : Fin m) =>
                @Ring.toAddCommGroup.{0} Real
                  (@DivisionRing.toRing.{0} Real
                    (@Field.toDivisionRing.{0} Real
                      (@NormedField.toField.{0} Real
                        (@DenselyNormedField.toNormedField.{0} Real
                          (@RCLike.toDenselyNormedField.{0} Real Real.instRCLike))))))))
          (@WithLp.instModule.{0, 0}
            (@OfNat.ofNat.{0} ENNReal (nat_lit 2)
              (@instOfNatAtLeastTwo.{0} ENNReal (nat_lit 2)
                (@AddMonoidWithOne.toNatCast.{0} ENNReal
                  (@AddCommMonoidWithOne.toAddMonoidWithOne.{0} ENNReal ENNReal.instAddCommMonoidWithOne))
                PiLp.innerProductSpace._proof_1))
            Real ((i : Fin m) → (fun (x : Fin m) => Real) i)
            (@DivisionSemiring.toSemiring.{0} Real
              (@Semifield.toDivisionSemiring.{0} Real
                (@Field.toSemifield.{0} Real
                  (@NormedField.toField.{0} Real
                    (@DenselyNormedField.toNormedField.{0} Real
                      (@RCLike.toDenselyNormedField.{0} Real Real.instRCLike))))))
            (@Pi.addCommGroup.{0, 0} (Fin m) (fun (x : Fin m) => Real) fun (i : Fin m) =>
              @Ring.toAddCommGroup.{0} Real
                (@DivisionRing.toRing.{0} Real
                  (@Field.toDivisionRing.{0} Real
                    (@NormedField.toField.{0} Real
                      (@DenselyNormedField.toNormedField.{0} Real
                        (@RCLike.toDenselyNormedField.{0} Real Real.instRCLike))))))
            (@Pi.Function.module.{0, 0, 0} (Fin m) Real Real
              (@DivisionSemiring.toSemiring.{0} Real
                (@Semifield.toDivisionSemiring.{0} Real
                  (@Field.toSemifield.{0} Real
                    (@NormedField.toField.{0} Real
                      (@DenselyNormedField.toNormedField.{0} Real
                        (@RCLike.toDenselyNormedField.{0} Real Real.instRCLike))))))
              (@Semiring.toAddCommMonoid.{0} Real
                (@Ring.toSemiring.{0} Real
                  (@DivisionRing.toRing.{0} Real
                    (@Field.toDivisionRing.{0} Real
                      (@NormedField.toField.{0} Real
                        (@DenselyNormedField.toNormedField.{0} Real
                          (@RCLike.toDenselyNormedField.{0} Real Real.instRCLike)))))))
              (@Semiring.toModule.{0} Real
                (@DivisionSemiring.toSemiring.{0} Real
                  (@Semifield.toDivisionSemiring.{0} Real
                    (@Field.toSemifield.{0} Real
                      (@NormedField.toField.{0} Real
                        (@DenselyNormedField.toNormedField.{0} Real
                          (@RCLike.toDenselyNormedField.{0} Real Real.instRCLike)))))))))
          (@WithLp.instModule.{0, 0}
            (@OfNat.ofNat.{0} ENNReal (nat_lit 2)
              (@instOfNatAtLeastTwo.{0} ENNReal (nat_lit 2)
                (@AddMonoidWithOne.toNatCast.{0} ENNReal
                  (@AddCommMonoidWithOne.toAddMonoidWithOne.{0} ENNReal ENNReal.instAddCommMonoidWithOne))
                PiLp.innerProductSpace._proof_1))
            Real ((i : Fin m) → (fun (x : Fin m) => Real) i)
            (@DivisionSemiring.toSemiring.{0} Real
              (@Semifield.toDivisionSemiring.{0} Real
                (@Field.toSemifield.{0} Real
                  (@NormedField.toField.{0} Real
                    (@DenselyNormedField.toNormedField.{0} Real
                      (@RCLike.toDenselyNormedField.{0} Real Real.instRCLike))))))
            (@Pi.addCommGroup.{0, 0} (Fin m) (fun (x : Fin m) => Real) fun (i : Fin m) =>
              @Ring.toAddCommGroup.{0} Real
                (@DivisionRing.toRing.{0} Real
                  (@Field.toDivisionRing.{0} Real
                    (@NormedField.toField.{0} Real
                      (@DenselyNormedField.toNormedField.{0} Real
                        (@RCLike.toDenselyNormedField.{0} Real Real.instRCLike))))))
            (@Pi.Function.module.{0, 0, 0} (Fin m) Real Real
              (@DivisionSemiring.toSemiring.{0} Real
                (@Semifield.toDivisionSemiring.{0} Real
                  (@Field.toSemifield.{0} Real
                    (@NormedField.toField.{0} Real
                      (@DenselyNormedField.toNormedField.{0} Real
                        (@RCLike.toDenselyNormedField.{0} Real Real.instRCLike))))))
              (@Semiring.toAddCommMonoid.{0} Real
                (@Ring.toSemiring.{0} Real
                  (@DivisionRing.toRing.{0} Real
                    (@Field.toDivisionRing.{0} Real
                      (@NormedField.toField.{0} Real
                        (@DenselyNormedField.toNormedField.{0} Real
                          (@RCLike.toDenselyNormedField.{0} Real Real.instRCLike)))))))
              (@Semiring.toModule.{0} Real
                (@DivisionSemiring.toSemiring.{0} Real
                  (@Semifield.toDivisionSemiring.{0} Real
                    (@Field.toSemifield.{0} Real
                      (@NormedField.toField.{0} Real
                        (@DenselyNormedField.toNormedField.{0} Real
                          (@RCLike.toDenselyNormedField.{0} Real Real.instRCLike)))))))))
          (@RingHom.id.{0} Real
            (@Semiring.toNonAssocSemiring.{0} Real
              (@DivisionSemiring.toSemiring.{0} Real
                (@Semifield.toDivisionSemiring.{0} Real
                  (@Field.toSemifield.{0} Real
                    (@NormedField.toField.{0} Real
                      (@DenselyNormedField.toNormedField.{0} Real
                        (@RCLike.toDenselyNormedField.{0} Real Real.instRCLike))))))))
          (@DivisionSemiring.toSemiring.{0} Real
            (@Semifield.toDivisionSemiring.{0} Real
              (@Field.toSemifield.{0} Real
                (@NormedField.toField.{0} Real
                  (@DenselyNormedField.toNormedField.{0} Real
                    (@RCLike.toDenselyNormedField.{0} Real Real.instRCLike))))))
          (@WithLp.instModule.{0, 0}
            (@OfNat.ofNat.{0} ENNReal (nat_lit 2)
              (@instOfNatAtLeastTwo.{0} ENNReal (nat_lit 2)
                (@AddMonoidWithOne.toNatCast.{0} ENNReal
                  (@AddCommMonoidWithOne.toAddMonoidWithOne.{0} ENNReal ENNReal.instAddCommMonoidWithOne))
                PiLp.innerProductSpace._proof_1))
            Real ((i : Fin m) → (fun (x : Fin m) => Real) i)
            (@DivisionSemiring.toSemiring.{0} Real
              (@Semifield.toDivisionSemiring.{0} Real
                (@Field.toSemifield.{0} Real
                  (@NormedField.toField.{0} Real
                    (@DenselyNormedField.toNormedField.{0} Real
                      (@RCLike.toDenselyNormedField.{0} Real Real.instRCLike))))))
            (@Pi.addCommGroup.{0, 0} (Fin m) (fun (x : Fin m) => Real) fun (i : Fin m) =>
              @Ring.toAddCommGroup.{0} Real
                (@DivisionRing.toRing.{0} Real
                  (@Field.toDivisionRing.{0} Real
                    (@NormedField.toField.{0} Real
                      (@DenselyNormedField.toNormedField.{0} Real
                        (@RCLike.toDenselyNormedField.{0} Real Real.instRCLike))))))
            (@Pi.Function.module.{0, 0, 0} (Fin m) Real Real
              (@DivisionSemiring.toSemiring.{0} Real
                (@Semifield.toDivisionSemiring.{0} Real
                  (@Field.toSemifield.{0} Real
                    (@NormedField.toField.{0} Real
                      (@DenselyNormedField.toNormedField.{0} Real
                        (@RCLike.toDenselyNormedField.{0} Real Real.instRCLike))))))
              (@Semiring.toAddCommMonoid.{0} Real
                (@Ring.toSemiring.{0} Real
                  (@DivisionRing.toRing.{0} Real
                    (@Field.toDivisionRing.{0} Real
                      (@NormedField.toField.{0} Real
                        (@DenselyNormedField.toNormedField.{0} Real
                          (@RCLike.toDenselyNormedField.{0} Real Real.instRCLike)))))))
              (@Semiring.toModule.{0} Real
                (@DivisionSemiring.toSemiring.{0} Real
                  (@Semifield.toDivisionSemiring.{0} Real
                    (@Field.toSemifield.{0} Real
                      (@NormedField.toField.{0} Real
                        (@DenselyNormedField.toNormedField.{0} Real
                          (@RCLike.toDenselyNormedField.{0} Real Real.instRCLike)))))))))
          (@NLA.KE04.act._proof_2 m)))
      (Matrix.{0, 0, 0} (Fin m) (Fin m) Real)
      (fun (x : Matrix.{0, 0, 0} (Fin m) (Fin m) Real) =>
        @LinearMap.{0, 0, 0, 0} Real Real
          (@DivisionSemiring.toSemiring.{0} Real
            (@Semifield.toDivisionSemiring.{0} Real
              (@Field.toSemifield.{0} Real
                (@NormedField.toField.{0} Real
                  (@DenselyNormedField.toNormedField.{0} Real
                    (@RCLike.toDenselyNormedField.{0} Real Real.instRCLike))))))
          (@DivisionSemiring.toSemiring.{0} Real
            (@Semifield.toDivisionSemiring.{0} Real
              (@Field.toSemifield.{0} Real
                (@NormedField.toField.{0} Real
                  (@DenselyNormedField.toNormedField.{0} Real
                    (@RCLike.toDenselyNormedField.{0} Real Real.instRCLike))))))
          (@RingHom.id.{0} Real
            (@Semiring.toNonAssocSemiring.{0} Real
              (@DivisionSemiring.toSemiring.{0} Real
                (@Semifield.toDivisionSemiring.{0} Real
                  (@Field.toSemifield.{0} Real
                    (@NormedField.toField.{0} Real
                      (@DenselyNormedField.toNormedField.{0} Real
                        (@RCLike.toDenselyNormedField.{0} Real Real.instRCLike))))))))
          (EuclideanSpace.{0, 0} Real (Fin m)) (EuclideanSpace.{0, 0} Real (Fin m))
          (@AddCommGroup.toAddCommMonoid.{0} (EuclideanSpace.{0, 0} Real (Fin m))
            (@WithLp.instAddCommGroup.{0}
              (@OfNat.ofNat.{0} ENNReal (nat_lit 2)
                (@instOfNatAtLeastTwo.{0} ENNReal (nat_lit 2)
                  (@AddMonoidWithOne.toNatCast.{0} ENNReal
                    (@AddCommMonoidWithOne.toAddMonoidWithOne.{0} ENNReal ENNReal.instAddCommMonoidWithOne))
                  PiLp.innerProductSpace._proof_1))
              ((i : Fin m) → (fun (x : Fin m) => Real) i)
              (@Pi.addCommGroup.{0, 0} (Fin m) (fun (x : Fin m) => Real) fun (i : Fin m) =>
                @Ring.toAddCommGroup.{0} Real
                  (@DivisionRing.toRing.{0} Real
                    (@Field.toDivisionRing.{0} Real
                      (@NormedField.toField.{0} Real
                        (@DenselyNormedField.toNormedField.{0} Real
                          (@RCLike.toDenselyNormedField.{0} Real Real.instRCLike))))))))
          (@AddCommGroup.toAddCommMonoid.{0} (EuclideanSpace.{0, 0} Real (Fin m))
            (@WithLp.instAddCommGroup.{0}
              (@OfNat.ofNat.{0} ENNReal (nat_lit 2)
                (@instOfNatAtLeastTwo.{0} ENNReal (nat_lit 2)
                  (@AddMonoidWithOne.toNatCast.{0} ENNReal
                    (@AddCommMonoidWithOne.toAddMonoidWithOne.{0} ENNReal ENNReal.instAddCommMonoidWithOne))
                  PiLp.innerProductSpace._proof_1))
              ((i : Fin m) → (fun (x : Fin m) => Real) i)
              (@Pi.addCommGroup.{0, 0} (Fin m) (fun (x : Fin m) => Real) fun (i : Fin m) =>
                @Ring.toAddCommGroup.{0} Real
                  (@DivisionRing.toRing.{0} Real
                    (@Field.toDivisionRing.{0} Real
                      (@NormedField.toField.{0} Real
                        (@DenselyNormedField.toNormedField.{0} Real
                          (@RCLike.toDenselyNormedField.{0} Real Real.instRCLike))))))))
          (@WithLp.instModule.{0, 0}
            (@OfNat.ofNat.{0} ENNReal (nat_lit 2)
              (@instOfNatAtLeastTwo.{0} ENNReal (nat_lit 2)
                (@AddMonoidWithOne.toNatCast.{0} ENNReal
                  (@AddCommMonoidWithOne.toAddMonoidWithOne.{0} ENNReal ENNReal.instAddCommMonoidWithOne))
                PiLp.innerProductSpace._proof_1))
            Real ((i : Fin m) → (fun (x : Fin m) => Real) i)
            (@DivisionSemiring.toSemiring.{0} Real
              (@Semifield.toDivisionSemiring.{0} Real
                (@Field.toSemifield.{0} Real
                  (@NormedField.toField.{0} Real
                    (@DenselyNormedField.toNormedField.{0} Real
                      (@RCLike.toDenselyNormedField.{0} Real Real.instRCLike))))))
            (@Pi.addCommGroup.{0, 0} (Fin m) (fun (x : Fin m) => Real) fun (i : Fin m) =>
              @Ring.toAddCommGroup.{0} Real
                (@DivisionRing.toRing.{0} Real
                  (@Field.toDivisionRing.{0} Real
                    (@NormedField.toField.{0} Real
                      (@DenselyNormedField.toNormedField.{0} Real
                        (@RCLike.toDenselyNormedField.{0} Real Real.instRCLike))))))
            (@Pi.Function.module.{0, 0, 0} (Fin m) Real Real
              (@DivisionSemiring.toSemiring.{0} Real
                (@Semifield.toDivisionSemiring.{0} Real
                  (@Field.toSemifield.{0} Real
                    (@NormedField.toField.{0} Real
                      (@DenselyNormedField.toNormedField.{0} Real
                        (@RCLike.toDenselyNormedField.{0} Real Real.instRCLike))))))
              (@Semiring.toAddCommMonoid.{0} Real
                (@Ring.toSemiring.{0} Real
                  (@DivisionRing.toRing.{0} Real
                    (@Field.toDivisionRing.{0} Real
                      (@NormedField.toField.{0} Real
                        (@DenselyNormedField.toNormedField.{0} Real
                          (@RCLike.toDenselyNormedField.{0} Real Real.instRCLike)))))))
              (@Semiring.toModule.{0} Real
                (@DivisionSemiring.toSemiring.{0} Real
                  (@Semifield.toDivisionSemiring.{0} Real
                    (@Field.toSemifield.{0} Real
                      (@NormedField.toField.{0} Real
                        (@DenselyNormedField.toNormedField.{0} Real
                          (@RCLike.toDenselyNormedField.{0} Real Real.instRCLike)))))))))
          (@WithLp.instModule.{0, 0}
            (@OfNat.ofNat.{0} ENNReal (nat_lit 2)
              (@instOfNatAtLeastTwo.{0} ENNReal (nat_lit 2)
                (@AddMonoidWithOne.toNatCast.{0} ENNReal
                  (@AddCommMonoidWithOne.toAddMonoidWithOne.{0} ENNReal ENNReal.instAddCommMonoidWithOne))
                PiLp.innerProductSpace._proof_1))
            Real ((i : Fin m) → (fun (x : Fin m) => Real) i)
            (@DivisionSemiring.toSemiring.{0} Real
              (@Semifield.toDivisionSemiring.{0} Real
                (@Field.toSemifield.{0} Real
                  (@NormedField.toField.{0} Real
                    (@DenselyNormedField.toNormedField.{0} Real
                      (@RCLike.toDenselyNormedField.{0} Real Real.instRCLike))))))
            (@Pi.addCommGroup.{0, 0} (Fin m) (fun (x : Fin m) => Real) fun (i : Fin m) =>
              @Ring.toAddCommGroup.{0} Real
                (@DivisionRing.toRing.{0} Real
                  (@Field.toDivisionRing.{0} Real
                    (@NormedField.toField.{0} Real
                      (@DenselyNormedField.toNormedField.{0} Real
                        (@RCLike.toDenselyNormedField.{0} Real Real.instRCLike))))))
            (@Pi.Function.module.{0, 0, 0} (Fin m) Real Real
              (@DivisionSemiring.toSemiring.{0} Real
                (@Semifield.toDivisionSemiring.{0} Real
                  (@Field.toSemifield.{0} Real
                    (@NormedField.toField.{0} Real
                      (@DenselyNormedField.toNormedField.{0} Real
                        (@RCLike.toDenselyNormedField.{0} Real Real.instRCLike))))))
              (@Semiring.toAddCommMonoid.{0} Real
                (@Ring.toSemiring.{0} Real
                  (@DivisionRing.toRing.{0} Real
                    (@Field.toDivisionRing.{0} Real
                      (@NormedField.toField.{0} Real
                        (@DenselyNormedField.toNormedField.{0} Real
                          (@RCLike.toDenselyNormedField.{0} Real Real.instRCLike)))))))
              (@Semiring.toModule.{0} Real
                (@DivisionSemiring.toSemiring.{0} Real
                  (@Semifield.toDivisionSemiring.{0} Real
                    (@Field.toSemifield.{0} Real
                      (@NormedField.toField.{0} Real
                        (@DenselyNormedField.toNormedField.{0} Real
                          (@RCLike.toDenselyNormedField.{0} Real Real.instRCLike))))))))))
      (@EquivLike.toFunLike.{1, 1, 1}
        (@LinearEquiv.{0, 0, 0, 0} Real Real
          (@DivisionSemiring.toSemiring.{0} Real
            (@Semifield.toDivisionSemiring.{0} Real
              (@Field.toSemifield.{0} Real
                (@NormedField.toField.{0} Real
                  (@DenselyNormedField.toNormedField.{0} Real
                    (@RCLike.toDenselyNormedField.{0} Real Real.instRCLike))))))
          (@DivisionSemiring.toSemiring.{0} Real
            (@Semifield.toDivisionSemiring.{0} Real
              (@Field.toSemifield.{0} Real
                (@NormedField.toField.{0} Real
                  (@DenselyNormedField.toNormedField.{0} Real
                    (@RCLike.toDenselyNormedField.{0} Real Real.instRCLike))))))
          (@RingHom.id.{0} Real
            (@Semiring.toNonAssocSemiring.{0} Real
              (@DivisionSemiring.toSemiring.{0} Real
                (@Semifield.toDivisionSemiring.{0} Real
                  (@Field.toSemifield.{0} Real
                    (@NormedField.toField.{0} Real
                      (@DenselyNormedField.toNormedField.{0} Real
                        (@RCLike.toDenselyNormedField.{0} Real Real.instRCLike))))))))
          (@RingHom.id.{0} Real
            (@Semiring.toNonAssocSemiring.{0} Real
              (@DivisionSemiring.toSemiring.{0} Real
                (@Semifield.toDivisionSemiring.{0} Real
                  (@Field.toSemifield.{0} Real
                    (@NormedField.toField.{0} Real
                      (@DenselyNormedField.toNormedField.{0} Real
                        (@RCLike.toDenselyNormedField.{0} Real Real.instRCLike))))))))
          NLA.KE04.act._proof_1 NLA.KE04.act._proof_1 (Matrix.{0, 0, 0} (Fin m) (Fin m) Real)
          (@LinearMap.{0, 0, 0, 0} Real Real
            (@DivisionSemiring.toSemiring.{0} Real
              (@Semifield.toDivisionSemiring.{0} Real
                (@Field.toSemifield.{0} Real
                  (@NormedField.toField.{0} Real
                    (@DenselyNormedField.toNormedField.{0} Real
                      (@RCLike.toDenselyNormedField.{0} Real Real.instRCLike))))))
            (@DivisionSemiring.toSemiring.{0} Real
              (@Semifield.toDivisionSemiring.{0} Real
                (@Field.toSemifield.{0} Real
                  (@NormedField.toField.{0} Real
                    (@DenselyNormedField.toNormedField.{0} Real
                      (@RCLike.toDenselyNormedField.{0} Real Real.instRCLike))))))
            (@RingHom.id.{0} Real
              (@Semiring.toNonAssocSemiring.{0} Real
                (@DivisionSemiring.toSemiring.{0} Real
                  (@Semifield.toDivisionSemiring.{0} Real
                    (@Field.toSemifield.{0} Real
                      (@NormedField.toField.{0} Real
                        (@DenselyNormedField.toNormedField.{0} Real
                          (@RCLike.toDenselyNormedField.{0} Real Real.instRCLike))))))))
            (EuclideanSpace.{0, 0} Real (Fin m)) (EuclideanSpace.{0, 0} Real (Fin m))
            (@AddCommGroup.toAddCommMonoid.{0} (EuclideanSpace.{0, 0} Real (Fin m))
              (@WithLp.instAddCommGroup.{0}
                (@OfNat.ofNat.{0} ENNReal (nat_lit 2)
                  (@instOfNatAtLeastTwo.{0} ENNReal (nat_lit 2)
                    (@AddMonoidWithOne.toNatCast.{0} ENNReal
                      (@AddCommMonoidWithOne.toAddMonoidWithOne.{0} ENNReal ENNReal.instAddCommMonoidWithOne))
                    PiLp.innerProductSpace._proof_1))
                ((i : Fin m) → (fun (x : Fin m) => Real) i)
                (@Pi.addCommGroup.{0, 0} (Fin m) (fun (x : Fin m) => Real) fun (i : Fin m) =>
                  @Ring.toAddCommGroup.{0} Real
                    (@DivisionRing.toRing.{0} Real
                      (@Field.toDivisionRing.{0} Real
                        (@NormedField.toField.{0} Real
                          (@DenselyNormedField.toNormedField.{0} Real
                            (@RCLike.toDenselyNormedField.{0} Real Real.instRCLike))))))))
            (@AddCommGroup.toAddCommMonoid.{0} (EuclideanSpace.{0, 0} Real (Fin m))
              (@WithLp.instAddCommGroup.{0}
                (@OfNat.ofNat.{0} ENNReal (nat_lit 2)
                  (@instOfNatAtLeastTwo.{0} ENNReal (nat_lit 2)
                    (@AddMonoidWithOne.toNatCast.{0} ENNReal
                      (@AddCommMonoidWithOne.toAddMonoidWithOne.{0} ENNReal ENNReal.instAddCommMonoidWithOne))
                    PiLp.innerProductSpace._proof_1))
                ((i : Fin m) → (fun (x : Fin m) => Real) i)
                (@Pi.addCommGroup.{0, 0} (Fin m) (fun (x : Fin m) => Real) fun (i : Fin m) =>
                  @Ring.toAddCommGroup.{0} Real
                    (@DivisionRing.toRing.{0} Real
                      (@Field.toDivisionRing.{0} Real
                        (@NormedField.toField.{0} Real
                          (@DenselyNormedField.toNormedField.{0} Real
                            (@RCLike.toDenselyNormedField.{0} Real Real.instRCLike))))))))
            (@WithLp.instModule.{0, 0}
              (@OfNat.ofNat.{0} ENNReal (nat_lit 2)
                (@instOfNatAtLeastTwo.{0} ENNReal (nat_lit 2)
                  (@AddMonoidWithOne.toNatCast.{0} ENNReal
                    (@AddCommMonoidWithOne.toAddMonoidWithOne.{0} ENNReal ENNReal.instAddCommMonoidWithOne))
                  PiLp.innerProductSpace._proof_1))
              Real ((i : Fin m) → (fun (x : Fin m) => Real) i)
              (@DivisionSemiring.toSemiring.{0} Real
                (@Semifield.toDivisionSemiring.{0} Real
                  (@Field.toSemifield.{0} Real
                    (@NormedField.toField.{0} Real
                      (@DenselyNormedField.toNormedField.{0} Real
                        (@RCLike.toDenselyNormedField.{0} Real Real.instRCLike))))))
              (@Pi.addCommGroup.{0, 0} (Fin m) (fun (x : Fin m) => Real) fun (i : Fin m) =>
                @Ring.toAddCommGroup.{0} Real
                  (@DivisionRing.toRing.{0} Real
                    (@Field.toDivisionRing.{0} Real
                      (@NormedField.toField.{0} Real
                        (@DenselyNormedField.toNormedField.{0} Real
                          (@RCLike.toDenselyNormedField.{0} Real Real.instRCLike))))))
              (@Pi.Function.module.{0, 0, 0} (Fin m) Real Real
                (@DivisionSemiring.toSemiring.{0} Real
                  (@Semifield.toDivisionSemiring.{0} Real
                    (@Field.toSemifield.{0} Real
                      (@NormedField.toField.{0} Real
                        (@DenselyNormedField.toNormedField.{0} Real
                          (@RCLike.toDenselyNormedField.{0} Real Real.instRCLike))))))
                (@Semiring.toAddCommMonoid.{0} Real
                  (@Ring.toSemiring.{0} Real
                    (@DivisionRing.toRing.{0} Real
                      (@Field.toDivisionRing.{0} Real
                        (@NormedField.toField.{0} Real
                          (@DenselyNormedField.toNormedField.{0} Real
                            (@RCLike.toDenselyNormedField.{0} Real Real.instRCLike)))))))
                (@Semiring.toModule.{0} Real
                  (@DivisionSemiring.toSemiring.{0} Real
                    (@Semifield.toDivisionSemiring.{0} Real
                      (@Field.toSemifield.{0} Real
                        (@NormedField.toField.{0} Real
                          (@DenselyNormedField.toNormedField.{0} Real
                            (@RCLike.toDenselyNormedField.{0} Real Real.instRCLike)))))))))
            (@WithLp.instModule.{0, 0}
              (@OfNat.ofNat.{0} ENNReal (nat_lit 2)
                (@instOfNatAtLeastTwo.{0} ENNReal (nat_lit 2)
                  (@AddMonoidWithOne.toNatCast.{0} ENNReal
                    (@AddCommMonoidWithOne.toAddMonoidWithOne.{0} ENNReal ENNReal.instAddCommMonoidWithOne))
                  PiLp.innerProductSpace._proof_1))
              Real ((i : Fin m) → (fun (x : Fin m) => Real) i)
              (@DivisionSemiring.toSemiring.{0} Real
                (@Semifield.toDivisionSemiring.{0} Real
                  (@Field.toSemifield.{0} Real
                    (@NormedField.toField.{0} Real
                      (@DenselyNormedField.toNormedField.{0} Real
                        (@RCLike.toDenselyNormedField.{0} Real Real.instRCLike))))))
              (@Pi.addCommGroup.{0, 0} (Fin m) (fun (x : Fin m) => Real) fun (i : Fin m) =>
                @Ring.toAddCommGroup.{0} Real
                  (@DivisionRing.toRing.{0} Real
                    (@Field.toDivisionRing.{0} Real
                      (@NormedField.toField.{0} Real
                        (@DenselyNormedField.toNormedField.{0} Real
                          (@RCLike.toDenselyNormedField.{0} Real Real.instRCLike))))))
              (@Pi.Function.module.{0, 0, 0} (Fin m) Real Real
                (@DivisionSemiring.toSemiring.{0} Real
                  (@Semifield.toDivisionSemiring.{0} Real
                    (@Field.toSemifield.{0} Real
                      (@NormedField.toField.{0} Real
                        (@DenselyNormedField.toNormedField.{0} Real
                          (@RCLike.toDenselyNormedField.{0} Real Real.instRCLike))))))
                (@Semiring.toAddCommMonoid.{0} Real
                  (@Ring.toSemiring.{0} Real
                    (@DivisionRing.toRing.{0} Real
                      (@Field.toDivisionRing.{0} Real
                        (@NormedField.toField.{0} Real
                          (@DenselyNormedField.toNormedField.{0} Real
                            (@RCLike.toDenselyNormedField.{0} Real Real.instRCLike)))))))
                (@Semiring.toModule.{0} Real
                  (@DivisionSemiring.toSemiring.{0} Real
                    (@Semifield.toDivisionSemiring.{0} Real
                      (@Field.toSemifield.{0} Real
                        (@NormedField.toField.{0} Real
                          (@DenselyNormedField.toNormedField.{0} Real
                            (@RCLike.toDenselyNormedField.{0} Real Real.instRCLike))))))))))
          (@Matrix.addCommMonoid.{0, 0, 0} (Fin m) (Fin m) Real
            (@Semiring.toAddCommMonoid.{0} Real
              (@DivisionSemiring.toSemiring.{0} Real
                (@Semifield.toDivisionSemiring.{0} Real
                  (@Field.toSemifield.{0} Real
                    (@NormedField.toField.{0} Real
                      (@DenselyNormedField.toNormedField.{0} Real
                        (@RCLike.toDenselyNormedField.{0} Real Real.instRCLike))))))))
          (@LinearMap.addCommMonoid.{0, 0, 0, 0} Real Real (EuclideanSpace.{0, 0} Real (Fin m))
            (EuclideanSpace.{0, 0} Real (Fin m))
            (@DivisionSemiring.toSemiring.{0} Real
              (@Semifield.toDivisionSemiring.{0} Real
                (@Field.toSemifield.{0} Real
                  (@NormedField.toField.{0} Real
                    (@DenselyNormedField.toNormedField.{0} Real
                      (@RCLike.toDenselyNormedField.{0} Real Real.instRCLike))))))
            (@DivisionSemiring.toSemiring.{0} Real
              (@Semifield.toDivisionSemiring.{0} Real
                (@Field.toSemifield.{0} Real
                  (@NormedField.toField.{0} Real
                    (@DenselyNormedField.toNormedField.{0} Real
                      (@RCLike.toDenselyNormedField.{0} Real Real.instRCLike))))))
            (@AddCommGroup.toAddCommMonoid.{0} (EuclideanSpace.{0, 0} Real (Fin m))
              (@WithLp.instAddCommGroup.{0}
                (@OfNat.ofNat.{0} ENNReal (nat_lit 2)
                  (@instOfNatAtLeastTwo.{0} ENNReal (nat_lit 2)
                    (@AddMonoidWithOne.toNatCast.{0} ENNReal
                      (@AddCommMonoidWithOne.toAddMonoidWithOne.{0} ENNReal ENNReal.instAddCommMonoidWithOne))
                    PiLp.innerProductSpace._proof_1))
                ((i : Fin m) → (fun (x : Fin m) => Real) i)
                (@Pi.addCommGroup.{0, 0} (Fin m) (fun (x : Fin m) => Real) fun (i : Fin m) =>
                  @Ring.toAddCommGroup.{0} Real
                    (@DivisionRing.toRing.{0} Real
                      (@Field.toDivisionRing.{0} Real
                        (@NormedField.toField.{0} Real
                          (@DenselyNormedField.toNormedField.{0} Real
                            (@RCLike.toDenselyNormedField.{0} Real Real.instRCLike))))))))
            (@AddCommGroup.toAddCommMonoid.{0} (EuclideanSpace.{0, 0} Real (Fin m))
              (@WithLp.instAddCommGroup.{0}
                (@OfNat.ofNat.{0} ENNReal (nat_lit 2)
                  (@instOfNatAtLeastTwo.{0} ENNReal (nat_lit 2)
                    (@AddMonoidWithOne.toNatCast.{0} ENNReal
                      (@AddCommMonoidWithOne.toAddMonoidWithOne.{0} ENNReal ENNReal.instAddCommMonoidWithOne))
                    PiLp.innerProductSpace._proof_1))
                ((i : Fin m) → (fun (x : Fin m) => Real) i)
                (@Pi.addCommGroup.{0, 0} (Fin m) (fun (x : Fin m) => Real) fun (i : Fin m) =>
                  @Ring.toAddCommGroup.{0} Real
                    (@DivisionRing.toRing.{0} Real
                      (@Field.toDivisionRing.{0} Real
                        (@NormedField.toField.{0} Real
                          (@DenselyNormedField.toNormedField.{0} Real
                            (@RCLike.toDenselyNormedField.{0} Real Real.instRCLike))))))))
            (@WithLp.instModule.{0, 0}
              (@OfNat.ofNat.{0} ENNReal (nat_lit 2)
                (@instOfNatAtLeastTwo.{0} ENNReal (nat_lit 2)
                  (@AddMonoidWithOne.toNatCast.{0} ENNReal
                    (@AddCommMonoidWithOne.toAddMonoidWithOne.{0} ENNReal ENNReal.instAddCommMonoidWithOne))
                  PiLp.innerProductSpace._proof_1))
              Real ((i : Fin m) → (fun (x : Fin m) => Real) i)
              (@DivisionSemiring.toSemiring.{0} Real
                (@Semifield.toDivisionSemiring.{0} Real
                  (@Field.toSemifield.{0} Real
                    (@NormedField.toField.{0} Real
                      (@DenselyNormedField.toNormedField.{0} Real
                        (@RCLike.toDenselyNormedField.{0} Real Real.instRCLike))))))
              (@Pi.addCommGroup.{0, 0} (Fin m) (fun (x : Fin m) => Real) fun (i : Fin m) =>
                @Ring.toAddCommGroup.{0} Real
                  (@DivisionRing.toRing.{0} Real
                    (@Field.toDivisionRing.{0} Real
                      (@NormedField.toField.{0} Real
                        (@DenselyNormedField.toNormedField.{0} Real
                          (@RCLike.toDenselyNormedField.{0} Real Real.instRCLike))))))
              (@Pi.Function.module.{0, 0, 0} (Fin m) Real Real
                (@DivisionSemiring.toSemiring.{0} Real
                  (@Semifield.toDivisionSemiring.{0} Real
                    (@Field.toSemifield.{0} Real
                      (@NormedField.toField.{0} Real
                        (@DenselyNormedField.toNormedField.{0} Real
                          (@RCLike.toDenselyNormedField.{0} Real Real.instRCLike))))))
                (@Semiring.toAddCommMonoid.{0} Real
                  (@Ring.toSemiring.{0} Real
                    (@DivisionRing.toRing.{0} Real
                      (@Field.toDivisionRing.{0} Real
                        (@NormedField.toField.{0} Real
                          (@DenselyNormedField.toNormedField.{0} Real
                            (@RCLike.toDenselyNormedField.{0} Real Real.instRCLike)))))))
                (@Semiring.toModule.{0} Real
                  (@DivisionSemiring.toSemiring.{0} Real
                    (@Semifield.toDivisionSemiring.{0} Real
                      (@Field.toSemifield.{0} Real
                        (@NormedField.toField.{0} Real
                          (@DenselyNormedField.toNormedField.{0} Real
                            (@RCLike.toDenselyNormedField.{0} Real Real.instRCLike)))))))))
            (@WithLp.instModule.{0, 0}
              (@OfNat.ofNat.{0} ENNReal (nat_lit 2)
                (@instOfNatAtLeastTwo.{0} ENNReal (nat_lit 2)
                  (@AddMonoidWithOne.toNatCast.{0} ENNReal
                    (@AddCommMonoidWithOne.toAddMonoidWithOne.{0} ENNReal ENNReal.instAddCommMonoidWithOne))
                  PiLp.innerProductSpace._proof_1))
              Real ((i : Fin m) → (fun (x : Fin m) => Real) i)
              (@DivisionSemiring.toSemiring.{0} Real
                (@Semifield.toDivisionSemiring.{0} Real
                  (@Field.toSemifield.{0} Real
                    (@NormedField.toField.{0} Real
                      (@DenselyNormedField.toNormedField.{0} Real
                        (@RCLike.toDenselyNormedField.{0} Real Real.instRCLike))))))
              (@Pi.addCommGroup.{0, 0} (Fin m) (fun (x : Fin m) => Real) fun (i : Fin m) =>
                @Ring.toAddCommGroup.{0} Real
                  (@DivisionRing.toRing.{0} Real
                    (@Field.toDivisionRing.{0} Real
                      (@NormedField.toField.{0} Real
                        (@DenselyNormedField.toNormedField.{0} Real
                          (@RCLike.toDenselyNormedField.{0} Real Real.instRCLike))))))
              (@Pi.Function.module.{0, 0, 0} (Fin m) Real Real
                (@DivisionSemiring.toSemiring.{0} Real
                  (@Semifield.toDivisionSemiring.{0} Real
                    (@Field.toSemifield.{0} Real
                      (@NormedField.toField.{0} Real
                        (@DenselyNormedField.toNormedField.{0} Real
                          (@RCLike.toDenselyNormedField.{0} Real Real.instRCLike))))))
                (@Semiring.toAddCommMonoid.{0} Real
                  (@Ring.toSemiring.{0} Real
                    (@DivisionRing.toRing.{0} Real
                      (@Field.toDivisionRing.{0} Real
                        (@NormedField.toField.{0} Real
                          (@DenselyNormedField.toNormedField.{0} Real
                            (@RCLike.toDenselyNormedField.{0} Real Real.instRCLike)))))))
                (@Semiring.toModule.{0} Real
                  (@DivisionSemiring.toSemiring.{0} Real
                    (@Semifield.toDivisionSemiring.{0} Real
                      (@Field.toSemifield.{0} Real
                        (@NormedField.toField.{0} Real
                          (@DenselyNormedField.toNormedField.{0} Real
                            (@RCLike.toDenselyNormedField.{0} Real Real.instRCLike)))))))))
            (@RingHom.id.{0} Real
              (@Semiring.toNonAssocSemiring.{0} Real
                (@DivisionSemiring.toSemiring.{0} Real
                  (@Semifield.toDivisionSemiring.{0} Real
                    (@Field.toSemifield.{0} Real
                      (@NormedField.toField.{0} Real
                        (@DenselyNormedField.toNormedField.{0} Real
                          (@RCLike.toDenselyNormedField.{0} Real Real.instRCLike)))))))))
          (@Matrix.module.{0, 0, 0, 0} (Fin m) (Fin m) Real Real
            (@DivisionSemiring.toSemiring.{0} Real
              (@Semifield.toDivisionSemiring.{0} Real
                (@Field.toSemifield.{0} Real
                  (@NormedField.toField.{0} Real
                    (@DenselyNormedField.toNormedField.{0} Real
                      (@RCLike.toDenselyNormedField.{0} Real Real.instRCLike))))))
            (@Semiring.toAddCommMonoid.{0} Real
              (@DivisionSemiring.toSemiring.{0} Real
                (@Semifield.toDivisionSemiring.{0} Real
                  (@Field.toSemifield.{0} Real
                    (@NormedField.toField.{0} Real
                      (@DenselyNormedField.toNormedField.{0} Real
                        (@RCLike.toDenselyNormedField.{0} Real Real.instRCLike)))))))
            (@Semiring.toModule.{0} Real
              (@DivisionSemiring.toSemiring.{0} Real
                (@Semifield.toDivisionSemiring.{0} Real
                  (@Field.toSemifield.{0} Real
                    (@NormedField.toField.{0} Real
                      (@DenselyNormedField.toNormedField.{0} Real
                        (@RCLike.toDenselyNormedField.{0} Real Real.instRCLike))))))))
          (@LinearMap.module.{0, 0, 0, 0, 0} Real Real Real (EuclideanSpace.{0, 0} Real (Fin m))
            (EuclideanSpace.{0, 0} Real (Fin m))
            (@DivisionSemiring.toSemiring.{0} Real
              (@Semifield.toDivisionSemiring.{0} Real
                (@Field.toSemifield.{0} Real
                  (@NormedField.toField.{0} Real
                    (@DenselyNormedField.toNormedField.{0} Real
                      (@RCLike.toDenselyNormedField.{0} Real Real.instRCLike))))))
            (@DivisionSemiring.toSemiring.{0} Real
              (@Semifield.toDivisionSemiring.{0} Real
                (@Field.toSemifield.{0} Real
                  (@NormedField.toField.{0} Real
                    (@DenselyNormedField.toNormedField.{0} Real
                      (@RCLike.toDenselyNormedField.{0} Real Real.instRCLike))))))
            (@AddCommGroup.toAddCommMonoid.{0} (EuclideanSpace.{0, 0} Real (Fin m))
              (@WithLp.instAddCommGroup.{0}
                (@OfNat.ofNat.{0} ENNReal (nat_lit 2)
                  (@instOfNatAtLeastTwo.{0} ENNReal (nat_lit 2)
                    (@AddMonoidWithOne.toNatCast.{0} ENNReal
                      (@AddCommMonoidWithOne.toAddMonoidWithOne.{0} ENNReal ENNReal.instAddCommMonoidWithOne))
                    PiLp.innerProductSpace._proof_1))
                ((i : Fin m) → (fun (x : Fin m) => Real) i)
                (@Pi.addCommGroup.{0, 0} (Fin m) (fun (x : Fin m) => Real) fun (i : Fin m) =>
                  @Ring.toAddCommGroup.{0} Real
                    (@DivisionRing.toRing.{0} Real
                      (@Field.toDivisionRing.{0} Real
                        (@NormedField.toField.{0} Real
                          (@DenselyNormedField.toNormedField.{0} Real
                            (@RCLike.toDenselyNormedField.{0} Real Real.instRCLike))))))))
            (@AddCommGroup.toAddCommMonoid.{0} (EuclideanSpace.{0, 0} Real (Fin m))
              (@WithLp.instAddCommGroup.{0}
                (@OfNat.ofNat.{0} ENNReal (nat_lit 2)
                  (@instOfNatAtLeastTwo.{0} ENNReal (nat_lit 2)
                    (@AddMonoidWithOne.toNatCast.{0} ENNReal
                      (@AddCommMonoidWithOne.toAddMonoidWithOne.{0} ENNReal ENNReal.instAddCommMonoidWithOne))
                    PiLp.innerProductSpace._proof_1))
                ((i : Fin m) → (fun (x : Fin m) => Real) i)
                (@Pi.addCommGroup.{0, 0} (Fin m) (fun (x : Fin m) => Real) fun (i : Fin m) =>
                  @Ring.toAddCommGroup.{0} Real
                    (@DivisionRing.toRing.{0} Real
                      (@Field.toDivisionRing.{0} Real
                        (@NormedField.toField.{0} Real
                          (@DenselyNormedField.toNormedField.{0} Real
                            (@RCLike.toDenselyNormedField.{0} Real Real.instRCLike))))))))
            (@WithLp.instModule.{0, 0}
              (@OfNat.ofNat.{0} ENNReal (nat_lit 2)
                (@instOfNatAtLeastTwo.{0} ENNReal (nat_lit 2)
                  (@AddMonoidWithOne.toNatCast.{0} ENNReal
                    (@AddCommMonoidWithOne.toAddMonoidWithOne.{0} ENNReal ENNReal.instAddCommMonoidWithOne))
                  PiLp.innerProductSpace._proof_1))
              Real ((i : Fin m) → (fun (x : Fin m) => Real) i)
              (@DivisionSemiring.toSemiring.{0} Real
                (@Semifield.toDivisionSemiring.{0} Real
                  (@Field.toSemifield.{0} Real
                    (@NormedField.toField.{0} Real
                      (@DenselyNormedField.toNormedField.{0} Real
                        (@RCLike.toDenselyNormedField.{0} Real Real.instRCLike))))))
              (@Pi.addCommGroup.{0, 0} (Fin m) (fun (x : Fin m) => Real) fun (i : Fin m) =>
                @Ring.toAddCommGroup.{0} Real
                  (@DivisionRing.toRing.{0} Real
                    (@Field.toDivisionRing.{0} Real
                      (@NormedField.toField.{0} Real
                        (@DenselyNormedField.toNormedField.{0} Real
                          (@RCLike.toDenselyNormedField.{0} Real Real.instRCLike))))))
              (@Pi.Function.module.{0, 0, 0} (Fin m) Real Real
                (@DivisionSemiring.toSemiring.{0} Real
                  (@Semifield.toDivisionSemiring.{0} Real
                    (@Field.toSemifield.{0} Real
                      (@NormedField.toField.{0} Real
                        (@DenselyNormedField.toNormedField.{0} Real
                          (@RCLike.toDenselyNormedField.{0} Real Real.instRCLike))))))
                (@Semiring.toAddCommMonoid.{0} Real
                  (@Ring.toSemiring.{0} Real
                    (@DivisionRing.toRing.{0} Real
                      (@Field.toDivisionRing.{0} Real
                        (@NormedField.toField.{0} Real
                          (@DenselyNormedField.toNormedField.{0} Real
                            (@RCLike.toDenselyNormedField.{0} Real Real.instRCLike)))))))
                (@Semiring.toModule.{0} Real
                  (@DivisionSemiring.toSemiring.{0} Real
                    (@Semifield.toDivisionSemiring.{0} Real
                      (@Field.toSemifield.{0} Real
                        (@NormedField.toField.{0} Real
                          (@DenselyNormedField.toNormedField.{0} Real
                            (@RCLike.toDenselyNormedField.{0} Real Real.instRCLike)))))))))
            (@WithLp.instModule.{0, 0}
              (@OfNat.ofNat.{0} ENNReal (nat_lit 2)
                (@instOfNatAtLeastTwo.{0} ENNReal (nat_lit 2)
                  (@AddMonoidWithOne.toNatCast.{0} ENNReal
                    (@AddCommMonoidWithOne.toAddMonoidWithOne.{0} ENNReal ENNReal.instAddCommMonoidWithOne))
                  PiLp.innerProductSpace._proof_1))
              Real ((i : Fin m) → (fun (x : Fin m) => Real) i)
              (@DivisionSemiring.toSemiring.{0} Real
                (@Semifield.toDivisionSemiring.{0} Real
                  (@Field.toSemifield.{0} Real
                    (@NormedField.toField.{0} Real
                      (@DenselyNormedField.toNormedField.{0} Real
                        (@RCLike.toDenselyNormedField.{0} Real Real.instRCLike))))))
              (@Pi.addCommGroup.{0, 0} (Fin m) (fun (x : Fin m) => Real) fun (i : Fin m) =>
                @Ring.toAddCommGroup.{0} Real
                  (@DivisionRing.toRing.{0} Real
                    (@Field.toDivisionRing.{0} Real
                      (@NormedField.toField.{0} Real
                        (@DenselyNormedField.toNormedField.{0} Real
                          (@RCLike.toDenselyNormedField.{0} Real Real.instRCLike))))))
              (@Pi.Function.module.{0, 0, 0} (Fin m) Real Real
                (@DivisionSemiring.toSemiring.{0} Real
                  (@Semifield.toDivisionSemiring.{0} Real
                    (@Field.toSemifield.{0} Real
                      (@NormedField.toField.{0} Real
                        (@DenselyNormedField.toNormedField.{0} Real
                          (@RCLike.toDenselyNormedField.{0} Real Real.instRCLike))))))
                (@Semiring.toAddCommMonoid.{0} Real
                  (@Ring.toSemiring.{0} Real
                    (@DivisionRing.toRing.{0} Real
                      (@Field.toDivisionRing.{0} Real
                        (@NormedField.toField.{0} Real
                          (@DenselyNormedField.toNormedField.{0} Real
                            (@RCLike.toDenselyNormedField.{0} Real Real.instRCLike)))))))
                (@Semiring.toModule.{0} Real
                  (@DivisionSemiring.toSemiring.{0} Real
                    (@Semifield.toDivisionSemiring.{0} Real
                      (@Field.toSemifield.{0} Real
                        (@NormedField.toField.{0} Real
                          (@DenselyNormedField.toNormedField.{0} Real
                            (@RCLike.toDenselyNormedField.{0} Real Real.instRCLike)))))))))
            (@RingHom.id.{0} Real
              (@Semiring.toNonAssocSemiring.{0} Real
                (@DivisionSemiring.toSemiring.{0} Real
                  (@Semifield.toDivisionSemiring.{0} Real
                    (@Field.toSemifield.{0} Real
                      (@NormedField.toField.{0} Real
                        (@DenselyNormedField.toNormedField.{0} Real
                          (@RCLike.toDenselyNormedField.{0} Real Real.instRCLike))))))))
            (@DivisionSemiring.toSemiring.{0} Real
              (@Semifield.toDivisionSemiring.{0} Real
                (@Field.toSemifield.{0} Real
                  (@NormedField.toField.{0} Real
                    (@DenselyNormedField.toNormedField.{0} Real
                      (@RCLike.toDenselyNormedField.{0} Real Real.instRCLike))))))
            (@WithLp.instModule.{0, 0}
              (@OfNat.ofNat.{0} ENNReal (nat_lit 2)
                (@instOfNatAtLeastTwo.{0} ENNReal (nat_lit 2)
                  (@AddMonoidWithOne.toNatCast.{0} ENNReal
                    (@AddCommMonoidWithOne.toAddMonoidWithOne.{0} ENNReal ENNReal.instAddCommMonoidWithOne))
                  PiLp.innerProductSpace._proof_1))
              Real ((i : Fin m) → (fun (x : Fin m) => Real) i)
              (@DivisionSemiring.toSemiring.{0} Real
                (@Semifield.toDivisionSemiring.{0} Real
                  (@Field.toSemifield.{0} Real
                    (@NormedField.toField.{0} Real
                      (@DenselyNormedField.toNormedField.{0} Real
                        (@RCLike.toDenselyNormedField.{0} Real Real.instRCLike))))))
              (@Pi.addCommGroup.{0, 0} (Fin m) (fun (x : Fin m) => Real) fun (i : Fin m) =>
                @Ring.toAddCommGroup.{0} Real
                  (@DivisionRing.toRing.{0} Real
                    (@Field.toDivisionRing.{0} Real
                      (@NormedField.toField.{0} Real
                        (@DenselyNormedField.toNormedField.{0} Real
                          (@RCLike.toDenselyNormedField.{0} Real Real.instRCLike))))))
              (@Pi.Function.module.{0, 0, 0} (Fin m) Real Real
                (@DivisionSemiring.toSemiring.{0} Real
                  (@Semifield.toDivisionSemiring.{0} Real
                    (@Field.toSemifield.{0} Real
                      (@NormedField.toField.{0} Real
                        (@DenselyNormedField.toNormedField.{0} Real
                          (@RCLike.toDenselyNormedField.{0} Real Real.instRCLike))))))
                (@Semiring.toAddCommMonoid.{0} Real
                  (@Ring.toSemiring.{0} Real
                    (@DivisionRing.toRing.{0} Real
                      (@Field.toDivisionRing.{0} Real
                        (@NormedField.toField.{0} Real
                          (@DenselyNormedField.toNormedField.{0} Real
                            (@RCLike.toDenselyNormedField.{0} Real Real.instRCLike)))))))
                (@Semiring.toModule.{0} Real
                  (@DivisionSemiring.toSemiring.{0} Real
                    (@Semifield.toDivisionSemiring.{0} Real
                      (@Field.toSemifield.{0} Real
                        (@NormedField.toField.{0} Real
                          (@DenselyNormedField.toNormedField.{0} Real
                            (@RCLike.toDenselyNormedField.{0} Real Real.instRCLike)))))))))
            (@NLA.KE04.act._proof_2 m)))
        (Matrix.{0, 0, 0} (Fin m) (Fin m) Real)
        (@LinearMap.{0, 0, 0, 0} Real Real
          (@DivisionSemiring.toSemiring.{0} Real
            (@Semifield.toDivisionSemiring.{0} Real
              (@Field.toSemifield.{0} Real
                (@NormedField.toField.{0} Real
                  (@DenselyNormedField.toNormedField.{0} Real
                    (@RCLike.toDenselyNormedField.{0} Real Real.instRCLike))))))
          (@DivisionSemiring.toSemiring.{0} Real
            (@Semifield.toDivisionSemiring.{0} Real
              (@Field.toSemifield.{0} Real
                (@NormedField.toField.{0} Real
                  (@DenselyNormedField.toNormedField.{0} Real
                    (@RCLike.toDenselyNormedField.{0} Real Real.instRCLike))))))
          (@RingHom.id.{0} Real
            (@Semiring.toNonAssocSemiring.{0} Real
              (@DivisionSemiring.toSemiring.{0} Real
                (@Semifield.toDivisionSemiring.{0} Real
                  (@Field.toSemifield.{0} Real
                    (@NormedField.toField.{0} Real
                      (@DenselyNormedField.toNormedField.{0} Real
                        (@RCLike.toDenselyNormedField.{0} Real Real.instRCLike))))))))
          (EuclideanSpace.{0, 0} Real (Fin m)) (EuclideanSpace.{0, 0} Real (Fin m))
          (@AddCommGroup.toAddCommMonoid.{0} (EuclideanSpace.{0, 0} Real (Fin m))
            (@WithLp.instAddCommGroup.{0}
              (@OfNat.ofNat.{0} ENNReal (nat_lit 2)
                (@instOfNatAtLeastTwo.{0} ENNReal (nat_lit 2)
                  (@AddMonoidWithOne.toNatCast.{0} ENNReal
                    (@AddCommMonoidWithOne.toAddMonoidWithOne.{0} ENNReal ENNReal.instAddCommMonoidWithOne))
                  PiLp.innerProductSpace._proof_1))
              ((i : Fin m) → (fun (x : Fin m) => Real) i)
              (@Pi.addCommGroup.{0, 0} (Fin m) (fun (x : Fin m) => Real) fun (i : Fin m) =>
                @Ring.toAddCommGroup.{0} Real
                  (@DivisionRing.toRing.{0} Real
                    (@Field.toDivisionRing.{0} Real
                      (@NormedField.toField.{0} Real
                        (@DenselyNormedField.toNormedField.{0} Real
                          (@RCLike.toDenselyNormedField.{0} Real Real.instRCLike))))))))
          (@AddCommGroup.toAddCommMonoid.{0} (EuclideanSpace.{0, 0} Real (Fin m))
            (@WithLp.instAddCommGroup.{0}
              (@OfNat.ofNat.{0} ENNReal (nat_lit 2)
                (@instOfNatAtLeastTwo.{0} ENNReal (nat_lit 2)
                  (@AddMonoidWithOne.toNatCast.{0} ENNReal
                    (@AddCommMonoidWithOne.toAddMonoidWithOne.{0} ENNReal ENNReal.instAddCommMonoidWithOne))
                  PiLp.innerProductSpace._proof_1))
              ((i : Fin m) → (fun (x : Fin m) => Real) i)
              (@Pi.addCommGroup.{0, 0} (Fin m) (fun (x : Fin m) => Real) fun (i : Fin m) =>
                @Ring.toAddCommGroup.{0} Real
                  (@DivisionRing.toRing.{0} Real
                    (@Field.toDivisionRing.{0} Real
                      (@NormedField.toField.{0} Real
                        (@DenselyNormedField.toNormedField.{0} Real
                          (@RCLike.toDenselyNormedField.{0} Real Real.instRCLike))))))))
          (@WithLp.instModule.{0, 0}
            (@OfNat.ofNat.{0} ENNReal (nat_lit 2)
              (@instOfNatAtLeastTwo.{0} ENNReal (nat_lit 2)
                (@AddMonoidWithOne.toNatCast.{0} ENNReal
                  (@AddCommMonoidWithOne.toAddMonoidWithOne.{0} ENNReal ENNReal.instAddCommMonoidWithOne))
                PiLp.innerProductSpace._proof_1))
            Real ((i : Fin m) → (fun (x : Fin m) => Real) i)
            (@DivisionSemiring.toSemiring.{0} Real
              (@Semifield.toDivisionSemiring.{0} Real
                (@Field.toSemifield.{0} Real
                  (@NormedField.toField.{0} Real
                    (@DenselyNormedField.toNormedField.{0} Real
                      (@RCLike.toDenselyNormedField.{0} Real Real.instRCLike))))))
            (@Pi.addCommGroup.{0, 0} (Fin m) (fun (x : Fin m) => Real) fun (i : Fin m) =>
              @Ring.toAddCommGroup.{0} Real
                (@DivisionRing.toRing.{0} Real
                  (@Field.toDivisionRing.{0} Real
                    (@NormedField.toField.{0} Real
                      (@DenselyNormedField.toNormedField.{0} Real
                        (@RCLike.toDenselyNormedField.{0} Real Real.instRCLike))))))
            (@Pi.Function.module.{0, 0, 0} (Fin m) Real Real
              (@DivisionSemiring.toSemiring.{0} Real
                (@Semifield.toDivisionSemiring.{0} Real
                  (@Field.toSemifield.{0} Real
                    (@NormedField.toField.{0} Real
                      (@DenselyNormedField.toNormedField.{0} Real
                        (@RCLike.toDenselyNormedField.{0} Real Real.instRCLike))))))
              (@Semiring.toAddCommMonoid.{0} Real
                (@Ring.toSemiring.{0} Real
                  (@DivisionRing.toRing.{0} Real
                    (@Field.toDivisionRing.{0} Real
                      (@NormedField.toField.{0} Real
                        (@DenselyNormedField.toNormedField.{0} Real
                          (@RCLike.toDenselyNormedField.{0} Real Real.instRCLike)))))))
              (@Semiring.toModule.{0} Real
                (@DivisionSemiring.toSemiring.{0} Real
                  (@Semifield.toDivisionSemiring.{0} Real
                    (@Field.toSemifield.{0} Real
                      (@NormedField.toField.{0} Real
                        (@DenselyNormedField.toNormedField.{0} Real
                          (@RCLike.toDenselyNormedField.{0} Real Real.instRCLike)))))))))
          (@WithLp.instModule.{0, 0}
            (@OfNat.ofNat.{0} ENNReal (nat_lit 2)
              (@instOfNatAtLeastTwo.{0} ENNReal (nat_lit 2)
                (@AddMonoidWithOne.toNatCast.{0} ENNReal
                  (@AddCommMonoidWithOne.toAddMonoidWithOne.{0} ENNReal ENNReal.instAddCommMonoidWithOne))
                PiLp.innerProductSpace._proof_1))
            Real ((i : Fin m) → (fun (x : Fin m) => Real) i)
            (@DivisionSemiring.toSemiring.{0} Real
              (@Semifield.toDivisionSemiring.{0} Real
                (@Field.toSemifield.{0} Real
                  (@NormedField.toField.{0} Real
                    (@DenselyNormedField.toNormedField.{0} Real
                      (@RCLike.toDenselyNormedField.{0} Real Real.instRCLike))))))
            (@Pi.addCommGroup.{0, 0} (Fin m) (fun (x : Fin m) => Real) fun (i : Fin m) =>
              @Ring.toAddCommGroup.{0} Real
                (@DivisionRing.toRing.{0} Real
                  (@Field.toDivisionRing.{0} Real
                    (@NormedField.toField.{0} Real
                      (@DenselyNormedField.toNormedField.{0} Real
                        (@RCLike.toDenselyNormedField.{0} Real Real.instRCLike))))))
            (@Pi.Function.module.{0, 0, 0} (Fin m) Real Real
              (@DivisionSemiring.toSemiring.{0} Real
                (@Semifield.toDivisionSemiring.{0} Real
                  (@Field.toSemifield.{0} Real
                    (@NormedField.toField.{0} Real
                      (@DenselyNormedField.toNormedField.{0} Real
                        (@RCLike.toDenselyNormedField.{0} Real Real.instRCLike))))))
              (@Semiring.toAddCommMonoid.{0} Real
                (@Ring.toSemiring.{0} Real
                  (@DivisionRing.toRing.{0} Real
                    (@Field.toDivisionRing.{0} Real
                      (@NormedField.toField.{0} Real
                        (@DenselyNormedField.toNormedField.{0} Real
                          (@RCLike.toDenselyNormedField.{0} Real Real.instRCLike)))))))
              (@Semiring.toModule.{0} Real
                (@DivisionSemiring.toSemiring.{0} Real
                  (@Semifield.toDivisionSemiring.{0} Real
                    (@Field.toSemifield.{0} Real
                      (@NormedField.toField.{0} Real
                        (@DenselyNormedField.toNormedField.{0} Real
                          (@RCLike.toDenselyNormedField.{0} Real Real.instRCLike))))))))))
        (@DFinsupp.instEquivLikeLinearEquiv.{0, 0, 0, 0} Real Real
          (@DivisionSemiring.toSemiring.{0} Real
            (@Semifield.toDivisionSemiring.{0} Real
              (@Field.toSemifield.{0} Real
                (@NormedField.toField.{0} Real
                  (@DenselyNormedField.toNormedField.{0} Real
                    (@RCLike.toDenselyNormedField.{0} Real Real.instRCLike))))))
          (@DivisionSemiring.toSemiring.{0} Real
            (@Semifield.toDivisionSemiring.{0} Real
              (@Field.toSemifield.{0} Real
                (@NormedField.toField.{0} Real
                  (@DenselyNormedField.toNormedField.{0} Real
                    (@RCLike.toDenselyNormedField.{0} Real Real.instRCLike))))))
          (@RingHom.id.{0} Real
            (@Semiring.toNonAssocSemiring.{0} Real
              (@DivisionSemiring.toSemiring.{0} Real
                (@Semifield.toDivisionSemiring.{0} Real
                  (@Field.toSemifield.{0} Real
                    (@NormedField.toField.{0} Real
                      (@DenselyNormedField.toNormedField.{0} Real
                        (@RCLike.toDenselyNormedField.{0} Real Real.instRCLike))))))))
          (@RingHom.id.{0} Real
            (@Semiring.toNonAssocSemiring.{0} Real
              (@DivisionSemiring.toSemiring.{0} Real
                (@Semifield.toDivisionSemiring.{0} Real
                  (@Field.toSemifield.{0} Real
                    (@NormedField.toField.{0} Real
                      (@DenselyNormedField.toNormedField.{0} Real
                        (@RCLike.toDenselyNormedField.{0} Real Real.instRCLike))))))))
          NLA.KE04.act._proof_1 NLA.KE04.act._proof_1 (Matrix.{0, 0, 0} (Fin m) (Fin m) Real)
          (@LinearMap.{0, 0, 0, 0} Real Real
            (@DivisionSemiring.toSemiring.{0} Real
              (@Semifield.toDivisionSemiring.{0} Real
                (@Field.toSemifield.{0} Real
                  (@NormedField.toField.{0} Real
                    (@DenselyNormedField.toNormedField.{0} Real
                      (@RCLike.toDenselyNormedField.{0} Real Real.instRCLike))))))
            (@DivisionSemiring.toSemiring.{0} Real
              (@Semifield.toDivisionSemiring.{0} Real
                (@Field.toSemifield.{0} Real
                  (@NormedField.toField.{0} Real
                    (@DenselyNormedField.toNormedField.{0} Real
                      (@RCLike.toDenselyNormedField.{0} Real Real.instRCLike))))))
            (@RingHom.id.{0} Real
              (@Semiring.toNonAssocSemiring.{0} Real
                (@DivisionSemiring.toSemiring.{0} Real
                  (@Semifield.toDivisionSemiring.{0} Real
                    (@Field.toSemifield.{0} Real
                      (@NormedField.toField.{0} Real
                        (@DenselyNormedField.toNormedField.{0} Real
                          (@RCLike.toDenselyNormedField.{0} Real Real.instRCLike))))))))
            (EuclideanSpace.{0, 0} Real (Fin m)) (EuclideanSpace.{0, 0} Real (Fin m))
            (@AddCommGroup.toAddCommMonoid.{0} (EuclideanSpace.{0, 0} Real (Fin m))
              (@WithLp.instAddCommGroup.{0}
                (@OfNat.ofNat.{0} ENNReal (nat_lit 2)
                  (@instOfNatAtLeastTwo.{0} ENNReal (nat_lit 2)
                    (@AddMonoidWithOne.toNatCast.{0} ENNReal
                      (@AddCommMonoidWithOne.toAddMonoidWithOne.{0} ENNReal ENNReal.instAddCommMonoidWithOne))
                    PiLp.innerProductSpace._proof_1))
                ((i : Fin m) → (fun (x : Fin m) => Real) i)
                (@Pi.addCommGroup.{0, 0} (Fin m) (fun (x : Fin m) => Real) fun (i : Fin m) =>
                  @Ring.toAddCommGroup.{0} Real
                    (@DivisionRing.toRing.{0} Real
                      (@Field.toDivisionRing.{0} Real
                        (@NormedField.toField.{0} Real
                          (@DenselyNormedField.toNormedField.{0} Real
                            (@RCLike.toDenselyNormedField.{0} Real Real.instRCLike))))))))
            (@AddCommGroup.toAddCommMonoid.{0} (EuclideanSpace.{0, 0} Real (Fin m))
              (@WithLp.instAddCommGroup.{0}
                (@OfNat.ofNat.{0} ENNReal (nat_lit 2)
                  (@instOfNatAtLeastTwo.{0} ENNReal (nat_lit 2)
                    (@AddMonoidWithOne.toNatCast.{0} ENNReal
                      (@AddCommMonoidWithOne.toAddMonoidWithOne.{0} ENNReal ENNReal.instAddCommMonoidWithOne))
                    PiLp.innerProductSpace._proof_1))
                ((i : Fin m) → (fun (x : Fin m) => Real) i)
                (@Pi.addCommGroup.{0, 0} (Fin m) (fun (x : Fin m) => Real) fun (i : Fin m) =>
                  @Ring.toAddCommGroup.{0} Real
                    (@DivisionRing.toRing.{0} Real
                      (@Field.toDivisionRing.{0} Real
                        (@NormedField.toField.{0} Real
                          (@DenselyNormedField.toNormedField.{0} Real
                            (@RCLike.toDenselyNormedField.{0} Real Real.instRCLike))))))))
            (@WithLp.instModule.{0, 0}
              (@OfNat.ofNat.{0} ENNReal (nat_lit 2)
                (@instOfNatAtLeastTwo.{0} ENNReal (nat_lit 2)
                  (@AddMonoidWithOne.toNatCast.{0} ENNReal
                    (@AddCommMonoidWithOne.toAddMonoidWithOne.{0} ENNReal ENNReal.instAddCommMonoidWithOne))
                  PiLp.innerProductSpace._proof_1))
              Real ((i : Fin m) → (fun (x : Fin m) => Real) i)
              (@DivisionSemiring.toSemiring.{0} Real
                (@Semifield.toDivisionSemiring.{0} Real
                  (@Field.toSemifield.{0} Real
                    (@NormedField.toField.{0} Real
                      (@DenselyNormedField.toNormedField.{0} Real
                        (@RCLike.toDenselyNormedField.{0} Real Real.instRCLike))))))
              (@Pi.addCommGroup.{0, 0} (Fin m) (fun (x : Fin m) => Real) fun (i : Fin m) =>
                @Ring.toAddCommGroup.{0} Real
                  (@DivisionRing.toRing.{0} Real
                    (@Field.toDivisionRing.{0} Real
                      (@NormedField.toField.{0} Real
                        (@DenselyNormedField.toNormedField.{0} Real
                          (@RCLike.toDenselyNormedField.{0} Real Real.instRCLike))))))
              (@Pi.Function.module.{0, 0, 0} (Fin m) Real Real
                (@DivisionSemiring.toSemiring.{0} Real
                  (@Semifield.toDivisionSemiring.{0} Real
                    (@Field.toSemifield.{0} Real
                      (@NormedField.toField.{0} Real
                        (@DenselyNormedField.toNormedField.{0} Real
                          (@RCLike.toDenselyNormedField.{0} Real Real.instRCLike))))))
                (@Semiring.toAddCommMonoid.{0} Real
                  (@Ring.toSemiring.{0} Real
                    (@DivisionRing.toRing.{0} Real
                      (@Field.toDivisionRing.{0} Real
                        (@NormedField.toField.{0} Real
                          (@DenselyNormedField.toNormedField.{0} Real
                            (@RCLike.toDenselyNormedField.{0} Real Real.instRCLike)))))))
                (@Semiring.toModule.{0} Real
                  (@DivisionSemiring.toSemiring.{0} Real
                    (@Semifield.toDivisionSemiring.{0} Real
                      (@Field.toSemifield.{0} Real
                        (@NormedField.toField.{0} Real
                          (@DenselyNormedField.toNormedField.{0} Real
                            (@RCLike.toDenselyNormedField.{0} Real Real.instRCLike)))))))))
            (@WithLp.instModule.{0, 0}
              (@OfNat.ofNat.{0} ENNReal (nat_lit 2)
                (@instOfNatAtLeastTwo.{0} ENNReal (nat_lit 2)
                  (@AddMonoidWithOne.toNatCast.{0} ENNReal
                    (@AddCommMonoidWithOne.toAddMonoidWithOne.{0} ENNReal ENNReal.instAddCommMonoidWithOne))
                  PiLp.innerProductSpace._proof_1))
              Real ((i : Fin m) → (fun (x : Fin m) => Real) i)
              (@DivisionSemiring.toSemiring.{0} Real
                (@Semifield.toDivisionSemiring.{0} Real
                  (@Field.toSemifield.{0} Real
                    (@NormedField.toField.{0} Real
                      (@DenselyNormedField.toNormedField.{0} Real
                        (@RCLike.toDenselyNormedField.{0} Real Real.instRCLike))))))
              (@Pi.addCommGroup.{0, 0} (Fin m) (fun (x : Fin m) => Real) fun (i : Fin m) =>
                @Ring.toAddCommGroup.{0} Real
                  (@DivisionRing.toRing.{0} Real
                    (@Field.toDivisionRing.{0} Real
                      (@NormedField.toField.{0} Real
                        (@DenselyNormedField.toNormedField.{0} Real
                          (@RCLike.toDenselyNormedField.{0} Real Real.instRCLike))))))
              (@Pi.Function.module.{0, 0, 0} (Fin m) Real Real
                (@DivisionSemiring.toSemiring.{0} Real
                  (@Semifield.toDivisionSemiring.{0} Real
                    (@Field.toSemifield.{0} Real
                      (@NormedField.toField.{0} Real
                        (@DenselyNormedField.toNormedField.{0} Real
                          (@RCLike.toDenselyNormedField.{0} Real Real.instRCLike))))))
                (@Semiring.toAddCommMonoid.{0} Real
                  (@Ring.toSemiring.{0} Real
                    (@DivisionRing.toRing.{0} Real
                      (@Field.toDivisionRing.{0} Real
                        (@NormedField.toField.{0} Real
                          (@DenselyNormedField.toNormedField.{0} Real
                            (@RCLike.toDenselyNormedField.{0} Real Real.instRCLike)))))))
                (@Semiring.toModule.{0} Real
                  (@DivisionSemiring.toSemiring.{0} Real
                    (@Semifield.toDivisionSemiring.{0} Real
                      (@Field.toSemifield.{0} Real
                        (@NormedField.toField.{0} Real
                          (@DenselyNormedField.toNormedField.{0} Real
                            (@RCLike.toDenselyNormedField.{0} Real Real.instRCLike))))))))))
          (@Matrix.addCommMonoid.{0, 0, 0} (Fin m) (Fin m) Real
            (@Semiring.toAddCommMonoid.{0} Real
              (@DivisionSemiring.toSemiring.{0} Real
                (@Semifield.toDivisionSemiring.{0} Real
                  (@Field.toSemifield.{0} Real
                    (@NormedField.toField.{0} Real
                      (@DenselyNormedField.toNormedField.{0} Real
                        (@RCLike.toDenselyNormedField.{0} Real Real.instRCLike))))))))
          (@LinearMap.addCommMonoid.{0, 0, 0, 0} Real Real (EuclideanSpace.{0, 0} Real (Fin m))
            (EuclideanSpace.{0, 0} Real (Fin m))
            (@DivisionSemiring.toSemiring.{0} Real
              (@Semifield.toDivisionSemiring.{0} Real
                (@Field.toSemifield.{0} Real
                  (@NormedField.toField.{0} Real
                    (@DenselyNormedField.toNormedField.{0} Real
                      (@RCLike.toDenselyNormedField.{0} Real Real.instRCLike))))))
            (@DivisionSemiring.toSemiring.{0} Real
              (@Semifield.toDivisionSemiring.{0} Real
                (@Field.toSemifield.{0} Real
                  (@NormedField.toField.{0} Real
                    (@DenselyNormedField.toNormedField.{0} Real
                      (@RCLike.toDenselyNormedField.{0} Real Real.instRCLike))))))
            (@AddCommGroup.toAddCommMonoid.{0} (EuclideanSpace.{0, 0} Real (Fin m))
              (@WithLp.instAddCommGroup.{0}
                (@OfNat.ofNat.{0} ENNReal (nat_lit 2)
                  (@instOfNatAtLeastTwo.{0} ENNReal (nat_lit 2)
                    (@AddMonoidWithOne.toNatCast.{0} ENNReal
                      (@AddCommMonoidWithOne.toAddMonoidWithOne.{0} ENNReal ENNReal.instAddCommMonoidWithOne))
                    PiLp.innerProductSpace._proof_1))
                ((i : Fin m) → (fun (x : Fin m) => Real) i)
                (@Pi.addCommGroup.{0, 0} (Fin m) (fun (x : Fin m) => Real) fun (i : Fin m) =>
                  @Ring.toAddCommGroup.{0} Real
                    (@DivisionRing.toRing.{0} Real
                      (@Field.toDivisionRing.{0} Real
                        (@NormedField.toField.{0} Real
                          (@DenselyNormedField.toNormedField.{0} Real
                            (@RCLike.toDenselyNormedField.{0} Real Real.instRCLike))))))))
            (@AddCommGroup.toAddCommMonoid.{0} (EuclideanSpace.{0, 0} Real (Fin m))
              (@WithLp.instAddCommGroup.{0}
                (@OfNat.ofNat.{0} ENNReal (nat_lit 2)
                  (@instOfNatAtLeastTwo.{0} ENNReal (nat_lit 2)
                    (@AddMonoidWithOne.toNatCast.{0} ENNReal
                      (@AddCommMonoidWithOne.toAddMonoidWithOne.{0} ENNReal ENNReal.instAddCommMonoidWithOne))
                    PiLp.innerProductSpace._proof_1))
                ((i : Fin m) → (fun (x : Fin m) => Real) i)
                (@Pi.addCommGroup.{0, 0} (Fin m) (fun (x : Fin m) => Real) fun (i : Fin m) =>
                  @Ring.toAddCommGroup.{0} Real
                    (@DivisionRing.toRing.{0} Real
                      (@Field.toDivisionRing.{0} Real
                        (@NormedField.toField.{0} Real
                          (@DenselyNormedField.toNormedField.{0} Real
                            (@RCLike.toDenselyNormedField.{0} Real Real.instRCLike))))))))
            (@WithLp.instModule.{0, 0}
              (@OfNat.ofNat.{0} ENNReal (nat_lit 2)
                (@instOfNatAtLeastTwo.{0} ENNReal (nat_lit 2)
                  (@AddMonoidWithOne.toNatCast.{0} ENNReal
                    (@AddCommMonoidWithOne.toAddMonoidWithOne.{0} ENNReal ENNReal.instAddCommMonoidWithOne))
                  PiLp.innerProductSpace._proof_1))
              Real ((i : Fin m) → (fun (x : Fin m) => Real) i)
              (@DivisionSemiring.toSemiring.{0} Real
                (@Semifield.toDivisionSemiring.{0} Real
                  (@Field.toSemifield.{0} Real
                    (@NormedField.toField.{0} Real
                      (@DenselyNormedField.toNormedField.{0} Real
                        (@RCLike.toDenselyNormedField.{0} Real Real.instRCLike))))))
              (@Pi.addCommGroup.{0, 0} (Fin m) (fun (x : Fin m) => Real) fun (i : Fin m) =>
                @Ring.toAddCommGroup.{0} Real
                  (@DivisionRing.toRing.{0} Real
                    (@Field.toDivisionRing.{0} Real
                      (@NormedField.toField.{0} Real
                        (@DenselyNormedField.toNormedField.{0} Real
                          (@RCLike.toDenselyNormedField.{0} Real Real.instRCLike))))))
              (@Pi.Function.module.{0, 0, 0} (Fin m) Real Real
                (@DivisionSemiring.toSemiring.{0} Real
                  (@Semifield.toDivisionSemiring.{0} Real
                    (@Field.toSemifield.{0} Real
                      (@NormedField.toField.{0} Real
                        (@DenselyNormedField.toNormedField.{0} Real
                          (@RCLike.toDenselyNormedField.{0} Real Real.instRCLike))))))
                (@Semiring.toAddCommMonoid.{0} Real
                  (@Ring.toSemiring.{0} Real
                    (@DivisionRing.toRing.{0} Real
                      (@Field.toDivisionRing.{0} Real
                        (@NormedField.toField.{0} Real
                          (@DenselyNormedField.toNormedField.{0} Real
                            (@RCLike.toDenselyNormedField.{0} Real Real.instRCLike)))))))
                (@Semiring.toModule.{0} Real
                  (@DivisionSemiring.toSemiring.{0} Real
                    (@Semifield.toDivisionSemiring.{0} Real
                      (@Field.toSemifield.{0} Real
                        (@NormedField.toField.{0} Real
                          (@DenselyNormedField.toNormedField.{0} Real
                            (@RCLike.toDenselyNormedField.{0} Real Real.instRCLike)))))))))
            (@WithLp.instModule.{0, 0}
              (@OfNat.ofNat.{0} ENNReal (nat_lit 2)
                (@instOfNatAtLeastTwo.{0} ENNReal (nat_lit 2)
                  (@AddMonoidWithOne.toNatCast.{0} ENNReal
                    (@AddCommMonoidWithOne.toAddMonoidWithOne.{0} ENNReal ENNReal.instAddCommMonoidWithOne))
                  PiLp.innerProductSpace._proof_1))
              Real ((i : Fin m) → (fun (x : Fin m) => Real) i)
              (@DivisionSemiring.toSemiring.{0} Real
                (@Semifield.toDivisionSemiring.{0} Real
                  (@Field.toSemifield.{0} Real
                    (@NormedField.toField.{0} Real
                      (@DenselyNormedField.toNormedField.{0} Real
                        (@RCLike.toDenselyNormedField.{0} Real Real.instRCLike))))))
              (@Pi.addCommGroup.{0, 0} (Fin m) (fun (x : Fin m) => Real) fun (i : Fin m) =>
                @Ring.toAddCommGroup.{0} Real
                  (@DivisionRing.toRing.{0} Real
                    (@Field.toDivisionRing.{0} Real
                      (@NormedField.toField.{0} Real
                        (@DenselyNormedField.toNormedField.{0} Real
                          (@RCLike.toDenselyNormedField.{0} Real Real.instRCLike))))))
              (@Pi.Function.module.{0, 0, 0} (Fin m) Real Real
                (@DivisionSemiring.toSemiring.{0} Real
                  (@Semifield.toDivisionSemiring.{0} Real
                    (@Field.toSemifield.{0} Real
                      (@NormedField.toField.{0} Real
                        (@DenselyNormedField.toNormedField.{0} Real
                          (@RCLike.toDenselyNormedField.{0} Real Real.instRCLike))))))
                (@Semiring.toAddCommMonoid.{0} Real
                  (@Ring.toSemiring.{0} Real
                    (@DivisionRing.toRing.{0} Real
                      (@Field.toDivisionRing.{0} Real
                        (@NormedField.toField.{0} Real
                          (@DenselyNormedField.toNormedField.{0} Real
                            (@RCLike.toDenselyNormedField.{0} Real Real.instRCLike)))))))
                (@Semiring.toModule.{0} Real
                  (@DivisionSemiring.toSemiring.{0} Real
                    (@Semifield.toDivisionSemiring.{0} Real
                      (@Field.toSemifield.{0} Real
                        (@NormedField.toField.{0} Real
                          (@DenselyNormedField.toNormedField.{0} Real
                            (@RCLike.toDenselyNormedField.{0} Real Real.instRCLike)))))))))
            (@RingHom.id.{0} Real
              (@Semiring.toNonAssocSemiring.{0} Real
                (@DivisionSemiring.toSemiring.{0} Real
                  (@Semifield.toDivisionSemiring.{0} Real
                    (@Field.toSemifield.{0} Real
                      (@NormedField.toField.{0} Real
                        (@DenselyNormedField.toNormedField.{0} Real
                          (@RCLike.toDenselyNormedField.{0} Real Real.instRCLike)))))))))
          (@Matrix.module.{0, 0, 0, 0} (Fin m) (Fin m) Real Real
            (@DivisionSemiring.toSemiring.{0} Real
              (@Semifield.toDivisionSemiring.{0} Real
                (@Field.toSemifield.{0} Real
                  (@NormedField.toField.{0} Real
                    (@DenselyNormedField.toNormedField.{0} Real
                      (@RCLike.toDenselyNormedField.{0} Real Real.instRCLike))))))
            (@Semiring.toAddCommMonoid.{0} Real
              (@DivisionSemiring.toSemiring.{0} Real
                (@Semifield.toDivisionSemiring.{0} Real
                  (@Field.toSemifield.{0} Real
                    (@NormedField.toField.{0} Real
                      (@DenselyNormedField.toNormedField.{0} Real
                        (@RCLike.toDenselyNormedField.{0} Real Real.instRCLike)))))))
            (@Semiring.toModule.{0} Real
              (@DivisionSemiring.toSemiring.{0} Real
                (@Semifield.toDivisionSemiring.{0} Real
                  (@Field.toSemifield.{0} Real
                    (@NormedField.toField.{0} Real
                      (@DenselyNormedField.toNormedField.{0} Real
                        (@RCLike.toDenselyNormedField.{0} Real Real.instRCLike))))))))
          (@LinearMap.module.{0, 0, 0, 0, 0} Real Real Real (EuclideanSpace.{0, 0} Real (Fin m))
            (EuclideanSpace.{0, 0} Real (Fin m))
            (@DivisionSemiring.toSemiring.{0} Real
              (@Semifield.toDivisionSemiring.{0} Real
                (@Field.toSemifield.{0} Real
                  (@NormedField.toField.{0} Real
                    (@DenselyNormedField.toNormedField.{0} Real
                      (@RCLike.toDenselyNormedField.{0} Real Real.instRCLike))))))
            (@DivisionSemiring.toSemiring.{0} Real
              (@Semifield.toDivisionSemiring.{0} Real
                (@Field.toSemifield.{0} Real
                  (@NormedField.toField.{0} Real
                    (@DenselyNormedField.toNormedField.{0} Real
                      (@RCLike.toDenselyNormedField.{0} Real Real.instRCLike))))))
            (@AddCommGroup.toAddCommMonoid.{0} (EuclideanSpace.{0, 0} Real (Fin m))
              (@WithLp.instAddCommGroup.{0}
                (@OfNat.ofNat.{0} ENNReal (nat_lit 2)
                  (@instOfNatAtLeastTwo.{0} ENNReal (nat_lit 2)
                    (@AddMonoidWithOne.toNatCast.{0} ENNReal
                      (@AddCommMonoidWithOne.toAddMonoidWithOne.{0} ENNReal ENNReal.instAddCommMonoidWithOne))
                    PiLp.innerProductSpace._proof_1))
                ((i : Fin m) → (fun (x : Fin m) => Real) i)
                (@Pi.addCommGroup.{0, 0} (Fin m) (fun (x : Fin m) => Real) fun (i : Fin m) =>
                  @Ring.toAddCommGroup.{0} Real
                    (@DivisionRing.toRing.{0} Real
                      (@Field.toDivisionRing.{0} Real
                        (@NormedField.toField.{0} Real
                          (@DenselyNormedField.toNormedField.{0} Real
                            (@RCLike.toDenselyNormedField.{0} Real Real.instRCLike))))))))
            (@AddCommGroup.toAddCommMonoid.{0} (EuclideanSpace.{0, 0} Real (Fin m))
              (@WithLp.instAddCommGroup.{0}
                (@OfNat.ofNat.{0} ENNReal (nat_lit 2)
                  (@instOfNatAtLeastTwo.{0} ENNReal (nat_lit 2)
                    (@AddMonoidWithOne.toNatCast.{0} ENNReal
                      (@AddCommMonoidWithOne.toAddMonoidWithOne.{0} ENNReal ENNReal.instAddCommMonoidWithOne))
                    PiLp.innerProductSpace._proof_1))
                ((i : Fin m) → (fun (x : Fin m) => Real) i)
                (@Pi.addCommGroup.{0, 0} (Fin m) (fun (x : Fin m) => Real) fun (i : Fin m) =>
                  @Ring.toAddCommGroup.{0} Real
                    (@DivisionRing.toRing.{0} Real
                      (@Field.toDivisionRing.{0} Real
                        (@NormedField.toField.{0} Real
                          (@DenselyNormedField.toNormedField.{0} Real
                            (@RCLike.toDenselyNormedField.{0} Real Real.instRCLike))))))))
            (@WithLp.instModule.{0, 0}
              (@OfNat.ofNat.{0} ENNReal (nat_lit 2)
                (@instOfNatAtLeastTwo.{0} ENNReal (nat_lit 2)
                  (@AddMonoidWithOne.toNatCast.{0} ENNReal
                    (@AddCommMonoidWithOne.toAddMonoidWithOne.{0} ENNReal ENNReal.instAddCommMonoidWithOne))
                  PiLp.innerProductSpace._proof_1))
              Real ((i : Fin m) → (fun (x : Fin m) => Real) i)
              (@DivisionSemiring.toSemiring.{0} Real
                (@Semifield.toDivisionSemiring.{0} Real
                  (@Field.toSemifield.{0} Real
                    (@NormedField.toField.{0} Real
                      (@DenselyNormedField.toNormedField.{0} Real
                        (@RCLike.toDenselyNormedField.{0} Real Real.instRCLike))))))
              (@Pi.addCommGroup.{0, 0} (Fin m) (fun (x : Fin m) => Real) fun (i : Fin m) =>
                @Ring.toAddCommGroup.{0} Real
                  (@DivisionRing.toRing.{0} Real
                    (@Field.toDivisionRing.{0} Real
                      (@NormedField.toField.{0} Real
                        (@DenselyNormedField.toNormedField.{0} Real
                          (@RCLike.toDenselyNormedField.{0} Real Real.instRCLike))))))
              (@Pi.Function.module.{0, 0, 0} (Fin m) Real Real
                (@DivisionSemiring.toSemiring.{0} Real
                  (@Semifield.toDivisionSemiring.{0} Real
                    (@Field.toSemifield.{0} Real
                      (@NormedField.toField.{0} Real
                        (@DenselyNormedField.toNormedField.{0} Real
                          (@RCLike.toDenselyNormedField.{0} Real Real.instRCLike))))))
                (@Semiring.toAddCommMonoid.{0} Real
                  (@Ring.toSemiring.{0} Real
                    (@DivisionRing.toRing.{0} Real
                      (@Field.toDivisionRing.{0} Real
                        (@NormedField.toField.{0} Real
                          (@DenselyNormedField.toNormedField.{0} Real
                            (@RCLike.toDenselyNormedField.{0} Real Real.instRCLike)))))))
                (@Semiring.toModule.{0} Real
                  (@DivisionSemiring.toSemiring.{0} Real
                    (@Semifield.toDivisionSemiring.{0} Real
                      (@Field.toSemifield.{0} Real
                        (@NormedField.toField.{0} Real
                          (@DenselyNormedField.toNormedField.{0} Real
                            (@RCLike.toDenselyNormedField.{0} Real Real.instRCLike)))))))))
            (@WithLp.instModule.{0, 0}
              (@OfNat.ofNat.{0} ENNReal (nat_lit 2)
                (@instOfNatAtLeastTwo.{0} ENNReal (nat_lit 2)
                  (@AddMonoidWithOne.toNatCast.{0} ENNReal
                    (@AddCommMonoidWithOne.toAddMonoidWithOne.{0} ENNReal ENNReal.instAddCommMonoidWithOne))
                  PiLp.innerProductSpace._proof_1))
              Real ((i : Fin m) → (fun (x : Fin m) => Real) i)
              (@DivisionSemiring.toSemiring.{0} Real
                (@Semifield.toDivisionSemiring.{0} Real
                  (@Field.toSemifield.{0} Real
                    (@NormedField.toField.{0} Real
                      (@DenselyNormedField.toNormedField.{0} Real
                        (@RCLike.toDenselyNormedField.{0} Real Real.instRCLike))))))
              (@Pi.addCommGroup.{0, 0} (Fin m) (fun (x : Fin m) => Real) fun (i : Fin m) =>
                @Ring.toAddCommGroup.{0} Real
                  (@DivisionRing.toRing.{0} Real
                    (@Field.toDivisionRing.{0} Real
                      (@NormedField.toField.{0} Real
                        (@DenselyNormedField.toNormedField.{0} Real
                          (@RCLike.toDenselyNormedField.{0} Real Real.instRCLike))))))
              (@Pi.Function.module.{0, 0, 0} (Fin m) Real Real
                (@DivisionSemiring.toSemiring.{0} Real
                  (@Semifield.toDivisionSemiring.{0} Real
                    (@Field.toSemifield.{0} Real
                      (@NormedField.toField.{0} Real
                        (@DenselyNormedField.toNormedField.{0} Real
                          (@RCLike.toDenselyNormedField.{0} Real Real.instRCLike))))))
                (@Semiring.toAddCommMonoid.{0} Real
                  (@Ring.toSemiring.{0} Real
                    (@DivisionRing.toRing.{0} Real
                      (@Field.toDivisionRing.{0} Real
                        (@NormedField.toField.{0} Real
                          (@DenselyNormedField.toNormedField.{0} Real
                            (@RCLike.toDenselyNormedField.{0} Real Real.instRCLike)))))))
                (@Semiring.toModule.{0} Real
                  (@DivisionSemiring.toSemiring.{0} Real
                    (@Semifield.toDivisionSemiring.{0} Real
                      (@Field.toSemifield.{0} Real
                        (@NormedField.toField.{0} Real
                          (@DenselyNormedField.toNormedField.{0} Real
                            (@RCLike.toDenselyNormedField.{0} Real Real.instRCLike)))))))))
            (@RingHom.id.{0} Real
              (@Semiring.toNonAssocSemiring.{0} Real
                (@DivisionSemiring.toSemiring.{0} Real
                  (@Semifield.toDivisionSemiring.{0} Real
                    (@Field.toSemifield.{0} Real
                      (@NormedField.toField.{0} Real
                        (@DenselyNormedField.toNormedField.{0} Real
                          (@RCLike.toDenselyNormedField.{0} Real Real.instRCLike))))))))
            (@DivisionSemiring.toSemiring.{0} Real
              (@Semifield.toDivisionSemiring.{0} Real
                (@Field.toSemifield.{0} Real
                  (@NormedField.toField.{0} Real
                    (@DenselyNormedField.toNormedField.{0} Real
                      (@RCLike.toDenselyNormedField.{0} Real Real.instRCLike))))))
            (@WithLp.instModule.{0, 0}
              (@OfNat.ofNat.{0} ENNReal (nat_lit 2)
                (@instOfNatAtLeastTwo.{0} ENNReal (nat_lit 2)
                  (@AddMonoidWithOne.toNatCast.{0} ENNReal
                    (@AddCommMonoidWithOne.toAddMonoidWithOne.{0} ENNReal ENNReal.instAddCommMonoidWithOne))
                  PiLp.innerProductSpace._proof_1))
              Real ((i : Fin m) → (fun (x : Fin m) => Real) i)
              (@DivisionSemiring.toSemiring.{0} Real
                (@Semifield.toDivisionSemiring.{0} Real
                  (@Field.toSemifield.{0} Real
                    (@NormedField.toField.{0} Real
                      (@DenselyNormedField.toNormedField.{0} Real
                        (@RCLike.toDenselyNormedField.{0} Real Real.instRCLike))))))
              (@Pi.addCommGroup.{0, 0} (Fin m) (fun (x : Fin m) => Real) fun (i : Fin m) =>
                @Ring.toAddCommGroup.{0} Real
                  (@DivisionRing.toRing.{0} Real
                    (@Field.toDivisionRing.{0} Real
                      (@NormedField.toField.{0} Real
                        (@DenselyNormedField.toNormedField.{0} Real
                          (@RCLike.toDenselyNormedField.{0} Real Real.instRCLike))))))
              (@Pi.Function.module.{0, 0, 0} (Fin m) Real Real
                (@DivisionSemiring.toSemiring.{0} Real
                  (@Semifield.toDivisionSemiring.{0} Real
                    (@Field.toSemifield.{0} Real
                      (@NormedField.toField.{0} Real
                        (@DenselyNormedField.toNormedField.{0} Real
                          (@RCLike.toDenselyNormedField.{0} Real Real.instRCLike))))))
                (@Semiring.toAddCommMonoid.{0} Real
                  (@Ring.toSemiring.{0} Real
                    (@DivisionRing.toRing.{0} Real
                      (@Field.toDivisionRing.{0} Real
                        (@NormedField.toField.{0} Real
                          (@DenselyNormedField.toNormedField.{0} Real
                            (@RCLike.toDenselyNormedField.{0} Real Real.instRCLike)))))))
                (@Semiring.toModule.{0} Real
                  (@DivisionSemiring.toSemiring.{0} Real
                    (@Semifield.toDivisionSemiring.{0} Real
                      (@Field.toSemifield.{0} Real
                        (@NormedField.toField.{0} Real
                          (@DenselyNormedField.toNormedField.{0} Real
                            (@RCLike.toDenselyNormedField.{0} Real Real.instRCLike)))))))))
            (@NLA.KE04.act._proof_2 m))))
      (@Matrix.toEuclideanLin.{0, 0, 0} Real Real.instRCLike (Fin m) (Fin m) (Fin.fintype m) (instDecidableEqFin m)) M)
    (@NLA.KE04.orderedEigenvalues._proof_1 m) m (@NLA.KE04.orderedEigenvalues._proof_2 m M hM)
    (@finrank_euclideanSpace_fin.{0} Real Real.instRCLike m) (@Fin.rev m r)
def NLA.KE04.orderedEigenbasis : {m : Nat} →
  (M : NLA.KE04.Mat m) →
    (hM :
        @Matrix.IsHermitian.{0, 0} Real (Fin m)
          (@InvolutiveStar.toStar.{0} Real
            (@StarAddMonoid.toInvolutiveStar.{0} Real
              (@AddCommMonoid.toAddMonoid.{0} Real
                (@NonUnitalNonAssocSemiring.toAddCommMonoid.{0} Real
                  (@NonUnitalNonAssocRing.toNonUnitalNonAssocSemiring.{0} Real
                    (@NonUnitalNonAssocCommRing.toNonUnitalNonAssocRing.{0} Real
                      (@NonUnitalCommRing.toNonUnitalNonAssocCommRing.{0} Real
                        (@CommRing.toNonUnitalCommRing.{0} Real Real.commRing))))))
              (@StarRing.toStarAddMonoid.{0} Real
                (@NonUnitalNonAssocRing.toNonUnitalNonAssocSemiring.{0} Real
                  (@NonUnitalNonAssocCommRing.toNonUnitalNonAssocRing.{0} Real
                    (@NonUnitalCommRing.toNonUnitalNonAssocCommRing.{0} Real
                      (@CommRing.toNonUnitalCommRing.{0} Real Real.commRing))))
                instStarRingReal)))
          M) →
      @OrthonormalBasis.{0, 0, 0} (Fin m) Real Real.instRCLike (NLA.KE04.Vec m)
        (@PiLp.normedAddCommGroup.{0, 0}
          (@OfNat.ofNat.{0} ENNReal (nat_lit 2)
            (@instOfNatAtLeastTwo.{0} ENNReal (nat_lit 2)
              (@AddMonoidWithOne.toNatCast.{0} ENNReal
                (@AddCommMonoidWithOne.toAddMonoidWithOne.{0} ENNReal ENNReal.instAddCommMonoidWithOne))
              PiLp.innerProductSpace._proof_1))
          (Fin m) (fun (x : Fin m) => Real) fact_one_le_two_ennreal (Fin.fintype m) fun (i : Fin m) =>
          Real.normedAddCommGroup)
        (@PiLp.innerProductSpace.{0, 0, 0} Real Real.instRCLike (Fin m) (Fin.fintype m) (fun (x : Fin m) => Real)
          (fun (i : Fin m) => Real.normedAddCommGroup) fun (i : Fin m) =>
          @RCLike.toInnerProductSpaceReal.{0} Real Real.instRCLike)
        (Fin.fintype m) :=
fun {m : ⋯} (M : ⋯) (hM : ⋯) =>
  @OrthonormalBasis.reindex.{0, 0, 0, 0} (Fin m) (Fin m) Real Real.instRCLike (EuclideanSpace.{0, 0} Real (Fin m))
    (@PiLp.normedAddCommGroup.{0, 0}
      (@OfNat.ofNat.{0} ENNReal (nat_lit 2)
        (@instOfNatAtLeastTwo.{0} ENNReal (nat_lit 2)
          (@AddMonoidWithOne.toNatCast.{0} ENNReal
            (@AddCommMonoidWithOne.toAddMonoidWithOne.{0} ENNReal ENNReal.instAddCommMonoidWithOne))
          PiLp.innerProductSpace._proof_1))
      (Fin m) (fun (x : Fin m) => Real) fact_one_le_two_ennreal (Fin.fintype m) fun (i : Fin m) =>
      Real.normedAddCommGroup)
    (@PiLp.innerProductSpace.{0, 0, 0} Real Real.instRCLike (Fin m) (Fin.fintype m) (fun (x : Fin m) => Real)
      (fun (i : Fin m) =>
        @NonUnitalNormedRing.toNormedAddCommGroup.{0} Real
          (@NonUnitalNormedCommRing.toNonUnitalNormedRing.{0} Real
            (@NormedCommRing.toNonUnitalNormedCommRing.{0} Real
              (@NormedField.toNormedCommRing.{0} Real
                (@DenselyNormedField.toNormedField.{0} Real (@RCLike.toDenselyNormedField.{0} Real Real.instRCLike))))))
      fun (i : Fin m) => @RCLike.innerProductSpace.{0} Real Real.instRCLike)
    (Fin.fintype m) (Fin.fintype m)
    (@LinearMap.IsSymmetric.eigenvectorBasis.{0, 0} Real Real.instRCLike (EuclideanSpace.{0, 0} Real (Fin m))
      (@PiLp.normedAddCommGroup.{0, 0}
        (@OfNat.ofNat.{0} ENNReal (nat_lit 2)
          (@instOfNatAtLeastTwo.{0} ENNReal (nat_lit 2)
            (@AddMonoidWithOne.toNatCast.{0} ENNReal
              (@AddCommMonoidWithOne.toAddMonoidWithOne.{0} ENNReal ENNReal.instAddCommMonoidWithOne))
            PiLp.innerProductSpace._proof_1))
        (Fin m) (fun (x : Fin m) => Real) fact_one_le_two_ennreal (Fin.fintype m) fun (i : Fin m) =>
        Real.normedAddCommGroup)
      (@PiLp.innerProductSpace.{0, 0, 0} Real Real.instRCLike (Fin m) (Fin.fintype m) (fun (x : Fin m) => Real)
        (fun (i : Fin m) =>
          @NonUnitalNormedRing.toNormedAddCommGroup.{0} Real
            (@NonUnitalNormedCommRing.toNonUnitalNormedRing.{0} Real
              (@NormedCommRing.toNonUnitalNormedCommRing.{0} Real
                (@NormedField.toNormedCommRing.{0} Real
                  (@DenselyNormedField.toNormedField.{0} Real
                    (@RCLike.toDenselyNormedField.{0} Real Real.instRCLike))))))
        fun (i : Fin m) => @RCLike.innerProductSpace.{0} Real Real.instRCLike)
      (@DFunLike.coe.{1, 1, 1}
        (@LinearEquiv.{0, 0, 0, 0} Real Real
          (@DivisionSemiring.toSemiring.{0} Real
            (@Semifield.toDivisionSemiring.{0} Real
              (@Field.toSemifield.{0} Real
                (@NormedField.toField.{0} Real
                  (@DenselyNormedField.toNormedField.{0} Real
                    (@RCLike.toDenselyNormedField.{0} Real Real.instRCLike))))))
          (@DivisionSemiring.toSemiring.{0} Real
            (@Semifield.toDivisionSemiring.{0} Real
              (@Field.toSemifield.{0} Real
                (@NormedField.toField.{0} Real
                  (@DenselyNormedField.toNormedField.{0} Real
                    (@RCLike.toDenselyNormedField.{0} Real Real.instRCLike))))))
          (@RingHom.id.{0} Real
            (@Semiring.toNonAssocSemiring.{0} Real
              (@DivisionSemiring.toSemiring.{0} Real
                (@Semifield.toDivisionSemiring.{0} Real
                  (@Field.toSemifield.{0} Real
                    (@NormedField.toField.{0} Real
                      (@DenselyNormedField.toNormedField.{0} Real
                        (@RCLike.toDenselyNormedField.{0} Real Real.instRCLike))))))))
          (@RingHom.id.{0} Real
            (@Semiring.toNonAssocSemiring.{0} Real
              (@DivisionSemiring.toSemiring.{0} Real
                (@Semifield.toDivisionSemiring.{0} Real
                  (@Field.toSemifield.{0} Real
                    (@NormedField.toField.{0} Real
                      (@DenselyNormedField.toNormedField.{0} Real
                        (@RCLike.toDenselyNormedField.{0} Real Real.instRCLike))))))))
          NLA.KE04.act._proof_1 NLA.KE04.act._proof_1 (Matrix.{0, 0, 0} (Fin m) (Fin m) Real)
          (@LinearMap.{0, 0, 0, 0} Real Real
            (@DivisionSemiring.toSemiring.{0} Real
              (@Semifield.toDivisionSemiring.{0} Real
                (@Field.toSemifield.{0} Real
                  (@NormedField.toField.{0} Real
                    (@DenselyNormedField.toNormedField.{0} Real
                      (@RCLike.toDenselyNormedField.{0} Real Real.instRCLike))))))
            (@DivisionSemiring.toSemiring.{0} Real
              (@Semifield.toDivisionSemiring.{0} Real
                (@Field.toSemifield.{0} Real
                  (@NormedField.toField.{0} Real
                    (@DenselyNormedField.toNormedField.{0} Real
                      (@RCLike.toDenselyNormedField.{0} Real Real.instRCLike))))))
            (@RingHom.id.{0} Real
              (@Semiring.toNonAssocSemiring.{0} Real
                (@DivisionSemiring.toSemiring.{0} Real
                  (@Semifield.toDivisionSemiring.{0} Real
                    (@Field.toSemifield.{0} Real
                      (@NormedField.toField.{0} Real
                        (@DenselyNormedField.toNormedField.{0} Real
                          (@RCLike.toDenselyNormedField.{0} Real Real.instRCLike))))))))
            (EuclideanSpace.{0, 0} Real (Fin m)) (EuclideanSpace.{0, 0} Real (Fin m))
            (@AddCommGroup.toAddCommMonoid.{0} (EuclideanSpace.{0, 0} Real (Fin m))
              (@WithLp.instAddCommGroup.{0}
                (@OfNat.ofNat.{0} ENNReal (nat_lit 2)
                  (@instOfNatAtLeastTwo.{0} ENNReal (nat_lit 2)
                    (@AddMonoidWithOne.toNatCast.{0} ENNReal
                      (@AddCommMonoidWithOne.toAddMonoidWithOne.{0} ENNReal ENNReal.instAddCommMonoidWithOne))
                    PiLp.innerProductSpace._proof_1))
                ((i : Fin m) → (fun (x : Fin m) => Real) i)
                (@Pi.addCommGroup.{0, 0} (Fin m) (fun (x : Fin m) => Real) fun (i : Fin m) =>
                  @Ring.toAddCommGroup.{0} Real
                    (@DivisionRing.toRing.{0} Real
                      (@Field.toDivisionRing.{0} Real
                        (@NormedField.toField.{0} Real
                          (@DenselyNormedField.toNormedField.{0} Real
                            (@RCLike.toDenselyNormedField.{0} Real Real.instRCLike))))))))
            (@AddCommGroup.toAddCommMonoid.{0} (EuclideanSpace.{0, 0} Real (Fin m))
              (@WithLp.instAddCommGroup.{0}
                (@OfNat.ofNat.{0} ENNReal (nat_lit 2)
                  (@instOfNatAtLeastTwo.{0} ENNReal (nat_lit 2)
                    (@AddMonoidWithOne.toNatCast.{0} ENNReal
                      (@AddCommMonoidWithOne.toAddMonoidWithOne.{0} ENNReal ENNReal.instAddCommMonoidWithOne))
                    PiLp.innerProductSpace._proof_1))
                ((i : Fin m) → (fun (x : Fin m) => Real) i)
                (@Pi.addCommGroup.{0, 0} (Fin m) (fun (x : Fin m) => Real) fun (i : Fin m) =>
                  @Ring.toAddCommGroup.{0} Real
                    (@DivisionRing.toRing.{0} Real
                      (@Field.toDivisionRing.{0} Real
                        (@NormedField.toField.{0} Real
                          (@DenselyNormedField.toNormedField.{0} Real
                            (@RCLike.toDenselyNormedField.{0} Real Real.instRCLike))))))))
            (@WithLp.instModule.{0, 0}
              (@OfNat.ofNat.{0} ENNReal (nat_lit 2)
                (@instOfNatAtLeastTwo.{0} ENNReal (nat_lit 2)
                  (@AddMonoidWithOne.toNatCast.{0} ENNReal
                    (@AddCommMonoidWithOne.toAddMonoidWithOne.{0} ENNReal ENNReal.instAddCommMonoidWithOne))
                  PiLp.innerProductSpace._proof_1))
              Real ((i : Fin m) → (fun (x : Fin m) => Real) i)
              (@DivisionSemiring.toSemiring.{0} Real
                (@Semifield.toDivisionSemiring.{0} Real
                  (@Field.toSemifield.{0} Real
                    (@NormedField.toField.{0} Real
                      (@DenselyNormedField.toNormedField.{0} Real
                        (@RCLike.toDenselyNormedField.{0} Real Real.instRCLike))))))
              (@Pi.addCommGroup.{0, 0} (Fin m) (fun (x : Fin m) => Real) fun (i : Fin m) =>
                @Ring.toAddCommGroup.{0} Real
                  (@DivisionRing.toRing.{0} Real
                    (@Field.toDivisionRing.{0} Real
                      (@NormedField.toField.{0} Real
                        (@DenselyNormedField.toNormedField.{0} Real
                          (@RCLike.toDenselyNormedField.{0} Real Real.instRCLike))))))
              (@Pi.Function.module.{0, 0, 0} (Fin m) Real Real
                (@DivisionSemiring.toSemiring.{0} Real
                  (@Semifield.toDivisionSemiring.{0} Real
                    (@Field.toSemifield.{0} Real
                      (@NormedField.toField.{0} Real
                        (@DenselyNormedField.toNormedField.{0} Real
                          (@RCLike.toDenselyNormedField.{0} Real Real.instRCLike))))))
                (@Semiring.toAddCommMonoid.{0} Real
                  (@Ring.toSemiring.{0} Real
                    (@DivisionRing.toRing.{0} Real
                      (@Field.toDivisionRing.{0} Real
                        (@NormedField.toField.{0} Real
                          (@DenselyNormedField.toNormedField.{0} Real
                            (@RCLike.toDenselyNormedField.{0} Real Real.instRCLike)))))))
                (@Semiring.toModule.{0} Real
                  (@DivisionSemiring.toSemiring.{0} Real
                    (@Semifield.toDivisionSemiring.{0} Real
                      (@Field.toSemifield.{0} Real
                        (@NormedField.toField.{0} Real
                          (@DenselyNormedField.toNormedField.{0} Real
                            (@RCLike.toDenselyNormedField.{0} Real Real.instRCLike)))))))))
            (@WithLp.instModule.{0, 0}
              (@OfNat.ofNat.{0} ENNReal (nat_lit 2)
                (@instOfNatAtLeastTwo.{0} ENNReal (nat_lit 2)
                  (@AddMonoidWithOne.toNatCast.{0} ENNReal
                    (@AddCommMonoidWithOne.toAddMonoidWithOne.{0} ENNReal ENNReal.instAddCommMonoidWithOne))
                  PiLp.innerProductSpace._proof_1))
              Real ((i : Fin m) → (fun (x : Fin m) => Real) i)
              (@DivisionSemiring.toSemiring.{0} Real
                (@Semifield.toDivisionSemiring.{0} Real
                  (@Field.toSemifield.{0} Real
                    (@NormedField.toField.{0} Real
                      (@DenselyNormedField.toNormedField.{0} Real
                        (@RCLike.toDenselyNormedField.{0} Real Real.instRCLike))))))
              (@Pi.addCommGroup.{0, 0} (Fin m) (fun (x : Fin m) => Real) fun (i : Fin m) =>
                @Ring.toAddCommGroup.{0} Real
                  (@DivisionRing.toRing.{0} Real
                    (@Field.toDivisionRing.{0} Real
                      (@NormedField.toField.{0} Real
                        (@DenselyNormedField.toNormedField.{0} Real
                          (@RCLike.toDenselyNormedField.{0} Real Real.instRCLike))))))
              (@Pi.Function.module.{0, 0, 0} (Fin m) Real Real
                (@DivisionSemiring.toSemiring.{0} Real
                  (@Semifield.toDivisionSemiring.{0} Real
                    (@Field.toSemifield.{0} Real
                      (@NormedField.toField.{0} Real
                        (@DenselyNormedField.toNormedField.{0} Real
                          (@RCLike.toDenselyNormedField.{0} Real Real.instRCLike))))))
                (@Semiring.toAddCommMonoid.{0} Real
                  (@Ring.toSemiring.{0} Real
                    (@DivisionRing.toRing.{0} Real
                      (@Field.toDivisionRing.{0} Real
                        (@NormedField.toField.{0} Real
                          (@DenselyNormedField.toNormedField.{0} Real
                            (@RCLike.toDenselyNormedField.{0} Real Real.instRCLike)))))))
                (@Semiring.toModule.{0} Real
                  (@DivisionSemiring.toSemiring.{0} Real
                    (@Semifield.toDivisionSemiring.{0} Real
                      (@Field.toSemifield.{0} Real
                        (@NormedField.toField.{0} Real
                          (@DenselyNormedField.toNormedField.{0} Real
                            (@RCLike.toDenselyNormedField.{0} Real Real.instRCLike))))))))))
          (@Matrix.addCommMonoid.{0, 0, 0} (Fin m) (Fin m) Real
            (@Semiring.toAddCommMonoid.{0} Real
              (@DivisionSemiring.toSemiring.{0} Real
                (@Semifield.toDivisionSemiring.{0} Real
                  (@Field.toSemifield.{0} Real
                    (@NormedField.toField.{0} Real
                      (@DenselyNormedField.toNormedField.{0} Real
                        (@RCLike.toDenselyNormedField.{0} Real Real.instRCLike))))))))
          (@LinearMap.addCommMonoid.{0, 0, 0, 0} Real Real (EuclideanSpace.{0, 0} Real (Fin m))
            (EuclideanSpace.{0, 0} Real (Fin m))
            (@DivisionSemiring.toSemiring.{0} Real
              (@Semifield.toDivisionSemiring.{0} Real
                (@Field.toSemifield.{0} Real
                  (@NormedField.toField.{0} Real
                    (@DenselyNormedField.toNormedField.{0} Real
                      (@RCLike.toDenselyNormedField.{0} Real Real.instRCLike))))))
            (@DivisionSemiring.toSemiring.{0} Real
              (@Semifield.toDivisionSemiring.{0} Real
                (@Field.toSemifield.{0} Real
                  (@NormedField.toField.{0} Real
                    (@DenselyNormedField.toNormedField.{0} Real
                      (@RCLike.toDenselyNormedField.{0} Real Real.instRCLike))))))
            (@AddCommGroup.toAddCommMonoid.{0} (EuclideanSpace.{0, 0} Real (Fin m))
              (@WithLp.instAddCommGroup.{0}
                (@OfNat.ofNat.{0} ENNReal (nat_lit 2)
                  (@instOfNatAtLeastTwo.{0} ENNReal (nat_lit 2)
                    (@AddMonoidWithOne.toNatCast.{0} ENNReal
                      (@AddCommMonoidWithOne.toAddMonoidWithOne.{0} ENNReal ENNReal.instAddCommMonoidWithOne))
                    PiLp.innerProductSpace._proof_1))
                ((i : Fin m) → (fun (x : Fin m) => Real) i)
                (@Pi.addCommGroup.{0, 0} (Fin m) (fun (x : Fin m) => Real) fun (i : Fin m) =>
                  @Ring.toAddCommGroup.{0} Real
                    (@DivisionRing.toRing.{0} Real
                      (@Field.toDivisionRing.{0} Real
                        (@NormedField.toField.{0} Real
                          (@DenselyNormedField.toNormedField.{0} Real
                            (@RCLike.toDenselyNormedField.{0} Real Real.instRCLike))))))))
            (@AddCommGroup.toAddCommMonoid.{0} (EuclideanSpace.{0, 0} Real (Fin m))
              (@WithLp.instAddCommGroup.{0}
                (@OfNat.ofNat.{0} ENNReal (nat_lit 2)
                  (@instOfNatAtLeastTwo.{0} ENNReal (nat_lit 2)
                    (@AddMonoidWithOne.toNatCast.{0} ENNReal
                      (@AddCommMonoidWithOne.toAddMonoidWithOne.{0} ENNReal ENNReal.instAddCommMonoidWithOne))
                    PiLp.innerProductSpace._proof_1))
                ((i : Fin m) → (fun (x : Fin m) => Real) i)
                (@Pi.addCommGroup.{0, 0} (Fin m) (fun (x : Fin m) => Real) fun (i : Fin m) =>
                  @Ring.toAddCommGroup.{0} Real
                    (@DivisionRing.toRing.{0} Real
                      (@Field.toDivisionRing.{0} Real
                        (@NormedField.toField.{0} Real
                          (@DenselyNormedField.toNormedField.{0} Real
                            (@RCLike.toDenselyNormedField.{0} Real Real.instRCLike))))))))
            (@WithLp.instModule.{0, 0}
              (@OfNat.ofNat.{0} ENNReal (nat_lit 2)
                (@instOfNatAtLeastTwo.{0} ENNReal (nat_lit 2)
                  (@AddMonoidWithOne.toNatCast.{0} ENNReal
                    (@AddCommMonoidWithOne.toAddMonoidWithOne.{0} ENNReal ENNReal.instAddCommMonoidWithOne))
                  PiLp.innerProductSpace._proof_1))
              Real ((i : Fin m) → (fun (x : Fin m) => Real) i)
              (@DivisionSemiring.toSemiring.{0} Real
                (@Semifield.toDivisionSemiring.{0} Real
                  (@Field.toSemifield.{0} Real
                    (@NormedField.toField.{0} Real
                      (@DenselyNormedField.toNormedField.{0} Real
                        (@RCLike.toDenselyNormedField.{0} Real Real.instRCLike))))))
              (@Pi.addCommGroup.{0, 0} (Fin m) (fun (x : Fin m) => Real) fun (i : Fin m) =>
                @Ring.toAddCommGroup.{0} Real
                  (@DivisionRing.toRing.{0} Real
                    (@Field.toDivisionRing.{0} Real
                      (@NormedField.toField.{0} Real
                        (@DenselyNormedField.toNormedField.{0} Real
                          (@RCLike.toDenselyNormedField.{0} Real Real.instRCLike))))))
              (@Pi.Function.module.{0, 0, 0} (Fin m) Real Real
                (@DivisionSemiring.toSemiring.{0} Real
                  (@Semifield.toDivisionSemiring.{0} Real
                    (@Field.toSemifield.{0} Real
                      (@NormedField.toField.{0} Real
                        (@DenselyNormedField.toNormedField.{0} Real
                          (@RCLike.toDenselyNormedField.{0} Real Real.instRCLike))))))
                (@Semiring.toAddCommMonoid.{0} Real
                  (@Ring.toSemiring.{0} Real
                    (@DivisionRing.toRing.{0} Real
                      (@Field.toDivisionRing.{0} Real
                        (@NormedField.toField.{0} Real
                          (@DenselyNormedField.toNormedField.{0} Real
                            (@RCLike.toDenselyNormedField.{0} Real Real.instRCLike)))))))
                (@Semiring.toModule.{0} Real
                  (@DivisionSemiring.toSemiring.{0} Real
                    (@Semifield.toDivisionSemiring.{0} Real
                      (@Field.toSemifield.{0} Real
                        (@NormedField.toField.{0} Real
                          (@DenselyNormedField.toNormedField.{0} Real
                            (@RCLike.toDenselyNormedField.{0} Real Real.instRCLike)))))))))
            (@WithLp.instModule.{0, 0}
              (@OfNat.ofNat.{0} ENNReal (nat_lit 2)
                (@instOfNatAtLeastTwo.{0} ENNReal (nat_lit 2)
                  (@AddMonoidWithOne.toNatCast.{0} ENNReal
                    (@AddCommMonoidWithOne.toAddMonoidWithOne.{0} ENNReal ENNReal.instAddCommMonoidWithOne))
                  PiLp.innerProductSpace._proof_1))
              Real ((i : Fin m) → (fun (x : Fin m) => Real) i)
              (@DivisionSemiring.toSemiring.{0} Real
                (@Semifield.toDivisionSemiring.{0} Real
                  (@Field.toSemifield.{0} Real
                    (@NormedField.toField.{0} Real
                      (@DenselyNormedField.toNormedField.{0} Real
                        (@RCLike.toDenselyNormedField.{0} Real Real.instRCLike))))))
              (@Pi.addCommGroup.{0, 0} (Fin m) (fun (x : Fin m) => Real) fun (i : Fin m) =>
                @Ring.toAddCommGroup.{0} Real
                  (@DivisionRing.toRing.{0} Real
                    (@Field.toDivisionRing.{0} Real
                      (@NormedField.toField.{0} Real
                        (@DenselyNormedField.toNormedField.{0} Real
                          (@RCLike.toDenselyNormedField.{0} Real Real.instRCLike))))))
              (@Pi.Function.module.{0, 0, 0} (Fin m) Real Real
                (@DivisionSemiring.toSemiring.{0} Real
                  (@Semifield.toDivisionSemiring.{0} Real
                    (@Field.toSemifield.{0} Real
                      (@NormedField.toField.{0} Real
                        (@DenselyNormedField.toNormedField.{0} Real
                          (@RCLike.toDenselyNormedField.{0} Real Real.instRCLike))))))
                (@Semiring.toAddCommMonoid.{0} Real
                  (@Ring.toSemiring.{0} Real
                    (@DivisionRing.toRing.{0} Real
                      (@Field.toDivisionRing.{0} Real
                        (@NormedField.toField.{0} Real
                          (@DenselyNormedField.toNormedField.{0} Real
                            (@RCLike.toDenselyNormedField.{0} Real Real.instRCLike)))))))
                (@Semiring.toModule.{0} Real
                  (@DivisionSemiring.toSemiring.{0} Real
                    (@Semifield.toDivisionSemiring.{0} Real
                      (@Field.toSemifield.{0} Real
                        (@NormedField.toField.{0} Real
                          (@DenselyNormedField.toNormedField.{0} Real
                            (@RCLike.toDenselyNormedField.{0} Real Real.instRCLike)))))))))
            (@RingHom.id.{0} Real
              (@Semiring.toNonAssocSemiring.{0} Real
                (@DivisionSemiring.toSemiring.{0} Real
                  (@Semifield.toDivisionSemiring.{0} Real
                    (@Field.toSemifield.{0} Real
                      (@NormedField.toField.{0} Real
                        (@DenselyNormedField.toNormedField.{0} Real
                          (@RCLike.toDenselyNormedField.{0} Real Real.instRCLike)))))))))
          (@Matrix.module.{0, 0, 0, 0} (Fin m) (Fin m) Real Real
            (@DivisionSemiring.toSemiring.{0} Real
              (@Semifield.toDivisionSemiring.{0} Real
                (@Field.toSemifield.{0} Real
                  (@NormedField.toField.{0} Real
                    (@DenselyNormedField.toNormedField.{0} Real
                      (@RCLike.toDenselyNormedField.{0} Real Real.instRCLike))))))
            (@Semiring.toAddCommMonoid.{0} Real
              (@DivisionSemiring.toSemiring.{0} Real
                (@Semifield.toDivisionSemiring.{0} Real
                  (@Field.toSemifield.{0} Real
                    (@NormedField.toField.{0} Real
                      (@DenselyNormedField.toNormedField.{0} Real
                        (@RCLike.toDenselyNormedField.{0} Real Real.instRCLike)))))))
            (@Semiring.toModule.{0} Real
              (@DivisionSemiring.toSemiring.{0} Real
                (@Semifield.toDivisionSemiring.{0} Real
                  (@Field.toSemifield.{0} Real
                    (@NormedField.toField.{0} Real
                      (@DenselyNormedField.toNormedField.{0} Real
                        (@RCLike.toDenselyNormedField.{0} Real Real.instRCLike))))))))
          (@LinearMap.module.{0, 0, 0, 0, 0} Real Real Real (EuclideanSpace.{0, 0} Real (Fin m))
            (EuclideanSpace.{0, 0} Real (Fin m))
            (@DivisionSemiring.toSemiring.{0} Real
              (@Semifield.toDivisionSemiring.{0} Real
                (@Field.toSemifield.{0} Real
                  (@NormedField.toField.{0} Real
                    (@DenselyNormedField.toNormedField.{0} Real
                      (@RCLike.toDenselyNormedField.{0} Real Real.instRCLike))))))
            (@DivisionSemiring.toSemiring.{0} Real
              (@Semifield.toDivisionSemiring.{0} Real
                (@Field.toSemifield.{0} Real
                  (@NormedField.toField.{0} Real
                    (@DenselyNormedField.toNormedField.{0} Real
                      (@RCLike.toDenselyNormedField.{0} Real Real.instRCLike))))))
            (@AddCommGroup.toAddCommMonoid.{0} (EuclideanSpace.{0, 0} Real (Fin m))
              (@WithLp.instAddCommGroup.{0}
                (@OfNat.ofNat.{0} ENNReal (nat_lit 2)
                  (@instOfNatAtLeastTwo.{0} ENNReal (nat_lit 2)
                    (@AddMonoidWithOne.toNatCast.{0} ENNReal
                      (@AddCommMonoidWithOne.toAddMonoidWithOne.{0} ENNReal ENNReal.instAddCommMonoidWithOne))
                    PiLp.innerProductSpace._proof_1))
                ((i : Fin m) → (fun (x : Fin m) => Real) i)
                (@Pi.addCommGroup.{0, 0} (Fin m) (fun (x : Fin m) => Real) fun (i : Fin m) =>
                  @Ring.toAddCommGroup.{0} Real
                    (@DivisionRing.toRing.{0} Real
                      (@Field.toDivisionRing.{0} Real
                        (@NormedField.toField.{0} Real
                          (@DenselyNormedField.toNormedField.{0} Real
                            (@RCLike.toDenselyNormedField.{0} Real Real.instRCLike))))))))
            (@AddCommGroup.toAddCommMonoid.{0} (EuclideanSpace.{0, 0} Real (Fin m))
              (@WithLp.instAddCommGroup.{0}
                (@OfNat.ofNat.{0} ENNReal (nat_lit 2)
                  (@instOfNatAtLeastTwo.{0} ENNReal (nat_lit 2)
                    (@AddMonoidWithOne.toNatCast.{0} ENNReal
                      (@AddCommMonoidWithOne.toAddMonoidWithOne.{0} ENNReal ENNReal.instAddCommMonoidWithOne))
                    PiLp.innerProductSpace._proof_1))
                ((i : Fin m) → (fun (x : Fin m) => Real) i)
                (@Pi.addCommGroup.{0, 0} (Fin m) (fun (x : Fin m) => Real) fun (i : Fin m) =>
                  @Ring.toAddCommGroup.{0} Real
                    (@DivisionRing.toRing.{0} Real
                      (@Field.toDivisionRing.{0} Real
                        (@NormedField.toField.{0} Real
                          (@DenselyNormedField.toNormedField.{0} Real
                            (@RCLike.toDenselyNormedField.{0} Real Real.instRCLike))))))))
            (@WithLp.instModule.{0, 0}
              (@OfNat.ofNat.{0} ENNReal (nat_lit 2)
                (@instOfNatAtLeastTwo.{0} ENNReal (nat_lit 2)
                  (@AddMonoidWithOne.toNatCast.{0} ENNReal
                    (@AddCommMonoidWithOne.toAddMonoidWithOne.{0} ENNReal ENNReal.instAddCommMonoidWithOne))
                  PiLp.innerProductSpace._proof_1))
              Real ((i : Fin m) → (fun (x : Fin m) => Real) i)
              (@DivisionSemiring.toSemiring.{0} Real
                (@Semifield.toDivisionSemiring.{0} Real
                  (@Field.toSemifield.{0} Real
                    (@NormedField.toField.{0} Real
                      (@DenselyNormedField.toNormedField.{0} Real
                        (@RCLike.toDenselyNormedField.{0} Real Real.instRCLike))))))
              (@Pi.addCommGroup.{0, 0} (Fin m) (fun (x : Fin m) => Real) fun (i : Fin m) =>
                @Ring.toAddCommGroup.{0} Real
                  (@DivisionRing.toRing.{0} Real
                    (@Field.toDivisionRing.{0} Real
                      (@NormedField.toField.{0} Real
                        (@DenselyNormedField.toNormedField.{0} Real
                          (@RCLike.toDenselyNormedField.{0} Real Real.instRCLike))))))
              (@Pi.Function.module.{0, 0, 0} (Fin m) Real Real
                (@DivisionSemiring.toSemiring.{0} Real
                  (@Semifield.toDivisionSemiring.{0} Real
                    (@Field.toSemifield.{0} Real
                      (@NormedField.toField.{0} Real
                        (@DenselyNormedField.toNormedField.{0} Real
                          (@RCLike.toDenselyNormedField.{0} Real Real.instRCLike))))))
                (@Semiring.toAddCommMonoid.{0} Real
                  (@Ring.toSemiring.{0} Real
                    (@DivisionRing.toRing.{0} Real
                      (@Field.toDivisionRing.{0} Real
                        (@NormedField.toField.{0} Real
                          (@DenselyNormedField.toNormedField.{0} Real
                            (@RCLike.toDenselyNormedField.{0} Real Real.instRCLike)))))))
                (@Semiring.toModule.{0} Real
                  (@DivisionSemiring.toSemiring.{0} Real
                    (@Semifield.toDivisionSemiring.{0} Real
                      (@Field.toSemifield.{0} Real
                        (@NormedField.toField.{0} Real
                          (@DenselyNormedField.toNormedField.{0} Real
                            (@RCLike.toDenselyNormedField.{0} Real Real.instRCLike)))))))))
            (@WithLp.instModule.{0, 0}
              (@OfNat.ofNat.{0} ENNReal (nat_lit 2)
                (@instOfNatAtLeastTwo.{0} ENNReal (nat_lit 2)
                  (@AddMonoidWithOne.toNatCast.{0} ENNReal
                    (@AddCommMonoidWithOne.toAddMonoidWithOne.{0} ENNReal ENNReal.instAddCommMonoidWithOne))
                  PiLp.innerProductSpace._proof_1))
              Real ((i : Fin m) → (fun (x : Fin m) => Real) i)
              (@DivisionSemiring.toSemiring.{0} Real
                (@Semifield.toDivisionSemiring.{0} Real
                  (@Field.toSemifield.{0} Real
                    (@NormedField.toField.{0} Real
                      (@DenselyNormedField.toNormedField.{0} Real
                        (@RCLike.toDenselyNormedField.{0} Real Real.instRCLike))))))
              (@Pi.addCommGroup.{0, 0} (Fin m) (fun (x : Fin m) => Real) fun (i : Fin m) =>
                @Ring.toAddCommGroup.{0} Real
                  (@DivisionRing.toRing.{0} Real
                    (@Field.toDivisionRing.{0} Real
                      (@NormedField.toField.{0} Real
                        (@DenselyNormedField.toNormedField.{0} Real
                          (@RCLike.toDenselyNormedField.{0} Real Real.instRCLike))))))
              (@Pi.Function.module.{0, 0, 0} (Fin m) Real Real
                (@DivisionSemiring.toSemiring.{0} Real
                  (@Semifield.toDivisionSemiring.{0} Real
                    (@Field.toSemifield.{0} Real
                      (@NormedField.toField.{0} Real
                        (@DenselyNormedField.toNormedField.{0} Real
                          (@RCLike.toDenselyNormedField.{0} Real Real.instRCLike))))))
                (@Semiring.toAddCommMonoid.{0} Real
                  (@Ring.toSemiring.{0} Real
                    (@DivisionRing.toRing.{0} Real
                      (@Field.toDivisionRing.{0} Real
                        (@NormedField.toField.{0} Real
                          (@DenselyNormedField.toNormedField.{0} Real
                            (@RCLike.toDenselyNormedField.{0} Real Real.instRCLike)))))))
                (@Semiring.toModule.{0} Real
                  (@DivisionSemiring.toSemiring.{0} Real
                    (@Semifield.toDivisionSemiring.{0} Real
                      (@Field.toSemifield.{0} Real
                        (@NormedField.toField.{0} Real
                          (@DenselyNormedField.toNormedField.{0} Real
                            (@RCLike.toDenselyNormedField.{0} Real Real.instRCLike)))))))))
            (@RingHom.id.{0} Real
              (@Semiring.toNonAssocSemiring.{0} Real
                (@DivisionSemiring.toSemiring.{0} Real
                  (@Semifield.toDivisionSemiring.{0} Real
                    (@Field.toSemifield.{0} Real
                      (@NormedField.toField.{0} Real
                        (@DenselyNormedField.toNormedField.{0} Real
                          (@RCLike.toDenselyNormedField.{0} Real Real.instRCLike))))))))
            (@DivisionSemiring.toSemiring.{0} Real
              (@Semifield.toDivisionSemiring.{0} Real
                (@Field.toSemifield.{0} Real
                  (@NormedField.toField.{0} Real
                    (@DenselyNormedField.toNormedField.{0} Real
                      (@RCLike.toDenselyNormedField.{0} Real Real.instRCLike))))))
            (@WithLp.instModule.{0, 0}
              (@OfNat.ofNat.{0} ENNReal (nat_lit 2)
                (@instOfNatAtLeastTwo.{0} ENNReal (nat_lit 2)
                  (@AddMonoidWithOne.toNatCast.{0} ENNReal
                    (@AddCommMonoidWithOne.toAddMonoidWithOne.{0} ENNReal ENNReal.instAddCommMonoidWithOne))
                  PiLp.innerProductSpace._proof_1))
              Real ((i : Fin m) → (fun (x : Fin m) => Real) i)
              (@DivisionSemiring.toSemiring.{0} Real
                (@Semifield.toDivisionSemiring.{0} Real
                  (@Field.toSemifield.{0} Real
                    (@NormedField.toField.{0} Real
                      (@DenselyNormedField.toNormedField.{0} Real
                        (@RCLike.toDenselyNormedField.{0} Real Real.instRCLike))))))
              (@Pi.addCommGroup.{0, 0} (Fin m) (fun (x : Fin m) => Real) fun (i : Fin m) =>
                @Ring.toAddCommGroup.{0} Real
                  (@DivisionRing.toRing.{0} Real
                    (@Field.toDivisionRing.{0} Real
                      (@NormedField.toField.{0} Real
                        (@DenselyNormedField.toNormedField.{0} Real
                          (@RCLike.toDenselyNormedField.{0} Real Real.instRCLike))))))
              (@Pi.Function.module.{0, 0, 0} (Fin m) Real Real
                (@DivisionSemiring.toSemiring.{0} Real
                  (@Semifield.toDivisionSemiring.{0} Real
                    (@Field.toSemifield.{0} Real
                      (@NormedField.toField.{0} Real
                        (@DenselyNormedField.toNormedField.{0} Real
                          (@RCLike.toDenselyNormedField.{0} Real Real.instRCLike))))))
                (@Semiring.toAddCommMonoid.{0} Real
                  (@Ring.toSemiring.{0} Real
                    (@DivisionRing.toRing.{0} Real
                      (@Field.toDivisionRing.{0} Real
                        (@NormedField.toField.{0} Real
                          (@DenselyNormedField.toNormedField.{0} Real
                            (@RCLike.toDenselyNormedField.{0} Real Real.instRCLike)))))))
                (@Semiring.toModule.{0} Real
                  (@DivisionSemiring.toSemiring.{0} Real
                    (@Semifield.toDivisionSemiring.{0} Real
                      (@Field.toSemifield.{0} Real
                        (@NormedField.toField.{0} Real
                          (@DenselyNormedField.toNormedField.{0} Real
                            (@RCLike.toDenselyNormedField.{0} Real Real.instRCLike)))))))))
            (@NLA.KE04.act._proof_2 m)))
        (Matrix.{0, 0, 0} (Fin m) (Fin m) Real)
        (fun (x : Matrix.{0, 0, 0} (Fin m) (Fin m) Real) =>
          @LinearMap.{0, 0, 0, 0} Real Real
            (@DivisionSemiring.toSemiring.{0} Real
              (@Semifield.toDivisionSemiring.{0} Real
                (@Field.toSemifield.{0} Real
                  (@NormedField.toField.{0} Real
                    (@DenselyNormedField.toNormedField.{0} Real
                      (@RCLike.toDenselyNormedField.{0} Real Real.instRCLike))))))
            (@DivisionSemiring.toSemiring.{0} Real
              (@Semifield.toDivisionSemiring.{0} Real
                (@Field.toSemifield.{0} Real
                  (@NormedField.toField.{0} Real
                    (@DenselyNormedField.toNormedField.{0} Real
                      (@RCLike.toDenselyNormedField.{0} Real Real.instRCLike))))))
            (@RingHom.id.{0} Real
              (@Semiring.toNonAssocSemiring.{0} Real
                (@DivisionSemiring.toSemiring.{0} Real
                  (@Semifield.toDivisionSemiring.{0} Real
                    (@Field.toSemifield.{0} Real
                      (@NormedField.toField.{0} Real
                        (@DenselyNormedField.toNormedField.{0} Real
                          (@RCLike.toDenselyNormedField.{0} Real Real.instRCLike))))))))
            (EuclideanSpace.{0, 0} Real (Fin m)) (EuclideanSpace.{0, 0} Real (Fin m))
            (@AddCommGroup.toAddCommMonoid.{0} (EuclideanSpace.{0, 0} Real (Fin m))
              (@WithLp.instAddCommGroup.{0}
                (@OfNat.ofNat.{0} ENNReal (nat_lit 2)
                  (@instOfNatAtLeastTwo.{0} ENNReal (nat_lit 2)
                    (@AddMonoidWithOne.toNatCast.{0} ENNReal
                      (@AddCommMonoidWithOne.toAddMonoidWithOne.{0} ENNReal ENNReal.instAddCommMonoidWithOne))
                    PiLp.innerProductSpace._proof_1))
                ((i : Fin m) → (fun (x : Fin m) => Real) i)
                (@Pi.addCommGroup.{0, 0} (Fin m) (fun (x : Fin m) => Real) fun (i : Fin m) =>
                  @Ring.toAddCommGroup.{0} Real
                    (@DivisionRing.toRing.{0} Real
                      (@Field.toDivisionRing.{0} Real
                        (@NormedField.toField.{0} Real
                          (@DenselyNormedField.toNormedField.{0} Real
                            (@RCLike.toDenselyNormedField.{0} Real Real.instRCLike))))))))
            (@AddCommGroup.toAddCommMonoid.{0} (EuclideanSpace.{0, 0} Real (Fin m))
              (@WithLp.instAddCommGroup.{0}
                (@OfNat.ofNat.{0} ENNReal (nat_lit 2)
                  (@instOfNatAtLeastTwo.{0} ENNReal (nat_lit 2)
                    (@AddMonoidWithOne.toNatCast.{0} ENNReal
                      (@AddCommMonoidWithOne.toAddMonoidWithOne.{0} ENNReal ENNReal.instAddCommMonoidWithOne))
                    PiLp.innerProductSpace._proof_1))
                ((i : Fin m) → (fun (x : Fin m) => Real) i)
                (@Pi.addCommGroup.{0, 0} (Fin m) (fun (x : Fin m) => Real) fun (i : Fin m) =>
                  @Ring.toAddCommGroup.{0} Real
                    (@DivisionRing.toRing.{0} Real
                      (@Field.toDivisionRing.{0} Real
                        (@NormedField.toField.{0} Real
                          (@DenselyNormedField.toNormedField.{0} Real
                            (@RCLike.toDenselyNormedField.{0} Real Real.instRCLike))))))))
            (@WithLp.instModule.{0, 0}
              (@OfNat.ofNat.{0} ENNReal (nat_lit 2)
                (@instOfNatAtLeastTwo.{0} ENNReal (nat_lit 2)
                  (@AddMonoidWithOne.toNatCast.{0} ENNReal
                    (@AddCommMonoidWithOne.toAddMonoidWithOne.{0} ENNReal ENNReal.instAddCommMonoidWithOne))
                  PiLp.innerProductSpace._proof_1))
              Real ((i : Fin m) → (fun (x : Fin m) => Real) i)
              (@DivisionSemiring.toSemiring.{0} Real
                (@Semifield.toDivisionSemiring.{0} Real
                  (@Field.toSemifield.{0} Real
                    (@NormedField.toField.{0} Real
                      (@DenselyNormedField.toNormedField.{0} Real
                        (@RCLike.toDenselyNormedField.{0} Real Real.instRCLike))))))
              (@Pi.addCommGroup.{0, 0} (Fin m) (fun (x : Fin m) => Real) fun (i : Fin m) =>
                @Ring.toAddCommGroup.{0} Real
                  (@DivisionRing.toRing.{0} Real
                    (@Field.toDivisionRing.{0} Real
                      (@NormedField.toField.{0} Real
                        (@DenselyNormedField.toNormedField.{0} Real
                          (@RCLike.toDenselyNormedField.{0} Real Real.instRCLike))))))
              (@Pi.Function.module.{0, 0, 0} (Fin m) Real Real
                (@DivisionSemiring.toSemiring.{0} Real
                  (@Semifield.toDivisionSemiring.{0} Real
                    (@Field.toSemifield.{0} Real
                      (@NormedField.toField.{0} Real
                        (@DenselyNormedField.toNormedField.{0} Real
                          (@RCLike.toDenselyNormedField.{0} Real Real.instRCLike))))))
                (@Semiring.toAddCommMonoid.{0} Real
                  (@Ring.toSemiring.{0} Real
                    (@DivisionRing.toRing.{0} Real
                      (@Field.toDivisionRing.{0} Real
                        (@NormedField.toField.{0} Real
                          (@DenselyNormedField.toNormedField.{0} Real
                            (@RCLike.toDenselyNormedField.{0} Real Real.instRCLike)))))))
                (@Semiring.toModule.{0} Real
                  (@DivisionSemiring.toSemiring.{0} Real
                    (@Semifield.toDivisionSemiring.{0} Real
                      (@Field.toSemifield.{0} Real
                        (@NormedField.toField.{0} Real
                          (@DenselyNormedField.toNormedField.{0} Real
                            (@RCLike.toDenselyNormedField.{0} Real Real.instRCLike)))))))))
            (@WithLp.instModule.{0, 0}
              (@OfNat.ofNat.{0} ENNReal (nat_lit 2)
                (@instOfNatAtLeastTwo.{0} ENNReal (nat_lit 2)
                  (@AddMonoidWithOne.toNatCast.{0} ENNReal
                    (@AddCommMonoidWithOne.toAddMonoidWithOne.{0} ENNReal ENNReal.instAddCommMonoidWithOne))
                  PiLp.innerProductSpace._proof_1))
              Real ((i : Fin m) → (fun (x : Fin m) => Real) i)
              (@DivisionSemiring.toSemiring.{0} Real
                (@Semifield.toDivisionSemiring.{0} Real
                  (@Field.toSemifield.{0} Real
                    (@NormedField.toField.{0} Real
                      (@DenselyNormedField.toNormedField.{0} Real
                        (@RCLike.toDenselyNormedField.{0} Real Real.instRCLike))))))
              (@Pi.addCommGroup.{0, 0} (Fin m) (fun (x : Fin m) => Real) fun (i : Fin m) =>
                @Ring.toAddCommGroup.{0} Real
                  (@DivisionRing.toRing.{0} Real
                    (@Field.toDivisionRing.{0} Real
                      (@NormedField.toField.{0} Real
                        (@DenselyNormedField.toNormedField.{0} Real
                          (@RCLike.toDenselyNormedField.{0} Real Real.instRCLike))))))
              (@Pi.Function.module.{0, 0, 0} (Fin m) Real Real
                (@DivisionSemiring.toSemiring.{0} Real
                  (@Semifield.toDivisionSemiring.{0} Real
                    (@Field.toSemifield.{0} Real
                      (@NormedField.toField.{0} Real
                        (@DenselyNormedField.toNormedField.{0} Real
                          (@RCLike.toDenselyNormedField.{0} Real Real.instRCLike))))))
                (@Semiring.toAddCommMonoid.{0} Real
                  (@Ring.toSemiring.{0} Real
                    (@DivisionRing.toRing.{0} Real
                      (@Field.toDivisionRing.{0} Real
                        (@NormedField.toField.{0} Real
                          (@DenselyNormedField.toNormedField.{0} Real
                            (@RCLike.toDenselyNormedField.{0} Real Real.instRCLike)))))))
                (@Semiring.toModule.{0} Real
                  (@DivisionSemiring.toSemiring.{0} Real
                    (@Semifield.toDivisionSemiring.{0} Real
                      (@Field.toSemifield.{0} Real
                        (@NormedField.toField.{0} Real
                          (@DenselyNormedField.toNormedField.{0} Real
                            (@RCLike.toDenselyNormedField.{0} Real Real.instRCLike))))))))))
        (@EquivLike.toFunLike.{1, 1, 1}
          (@LinearEquiv.{0, 0, 0, 0} Real Real
            (@DivisionSemiring.toSemiring.{0} Real
              (@Semifield.toDivisionSemiring.{0} Real
                (@Field.toSemifield.{0} Real
                  (@NormedField.toField.{0} Real
                    (@DenselyNormedField.toNormedField.{0} Real
                      (@RCLike.toDenselyNormedField.{0} Real Real.instRCLike))))))
            (@DivisionSemiring.toSemiring.{0} Real
              (@Semifield.toDivisionSemiring.{0} Real
                (@Field.toSemifield.{0} Real
                  (@NormedField.toField.{0} Real
                    (@DenselyNormedField.toNormedField.{0} Real
                      (@RCLike.toDenselyNormedField.{0} Real Real.instRCLike))))))
            (@RingHom.id.{0} Real
              (@Semiring.toNonAssocSemiring.{0} Real
                (@DivisionSemiring.toSemiring.{0} Real
                  (@Semifield.toDivisionSemiring.{0} Real
                    (@Field.toSemifield.{0} Real
                      (@NormedField.toField.{0} Real
                        (@DenselyNormedField.toNormedField.{0} Real
                          (@RCLike.toDenselyNormedField.{0} Real Real.instRCLike))))))))
            (@RingHom.id.{0} Real
              (@Semiring.toNonAssocSemiring.{0} Real
                (@DivisionSemiring.toSemiring.{0} Real
                  (@Semifield.toDivisionSemiring.{0} Real
                    (@Field.toSemifield.{0} Real
                      (@NormedField.toField.{0} Real
                        (@DenselyNormedField.toNormedField.{0} Real
                          (@RCLike.toDenselyNormedField.{0} Real Real.instRCLike))))))))
            NLA.KE04.act._proof_1 NLA.KE04.act._proof_1 (Matrix.{0, 0, 0} (Fin m) (Fin m) Real)
            (@LinearMap.{0, 0, 0, 0} Real Real
              (@DivisionSemiring.toSemiring.{0} Real
                (@Semifield.toDivisionSemiring.{0} Real
                  (@Field.toSemifield.{0} Real
                    (@NormedField.toField.{0} Real
                      (@DenselyNormedField.toNormedField.{0} Real
                        (@RCLike.toDenselyNormedField.{0} Real Real.instRCLike))))))
              (@DivisionSemiring.toSemiring.{0} Real
                (@Semifield.toDivisionSemiring.{0} Real
                  (@Field.toSemifield.{0} Real
                    (@NormedField.toField.{0} Real
                      (@DenselyNormedField.toNormedField.{0} Real
                        (@RCLike.toDenselyNormedField.{0} Real Real.instRCLike))))))
              (@RingHom.id.{0} Real
                (@Semiring.toNonAssocSemiring.{0} Real
                  (@DivisionSemiring.toSemiring.{0} Real
                    (@Semifield.toDivisionSemiring.{0} Real
                      (@Field.toSemifield.{0} Real
                        (@NormedField.toField.{0} Real
                          (@DenselyNormedField.toNormedField.{0} Real
                            (@RCLike.toDenselyNormedField.{0} Real Real.instRCLike))))))))
              (EuclideanSpace.{0, 0} Real (Fin m)) (EuclideanSpace.{0, 0} Real (Fin m))
              (@AddCommGroup.toAddCommMonoid.{0} (EuclideanSpace.{0, 0} Real (Fin m))
                (@WithLp.instAddCommGroup.{0}
                  (@OfNat.ofNat.{0} ENNReal (nat_lit 2)
                    (@instOfNatAtLeastTwo.{0} ENNReal (nat_lit 2)
                      (@AddMonoidWithOne.toNatCast.{0} ENNReal
                        (@AddCommMonoidWithOne.toAddMonoidWithOne.{0} ENNReal ENNReal.instAddCommMonoidWithOne))
                      PiLp.innerProductSpace._proof_1))
                  ((i : Fin m) → (fun (x : Fin m) => Real) i)
                  (@Pi.addCommGroup.{0, 0} (Fin m) (fun (x : Fin m) => Real) fun (i : Fin m) =>
                    @Ring.toAddCommGroup.{0} Real
                      (@DivisionRing.toRing.{0} Real
                        (@Field.toDivisionRing.{0} Real
                          (@NormedField.toField.{0} Real
                            (@DenselyNormedField.toNormedField.{0} Real
                              (@RCLike.toDenselyNormedField.{0} Real Real.instRCLike))))))))
              (@AddCommGroup.toAddCommMonoid.{0} (EuclideanSpace.{0, 0} Real (Fin m))
                (@WithLp.instAddCommGroup.{0}
                  (@OfNat.ofNat.{0} ENNReal (nat_lit 2)
                    (@instOfNatAtLeastTwo.{0} ENNReal (nat_lit 2)
                      (@AddMonoidWithOne.toNatCast.{0} ENNReal
                        (@AddCommMonoidWithOne.toAddMonoidWithOne.{0} ENNReal ENNReal.instAddCommMonoidWithOne))
                      PiLp.innerProductSpace._proof_1))
                  ((i : Fin m) → (fun (x : Fin m) => Real) i)
                  (@Pi.addCommGroup.{0, 0} (Fin m) (fun (x : Fin m) => Real) fun (i : Fin m) =>
                    @Ring.toAddCommGroup.{0} Real
                      (@DivisionRing.toRing.{0} Real
                        (@Field.toDivisionRing.{0} Real
                          (@NormedField.toField.{0} Real
                            (@DenselyNormedField.toNormedField.{0} Real
                              (@RCLike.toDenselyNormedField.{0} Real Real.instRCLike))))))))
              (@WithLp.instModule.{0, 0}
                (@OfNat.ofNat.{0} ENNReal (nat_lit 2)
                  (@instOfNatAtLeastTwo.{0} ENNReal (nat_lit 2)
                    (@AddMonoidWithOne.toNatCast.{0} ENNReal
                      (@AddCommMonoidWithOne.toAddMonoidWithOne.{0} ENNReal ENNReal.instAddCommMonoidWithOne))
                    PiLp.innerProductSpace._proof_1))
                Real ((i : Fin m) → (fun (x : Fin m) => Real) i)
                (@DivisionSemiring.toSemiring.{0} Real
                  (@Semifield.toDivisionSemiring.{0} Real
                    (@Field.toSemifield.{0} Real
                      (@NormedField.toField.{0} Real
                        (@DenselyNormedField.toNormedField.{0} Real
                          (@RCLike.toDenselyNormedField.{0} Real Real.instRCLike))))))
                (@Pi.addCommGroup.{0, 0} (Fin m) (fun (x : Fin m) => Real) fun (i : Fin m) =>
                  @Ring.toAddCommGroup.{0} Real
                    (@DivisionRing.toRing.{0} Real
                      (@Field.toDivisionRing.{0} Real
                        (@NormedField.toField.{0} Real
                          (@DenselyNormedField.toNormedField.{0} Real
                            (@RCLike.toDenselyNormedField.{0} Real Real.instRCLike))))))
                (@Pi.Function.module.{0, 0, 0} (Fin m) Real Real
                  (@DivisionSemiring.toSemiring.{0} Real
                    (@Semifield.toDivisionSemiring.{0} Real
                      (@Field.toSemifield.{0} Real
                        (@NormedField.toField.{0} Real
                          (@DenselyNormedField.toNormedField.{0} Real
                            (@RCLike.toDenselyNormedField.{0} Real Real.instRCLike))))))
                  (@Semiring.toAddCommMonoid.{0} Real
                    (@Ring.toSemiring.{0} Real
                      (@DivisionRing.toRing.{0} Real
                        (@Field.toDivisionRing.{0} Real
                          (@NormedField.toField.{0} Real
                            (@DenselyNormedField.toNormedField.{0} Real
                              (@RCLike.toDenselyNormedField.{0} Real Real.instRCLike)))))))
                  (@Semiring.toModule.{0} Real
                    (@DivisionSemiring.toSemiring.{0} Real
                      (@Semifield.toDivisionSemiring.{0} Real
                        (@Field.toSemifield.{0} Real
                          (@NormedField.toField.{0} Real
                            (@DenselyNormedField.toNormedField.{0} Real
                              (@RCLike.toDenselyNormedField.{0} Real Real.instRCLike)))))))))
              (@WithLp.instModule.{0, 0}
                (@OfNat.ofNat.{0} ENNReal (nat_lit 2)
                  (@instOfNatAtLeastTwo.{0} ENNReal (nat_lit 2)
                    (@AddMonoidWithOne.toNatCast.{0} ENNReal
                      (@AddCommMonoidWithOne.toAddMonoidWithOne.{0} ENNReal ENNReal.instAddCommMonoidWithOne))
                    PiLp.innerProductSpace._proof_1))
                Real ((i : Fin m) → (fun (x : Fin m) => Real) i)
                (@DivisionSemiring.toSemiring.{0} Real
                  (@Semifield.toDivisionSemiring.{0} Real
                    (@Field.toSemifield.{0} Real
                      (@NormedField.toField.{0} Real
                        (@DenselyNormedField.toNormedField.{0} Real
                          (@RCLike.toDenselyNormedField.{0} Real Real.instRCLike))))))
                (@Pi.addCommGroup.{0, 0} (Fin m) (fun (x : Fin m) => Real) fun (i : Fin m) =>
                  @Ring.toAddCommGroup.{0} Real
                    (@DivisionRing.toRing.{0} Real
                      (@Field.toDivisionRing.{0} Real
                        (@NormedField.toField.{0} Real
                          (@DenselyNormedField.toNormedField.{0} Real
                            (@RCLike.toDenselyNormedField.{0} Real Real.instRCLike))))))
                (@Pi.Function.module.{0, 0, 0} (Fin m) Real Real
                  (@DivisionSemiring.toSemiring.{0} Real
                    (@Semifield.toDivisionSemiring.{0} Real
                      (@Field.toSemifield.{0} Real
                        (@NormedField.toField.{0} Real
                          (@DenselyNormedField.toNormedField.{0} Real
                            (@RCLike.toDenselyNormedField.{0} Real Real.instRCLike))))))
                  (@Semiring.toAddCommMonoid.{0} Real
                    (@Ring.toSemiring.{0} Real
                      (@DivisionRing.toRing.{0} Real
                        (@Field.toDivisionRing.{0} Real
                          (@NormedField.toField.{0} Real
                            (@DenselyNormedField.toNormedField.{0} Real
                              (@RCLike.toDenselyNormedField.{0} Real Real.instRCLike)))))))
                  (@Semiring.toModule.{0} Real
                    (@DivisionSemiring.toSemiring.{0} Real
                      (@Semifield.toDivisionSemiring.{0} Real
                        (@Field.toSemifield.{0} Real
                          (@NormedField.toField.{0} Real
                            (@DenselyNormedField.toNormedField.{0} Real
                              (@RCLike.toDenselyNormedField.{0} Real Real.instRCLike))))))))))
            (@Matrix.addCommMonoid.{0, 0, 0} (Fin m) (Fin m) Real
              (@Semiring.toAddCommMonoid.{0} Real
                (@DivisionSemiring.toSemiring.{0} Real
                  (@Semifield.toDivisionSemiring.{0} Real
                    (@Field.toSemifield.{0} Real
                      (@NormedField.toField.{0} Real
                        (@DenselyNormedField.toNormedField.{0} Real
                          (@RCLike.toDenselyNormedField.{0} Real Real.instRCLike))))))))
            (@LinearMap.addCommMonoid.{0, 0, 0, 0} Real Real (EuclideanSpace.{0, 0} Real (Fin m))
              (EuclideanSpace.{0, 0} Real (Fin m))
              (@DivisionSemiring.toSemiring.{0} Real
                (@Semifield.toDivisionSemiring.{0} Real
                  (@Field.toSemifield.{0} Real
                    (@NormedField.toField.{0} Real
                      (@DenselyNormedField.toNormedField.{0} Real
                        (@RCLike.toDenselyNormedField.{0} Real Real.instRCLike))))))
              (@DivisionSemiring.toSemiring.{0} Real
                (@Semifield.toDivisionSemiring.{0} Real
                  (@Field.toSemifield.{0} Real
                    (@NormedField.toField.{0} Real
                      (@DenselyNormedField.toNormedField.{0} Real
                        (@RCLike.toDenselyNormedField.{0} Real Real.instRCLike))))))
              (@AddCommGroup.toAddCommMonoid.{0} (EuclideanSpace.{0, 0} Real (Fin m))
                (@WithLp.instAddCommGroup.{0}
                  (@OfNat.ofNat.{0} ENNReal (nat_lit 2)
                    (@instOfNatAtLeastTwo.{0} ENNReal (nat_lit 2)
                      (@AddMonoidWithOne.toNatCast.{0} ENNReal
                        (@AddCommMonoidWithOne.toAddMonoidWithOne.{0} ENNReal ENNReal.instAddCommMonoidWithOne))
                      PiLp.innerProductSpace._proof_1))
                  ((i : Fin m) → (fun (x : Fin m) => Real) i)
                  (@Pi.addCommGroup.{0, 0} (Fin m) (fun (x : Fin m) => Real) fun (i : Fin m) =>
                    @Ring.toAddCommGroup.{0} Real
                      (@DivisionRing.toRing.{0} Real
                        (@Field.toDivisionRing.{0} Real
                          (@NormedField.toField.{0} Real
                            (@DenselyNormedField.toNormedField.{0} Real
                              (@RCLike.toDenselyNormedField.{0} Real Real.instRCLike))))))))
              (@AddCommGroup.toAddCommMonoid.{0} (EuclideanSpace.{0, 0} Real (Fin m))
                (@WithLp.instAddCommGroup.{0}
                  (@OfNat.ofNat.{0} ENNReal (nat_lit 2)
                    (@instOfNatAtLeastTwo.{0} ENNReal (nat_lit 2)
                      (@AddMonoidWithOne.toNatCast.{0} ENNReal
                        (@AddCommMonoidWithOne.toAddMonoidWithOne.{0} ENNReal ENNReal.instAddCommMonoidWithOne))
                      PiLp.innerProductSpace._proof_1))
                  ((i : Fin m) → (fun (x : Fin m) => Real) i)
                  (@Pi.addCommGroup.{0, 0} (Fin m) (fun (x : Fin m) => Real) fun (i : Fin m) =>
                    @Ring.toAddCommGroup.{0} Real
                      (@DivisionRing.toRing.{0} Real
                        (@Field.toDivisionRing.{0} Real
                          (@NormedField.toField.{0} Real
                            (@DenselyNormedField.toNormedField.{0} Real
                              (@RCLike.toDenselyNormedField.{0} Real Real.instRCLike))))))))
              (@WithLp.instModule.{0, 0}
                (@OfNat.ofNat.{0} ENNReal (nat_lit 2)
                  (@instOfNatAtLeastTwo.{0} ENNReal (nat_lit 2)
                    (@AddMonoidWithOne.toNatCast.{0} ENNReal
                      (@AddCommMonoidWithOne.toAddMonoidWithOne.{0} ENNReal ENNReal.instAddCommMonoidWithOne))
                    PiLp.innerProductSpace._proof_1))
                Real ((i : Fin m) → (fun (x : Fin m) => Real) i)
                (@DivisionSemiring.toSemiring.{0} Real
                  (@Semifield.toDivisionSemiring.{0} Real
                    (@Field.toSemifield.{0} Real
                      (@NormedField.toField.{0} Real
                        (@DenselyNormedField.toNormedField.{0} Real
                          (@RCLike.toDenselyNormedField.{0} Real Real.instRCLike))))))
                (@Pi.addCommGroup.{0, 0} (Fin m) (fun (x : Fin m) => Real) fun (i : Fin m) =>
                  @Ring.toAddCommGroup.{0} Real
                    (@DivisionRing.toRing.{0} Real
                      (@Field.toDivisionRing.{0} Real
                        (@NormedField.toField.{0} Real
                          (@DenselyNormedField.toNormedField.{0} Real
                            (@RCLike.toDenselyNormedField.{0} Real Real.instRCLike))))))
                (@Pi.Function.module.{0, 0, 0} (Fin m) Real Real
                  (@DivisionSemiring.toSemiring.{0} Real
                    (@Semifield.toDivisionSemiring.{0} Real
                      (@Field.toSemifield.{0} Real
                        (@NormedField.toField.{0} Real
                          (@DenselyNormedField.toNormedField.{0} Real
                            (@RCLike.toDenselyNormedField.{0} Real Real.instRCLike))))))
                  (@Semiring.toAddCommMonoid.{0} Real
                    (@Ring.toSemiring.{0} Real
                      (@DivisionRing.toRing.{0} Real
                        (@Field.toDivisionRing.{0} Real
                          (@NormedField.toField.{0} Real
                            (@DenselyNormedField.toNormedField.{0} Real
                              (@RCLike.toDenselyNormedField.{0} Real Real.instRCLike)))))))
                  (@Semiring.toModule.{0} Real
                    (@DivisionSemiring.toSemiring.{0} Real
                      (@Semifield.toDivisionSemiring.{0} Real
                        (@Field.toSemifield.{0} Real
                          (@NormedField.toField.{0} Real
                            (@DenselyNormedField.toNormedField.{0} Real
                              (@RCLike.toDenselyNormedField.{0} Real Real.instRCLike)))))))))
              (@WithLp.instModule.{0, 0}
                (@OfNat.ofNat.{0} ENNReal (nat_lit 2)
                  (@instOfNatAtLeastTwo.{0} ENNReal (nat_lit 2)
                    (@AddMonoidWithOne.toNatCast.{0} ENNReal
                      (@AddCommMonoidWithOne.toAddMonoidWithOne.{0} ENNReal ENNReal.instAddCommMonoidWithOne))
                    PiLp.innerProductSpace._proof_1))
                Real ((i : Fin m) → (fun (x : Fin m) => Real) i)
                (@DivisionSemiring.toSemiring.{0} Real
                  (@Semifield.toDivisionSemiring.{0} Real
                    (@Field.toSemifield.{0} Real
                      (@NormedField.toField.{0} Real
                        (@DenselyNormedField.toNormedField.{0} Real
                          (@RCLike.toDenselyNormedField.{0} Real Real.instRCLike))))))
                (@Pi.addCommGroup.{0, 0} (Fin m) (fun (x : Fin m) => Real) fun (i : Fin m) =>
                  @Ring.toAddCommGroup.{0} Real
                    (@DivisionRing.toRing.{0} Real
                      (@Field.toDivisionRing.{0} Real
                        (@NormedField.toField.{0} Real
                          (@DenselyNormedField.toNormedField.{0} Real
                            (@RCLike.toDenselyNormedField.{0} Real Real.instRCLike))))))
                (@Pi.Function.module.{0, 0, 0} (Fin m) Real Real
                  (@DivisionSemiring.toSemiring.{0} Real
                    (@Semifield.toDivisionSemiring.{0} Real
                      (@Field.toSemifield.{0} Real
                        (@NormedField.toField.{0} Real
                          (@DenselyNormedField.toNormedField.{0} Real
                            (@RCLike.toDenselyNormedField.{0} Real Real.instRCLike))))))
                  (@Semiring.toAddCommMonoid.{0} Real
                    (@Ring.toSemiring.{0} Real
                      (@DivisionRing.toRing.{0} Real
                        (@Field.toDivisionRing.{0} Real
                          (@NormedField.toField.{0} Real
                            (@DenselyNormedField.toNormedField.{0} Real
                              (@RCLike.toDenselyNormedField.{0} Real Real.instRCLike)))))))
                  (@Semiring.toModule.{0} Real
                    (@DivisionSemiring.toSemiring.{0} Real
                      (@Semifield.toDivisionSemiring.{0} Real
                        (@Field.toSemifield.{0} Real
                          (@NormedField.toField.{0} Real
                            (@DenselyNormedField.toNormedField.{0} Real
                              (@RCLike.toDenselyNormedField.{0} Real Real.instRCLike)))))))))
              (@RingHom.id.{0} Real
                (@Semiring.toNonAssocSemiring.{0} Real
                  (@DivisionSemiring.toSemiring.{0} Real
                    (@Semifield.toDivisionSemiring.{0} Real
                      (@Field.toSemifield.{0} Real
                        (@NormedField.toField.{0} Real
                          (@DenselyNormedField.toNormedField.{0} Real
                            (@RCLike.toDenselyNormedField.{0} Real Real.instRCLike)))))))))
            (@Matrix.module.{0, 0, 0, 0} (Fin m) (Fin m) Real Real
              (@DivisionSemiring.toSemiring.{0} Real
                (@Semifield.toDivisionSemiring.{0} Real
                  (@Field.toSemifield.{0} Real
                    (@NormedField.toField.{0} Real
                      (@DenselyNormedField.toNormedField.{0} Real
                        (@RCLike.toDenselyNormedField.{0} Real Real.instRCLike))))))
              (@Semiring.toAddCommMonoid.{0} Real
                (@DivisionSemiring.toSemiring.{0} Real
                  (@Semifield.toDivisionSemiring.{0} Real
                    (@Field.toSemifield.{0} Real
                      (@NormedField.toField.{0} Real
                        (@DenselyNormedField.toNormedField.{0} Real
                          (@RCLike.toDenselyNormedField.{0} Real Real.instRCLike)))))))
              (@Semiring.toModule.{0} Real
                (@DivisionSemiring.toSemiring.{0} Real
                  (@Semifield.toDivisionSemiring.{0} Real
                    (@Field.toSemifield.{0} Real
                      (@NormedField.toField.{0} Real
                        (@DenselyNormedField.toNormedField.{0} Real
                          (@RCLike.toDenselyNormedField.{0} Real Real.instRCLike))))))))
            (@LinearMap.module.{0, 0, 0, 0, 0} Real Real Real (EuclideanSpace.{0, 0} Real (Fin m))
              (EuclideanSpace.{0, 0} Real (Fin m))
              (@DivisionSemiring.toSemiring.{0} Real
                (@Semifield.toDivisionSemiring.{0} Real
                  (@Field.toSemifield.{0} Real
                    (@NormedField.toField.{0} Real
                      (@DenselyNormedField.toNormedField.{0} Real
                        (@RCLike.toDenselyNormedField.{0} Real Real.instRCLike))))))
              (@DivisionSemiring.toSemiring.{0} Real
                (@Semifield.toDivisionSemiring.{0} Real
                  (@Field.toSemifield.{0} Real
                    (@NormedField.toField.{0} Real
                      (@DenselyNormedField.toNormedField.{0} Real
                        (@RCLike.toDenselyNormedField.{0} Real Real.instRCLike))))))
              (@AddCommGroup.toAddCommMonoid.{0} (EuclideanSpace.{0, 0} Real (Fin m))
                (@WithLp.instAddCommGroup.{0}
                  (@OfNat.ofNat.{0} ENNReal (nat_lit 2)
                    (@instOfNatAtLeastTwo.{0} ENNReal (nat_lit 2)
                      (@AddMonoidWithOne.toNatCast.{0} ENNReal
                        (@AddCommMonoidWithOne.toAddMonoidWithOne.{0} ENNReal ENNReal.instAddCommMonoidWithOne))
                      PiLp.innerProductSpace._proof_1))
                  ((i : Fin m) → (fun (x : Fin m) => Real) i)
                  (@Pi.addCommGroup.{0, 0} (Fin m) (fun (x : Fin m) => Real) fun (i : Fin m) =>
                    @Ring.toAddCommGroup.{0} Real
                      (@DivisionRing.toRing.{0} Real
                        (@Field.toDivisionRing.{0} Real
                          (@NormedField.toField.{0} Real
                            (@DenselyNormedField.toNormedField.{0} Real
                              (@RCLike.toDenselyNormedField.{0} Real Real.instRCLike))))))))
              (@AddCommGroup.toAddCommMonoid.{0} (EuclideanSpace.{0, 0} Real (Fin m))
                (@WithLp.instAddCommGroup.{0}
                  (@OfNat.ofNat.{0} ENNReal (nat_lit 2)
                    (@instOfNatAtLeastTwo.{0} ENNReal (nat_lit 2)
                      (@AddMonoidWithOne.toNatCast.{0} ENNReal
                        (@AddCommMonoidWithOne.toAddMonoidWithOne.{0} ENNReal ENNReal.instAddCommMonoidWithOne))
                      PiLp.innerProductSpace._proof_1))
                  ((i : Fin m) → (fun (x : Fin m) => Real) i)
                  (@Pi.addCommGroup.{0, 0} (Fin m) (fun (x : Fin m) => Real) fun (i : Fin m) =>
                    @Ring.toAddCommGroup.{0} Real
                      (@DivisionRing.toRing.{0} Real
                        (@Field.toDivisionRing.{0} Real
                          (@NormedField.toField.{0} Real
                            (@DenselyNormedField.toNormedField.{0} Real
                              (@RCLike.toDenselyNormedField.{0} Real Real.instRCLike))))))))
              (@WithLp.instModule.{0, 0}
                (@OfNat.ofNat.{0} ENNReal (nat_lit 2)
                  (@instOfNatAtLeastTwo.{0} ENNReal (nat_lit 2)
                    (@AddMonoidWithOne.toNatCast.{0} ENNReal
                      (@AddCommMonoidWithOne.toAddMonoidWithOne.{0} ENNReal ENNReal.instAddCommMonoidWithOne))
                    PiLp.innerProductSpace._proof_1))
                Real ((i : Fin m) → (fun (x : Fin m) => Real) i)
                (@DivisionSemiring.toSemiring.{0} Real
                  (@Semifield.toDivisionSemiring.{0} Real
                    (@Field.toSemifield.{0} Real
                      (@NormedField.toField.{0} Real
                        (@DenselyNormedField.toNormedField.{0} Real
                          (@RCLike.toDenselyNormedField.{0} Real Real.instRCLike))))))
                (@Pi.addCommGroup.{0, 0} (Fin m) (fun (x : Fin m) => Real) fun (i : Fin m) =>
                  @Ring.toAddCommGroup.{0} Real
                    (@DivisionRing.toRing.{0} Real
                      (@Field.toDivisionRing.{0} Real
                        (@NormedField.toField.{0} Real
                          (@DenselyNormedField.toNormedField.{0} Real
                            (@RCLike.toDenselyNormedField.{0} Real Real.instRCLike))))))
                (@Pi.Function.module.{0, 0, 0} (Fin m) Real Real
                  (@DivisionSemiring.toSemiring.{0} Real
                    (@Semifield.toDivisionSemiring.{0} Real
                      (@Field.toSemifield.{0} Real
                        (@NormedField.toField.{0} Real
                          (@DenselyNormedField.toNormedField.{0} Real
                            (@RCLike.toDenselyNormedField.{0} Real Real.instRCLike))))))
                  (@Semiring.toAddCommMonoid.{0} Real
                    (@Ring.toSemiring.{0} Real
                      (@DivisionRing.toRing.{0} Real
                        (@Field.toDivisionRing.{0} Real
                          (@NormedField.toField.{0} Real
                            (@DenselyNormedField.toNormedField.{0} Real
                              (@RCLike.toDenselyNormedField.{0} Real Real.instRCLike)))))))
                  (@Semiring.toModule.{0} Real
                    (@DivisionSemiring.toSemiring.{0} Real
                      (@Semifield.toDivisionSemiring.{0} Real
                        (@Field.toSemifield.{0} Real
                          (@NormedField.toField.{0} Real
                            (@DenselyNormedField.toNormedField.{0} Real
                              (@RCLike.toDenselyNormedField.{0} Real Real.instRCLike)))))))))
              (@WithLp.instModule.{0, 0}
                (@OfNat.ofNat.{0} ENNReal (nat_lit 2)
                  (@instOfNatAtLeastTwo.{0} ENNReal (nat_lit 2)
                    (@AddMonoidWithOne.toNatCast.{0} ENNReal
                      (@AddCommMonoidWithOne.toAddMonoidWithOne.{0} ENNReal ENNReal.instAddCommMonoidWithOne))
                    PiLp.innerProductSpace._proof_1))
                Real ((i : Fin m) → (fun (x : Fin m) => Real) i)
                (@DivisionSemiring.toSemiring.{0} Real
                  (@Semifield.toDivisionSemiring.{0} Real
                    (@Field.toSemifield.{0} Real
                      (@NormedField.toField.{0} Real
                        (@DenselyNormedField.toNormedField.{0} Real
                          (@RCLike.toDenselyNormedField.{0} Real Real.instRCLike))))))
                (@Pi.addCommGroup.{0, 0} (Fin m) (fun (x : Fin m) => Real) fun (i : Fin m) =>
                  @Ring.toAddCommGroup.{0} Real
                    (@DivisionRing.toRing.{0} Real
                      (@Field.toDivisionRing.{0} Real
                        (@NormedField.toField.{0} Real
                          (@DenselyNormedField.toNormedField.{0} Real
                            (@RCLike.toDenselyNormedField.{0} Real Real.instRCLike))))))
                (@Pi.Function.module.{0, 0, 0} (Fin m) Real Real
                  (@DivisionSemiring.toSemiring.{0} Real
                    (@Semifield.toDivisionSemiring.{0} Real
                      (@Field.toSemifield.{0} Real
                        (@NormedField.toField.{0} Real
                          (@DenselyNormedField.toNormedField.{0} Real
                            (@RCLike.toDenselyNormedField.{0} Real Real.instRCLike))))))
                  (@Semiring.toAddCommMonoid.{0} Real
                    (@Ring.toSemiring.{0} Real
                      (@DivisionRing.toRing.{0} Real
                        (@Field.toDivisionRing.{0} Real
                          (@NormedField.toField.{0} Real
                            (@DenselyNormedField.toNormedField.{0} Real
                              (@RCLike.toDenselyNormedField.{0} Real Real.instRCLike)))))))
                  (@Semiring.toModule.{0} Real
                    (@DivisionSemiring.toSemiring.{0} Real
                      (@Semifield.toDivisionSemiring.{0} Real
                        (@Field.toSemifield.{0} Real
                          (@NormedField.toField.{0} Real
                            (@DenselyNormedField.toNormedField.{0} Real
                              (@RCLike.toDenselyNormedField.{0} Real Real.instRCLike)))))))))
              (@RingHom.id.{0} Real
                (@Semiring.toNonAssocSemiring.{0} Real
                  (@DivisionSemiring.toSemiring.{0} Real
                    (@Semifield.toDivisionSemiring.{0} Real
                      (@Field.toSemifield.{0} Real
                        (@NormedField.toField.{0} Real
                          (@DenselyNormedField.toNormedField.{0} Real
                            (@RCLike.toDenselyNormedField.{0} Real Real.instRCLike))))))))
              (@DivisionSemiring.toSemiring.{0} Real
                (@Semifield.toDivisionSemiring.{0} Real
                  (@Field.toSemifield.{0} Real
                    (@NormedField.toField.{0} Real
                      (@DenselyNormedField.toNormedField.{0} Real
                        (@RCLike.toDenselyNormedField.{0} Real Real.instRCLike))))))
              (@WithLp.instModule.{0, 0}
                (@OfNat.ofNat.{0} ENNReal (nat_lit 2)
                  (@instOfNatAtLeastTwo.{0} ENNReal (nat_lit 2)
                    (@AddMonoidWithOne.toNatCast.{0} ENNReal
                      (@AddCommMonoidWithOne.toAddMonoidWithOne.{0} ENNReal ENNReal.instAddCommMonoidWithOne))
                    PiLp.innerProductSpace._proof_1))
                Real ((i : Fin m) → (fun (x : Fin m) => Real) i)
                (@DivisionSemiring.toSemiring.{0} Real
                  (@Semifield.toDivisionSemiring.{0} Real
                    (@Field.toSemifield.{0} Real
                      (@NormedField.toField.{0} Real
                        (@DenselyNormedField.toNormedField.{0} Real
                          (@RCLike.toDenselyNormedField.{0} Real Real.instRCLike))))))
                (@Pi.addCommGroup.{0, 0} (Fin m) (fun (x : Fin m) => Real) fun (i : Fin m) =>
                  @Ring.toAddCommGroup.{0} Real
                    (@DivisionRing.toRing.{0} Real
                      (@Field.toDivisionRing.{0} Real
                        (@NormedField.toField.{0} Real
                          (@DenselyNormedField.toNormedField.{0} Real
                            (@RCLike.toDenselyNormedField.{0} Real Real.instRCLike))))))
                (@Pi.Function.module.{0, 0, 0} (Fin m) Real Real
                  (@DivisionSemiring.toSemiring.{0} Real
                    (@Semifield.toDivisionSemiring.{0} Real
                      (@Field.toSemifield.{0} Real
                        (@NormedField.toField.{0} Real
                          (@DenselyNormedField.toNormedField.{0} Real
                            (@RCLike.toDenselyNormedField.{0} Real Real.instRCLike))))))
                  (@Semiring.toAddCommMonoid.{0} Real
                    (@Ring.toSemiring.{0} Real
                      (@DivisionRing.toRing.{0} Real
                        (@Field.toDivisionRing.{0} Real
                          (@NormedField.toField.{0} Real
                            (@DenselyNormedField.toNormedField.{0} Real
                              (@RCLike.toDenselyNormedField.{0} Real Real.instRCLike)))))))
                  (@Semiring.toModule.{0} Real
                    (@DivisionSemiring.toSemiring.{0} Real
                      (@Semifield.toDivisionSemiring.{0} Real
                        (@Field.toSemifield.{0} Real
                          (@NormedField.toField.{0} Real
                            (@DenselyNormedField.toNormedField.{0} Real
                              (@RCLike.toDenselyNormedField.{0} Real Real.instRCLike)))))))))
              (@NLA.KE04.act._proof_2 m)))
          (Matrix.{0, 0, 0} (Fin m) (Fin m) Real)
          (@LinearMap.{0, 0, 0, 0} Real Real
            (@DivisionSemiring.toSemiring.{0} Real
              (@Semifield.toDivisionSemiring.{0} Real
                (@Field.toSemifield.{0} Real
                  (@NormedField.toField.{0} Real
                    (@DenselyNormedField.toNormedField.{0} Real
                      (@RCLike.toDenselyNormedField.{0} Real Real.instRCLike))))))
            (@DivisionSemiring.toSemiring.{0} Real
              (@Semifield.toDivisionSemiring.{0} Real
                (@Field.toSemifield.{0} Real
                  (@NormedField.toField.{0} Real
                    (@DenselyNormedField.toNormedField.{0} Real
                      (@RCLike.toDenselyNormedField.{0} Real Real.instRCLike))))))
            (@RingHom.id.{0} Real
              (@Semiring.toNonAssocSemiring.{0} Real
                (@DivisionSemiring.toSemiring.{0} Real
                  (@Semifield.toDivisionSemiring.{0} Real
                    (@Field.toSemifield.{0} Real
                      (@NormedField.toField.{0} Real
                        (@DenselyNormedField.toNormedField.{0} Real
                          (@RCLike.toDenselyNormedField.{0} Real Real.instRCLike))))))))
            (EuclideanSpace.{0, 0} Real (Fin m)) (EuclideanSpace.{0, 0} Real (Fin m))
            (@AddCommGroup.toAddCommMonoid.{0} (EuclideanSpace.{0, 0} Real (Fin m))
              (@WithLp.instAddCommGroup.{0}
                (@OfNat.ofNat.{0} ENNReal (nat_lit 2)
                  (@instOfNatAtLeastTwo.{0} ENNReal (nat_lit 2)
                    (@AddMonoidWithOne.toNatCast.{0} ENNReal
                      (@AddCommMonoidWithOne.toAddMonoidWithOne.{0} ENNReal ENNReal.instAddCommMonoidWithOne))
                    PiLp.innerProductSpace._proof_1))
                ((i : Fin m) → (fun (x : Fin m) => Real) i)
                (@Pi.addCommGroup.{0, 0} (Fin m) (fun (x : Fin m) => Real) fun (i : Fin m) =>
                  @Ring.toAddCommGroup.{0} Real
                    (@DivisionRing.toRing.{0} Real
                      (@Field.toDivisionRing.{0} Real
                        (@NormedField.toField.{0} Real
                          (@DenselyNormedField.toNormedField.{0} Real
                            (@RCLike.toDenselyNormedField.{0} Real Real.instRCLike))))))))
            (@AddCommGroup.toAddCommMonoid.{0} (EuclideanSpace.{0, 0} Real (Fin m))
              (@WithLp.instAddCommGroup.{0}
                (@OfNat.ofNat.{0} ENNReal (nat_lit 2)
                  (@instOfNatAtLeastTwo.{0} ENNReal (nat_lit 2)
                    (@AddMonoidWithOne.toNatCast.{0} ENNReal
                      (@AddCommMonoidWithOne.toAddMonoidWithOne.{0} ENNReal ENNReal.instAddCommMonoidWithOne))
                    PiLp.innerProductSpace._proof_1))
                ((i : Fin m) → (fun (x : Fin m) => Real) i)
                (@Pi.addCommGroup.{0, 0} (Fin m) (fun (x : Fin m) => Real) fun (i : Fin m) =>
                  @Ring.toAddCommGroup.{0} Real
                    (@DivisionRing.toRing.{0} Real
                      (@Field.toDivisionRing.{0} Real
                        (@NormedField.toField.{0} Real
                          (@DenselyNormedField.toNormedField.{0} Real
                            (@RCLike.toDenselyNormedField.{0} Real Real.instRCLike))))))))
            (@WithLp.instModule.{0, 0}
              (@OfNat.ofNat.{0} ENNReal (nat_lit 2)
                (@instOfNatAtLeastTwo.{0} ENNReal (nat_lit 2)
                  (@AddMonoidWithOne.toNatCast.{0} ENNReal
                    (@AddCommMonoidWithOne.toAddMonoidWithOne.{0} ENNReal ENNReal.instAddCommMonoidWithOne))
                  PiLp.innerProductSpace._proof_1))
              Real ((i : Fin m) → (fun (x : Fin m) => Real) i)
              (@DivisionSemiring.toSemiring.{0} Real
                (@Semifield.toDivisionSemiring.{0} Real
                  (@Field.toSemifield.{0} Real
                    (@NormedField.toField.{0} Real
                      (@DenselyNormedField.toNormedField.{0} Real
                        (@RCLike.toDenselyNormedField.{0} Real Real.instRCLike))))))
              (@Pi.addCommGroup.{0, 0} (Fin m) (fun (x : Fin m) => Real) fun (i : Fin m) =>
                @Ring.toAddCommGroup.{0} Real
                  (@DivisionRing.toRing.{0} Real
                    (@Field.toDivisionRing.{0} Real
                      (@NormedField.toField.{0} Real
                        (@DenselyNormedField.toNormedField.{0} Real
                          (@RCLike.toDenselyNormedField.{0} Real Real.instRCLike))))))
              (@Pi.Function.module.{0, 0, 0} (Fin m) Real Real
                (@DivisionSemiring.toSemiring.{0} Real
                  (@Semifield.toDivisionSemiring.{0} Real
                    (@Field.toSemifield.{0} Real
                      (@NormedField.toField.{0} Real
                        (@DenselyNormedField.toNormedField.{0} Real
                          (@RCLike.toDenselyNormedField.{0} Real Real.instRCLike))))))
                (@Semiring.toAddCommMonoid.{0} Real
                  (@Ring.toSemiring.{0} Real
                    (@DivisionRing.toRing.{0} Real
                      (@Field.toDivisionRing.{0} Real
                        (@NormedField.toField.{0} Real
                          (@DenselyNormedField.toNormedField.{0} Real
                            (@RCLike.toDenselyNormedField.{0} Real Real.instRCLike)))))))
                (@Semiring.toModule.{0} Real
                  (@DivisionSemiring.toSemiring.{0} Real
                    (@Semifield.toDivisionSemiring.{0} Real
                      (@Field.toSemifield.{0} Real
                        (@NormedField.toField.{0} Real
                          (@DenselyNormedField.toNormedField.{0} Real
                            (@RCLike.toDenselyNormedField.{0} Real Real.instRCLike)))))))))
            (@WithLp.instModule.{0, 0}
              (@OfNat.ofNat.{0} ENNReal (nat_lit 2)
                (@instOfNatAtLeastTwo.{0} ENNReal (nat_lit 2)
                  (@AddMonoidWithOne.toNatCast.{0} ENNReal
                    (@AddCommMonoidWithOne.toAddMonoidWithOne.{0} ENNReal ENNReal.instAddCommMonoidWithOne))
                  PiLp.innerProductSpace._proof_1))
              Real ((i : Fin m) → (fun (x : Fin m) => Real) i)
              (@DivisionSemiring.toSemiring.{0} Real
                (@Semifield.toDivisionSemiring.{0} Real
                  (@Field.toSemifield.{0} Real
                    (@NormedField.toField.{0} Real
                      (@DenselyNormedField.toNormedField.{0} Real
                        (@RCLike.toDenselyNormedField.{0} Real Real.instRCLike))))))
              (@Pi.addCommGroup.{0, 0} (Fin m) (fun (x : Fin m) => Real) fun (i : Fin m) =>
                @Ring.toAddCommGroup.{0} Real
                  (@DivisionRing.toRing.{0} Real
                    (@Field.toDivisionRing.{0} Real
                      (@NormedField.toField.{0} Real
                        (@DenselyNormedField.toNormedField.{0} Real
                          (@RCLike.toDenselyNormedField.{0} Real Real.instRCLike))))))
              (@Pi.Function.module.{0, 0, 0} (Fin m) Real Real
                (@DivisionSemiring.toSemiring.{0} Real
                  (@Semifield.toDivisionSemiring.{0} Real
                    (@Field.toSemifield.{0} Real
                      (@NormedField.toField.{0} Real
                        (@DenselyNormedField.toNormedField.{0} Real
                          (@RCLike.toDenselyNormedField.{0} Real Real.instRCLike))))))
                (@Semiring.toAddCommMonoid.{0} Real
                  (@Ring.toSemiring.{0} Real
                    (@DivisionRing.toRing.{0} Real
                      (@Field.toDivisionRing.{0} Real
                        (@NormedField.toField.{0} Real
                          (@DenselyNormedField.toNormedField.{0} Real
                            (@RCLike.toDenselyNormedField.{0} Real Real.instRCLike)))))))
                (@Semiring.toModule.{0} Real
                  (@DivisionSemiring.toSemiring.{0} Real
                    (@Semifield.toDivisionSemiring.{0} Real
                      (@Field.toSemifield.{0} Real
                        (@NormedField.toField.{0} Real
                          (@DenselyNormedField.toNormedField.{0} Real
                            (@RCLike.toDenselyNormedField.{0} Real Real.instRCLike))))))))))
          (@DFinsupp.instEquivLikeLinearEquiv.{0, 0, 0, 0} Real Real
            (@DivisionSemiring.toSemiring.{0} Real
              (@Semifield.toDivisionSemiring.{0} Real
                (@Field.toSemifield.{0} Real
                  (@NormedField.toField.{0} Real
                    (@DenselyNormedField.toNormedField.{0} Real
                      (@RCLike.toDenselyNormedField.{0} Real Real.instRCLike))))))
            (@DivisionSemiring.toSemiring.{0} Real
              (@Semifield.toDivisionSemiring.{0} Real
                (@Field.toSemifield.{0} Real
                  (@NormedField.toField.{0} Real
                    (@DenselyNormedField.toNormedField.{0} Real
                      (@RCLike.toDenselyNormedField.{0} Real Real.instRCLike))))))
            (@RingHom.id.{0} Real
              (@Semiring.toNonAssocSemiring.{0} Real
                (@DivisionSemiring.toSemiring.{0} Real
                  (@Semifield.toDivisionSemiring.{0} Real
                    (@Field.toSemifield.{0} Real
                      (@NormedField.toField.{0} Real
                        (@DenselyNormedField.toNormedField.{0} Real
                          (@RCLike.toDenselyNormedField.{0} Real Real.instRCLike))))))))
            (@RingHom.id.{0} Real
              (@Semiring.toNonAssocSemiring.{0} Real
                (@DivisionSemiring.toSemiring.{0} Real
                  (@Semifield.toDivisionSemiring.{0} Real
                    (@Field.toSemifield.{0} Real
                      (@NormedField.toField.{0} Real
                        (@DenselyNormedField.toNormedField.{0} Real
                          (@RCLike.toDenselyNormedField.{0} Real Real.instRCLike))))))))
            NLA.KE04.act._proof_1 NLA.KE04.act._proof_1 (Matrix.{0, 0, 0} (Fin m) (Fin m) Real)
            (@LinearMap.{0, 0, 0, 0} Real Real
              (@DivisionSemiring.toSemiring.{0} Real
                (@Semifield.toDivisionSemiring.{0} Real
                  (@Field.toSemifield.{0} Real
                    (@NormedField.toField.{0} Real
                      (@DenselyNormedField.toNormedField.{0} Real
                        (@RCLike.toDenselyNormedField.{0} Real Real.instRCLike))))))
              (@DivisionSemiring.toSemiring.{0} Real
                (@Semifield.toDivisionSemiring.{0} Real
                  (@Field.toSemifield.{0} Real
                    (@NormedField.toField.{0} Real
                      (@DenselyNormedField.toNormedField.{0} Real
                        (@RCLike.toDenselyNormedField.{0} Real Real.instRCLike))))))
              (@RingHom.id.{0} Real
                (@Semiring.toNonAssocSemiring.{0} Real
                  (@DivisionSemiring.toSemiring.{0} Real
                    (@Semifield.toDivisionSemiring.{0} Real
                      (@Field.toSemifield.{0} Real
                        (@NormedField.toField.{0} Real
                          (@DenselyNormedField.toNormedField.{0} Real
                            (@RCLike.toDenselyNormedField.{0} Real Real.instRCLike))))))))
              (EuclideanSpace.{0, 0} Real (Fin m)) (EuclideanSpace.{0, 0} Real (Fin m))
              (@AddCommGroup.toAddCommMonoid.{0} (EuclideanSpace.{0, 0} Real (Fin m))
                (@WithLp.instAddCommGroup.{0}
                  (@OfNat.ofNat.{0} ENNReal (nat_lit 2)
                    (@instOfNatAtLeastTwo.{0} ENNReal (nat_lit 2)
                      (@AddMonoidWithOne.toNatCast.{0} ENNReal
                        (@AddCommMonoidWithOne.toAddMonoidWithOne.{0} ENNReal ENNReal.instAddCommMonoidWithOne))
                      PiLp.innerProductSpace._proof_1))
                  ((i : Fin m) → (fun (x : Fin m) => Real) i)
                  (@Pi.addCommGroup.{0, 0} (Fin m) (fun (x : Fin m) => Real) fun (i : Fin m) =>
                    @Ring.toAddCommGroup.{0} Real
                      (@DivisionRing.toRing.{0} Real
                        (@Field.toDivisionRing.{0} Real
                          (@NormedField.toField.{0} Real
                            (@DenselyNormedField.toNormedField.{0} Real
                              (@RCLike.toDenselyNormedField.{0} Real Real.instRCLike))))))))
              (@AddCommGroup.toAddCommMonoid.{0} (EuclideanSpace.{0, 0} Real (Fin m))
                (@WithLp.instAddCommGroup.{0}
                  (@OfNat.ofNat.{0} ENNReal (nat_lit 2)
                    (@instOfNatAtLeastTwo.{0} ENNReal (nat_lit 2)
                      (@AddMonoidWithOne.toNatCast.{0} ENNReal
                        (@AddCommMonoidWithOne.toAddMonoidWithOne.{0} ENNReal ENNReal.instAddCommMonoidWithOne))
                      PiLp.innerProductSpace._proof_1))
                  ((i : Fin m) → (fun (x : Fin m) => Real) i)
                  (@Pi.addCommGroup.{0, 0} (Fin m) (fun (x : Fin m) => Real) fun (i : Fin m) =>
                    @Ring.toAddCommGroup.{0} Real
                      (@DivisionRing.toRing.{0} Real
                        (@Field.toDivisionRing.{0} Real
                          (@NormedField.toField.{0} Real
                            (@DenselyNormedField.toNormedField.{0} Real
                              (@RCLike.toDenselyNormedField.{0} Real Real.instRCLike))))))))
              (@WithLp.instModule.{0, 0}
                (@OfNat.ofNat.{0} ENNReal (nat_lit 2)
                  (@instOfNatAtLeastTwo.{0} ENNReal (nat_lit 2)
                    (@AddMonoidWithOne.toNatCast.{0} ENNReal
                      (@AddCommMonoidWithOne.toAddMonoidWithOne.{0} ENNReal ENNReal.instAddCommMonoidWithOne))
                    PiLp.innerProductSpace._proof_1))
                Real ((i : Fin m) → (fun (x : Fin m) => Real) i)
                (@DivisionSemiring.toSemiring.{0} Real
                  (@Semifield.toDivisionSemiring.{0} Real
                    (@Field.toSemifield.{0} Real
                      (@NormedField.toField.{0} Real
                        (@DenselyNormedField.toNormedField.{0} Real
                          (@RCLike.toDenselyNormedField.{0} Real Real.instRCLike))))))
                (@Pi.addCommGroup.{0, 0} (Fin m) (fun (x : Fin m) => Real) fun (i : Fin m) =>
                  @Ring.toAddCommGroup.{0} Real
                    (@DivisionRing.toRing.{0} Real
                      (@Field.toDivisionRing.{0} Real
                        (@NormedField.toField.{0} Real
                          (@DenselyNormedField.toNormedField.{0} Real
                            (@RCLike.toDenselyNormedField.{0} Real Real.instRCLike))))))
                (@Pi.Function.module.{0, 0, 0} (Fin m) Real Real
                  (@DivisionSemiring.toSemiring.{0} Real
                    (@Semifield.toDivisionSemiring.{0} Real
                      (@Field.toSemifield.{0} Real
                        (@NormedField.toField.{0} Real
                          (@DenselyNormedField.toNormedField.{0} Real
                            (@RCLike.toDenselyNormedField.{0} Real Real.instRCLike))))))
                  (@Semiring.toAddCommMonoid.{0} Real
                    (@Ring.toSemiring.{0} Real
                      (@DivisionRing.toRing.{0} Real
                        (@Field.toDivisionRing.{0} Real
                          (@NormedField.toField.{0} Real
                            (@DenselyNormedField.toNormedField.{0} Real
                              (@RCLike.toDenselyNormedField.{0} Real Real.instRCLike)))))))
                  (@Semiring.toModule.{0} Real
                    (@DivisionSemiring.toSemiring.{0} Real
                      (@Semifield.toDivisionSemiring.{0} Real
                        (@Field.toSemifield.{0} Real
                          (@NormedField.toField.{0} Real
                            (@DenselyNormedField.toNormedField.{0} Real
                              (@RCLike.toDenselyNormedField.{0} Real Real.instRCLike)))))))))
              (@WithLp.instModule.{0, 0}
                (@OfNat.ofNat.{0} ENNReal (nat_lit 2)
                  (@instOfNatAtLeastTwo.{0} ENNReal (nat_lit 2)
                    (@AddMonoidWithOne.toNatCast.{0} ENNReal
                      (@AddCommMonoidWithOne.toAddMonoidWithOne.{0} ENNReal ENNReal.instAddCommMonoidWithOne))
                    PiLp.innerProductSpace._proof_1))
                Real ((i : Fin m) → (fun (x : Fin m) => Real) i)
                (@DivisionSemiring.toSemiring.{0} Real
                  (@Semifield.toDivisionSemiring.{0} Real
                    (@Field.toSemifield.{0} Real
                      (@NormedField.toField.{0} Real
                        (@DenselyNormedField.toNormedField.{0} Real
                          (@RCLike.toDenselyNormedField.{0} Real Real.instRCLike))))))
                (@Pi.addCommGroup.{0, 0} (Fin m) (fun (x : Fin m) => Real) fun (i : Fin m) =>
                  @Ring.toAddCommGroup.{0} Real
                    (@DivisionRing.toRing.{0} Real
                      (@Field.toDivisionRing.{0} Real
                        (@NormedField.toField.{0} Real
                          (@DenselyNormedField.toNormedField.{0} Real
                            (@RCLike.toDenselyNormedField.{0} Real Real.instRCLike))))))
                (@Pi.Function.module.{0, 0, 0} (Fin m) Real Real
                  (@DivisionSemiring.toSemiring.{0} Real
                    (@Semifield.toDivisionSemiring.{0} Real
                      (@Field.toSemifield.{0} Real
                        (@NormedField.toField.{0} Real
                          (@DenselyNormedField.toNormedField.{0} Real
                            (@RCLike.toDenselyNormedField.{0} Real Real.instRCLike))))))
                  (@Semiring.toAddCommMonoid.{0} Real
                    (@Ring.toSemiring.{0} Real
                      (@DivisionRing.toRing.{0} Real
                        (@Field.toDivisionRing.{0} Real
                          (@NormedField.toField.{0} Real
                            (@DenselyNormedField.toNormedField.{0} Real
                              (@RCLike.toDenselyNormedField.{0} Real Real.instRCLike)))))))
                  (@Semiring.toModule.{0} Real
                    (@DivisionSemiring.toSemiring.{0} Real
                      (@Semifield.toDivisionSemiring.{0} Real
                        (@Field.toSemifield.{0} Real
                          (@NormedField.toField.{0} Real
                            (@DenselyNormedField.toNormedField.{0} Real
                              (@RCLike.toDenselyNormedField.{0} Real Real.instRCLike))))))))))
            (@Matrix.addCommMonoid.{0, 0, 0} (Fin m) (Fin m) Real
              (@Semiring.toAddCommMonoid.{0} Real
                (@DivisionSemiring.toSemiring.{0} Real
                  (@Semifield.toDivisionSemiring.{0} Real
                    (@Field.toSemifield.{0} Real
                      (@NormedField.toField.{0} Real
                        (@DenselyNormedField.toNormedField.{0} Real
                          (@RCLike.toDenselyNormedField.{0} Real Real.instRCLike))))))))
            (@LinearMap.addCommMonoid.{0, 0, 0, 0} Real Real (EuclideanSpace.{0, 0} Real (Fin m))
              (EuclideanSpace.{0, 0} Real (Fin m))
              (@DivisionSemiring.toSemiring.{0} Real
                (@Semifield.toDivisionSemiring.{0} Real
                  (@Field.toSemifield.{0} Real
                    (@NormedField.toField.{0} Real
                      (@DenselyNormedField.toNormedField.{0} Real
                        (@RCLike.toDenselyNormedField.{0} Real Real.instRCLike))))))
              (@DivisionSemiring.toSemiring.{0} Real
                (@Semifield.toDivisionSemiring.{0} Real
                  (@Field.toSemifield.{0} Real
                    (@NormedField.toField.{0} Real
                      (@DenselyNormedField.toNormedField.{0} Real
                        (@RCLike.toDenselyNormedField.{0} Real Real.instRCLike))))))
              (@AddCommGroup.toAddCommMonoid.{0} (EuclideanSpace.{0, 0} Real (Fin m))
                (@WithLp.instAddCommGroup.{0}
                  (@OfNat.ofNat.{0} ENNReal (nat_lit 2)
                    (@instOfNatAtLeastTwo.{0} ENNReal (nat_lit 2)
                      (@AddMonoidWithOne.toNatCast.{0} ENNReal
                        (@AddCommMonoidWithOne.toAddMonoidWithOne.{0} ENNReal ENNReal.instAddCommMonoidWithOne))
                      PiLp.innerProductSpace._proof_1))
                  ((i : Fin m) → (fun (x : Fin m) => Real) i)
                  (@Pi.addCommGroup.{0, 0} (Fin m) (fun (x : Fin m) => Real) fun (i : Fin m) =>
                    @Ring.toAddCommGroup.{0} Real
                      (@DivisionRing.toRing.{0} Real
                        (@Field.toDivisionRing.{0} Real
                          (@NormedField.toField.{0} Real
                            (@DenselyNormedField.toNormedField.{0} Real
                              (@RCLike.toDenselyNormedField.{0} Real Real.instRCLike))))))))
              (@AddCommGroup.toAddCommMonoid.{0} (EuclideanSpace.{0, 0} Real (Fin m))
                (@WithLp.instAddCommGroup.{0}
                  (@OfNat.ofNat.{0} ENNReal (nat_lit 2)
                    (@instOfNatAtLeastTwo.{0} ENNReal (nat_lit 2)
                      (@AddMonoidWithOne.toNatCast.{0} ENNReal
                        (@AddCommMonoidWithOne.toAddMonoidWithOne.{0} ENNReal ENNReal.instAddCommMonoidWithOne))
                      PiLp.innerProductSpace._proof_1))
                  ((i : Fin m) → (fun (x : Fin m) => Real) i)
                  (@Pi.addCommGroup.{0, 0} (Fin m) (fun (x : Fin m) => Real) fun (i : Fin m) =>
                    @Ring.toAddCommGroup.{0} Real
                      (@DivisionRing.toRing.{0} Real
                        (@Field.toDivisionRing.{0} Real
                          (@NormedField.toField.{0} Real
                            (@DenselyNormedField.toNormedField.{0} Real
                              (@RCLike.toDenselyNormedField.{0} Real Real.instRCLike))))))))
              (@WithLp.instModule.{0, 0}
                (@OfNat.ofNat.{0} ENNReal (nat_lit 2)
                  (@instOfNatAtLeastTwo.{0} ENNReal (nat_lit 2)
                    (@AddMonoidWithOne.toNatCast.{0} ENNReal
                      (@AddCommMonoidWithOne.toAddMonoidWithOne.{0} ENNReal ENNReal.instAddCommMonoidWithOne))
                    PiLp.innerProductSpace._proof_1))
                Real ((i : Fin m) → (fun (x : Fin m) => Real) i)
                (@DivisionSemiring.toSemiring.{0} Real
                  (@Semifield.toDivisionSemiring.{0} Real
                    (@Field.toSemifield.{0} Real
                      (@NormedField.toField.{0} Real
                        (@DenselyNormedField.toNormedField.{0} Real
                          (@RCLike.toDenselyNormedField.{0} Real Real.instRCLike))))))
                (@Pi.addCommGroup.{0, 0} (Fin m) (fun (x : Fin m) => Real) fun (i : Fin m) =>
                  @Ring.toAddCommGroup.{0} Real
                    (@DivisionRing.toRing.{0} Real
                      (@Field.toDivisionRing.{0} Real
                        (@NormedField.toField.{0} Real
                          (@DenselyNormedField.toNormedField.{0} Real
                            (@RCLike.toDenselyNormedField.{0} Real Real.instRCLike))))))
                (@Pi.Function.module.{0, 0, 0} (Fin m) Real Real
                  (@DivisionSemiring.toSemiring.{0} Real
                    (@Semifield.toDivisionSemiring.{0} Real
                      (@Field.toSemifield.{0} Real
                        (@NormedField.toField.{0} Real
                          (@DenselyNormedField.toNormedField.{0} Real
                            (@RCLike.toDenselyNormedField.{0} Real Real.instRCLike))))))
                  (@Semiring.toAddCommMonoid.{0} Real
                    (@Ring.toSemiring.{0} Real
                      (@DivisionRing.toRing.{0} Real
                        (@Field.toDivisionRing.{0} Real
                          (@NormedField.toField.{0} Real
                            (@DenselyNormedField.toNormedField.{0} Real
                              (@RCLike.toDenselyNormedField.{0} Real Real.instRCLike)))))))
                  (@Semiring.toModule.{0} Real
                    (@DivisionSemiring.toSemiring.{0} Real
                      (@Semifield.toDivisionSemiring.{0} Real
                        (@Field.toSemifield.{0} Real
                          (@NormedField.toField.{0} Real
                            (@DenselyNormedField.toNormedField.{0} Real
                              (@RCLike.toDenselyNormedField.{0} Real Real.instRCLike)))))))))
              (@WithLp.instModule.{0, 0}
                (@OfNat.ofNat.{0} ENNReal (nat_lit 2)
                  (@instOfNatAtLeastTwo.{0} ENNReal (nat_lit 2)
                    (@AddMonoidWithOne.toNatCast.{0} ENNReal
                      (@AddCommMonoidWithOne.toAddMonoidWithOne.{0} ENNReal ENNReal.instAddCommMonoidWithOne))
                    PiLp.innerProductSpace._proof_1))
                Real ((i : Fin m) → (fun (x : Fin m) => Real) i)
                (@DivisionSemiring.toSemiring.{0} Real
                  (@Semifield.toDivisionSemiring.{0} Real
                    (@Field.toSemifield.{0} Real
                      (@NormedField.toField.{0} Real
                        (@DenselyNormedField.toNormedField.{0} Real
                          (@RCLike.toDenselyNormedField.{0} Real Real.instRCLike))))))
                (@Pi.addCommGroup.{0, 0} (Fin m) (fun (x : Fin m) => Real) fun (i : Fin m) =>
                  @Ring.toAddCommGroup.{0} Real
                    (@DivisionRing.toRing.{0} Real
                      (@Field.toDivisionRing.{0} Real
                        (@NormedField.toField.{0} Real
                          (@DenselyNormedField.toNormedField.{0} Real
                            (@RCLike.toDenselyNormedField.{0} Real Real.instRCLike))))))
                (@Pi.Function.module.{0, 0, 0} (Fin m) Real Real
                  (@DivisionSemiring.toSemiring.{0} Real
                    (@Semifield.toDivisionSemiring.{0} Real
                      (@Field.toSemifield.{0} Real
                        (@NormedField.toField.{0} Real
                          (@DenselyNormedField.toNormedField.{0} Real
                            (@RCLike.toDenselyNormedField.{0} Real Real.instRCLike))))))
                  (@Semiring.toAddCommMonoid.{0} Real
                    (@Ring.toSemiring.{0} Real
                      (@DivisionRing.toRing.{0} Real
                        (@Field.toDivisionRing.{0} Real
                          (@NormedField.toField.{0} Real
                            (@DenselyNormedField.toNormedField.{0} Real
                              (@RCLike.toDenselyNormedField.{0} Real Real.instRCLike)))))))
                  (@Semiring.toModule.{0} Real
                    (@DivisionSemiring.toSemiring.{0} Real
                      (@Semifield.toDivisionSemiring.{0} Real
                        (@Field.toSemifield.{0} Real
                          (@NormedField.toField.{0} Real
                            (@DenselyNormedField.toNormedField.{0} Real
                              (@RCLike.toDenselyNormedField.{0} Real Real.instRCLike)))))))))
              (@RingHom.id.{0} Real
                (@Semiring.toNonAssocSemiring.{0} Real
                  (@DivisionSemiring.toSemiring.{0} Real
                    (@Semifield.toDivisionSemiring.{0} Real
                      (@Field.toSemifield.{0} Real
                        (@NormedField.toField.{0} Real
                          (@DenselyNormedField.toNormedField.{0} Real
                            (@RCLike.toDenselyNormedField.{0} Real Real.instRCLike)))))))))
            (@Matrix.module.{0, 0, 0, 0} (Fin m) (Fin m) Real Real
              (@DivisionSemiring.toSemiring.{0} Real
                (@Semifield.toDivisionSemiring.{0} Real
                  (@Field.toSemifield.{0} Real
                    (@NormedField.toField.{0} Real
                      (@DenselyNormedField.toNormedField.{0} Real
                        (@RCLike.toDenselyNormedField.{0} Real Real.instRCLike))))))
              (@Semiring.toAddCommMonoid.{0} Real
                (@DivisionSemiring.toSemiring.{0} Real
                  (@Semifield.toDivisionSemiring.{0} Real
                    (@Field.toSemifield.{0} Real
                      (@NormedField.toField.{0} Real
                        (@DenselyNormedField.toNormedField.{0} Real
                          (@RCLike.toDenselyNormedField.{0} Real Real.instRCLike)))))))
              (@Semiring.toModule.{0} Real
                (@DivisionSemiring.toSemiring.{0} Real
                  (@Semifield.toDivisionSemiring.{0} Real
                    (@Field.toSemifield.{0} Real
                      (@NormedField.toField.{0} Real
                        (@DenselyNormedField.toNormedField.{0} Real
                          (@RCLike.toDenselyNormedField.{0} Real Real.instRCLike))))))))
            (@LinearMap.module.{0, 0, 0, 0, 0} Real Real Real (EuclideanSpace.{0, 0} Real (Fin m))
              (EuclideanSpace.{0, 0} Real (Fin m))
              (@DivisionSemiring.toSemiring.{0} Real
                (@Semifield.toDivisionSemiring.{0} Real
                  (@Field.toSemifield.{0} Real
                    (@NormedField.toField.{0} Real
                      (@DenselyNormedField.toNormedField.{0} Real
                        (@RCLike.toDenselyNormedField.{0} Real Real.instRCLike))))))
              (@DivisionSemiring.toSemiring.{0} Real
                (@Semifield.toDivisionSemiring.{0} Real
                  (@Field.toSemifield.{0} Real
                    (@NormedField.toField.{0} Real
                      (@DenselyNormedField.toNormedField.{0} Real
                        (@RCLike.toDenselyNormedField.{0} Real Real.instRCLike))))))
              (@AddCommGroup.toAddCommMonoid.{0} (EuclideanSpace.{0, 0} Real (Fin m))
                (@WithLp.instAddCommGroup.{0}
                  (@OfNat.ofNat.{0} ENNReal (nat_lit 2)
                    (@instOfNatAtLeastTwo.{0} ENNReal (nat_lit 2)
                      (@AddMonoidWithOne.toNatCast.{0} ENNReal
                        (@AddCommMonoidWithOne.toAddMonoidWithOne.{0} ENNReal ENNReal.instAddCommMonoidWithOne))
                      PiLp.innerProductSpace._proof_1))
                  ((i : Fin m) → (fun (x : Fin m) => Real) i)
                  (@Pi.addCommGroup.{0, 0} (Fin m) (fun (x : Fin m) => Real) fun (i : Fin m) =>
                    @Ring.toAddCommGroup.{0} Real
                      (@DivisionRing.toRing.{0} Real
                        (@Field.toDivisionRing.{0} Real
                          (@NormedField.toField.{0} Real
                            (@DenselyNormedField.toNormedField.{0} Real
                              (@RCLike.toDenselyNormedField.{0} Real Real.instRCLike))))))))
              (@AddCommGroup.toAddCommMonoid.{0} (EuclideanSpace.{0, 0} Real (Fin m))
                (@WithLp.instAddCommGroup.{0}
                  (@OfNat.ofNat.{0} ENNReal (nat_lit 2)
                    (@instOfNatAtLeastTwo.{0} ENNReal (nat_lit 2)
                      (@AddMonoidWithOne.toNatCast.{0} ENNReal
                        (@AddCommMonoidWithOne.toAddMonoidWithOne.{0} ENNReal ENNReal.instAddCommMonoidWithOne))
                      PiLp.innerProductSpace._proof_1))
                  ((i : Fin m) → (fun (x : Fin m) => Real) i)
                  (@Pi.addCommGroup.{0, 0} (Fin m) (fun (x : Fin m) => Real) fun (i : Fin m) =>
                    @Ring.toAddCommGroup.{0} Real
                      (@DivisionRing.toRing.{0} Real
                        (@Field.toDivisionRing.{0} Real
                          (@NormedField.toField.{0} Real
                            (@DenselyNormedField.toNormedField.{0} Real
                              (@RCLike.toDenselyNormedField.{0} Real Real.instRCLike))))))))
              (@WithLp.instModule.{0, 0}
                (@OfNat.ofNat.{0} ENNReal (nat_lit 2)
                  (@instOfNatAtLeastTwo.{0} ENNReal (nat_lit 2)
                    (@AddMonoidWithOne.toNatCast.{0} ENNReal
                      (@AddCommMonoidWithOne.toAddMonoidWithOne.{0} ENNReal ENNReal.instAddCommMonoidWithOne))
                    PiLp.innerProductSpace._proof_1))
                Real ((i : Fin m) → (fun (x : Fin m) => Real) i)
                (@DivisionSemiring.toSemiring.{0} Real
                  (@Semifield.toDivisionSemiring.{0} Real
                    (@Field.toSemifield.{0} Real
                      (@NormedField.toField.{0} Real
                        (@DenselyNormedField.toNormedField.{0} Real
                          (@RCLike.toDenselyNormedField.{0} Real Real.instRCLike))))))
                (@Pi.addCommGroup.{0, 0} (Fin m) (fun (x : Fin m) => Real) fun (i : Fin m) =>
                  @Ring.toAddCommGroup.{0} Real
                    (@DivisionRing.toRing.{0} Real
                      (@Field.toDivisionRing.{0} Real
                        (@NormedField.toField.{0} Real
                          (@DenselyNormedField.toNormedField.{0} Real
                            (@RCLike.toDenselyNormedField.{0} Real Real.instRCLike))))))
                (@Pi.Function.module.{0, 0, 0} (Fin m) Real Real
                  (@DivisionSemiring.toSemiring.{0} Real
                    (@Semifield.toDivisionSemiring.{0} Real
                      (@Field.toSemifield.{0} Real
                        (@NormedField.toField.{0} Real
                          (@DenselyNormedField.toNormedField.{0} Real
                            (@RCLike.toDenselyNormedField.{0} Real Real.instRCLike))))))
                  (@Semiring.toAddCommMonoid.{0} Real
                    (@Ring.toSemiring.{0} Real
                      (@DivisionRing.toRing.{0} Real
                        (@Field.toDivisionRing.{0} Real
                          (@NormedField.toField.{0} Real
                            (@DenselyNormedField.toNormedField.{0} Real
                              (@RCLike.toDenselyNormedField.{0} Real Real.instRCLike)))))))
                  (@Semiring.toModule.{0} Real
                    (@DivisionSemiring.toSemiring.{0} Real
                      (@Semifield.toDivisionSemiring.{0} Real
                        (@Field.toSemifield.{0} Real
                          (@NormedField.toField.{0} Real
                            (@DenselyNormedField.toNormedField.{0} Real
                              (@RCLike.toDenselyNormedField.{0} Real Real.instRCLike)))))))))
              (@WithLp.instModule.{0, 0}
                (@OfNat.ofNat.{0} ENNReal (nat_lit 2)
                  (@instOfNatAtLeastTwo.{0} ENNReal (nat_lit 2)
                    (@AddMonoidWithOne.toNatCast.{0} ENNReal
                      (@AddCommMonoidWithOne.toAddMonoidWithOne.{0} ENNReal ENNReal.instAddCommMonoidWithOne))
                    PiLp.innerProductSpace._proof_1))
                Real ((i : Fin m) → (fun (x : Fin m) => Real) i)
                (@DivisionSemiring.toSemiring.{0} Real
                  (@Semifield.toDivisionSemiring.{0} Real
                    (@Field.toSemifield.{0} Real
                      (@NormedField.toField.{0} Real
                        (@DenselyNormedField.toNormedField.{0} Real
                          (@RCLike.toDenselyNormedField.{0} Real Real.instRCLike))))))
                (@Pi.addCommGroup.{0, 0} (Fin m) (fun (x : Fin m) => Real) fun (i : Fin m) =>
                  @Ring.toAddCommGroup.{0} Real
                    (@DivisionRing.toRing.{0} Real
                      (@Field.toDivisionRing.{0} Real
                        (@NormedField.toField.{0} Real
                          (@DenselyNormedField.toNormedField.{0} Real
                            (@RCLike.toDenselyNormedField.{0} Real Real.instRCLike))))))
                (@Pi.Function.module.{0, 0, 0} (Fin m) Real Real
                  (@DivisionSemiring.toSemiring.{0} Real
                    (@Semifield.toDivisionSemiring.{0} Real
                      (@Field.toSemifield.{0} Real
                        (@NormedField.toField.{0} Real
                          (@DenselyNormedField.toNormedField.{0} Real
                            (@RCLike.toDenselyNormedField.{0} Real Real.instRCLike))))))
                  (@Semiring.toAddCommMonoid.{0} Real
                    (@Ring.toSemiring.{0} Real
                      (@DivisionRing.toRing.{0} Real
                        (@Field.toDivisionRing.{0} Real
                          (@NormedField.toField.{0} Real
                            (@DenselyNormedField.toNormedField.{0} Real
                              (@RCLike.toDenselyNormedField.{0} Real Real.instRCLike)))))))
                  (@Semiring.toModule.{0} Real
                    (@DivisionSemiring.toSemiring.{0} Real
                      (@Semifield.toDivisionSemiring.{0} Real
                        (@Field.toSemifield.{0} Real
                          (@NormedField.toField.{0} Real
                            (@DenselyNormedField.toNormedField.{0} Real
                              (@RCLike.toDenselyNormedField.{0} Real Real.instRCLike)))))))))
              (@RingHom.id.{0} Real
                (@Semiring.toNonAssocSemiring.{0} Real
                  (@DivisionSemiring.toSemiring.{0} Real
                    (@Semifield.toDivisionSemiring.{0} Real
                      (@Field.toSemifield.{0} Real
                        (@NormedField.toField.{0} Real
                          (@DenselyNormedField.toNormedField.{0} Real
                            (@RCLike.toDenselyNormedField.{0} Real Real.instRCLike))))))))
              (@DivisionSemiring.toSemiring.{0} Real
                (@Semifield.toDivisionSemiring.{0} Real
                  (@Field.toSemifield.{0} Real
                    (@NormedField.toField.{0} Real
                      (@DenselyNormedField.toNormedField.{0} Real
                        (@RCLike.toDenselyNormedField.{0} Real Real.instRCLike))))))
              (@WithLp.instModule.{0, 0}
                (@OfNat.ofNat.{0} ENNReal (nat_lit 2)
                  (@instOfNatAtLeastTwo.{0} ENNReal (nat_lit 2)
                    (@AddMonoidWithOne.toNatCast.{0} ENNReal
                      (@AddCommMonoidWithOne.toAddMonoidWithOne.{0} ENNReal ENNReal.instAddCommMonoidWithOne))
                    PiLp.innerProductSpace._proof_1))
                Real ((i : Fin m) → (fun (x : Fin m) => Real) i)
                (@DivisionSemiring.toSemiring.{0} Real
                  (@Semifield.toDivisionSemiring.{0} Real
                    (@Field.toSemifield.{0} Real
                      (@NormedField.toField.{0} Real
                        (@DenselyNormedField.toNormedField.{0} Real
                          (@RCLike.toDenselyNormedField.{0} Real Real.instRCLike))))))
                (@Pi.addCommGroup.{0, 0} (Fin m) (fun (x : Fin m) => Real) fun (i : Fin m) =>
                  @Ring.toAddCommGroup.{0} Real
                    (@DivisionRing.toRing.{0} Real
                      (@Field.toDivisionRing.{0} Real
                        (@NormedField.toField.{0} Real
                          (@DenselyNormedField.toNormedField.{0} Real
                            (@RCLike.toDenselyNormedField.{0} Real Real.instRCLike))))))
                (@Pi.Function.module.{0, 0, 0} (Fin m) Real Real
                  (@DivisionSemiring.toSemiring.{0} Real
                    (@Semifield.toDivisionSemiring.{0} Real
                      (@Field.toSemifield.{0} Real
                        (@NormedField.toField.{0} Real
                          (@DenselyNormedField.toNormedField.{0} Real
                            (@RCLike.toDenselyNormedField.{0} Real Real.instRCLike))))))
                  (@Semiring.toAddCommMonoid.{0} Real
                    (@Ring.toSemiring.{0} Real
                      (@DivisionRing.toRing.{0} Real
                        (@Field.toDivisionRing.{0} Real
                          (@NormedField.toField.{0} Real
                            (@DenselyNormedField.toNormedField.{0} Real
                              (@RCLike.toDenselyNormedField.{0} Real Real.instRCLike)))))))
                  (@Semiring.toModule.{0} Real
                    (@DivisionSemiring.toSemiring.{0} Real
                      (@Semifield.toDivisionSemiring.{0} Real
                        (@Field.toSemifield.{0} Real
                          (@NormedField.toField.{0} Real (@DenselyNormedField.toNormedField.{0} Real ⋯))))))))
              ⋯)))
        ⋯ ⋯)
      ⋯ ⋯ ⋯ ⋯)
    ⋯
def NLA.KE04.eigenvalueAt : {m : Nat} →
  (M : NLA.KE04.Mat m) →
    (hM :
        @Matrix.IsHermitian.{0, 0} Real (Fin m)
          (@InvolutiveStar.toStar.{0} Real
            (@StarAddMonoid.toInvolutiveStar.{0} Real
              (@AddCommMonoid.toAddMonoid.{0} Real
                (@NonUnitalNonAssocSemiring.toAddCommMonoid.{0} Real
                  (@NonUnitalNonAssocRing.toNonUnitalNonAssocSemiring.{0} Real
                    (@NonUnitalNonAssocCommRing.toNonUnitalNonAssocRing.{0} Real
                      (@NonUnitalCommRing.toNonUnitalNonAssocCommRing.{0} Real
                        (@CommRing.toNonUnitalCommRing.{0} Real Real.commRing))))))
              (@StarRing.toStarAddMonoid.{0} Real
                (@NonUnitalNonAssocRing.toNonUnitalNonAssocSemiring.{0} Real
                  (@NonUnitalNonAssocCommRing.toNonUnitalNonAssocRing.{0} Real
                    (@NonUnitalCommRing.toNonUnitalNonAssocCommRing.{0} Real
                      (@CommRing.toNonUnitalCommRing.{0} Real Real.commRing))))
                instStarRingReal)))
          M) →
      (i : Nat) → Real :=
fun {m : Nat} (M : NLA.KE04.Mat m)
    (hM :
      @Matrix.IsHermitian.{0, 0} Real (Fin m)
        (@InvolutiveStar.toStar.{0} Real
          (@StarAddMonoid.toInvolutiveStar.{0} Real
            (@AddCommMonoid.toAddMonoid.{0} Real
              (@NonUnitalNonAssocSemiring.toAddCommMonoid.{0} Real
                (@NonUnitalNonAssocRing.toNonUnitalNonAssocSemiring.{0} Real
                  (@NonUnitalNonAssocCommRing.toNonUnitalNonAssocRing.{0} Real
                    (@NonUnitalCommRing.toNonUnitalNonAssocCommRing.{0} Real
                      (@CommRing.toNonUnitalCommRing.{0} Real Real.commRing))))))
            (@StarRing.toStarAddMonoid.{0} Real
              (@NonUnitalNonAssocRing.toNonUnitalNonAssocSemiring.{0} Real
                (@NonUnitalNonAssocCommRing.toNonUnitalNonAssocRing.{0} Real
                  (@NonUnitalCommRing.toNonUnitalNonAssocCommRing.{0} Real
                    (@CommRing.toNonUnitalCommRing.{0} Real Real.commRing))))
              instStarRingReal)))
        M)
    (i : Nat) =>
  @dite.{1} Real (@LT.lt.{0} Nat instLTNat i m) (Nat.decLt i m)
    (fun (h : @LT.lt.{0} Nat instLTNat i m) => @NLA.KE04.orderedEigenvalues m M hM (@Fin.mk m i h))
    fun (h : Not (@LT.lt.{0} Nat instLTNat i m)) =>
    @OfNat.ofNat.{0} Real (nat_lit 0) (@Zero.toOfNat0.{0} Real Real.instZero)
def NLA.KE04.monicQuadratic : (a b : Real) → @Polynomial.{0} Real Real.semiring :=
fun (a b : Real) =>
  @HMul.hMul.{0, 0, 0} (@Polynomial.{0} Real Real.semiring) (@Polynomial.{0} Real Real.semiring)
    (@Polynomial.{0} Real Real.semiring)
    (@instHMul.{0} (@Polynomial.{0} Real Real.semiring) (@Polynomial.instMul.{0} Real Real.semiring))
    (@HSub.hSub.{0, 0, 0} (@Polynomial.{0} Real Real.semiring) (@Polynomial.{0} Real Real.semiring)
      (@Polynomial.{0} Real Real.semiring)
      (@instHSub.{0} (@Polynomial.{0} Real Real.semiring) (@Polynomial.instSub.{0} Real Real.instRing))
      (@Polynomial.X.{0} Real Real.semiring)
      (@DFunLike.coe.{1, 1, 1}
        (@RingHom.{0, 0} Real (@Polynomial.{0} Real Real.semiring) (@Semiring.toNonAssocSemiring.{0} Real Real.semiring)
          (@Semiring.toNonAssocSemiring.{0} (@Polynomial.{0} Real Real.semiring)
            (@Polynomial.semiring.{0} Real Real.semiring)))
        Real (fun (x : Real) => @Polynomial.{0} Real Real.semiring)
        (@RingHom.instFunLike.{0, 0} Real (@Polynomial.{0} Real Real.semiring)
          (@Semiring.toNonAssocSemiring.{0} Real Real.semiring)
          (@Semiring.toNonAssocSemiring.{0} (@Polynomial.{0} Real Real.semiring)
            (@Polynomial.semiring.{0} Real Real.semiring)))
        (@Polynomial.C.{0} Real Real.semiring) a))
    (@HSub.hSub.{0, 0, 0} (@Polynomial.{0} Real Real.semiring) (@Polynomial.{0} Real Real.semiring)
      (@Polynomial.{0} Real Real.semiring)
      (@instHSub.{0} (@Polynomial.{0} Real Real.semiring) (@Polynomial.instSub.{0} Real Real.instRing))
      (@Polynomial.X.{0} Real Real.semiring)
      (@DFunLike.coe.{1, 1, 1}
        (@RingHom.{0, 0} Real (@Polynomial.{0} Real Real.semiring) (@Semiring.toNonAssocSemiring.{0} Real Real.semiring)
          (@Semiring.toNonAssocSemiring.{0} (@Polynomial.{0} Real Real.semiring)
            (@Polynomial.semiring.{0} Real Real.semiring)))
        Real (fun (x : Real) => @Polynomial.{0} Real Real.semiring)
        (@RingHom.instFunLike.{0, 0} Real (@Polynomial.{0} Real Real.semiring)
          (@Semiring.toNonAssocSemiring.{0} Real Real.semiring)
          (@Semiring.toNonAssocSemiring.{0} (@Polynomial.{0} Real Real.semiring)
            (@Polynomial.semiring.{0} Real Real.semiring)))
        (@Polynomial.C.{0} Real Real.semiring) b))
def NLA.KE04.quadraticMatrix : {m : Nat} → (M : NLA.KE04.Mat m) → (a b : Real) → NLA.KE04.Mat m :=
fun {m : Nat} (M : NLA.KE04.Mat m) (a b : Real) =>
  @HMul.hMul.{0, 0, 0} (NLA.KE04.Mat m) (NLA.KE04.Mat m) (Matrix.{0, 0, 0} (Fin m) (Fin m) Real)
    (@Matrix.instHMulOfFintypeOfMulOfAddCommMonoid.{0, 0, 0, 0} (Fin m) (Fin m) (Fin m) Real (Fin.fintype m)
      Real.instMul Real.instAddCommMonoid)
    (@HSub.hSub.{0, 0, 0} (NLA.KE04.Mat m) (NLA.KE04.Mat m) (NLA.KE04.Mat m)
      (@instHSub.{0} (NLA.KE04.Mat m) (@Matrix.sub.{0, 0, 0} (Fin m) (Fin m) Real Real.instSub)) M
      (@HSMul.hSMul.{0, 0, 0} Real (NLA.KE04.Mat m) (NLA.KE04.Mat m)
        (@instHSMul.{0, 0} Real (NLA.KE04.Mat m)
          (@Matrix.smul.{0, 0, 0, 0} (Fin m) (Fin m) Real Real (@instSMulOfMul.{0} Real Real.instMul)))
        a
        (@OfNat.ofNat.{0} (NLA.KE04.Mat m) (nat_lit 1)
          (@One.toOfNat1.{0} (NLA.KE04.Mat m)
            (@Matrix.one.{0, 0} (Fin m) Real (instDecidableEqFin m) Real.instZero Real.instOne)))))
    (@HSub.hSub.{0, 0, 0} (NLA.KE04.Mat m) (NLA.KE04.Mat m) (NLA.KE04.Mat m)
      (@instHSub.{0} (NLA.KE04.Mat m) (@Matrix.sub.{0, 0, 0} (Fin m) (Fin m) Real Real.instSub)) M
      (@HSMul.hSMul.{0, 0, 0} Real (NLA.KE04.Mat m) (NLA.KE04.Mat m)
        (@instHSMul.{0, 0} Real (NLA.KE04.Mat m)
          (@Matrix.smul.{0, 0, 0, 0} (Fin m) (Fin m) Real Real (@instSMulOfMul.{0} Real Real.instMul)))
        b
        (@OfNat.ofNat.{0} (NLA.KE04.Mat m) (nat_lit 1)
          (@One.toOfNat1.{0} (NLA.KE04.Mat m)
            (@Matrix.one.{0, 0} (Fin m) Real (instDecidableEqFin m) Real.instZero Real.instOne)))))
def NLA.KE04.form : {m : Nat} → (M : NLA.KE04.Mat m) → (x : NLA.KE04.Vec m) → Real :=
fun {m : Nat} (M : NLA.KE04.Mat m) (x : NLA.KE04.Vec m) =>
  @Inner.inner.{0, 0} Real (NLA.KE04.Vec m)
    (@InnerProductSpace.toInner.{0, 0} Real (NLA.KE04.Vec m) Real.instRCLike
      (@PiLp.seminormedAddCommGroup.{0, 0}
        (@OfNat.ofNat.{0} ENNReal (nat_lit 2)
          (@instOfNatAtLeastTwo.{0} ENNReal (nat_lit 2)
            (@AddMonoidWithOne.toNatCast.{0} ENNReal
              (@AddCommMonoidWithOne.toAddMonoidWithOne.{0} ENNReal ENNReal.instAddCommMonoidWithOne))
            NLA.KE04.column._proof_1))
        (Fin m) (fun (x : Fin m) => Real) fact_one_le_two_ennreal (Fin.fintype m) fun (i : Fin m) =>
        @NormedAddCommGroup.toSeminormedAddCommGroup.{0} Real Real.normedAddCommGroup)
      (@PiLp.innerProductSpace.{0, 0, 0} Real Real.instRCLike (Fin m) (Fin.fintype m) (fun (x : Fin m) => Real)
        (fun (i : Fin m) => Real.normedAddCommGroup) fun (i : Fin m) =>
        @RCLike.toInnerProductSpaceReal.{0} Real Real.instRCLike))
    x
    (@DFunLike.coe.{1, 1, 1}
      (@LinearMap.{0, 0, 0, 0} Real Real Real.semiring Real.semiring
        (@RingHom.id.{0} Real (@Semiring.toNonAssocSemiring.{0} Real Real.semiring)) (NLA.KE04.Vec m) (NLA.KE04.Vec m)
        (@AddCommGroup.toAddCommMonoid.{0} (NLA.KE04.Vec m)
          (@WithLp.instAddCommGroup.{0}
            (@OfNat.ofNat.{0} ENNReal (nat_lit 2)
              (@instOfNatAtLeastTwo.{0} ENNReal (nat_lit 2)
                (@AddMonoidWithOne.toNatCast.{0} ENNReal
                  (@AddCommMonoidWithOne.toAddMonoidWithOne.{0} ENNReal ENNReal.instAddCommMonoidWithOne))
                PiLp.innerProductSpace._proof_1))
            ((i : Fin m) → (fun (x : Fin m) => Real) i)
            (@Pi.addCommGroup.{0, 0} (Fin m) (fun (x : Fin m) => Real) fun (i : Fin m) => Real.instAddCommGroup)))
        (@AddCommGroup.toAddCommMonoid.{0} (NLA.KE04.Vec m)
          (@WithLp.instAddCommGroup.{0}
            (@OfNat.ofNat.{0} ENNReal (nat_lit 2)
              (@instOfNatAtLeastTwo.{0} ENNReal (nat_lit 2)
                (@AddMonoidWithOne.toNatCast.{0} ENNReal
                  (@AddCommMonoidWithOne.toAddMonoidWithOne.{0} ENNReal ENNReal.instAddCommMonoidWithOne))
                PiLp.innerProductSpace._proof_1))
            ((i : Fin m) → (fun (x : Fin m) => Real) i)
            (@Pi.addCommGroup.{0, 0} (Fin m) (fun (x : Fin m) => Real) fun (i : Fin m) => Real.instAddCommGroup)))
        (@WithLp.instModule.{0, 0}
          (@OfNat.ofNat.{0} ENNReal (nat_lit 2)
            (@instOfNatAtLeastTwo.{0} ENNReal (nat_lit 2)
              (@AddMonoidWithOne.toNatCast.{0} ENNReal
                (@AddCommMonoidWithOne.toAddMonoidWithOne.{0} ENNReal ENNReal.instAddCommMonoidWithOne))
              PiLp.innerProductSpace._proof_1))
          Real ((i : Fin m) → (fun (x : Fin m) => Real) i) Real.semiring
          (@Pi.addCommGroup.{0, 0} (Fin m) (fun (x : Fin m) => Real) fun (i : Fin m) => Real.instAddCommGroup)
          (@Pi.Function.module.{0, 0, 0} (Fin m) Real Real Real.semiring
            (@Semiring.toAddCommMonoid.{0} Real (@Ring.toSemiring.{0} Real Real.instRing))
            (@Semiring.toModule.{0} Real Real.semiring)))
        (@WithLp.instModule.{0, 0}
          (@OfNat.ofNat.{0} ENNReal (nat_lit 2)
            (@instOfNatAtLeastTwo.{0} ENNReal (nat_lit 2)
              (@AddMonoidWithOne.toNatCast.{0} ENNReal
                (@AddCommMonoidWithOne.toAddMonoidWithOne.{0} ENNReal ENNReal.instAddCommMonoidWithOne))
              PiLp.innerProductSpace._proof_1))
          Real ((i : Fin m) → (fun (x : Fin m) => Real) i) Real.semiring
          (@Pi.addCommGroup.{0, 0} (Fin m) (fun (x : Fin m) => Real) fun (i : Fin m) => Real.instAddCommGroup)
          (@Pi.Function.module.{0, 0, 0} (Fin m) Real Real Real.semiring
            (@Semiring.toAddCommMonoid.{0} Real (@Ring.toSemiring.{0} Real Real.instRing))
            (@Semiring.toModule.{0} Real Real.semiring))))
      (NLA.KE04.Vec m) (fun (x : NLA.KE04.Vec m) => NLA.KE04.Vec m)
      (@LinearMap.instFunLike.{0, 0, 0, 0} Real Real (NLA.KE04.Vec m) (NLA.KE04.Vec m) Real.semiring Real.semiring
        (@AddCommGroup.toAddCommMonoid.{0} (NLA.KE04.Vec m)
          (@WithLp.instAddCommGroup.{0}
            (@OfNat.ofNat.{0} ENNReal (nat_lit 2)
              (@instOfNatAtLeastTwo.{0} ENNReal (nat_lit 2)
                (@AddMonoidWithOne.toNatCast.{0} ENNReal
                  (@AddCommMonoidWithOne.toAddMonoidWithOne.{0} ENNReal ENNReal.instAddCommMonoidWithOne))
                PiLp.innerProductSpace._proof_1))
            ((i : Fin m) → (fun (x : Fin m) => Real) i)
            (@Pi.addCommGroup.{0, 0} (Fin m) (fun (x : Fin m) => Real) fun (i : Fin m) => Real.instAddCommGroup)))
        (@AddCommGroup.toAddCommMonoid.{0} (NLA.KE04.Vec m)
          (@WithLp.instAddCommGroup.{0}
            (@OfNat.ofNat.{0} ENNReal (nat_lit 2)
              (@instOfNatAtLeastTwo.{0} ENNReal (nat_lit 2)
                (@AddMonoidWithOne.toNatCast.{0} ENNReal
                  (@AddCommMonoidWithOne.toAddMonoidWithOne.{0} ENNReal ENNReal.instAddCommMonoidWithOne))
                PiLp.innerProductSpace._proof_1))
            ((i : Fin m) → (fun (x : Fin m) => Real) i)
            (@Pi.addCommGroup.{0, 0} (Fin m) (fun (x : Fin m) => Real) fun (i : Fin m) => Real.instAddCommGroup)))
        (@WithLp.instModule.{0, 0}
          (@OfNat.ofNat.{0} ENNReal (nat_lit 2)
            (@instOfNatAtLeastTwo.{0} ENNReal (nat_lit 2)
              (@AddMonoidWithOne.toNatCast.{0} ENNReal
                (@AddCommMonoidWithOne.toAddMonoidWithOne.{0} ENNReal ENNReal.instAddCommMonoidWithOne))
              PiLp.innerProductSpace._proof_1))
          Real ((i : Fin m) → (fun (x : Fin m) => Real) i) Real.semiring
          (@Pi.addCommGroup.{0, 0} (Fin m) (fun (x : Fin m) => Real) fun (i : Fin m) => Real.instAddCommGroup)
          (@Pi.Function.module.{0, 0, 0} (Fin m) Real Real Real.semiring
            (@Semiring.toAddCommMonoid.{0} Real (@Ring.toSemiring.{0} Real Real.instRing))
            (@Semiring.toModule.{0} Real Real.semiring)))
        (@WithLp.instModule.{0, 0}
          (@OfNat.ofNat.{0} ENNReal (nat_lit 2)
            (@instOfNatAtLeastTwo.{0} ENNReal (nat_lit 2)
              (@AddMonoidWithOne.toNatCast.{0} ENNReal
                (@AddCommMonoidWithOne.toAddMonoidWithOne.{0} ENNReal ENNReal.instAddCommMonoidWithOne))
              PiLp.innerProductSpace._proof_1))
          Real ((i : Fin m) → (fun (x : Fin m) => Real) i) Real.semiring
          (@Pi.addCommGroup.{0, 0} (Fin m) (fun (x : Fin m) => Real) fun (i : Fin m) => Real.instAddCommGroup)
          (@Pi.Function.module.{0, 0, 0} (Fin m) Real Real Real.semiring
            (@Semiring.toAddCommMonoid.{0} Real (@Ring.toSemiring.{0} Real Real.instRing))
            (@Semiring.toModule.{0} Real Real.semiring)))
        (@RingHom.id.{0} Real (@Semiring.toNonAssocSemiring.{0} Real Real.semiring)))
      (@NLA.KE04.act m m M) x)
theorem NLA.KE04._proved.orderedSpectrum_semantics : ∀ {m : ℕ} (M : NLA.KE04.Mat m) (hM : Matrix.IsHermitian M),
  Monotone (NLA.KE04.orderedEigenvalues M hM) ∧
    (∀ (r : Fin m),
        (NLA.KE04.act M) ((NLA.KE04.orderedEigenbasis M hM) r) =
          NLA.KE04.orderedEigenvalues M hM r • (NLA.KE04.orderedEigenbasis M hM) r) ∧
      (Matrix.charpoly M).roots = Multiset.map (NLA.KE04.orderedEigenvalues M hM) Finset.univ.val ∧
        ∀ (i : ℕ) (hi : i < m), NLA.KE04.eigenvalueAt M hM i = NLA.KE04.orderedEigenvalues M hM ⟨i, hi⟩ :=
fun {m} M hM =>
  let hT := Matrix.isSymmetric_toEuclideanLin_iff.mpr hM;
  ⟨fun ⦃i j⦄ hij => LinearMap.IsSymmetric.eigenvalues_antitone hT finrank_euclideanSpace_fin (Fin.rev_le_rev.mpr hij),
    ⟨fun r =>
      of_eq_true
        (Eq.trans
          (congr
            (congrArg Eq
              (Eq.trans
                (congrArg (⇑(Matrix.toEuclideanLin M))
                  (Eq.trans
                    (congrFun
                      (OrthonormalBasis.coe_reindex
                        ((NLA.KE04.orderedEigenvalues._proof_2 M hM).eigenvectorBasis finrank_euclideanSpace_fin)
                        Fin.revPerm)
                      r)
                    (congrArg
                      (⇑((NLA.KE04.orderedEigenvalues._proof_2 M hM).eigenvectorBasis finrank_euclideanSpace_fin))
                      (Fin.revPerm_apply r))))
                (LinearMap.IsSymmetric.apply_eigenvectorBasis (NLA.KE04.orderedEigenvalues._proof_2 M hM)
                  finrank_euclideanSpace_fin r.rev)))
            (congrArg
              (HSMul.hSMul ((NLA.KE04.orderedEigenvalues._proof_2 M hM).eigenvalues finrank_euclideanSpace_fin r.rev))
              (Eq.trans
                (congrFun
                  (OrthonormalBasis.coe_reindex
                    ((NLA.KE04.orderedEigenvalues._proof_2 M hM).eigenvectorBasis finrank_euclideanSpace_fin)
                    Fin.revPerm)
                  r)
                (congrArg (⇑((NLA.KE04.orderedEigenvalues._proof_2 M hM).eigenvectorBasis finrank_euclideanSpace_fin))
                  (Fin.revPerm_apply r)))))
          (eq_self
            ((NLA.KE04.orderedEigenvalues._proof_2 M hM).eigenvalues finrank_euclideanSpace_fin r.rev •
              ((NLA.KE04.orderedEigenvalues._proof_2 M hM).eigenvectorBasis finrank_euclideanSpace_fin) r.rev))),
      ⟨have hr :=
          id
            (Eq.mp
              (congrFun'
                (congrArg Eq
                  (Polynomial.roots.congr_simp (Matrix.toEuclideanLin M).charpoly (Matrix.charpoly M)
                    (Matrix.charpoly_toLin M (EuclideanSpace.basisFun (Fin m) ℝ).toBasis)))
                (Multiset.map (fun x => hT.eigenvalues finrank_euclideanSpace_fin x) Finset.univ.val))
              (LinearMap.IsSymmetric.roots_charpoly_eq_eigenvalues hT finrank_euclideanSpace_fin));
        Eq.mpr (id (congrArg (fun _a => _a = Multiset.map (NLA.KE04.orderedEigenvalues M hM) Finset.univ.val) hr))
          (id
            (Eq.mpr
              (id
                (congrArg (fun _a => Multiset.map (hT.eigenvalues finrank_euclideanSpace_fin) Finset.univ.val = _a)
                  (Eq.symm
                    (Multiset.map_map (hT.eigenvalues finrank_euclideanSpace_fin) (⇑Fin.revPerm) Finset.univ.val))))
              (Eq.mpr
                (id
                  (congrArg
                    (fun _a =>
                      Multiset.map (hT.eigenvalues finrank_euclideanSpace_fin) Finset.univ.val =
                        Multiset.map (hT.eigenvalues finrank_euclideanSpace_fin) _a)
                    (Multiset.map_univ_val_equiv Fin.revPerm)))
                (Eq.refl (Multiset.map (hT.eigenvalues finrank_euclideanSpace_fin) Finset.univ.val))))),
        fun i hi =>
        of_eq_true
          (Eq.trans
            (congrFun' (congrArg Eq (dite_cond_eq_true (eq_true hi))) (NLA.KE04.orderedEigenvalues M hM ⟨i, hi⟩))
            (eq_self (NLA.KE04.orderedEigenvalues M hM ⟨i, of_eq_true (eq_true hi)⟩)))⟩⟩⟩
theorem NLA.KE04._proved.quadratic_semantics : ∀ {m : ℕ} (M : NLA.KE04.Mat m) (a b : ℝ),
  (NLA.KE04.monicQuadratic a b).Monic ∧
    (NLA.KE04.monicQuadratic a b).natDegree = 2 ∧
      NLA.KE04.quadraticMatrix M a b = (Polynomial.aeval M) (NLA.KE04.monicQuadratic a b) ∧
        NLA.KE04.quadraticMatrix M a b = M ^ 2 - (a + b) • M + (a * b) • 1 :=
fun {m} M a b =>
  ⟨Polynomial.Monic.mul (Polynomial.monic_X_sub_C a) (Polynomial.monic_X_sub_C b),
    ⟨Eq.mpr (id (congrArg (fun _a => _a.natDegree = 2) (NLA.KE04.monicQuadratic.eq_1 a b)))
        (Eq.mpr
          (id
            (congrArg (fun _a => _a = 2)
              (Polynomial.natDegree_mul (Polynomial.X_sub_C_ne_zero a) (Polynomial.X_sub_C_ne_zero b))))
          (Eq.mpr
            (id
              (congrArg (fun _a => _a + (Polynomial.X - Polynomial.C b).natDegree = 2)
                (Polynomial.natDegree_X_sub_C a)))
            (Eq.mpr (id (congrArg (fun _a => 1 + _a = 2) (Polynomial.natDegree_X_sub_C b))) (Eq.refl (1 + 1))))),
      ⟨of_eq_true
          (Eq.trans
            (congrArg (Eq ((M - a • 1) * (M - b • 1)))
              (Eq.trans (map_mul (Polynomial.aeval M) (Polynomial.X - Polynomial.C a) (Polynomial.X - Polynomial.C b))
                (congr
                  (congrArg HMul.hMul
                    (Eq.trans (Polynomial.aeval_sub M)
                      (congr (congrArg HSub.hSub (Polynomial.aeval_X M))
                        (Eq.trans (Polynomial.aeval_C M a) (Algebra.algebraMap_eq_smul_one a)))))
                  (Eq.trans (Polynomial.aeval_sub M)
                    (congr (congrArg HSub.hSub (Polynomial.aeval_X M))
                      (Eq.trans (Polynomial.aeval_C M b) (Algebra.algebraMap_eq_smul_one b)))))))
            (eq_self ((M - a • 1) * (M - b • 1)))),
        Eq.mpr
          (id
            (congr
              (congrArg Eq
                (Eq.trans (mul_sub (M - a • 1) M (b • 1))
                  (congr
                    (congrArg HSub.hSub
                      (Eq.trans (sub_mul M (a • 1) M)
                        (congrArg (HSub.hSub (M * M))
                          (Eq.trans (smul_mul_assoc a 1 M) (congrArg (HSMul.hSMul a) (one_mul M))))))
                    (Eq.trans (mul_smul_comm b (M - a • 1) 1)
                      (Eq.trans (Eq.trans (congrArg (HSMul.hSMul b) (mul_one (M - a • 1))) (smul_sub b M (a • 1)))
                        (congrArg (HSub.hSub (b • M)) (smul_smul b a 1)))))))
              (congrFun' (congrArg HAdd.hAdd (congr (congrArg HSub.hSub (pow_two M)) (add_smul a b M))) ((a * b) • 1))))
          (Mathlib.Tactic.Module.NF.eq_of_eval_eq_eval
            (Mathlib.Tactic.Module.NF.sub_eq_eval
              (Mathlib.Tactic.Module.NF.sub_eq_eval (Mathlib.Tactic.Module.NF.atom_eq_eval (M * M))
                (Mathlib.Tactic.Module.NF.smul_eq_eval (Mathlib.Tactic.Module.NF.atom_eq_eval M)
                  (Mathlib.Tactic.Module.NF.eval_algebraMap ℝ ((1, M) ::ᵣ [])) rfl)
                (Mathlib.Tactic.Module.NF.eval_algebraMap ℤ ((1, M * M) ::ᵣ [])) rfl
                (Mathlib.Tactic.Module.NF.eval_algebraMap ℝ (((algebraMap ℕ ℤ) 1, M * M) ::ᵣ [])) rfl
                (Mathlib.Tactic.Module.NF.sub_eq_eval₁ ((algebraMap ℤ ℝ) ((algebraMap ℕ ℤ) 1), M * M)
                  (Mathlib.Tactic.Module.NF.zero_sub_eq_eval ((a * (algebraMap ℕ ℝ) 1, M) ::ᵣ []))))
              (Mathlib.Tactic.Module.NF.sub_eq_eval
                (Mathlib.Tactic.Module.NF.smul_eq_eval (Mathlib.Tactic.Module.NF.atom_eq_eval M)
                  (Mathlib.Tactic.Module.NF.eval_algebraMap ℝ ((1, M) ::ᵣ [])) rfl)
                (Mathlib.Tactic.Module.NF.smul_eq_eval (Mathlib.Tactic.Module.NF.atom_eq_eval 1)
                  (Mathlib.Tactic.Module.NF.eval_algebraMap ℝ ((1, 1) ::ᵣ [])) rfl)
                rfl rfl rfl rfl
                (Mathlib.Tactic.Module.NF.sub_eq_eval₁ (b * (algebraMap ℕ ℝ) 1, M)
                  (Mathlib.Tactic.Module.NF.zero_sub_eq_eval ((b * a * (algebraMap ℕ ℝ) 1, 1) ::ᵣ []))))
              rfl rfl rfl rfl
              (Mathlib.Tactic.Module.NF.sub_eq_eval₁ ((algebraMap ℤ ℝ) ((algebraMap ℕ ℤ) 1), M * M)
                (Mathlib.Tactic.Module.NF.sub_eq_eval₂ (-(a * (algebraMap ℕ ℝ) 1)) (b * (algebraMap ℕ ℝ) 1) M
                  (Mathlib.Tactic.Module.NF.zero_sub_eq_eval ((-(b * a * (algebraMap ℕ ℝ) 1), 1) ::ᵣ [])))))
            (Mathlib.Tactic.Module.NF.add_eq_eval
              (Mathlib.Tactic.Module.NF.sub_eq_eval (Mathlib.Tactic.Module.NF.atom_eq_eval (M * M))
                (Mathlib.Tactic.Module.NF.add_eq_eval
                  (Mathlib.Tactic.Module.NF.smul_eq_eval (Mathlib.Tactic.Module.NF.atom_eq_eval M)
                    (Mathlib.Tactic.Module.NF.eval_algebraMap ℝ ((1, M) ::ᵣ [])) rfl)
                  (Mathlib.Tactic.Module.NF.smul_eq_eval (Mathlib.Tactic.Module.NF.atom_eq_eval M)
                    (Mathlib.Tactic.Module.NF.eval_algebraMap ℝ ((1, M) ::ᵣ [])) rfl)
                  rfl rfl
                  (Mathlib.Tactic.Module.NF.add_eq_eval₂ (a * (algebraMap ℕ ℝ) 1) (b * (algebraMap ℕ ℝ) 1) M
                    (zero_add (Mathlib.Tactic.Module.NF.eval []))))
                (Mathlib.Tactic.Module.NF.eval_algebraMap ℤ ((1, M * M) ::ᵣ [])) rfl
                (Mathlib.Tactic.Module.NF.eval_algebraMap ℝ (((algebraMap ℕ ℤ) 1, M * M) ::ᵣ [])) rfl
                (Mathlib.Tactic.Module.NF.sub_eq_eval₁ ((algebraMap ℤ ℝ) ((algebraMap ℕ ℤ) 1), M * M)
                  (Mathlib.Tactic.Module.NF.zero_sub_eq_eval
                    ((a * (algebraMap ℕ ℝ) 1 + b * (algebraMap ℕ ℝ) 1, M) ::ᵣ []))))
              (Mathlib.Tactic.Module.NF.smul_eq_eval (Mathlib.Tactic.Module.NF.atom_eq_eval 1)
                (Mathlib.Tactic.Module.NF.eval_algebraMap ℝ ((1, 1) ::ᵣ [])) rfl)
              rfl rfl
              (Mathlib.Tactic.Module.NF.add_eq_eval₁ ((algebraMap ℤ ℝ) ((algebraMap ℕ ℤ) 1), M * M)
                (Mathlib.Tactic.Module.NF.add_eq_eval₁ (-(a * (algebraMap ℕ ℝ) 1 + b * (algebraMap ℕ ℝ) 1), M)
                  (zero_add ((a * b * (algebraMap ℕ ℝ) 1, 1) ::ᵣ []).eval))))
            rfl rfl
            (Mathlib.Tactic.Module.NF.eq_cons_cons (M * M)
              (Eq.mpr
                (id
                  (congr
                    (congrArg Eq
                      (Eq.trans
                        (Eq.trans (congrArg (⇑(algebraMap ℤ ℝ)) (Eq.trans (eq_natCast (algebraMap ℕ ℤ) 1) Nat.cast_one))
                          (eq_intCast (algebraMap ℤ ℝ) 1))
                        Int.cast_one))
                    (Eq.trans
                      (Eq.trans (congrArg (⇑(algebraMap ℤ ℝ)) (Eq.trans (eq_natCast (algebraMap ℕ ℤ) 1) Nat.cast_one))
                        (eq_intCast (algebraMap ℤ ℝ) 1))
                      Int.cast_one)))
                (Mathlib.Tactic.Ring.of_eq
                  (Mathlib.Tactic.Ring.cast_pos (Mathlib.Meta.NormNum.isNat_ofNat ℝ Nat.cast_one))
                  (Mathlib.Tactic.Ring.cast_pos (Mathlib.Meta.NormNum.isNat_ofNat ℝ Nat.cast_one))))
              (Mathlib.Tactic.Module.NF.eq_cons_cons M
                (Eq.mpr
                  (id
                    (congr
                      (congrArg Eq
                        (congr
                          (congrArg HSub.hSub
                            (congrArg Neg.neg
                              (congrArg (HMul.hMul a) (Eq.trans (eq_natCast (algebraMap ℕ ℝ) 1) Nat.cast_one))))
                          (congrArg (HMul.hMul b) (Eq.trans (eq_natCast (algebraMap ℕ ℝ) 1) Nat.cast_one))))
                      (congrArg Neg.neg
                        (congr
                          (congrArg HAdd.hAdd
                            (congrArg (HMul.hMul a) (Eq.trans (eq_natCast (algebraMap ℕ ℝ) 1) Nat.cast_one)))
                          (congrArg (HMul.hMul b) (Eq.trans (eq_natCast (algebraMap ℕ ℝ) 1) Nat.cast_one))))))
                  (Mathlib.Tactic.Ring.of_eq
                    (Mathlib.Tactic.Ring.Common.sub_congr
                      (Mathlib.Tactic.Ring.Common.neg_congr
                        (Mathlib.Tactic.Ring.Common.mul_congr
                          (Mathlib.Tactic.Ring.Common.atom_pf a rfl
                            (Eq.mpr
                              (id
                                (congrArg (fun _a => a ^ Nat.rawCast 1 * Nat.rawCast 1 = a ^ Nat.rawCast 1 * _a)
                                  (Eq.symm rfl)))
                              (Eq.refl (a ^ Nat.rawCast 1 * Nat.rawCast 1))))
                          (Mathlib.Tactic.Ring.cast_pos (Mathlib.Meta.NormNum.isNat_ofNat ℝ Nat.cast_one))
                          (Mathlib.Tactic.Ring.Common.add_mul
                            (Mathlib.Tactic.Ring.Common.mul_add
                              (Mathlib.Tactic.Ring.Common.mul_pf_left a (Nat.rawCast 1)
                                (Mathlib.Meta.NormNum.IsNat.to_raw_eq
                                  (Mathlib.Meta.NormNum.isNat_mul (Eq.refl HMul.hMul)
                                    (Mathlib.Meta.NormNum.IsNat.of_raw ℝ 1) (Mathlib.Meta.NormNum.IsNat.of_raw ℝ 1)
                                    (Eq.refl 1))))
                              (Mathlib.Tactic.Ring.Common.mul_zero (a ^ Nat.rawCast 1 * Nat.rawCast 1))
                              (Mathlib.Tactic.Ring.Common.add_pf_add_zero (a ^ Nat.rawCast 1 * Nat.rawCast 1 + 0)))
                            (Mathlib.Tactic.Ring.Common.zero_mul (Nat.rawCast 1 + 0))
                            (Mathlib.Tactic.Ring.Common.add_pf_add_zero (a ^ Nat.rawCast 1 * Nat.rawCast 1 + 0))))
                        (Mathlib.Tactic.Ring.Common.neg_add
                          (Mathlib.Tactic.Ring.Common.neg_mul a (Nat.rawCast 1)
                            (Mathlib.Meta.NormNum.IsInt.to_raw_eq
                              (Mathlib.Meta.NormNum.isInt_neg (Eq.refl Neg.neg)
                                (Mathlib.Meta.NormNum.IsNat.to_isInt (Mathlib.Meta.NormNum.IsNat.of_raw ℝ 1))
                                (Eq.refl (Int.negOfNat 1)))))
                          Mathlib.Tactic.Ring.Common.neg_zero))
                      (Mathlib.Tactic.Ring.Common.mul_congr
                        (Mathlib.Tactic.Ring.Common.atom_pf b rfl
                          (Eq.mpr
                            (id
                              (congrArg (fun _a => b ^ Nat.rawCast 1 * Nat.rawCast 1 = b ^ Nat.rawCast 1 * _a)
                                (Eq.symm rfl)))
                            (Eq.refl (b ^ Nat.rawCast 1 * Nat.rawCast 1))))
                        (Mathlib.Tactic.Ring.cast_pos (Mathlib.Meta.NormNum.isNat_ofNat ℝ Nat.cast_one))
                        (Mathlib.Tactic.Ring.Common.add_mul
                          (Mathlib.Tactic.Ring.Common.mul_add
                            (Mathlib.Tactic.Ring.Common.mul_pf_left b (Nat.rawCast 1)
                              (Mathlib.Meta.NormNum.IsNat.to_raw_eq
                                (Mathlib.Meta.NormNum.isNat_mul (Eq.refl HMul.hMul)
                                  (Mathlib.Meta.NormNum.IsNat.of_raw ℝ 1) (Mathlib.Meta.NormNum.IsNat.of_raw ℝ 1)
                                  (Eq.refl 1))))
                            (Mathlib.Tactic.Ring.Common.mul_zero (b ^ Nat.rawCast 1 * Nat.rawCast 1))
                            (Mathlib.Tactic.Ring.Common.add_pf_add_zero (b ^ Nat.rawCast 1 * Nat.rawCast 1 + 0)))
                          (Mathlib.Tactic.Ring.Common.zero_mul (Nat.rawCast 1 + 0))
                          (Mathlib.Tactic.Ring.Common.add_pf_add_zero (b ^ Nat.rawCast 1 * Nat.rawCast 1 + 0))))
                      (Mathlib.Tactic.Ring.Common.sub_pf
                        (Mathlib.Tactic.Ring.Common.neg_add
                          (Mathlib.Tactic.Ring.Common.neg_mul b (Nat.rawCast 1)
                            (Mathlib.Meta.NormNum.IsInt.to_raw_eq
                              (Mathlib.Meta.NormNum.isInt_neg (Eq.refl Neg.neg)
                                (Mathlib.Meta.NormNum.IsNat.to_isInt (Mathlib.Meta.NormNum.IsNat.of_raw ℝ 1))
                                (Eq.refl (Int.negOfNat 1)))))
                          Mathlib.Tactic.Ring.Common.neg_zero)
                        (Mathlib.Tactic.Ring.Common.add_pf_add_lt (a ^ Nat.rawCast 1 * (Int.negOfNat 1).rawCast)
                          (Mathlib.Tactic.Ring.Common.add_pf_zero_add
                            (b ^ Nat.rawCast 1 * (Int.negOfNat 1).rawCast + 0)))))
                    (Mathlib.Tactic.Ring.Common.neg_congr
                      (Mathlib.Tactic.Ring.Common.add_congr
                        (Mathlib.Tactic.Ring.Common.mul_congr
                          (Mathlib.Tactic.Ring.Common.atom_pf a rfl
                            (Eq.mpr
                              (id
                                (congrArg (fun _a => a ^ Nat.rawCast 1 * Nat.rawCast 1 = a ^ Nat.rawCast 1 * _a)
                                  (Eq.symm rfl)))
                              (Eq.refl (a ^ Nat.rawCast 1 * Nat.rawCast 1))))
                          (Mathlib.Tactic.Ring.cast_pos (Mathlib.Meta.NormNum.isNat_ofNat ℝ Nat.cast_one))
                          (Mathlib.Tactic.Ring.Common.add_mul
                            (Mathlib.Tactic.Ring.Common.mul_add
                              (Mathlib.Tactic.Ring.Common.mul_pf_left a (Nat.rawCast 1)
                                (Mathlib.Meta.NormNum.IsNat.to_raw_eq
                                  (Mathlib.Meta.NormNum.isNat_mul (Eq.refl HMul.hMul)
                                    (Mathlib.Meta.NormNum.IsNat.of_raw ℝ 1) (Mathlib.Meta.NormNum.IsNat.of_raw ℝ 1)
                                    (Eq.refl 1))))
                              (Mathlib.Tactic.Ring.Common.mul_zero (a ^ Nat.rawCast 1 * Nat.rawCast 1))
                              (Mathlib.Tactic.Ring.Common.add_pf_add_zero (a ^ Nat.rawCast 1 * Nat.rawCast 1 + 0)))
                            (Mathlib.Tactic.Ring.Common.zero_mul (Nat.rawCast 1 + 0))
                            (Mathlib.Tactic.Ring.Common.add_pf_add_zero (a ^ Nat.rawCast 1 * Nat.rawCast 1 + 0))))
                        (Mathlib.Tactic.Ring.Common.mul_congr
                          (Mathlib.Tactic.Ring.Common.atom_pf b rfl
                            (Eq.mpr
                              (id
                                (congrArg (fun _a => b ^ Nat.rawCast 1 * Nat.rawCast 1 = b ^ Nat.rawCast 1 * _a)
                                  (Eq.symm rfl)))
                              (Eq.refl (b ^ Nat.rawCast 1 * Nat.rawCast 1))))
                          (Mathlib.Tactic.Ring.cast_pos (Mathlib.Meta.NormNum.isNat_ofNat ℝ Nat.cast_one))
                          (Mathlib.Tactic.Ring.Common.add_mul
                            (Mathlib.Tactic.Ring.Common.mul_add
                              (Mathlib.Tactic.Ring.Common.mul_pf_left b (Nat.rawCast 1)
                                (Mathlib.Meta.NormNum.IsNat.to_raw_eq
                                  (Mathlib.Meta.NormNum.isNat_mul (Eq.refl HMul.hMul)
                                    (Mathlib.Meta.NormNum.IsNat.of_raw ℝ 1) (Mathlib.Meta.NormNum.IsNat.of_raw ℝ 1)
                                    (Eq.refl 1))))
                              (Mathlib.Tactic.Ring.Common.mul_zero (b ^ Nat.rawCast 1 * Nat.rawCast 1))
                              (Mathlib.Tactic.Ring.Common.add_pf_add_zero (b ^ Nat.rawCast 1 * Nat.rawCast 1 + 0)))
                            (Mathlib.Tactic.Ring.Common.zero_mul (Nat.rawCast 1 + 0))
                            (Mathlib.Tactic.Ring.Common.add_pf_add_zero (b ^ Nat.rawCast 1 * Nat.rawCast 1 + 0))))
                        (Mathlib.Tactic.Ring.Common.add_pf_add_lt (a ^ Nat.rawCast 1 * Nat.rawCast 1)
                          (Mathlib.Tactic.Ring.Common.add_pf_zero_add (b ^ Nat.rawCast 1 * Nat.rawCast 1 + 0))))
                      (Mathlib.Tactic.Ring.Common.neg_add
                        (Mathlib.Tactic.Ring.Common.neg_mul a (Nat.rawCast 1)
                          (Mathlib.Meta.NormNum.IsInt.to_raw_eq
                            (Mathlib.Meta.NormNum.isInt_neg (Eq.refl Neg.neg)
                              (Mathlib.Meta.NormNum.IsNat.to_isInt (Mathlib.Meta.NormNum.IsNat.of_raw ℝ 1))
                              (Eq.refl (Int.negOfNat 1)))))
                        (Mathlib.Tactic.Ring.Common.neg_add
                          (Mathlib.Tactic.Ring.Common.neg_mul b (Nat.rawCast 1)
                            (Mathlib.Meta.NormNum.IsInt.to_raw_eq
                              (Mathlib.Meta.NormNum.isInt_neg (Eq.refl Neg.neg)
                                (Mathlib.Meta.NormNum.IsNat.to_isInt (Mathlib.Meta.NormNum.IsNat.of_raw ℝ 1))
                                (Eq.refl (Int.negOfNat 1)))))
                          Mathlib.Tactic.Ring.Common.neg_zero)))))
                (Mathlib.Tactic.Module.NF.eq_cons_cons 1
                  (Eq.mpr
                    (id
                      (congr
                        (congrArg Eq
                          (congrArg Neg.neg
                            (congrArg Neg.neg
                              (congrArg (HMul.hMul (b * a)) (Eq.trans (eq_natCast (algebraMap ℕ ℝ) 1) Nat.cast_one)))))
                        (congrArg (HMul.hMul (a * b)) (Eq.trans (eq_natCast (algebraMap ℕ ℝ) 1) Nat.cast_one))))
                    (Mathlib.Tactic.Ring.of_eq
                      (Mathlib.Tactic.Ring.Common.neg_congr
                        (Mathlib.Tactic.Ring.Common.neg_congr
                          (Mathlib.Tactic.Ring.Common.mul_congr
                            (Mathlib.Tactic.Ring.Common.mul_congr
                              (Mathlib.Tactic.Ring.Common.atom_pf b rfl
                                (Eq.mpr
                                  (id
                                    (congrArg (fun _a => b ^ Nat.rawCast 1 * Nat.rawCast 1 = b ^ Nat.rawCast 1 * _a)
                                      (Eq.symm rfl)))
                                  (Eq.refl (b ^ Nat.rawCast 1 * Nat.rawCast 1))))
                              (Mathlib.Tactic.Ring.Common.atom_pf a rfl
                                (Eq.mpr
                                  (id
                                    (congrArg (fun _a => a ^ Nat.rawCast 1 * Nat.rawCast 1 = a ^ Nat.rawCast 1 * _a)
                                      (Eq.symm rfl)))
                                  (Eq.refl (a ^ Nat.rawCast 1 * Nat.rawCast 1))))
                              (Mathlib.Tactic.Ring.Common.add_mul
                                (Mathlib.Tactic.Ring.Common.mul_add
                                  (Mathlib.Tactic.Ring.Common.mul_pf_left b (Nat.rawCast 1)
                                    (Mathlib.Tactic.Ring.Common.mul_pf_right a (Nat.rawCast 1)
                                      (Mathlib.Meta.NormNum.IsNat.to_raw_eq
                                        (Mathlib.Meta.NormNum.isNat_mul (Eq.refl HMul.hMul)
                                          (Mathlib.Meta.NormNum.IsNat.of_raw ℝ 1)
                                          (Mathlib.Meta.NormNum.IsNat.of_raw ℝ 1) (Eq.refl 1)))))
                                  (Mathlib.Tactic.Ring.Common.mul_zero (b ^ Nat.rawCast 1 * Nat.rawCast 1))
                                  (Mathlib.Tactic.Ring.Common.add_pf_add_zero
                                    (b ^ Nat.rawCast 1 * (a ^ Nat.rawCast 1 * Nat.rawCast 1) + 0)))
                                (Mathlib.Tactic.Ring.Common.zero_mul (a ^ Nat.rawCast 1 * Nat.rawCast 1 + 0))
                                (Mathlib.Tactic.Ring.Common.add_pf_add_zero
                                  (b ^ Nat.rawCast 1 * (a ^ Nat.rawCast 1 * Nat.rawCast 1) + 0))))
                            (Mathlib.Tactic.Ring.cast_pos (Mathlib.Meta.NormNum.isNat_ofNat ℝ Nat.cast_one))
                            (Mathlib.Tactic.Ring.Common.add_mul
                              (Mathlib.Tactic.Ring.Common.mul_add
                                (Mathlib.Tactic.Ring.Common.mul_pf_left b (Nat.rawCast 1)
                                  (Mathlib.Tactic.Ring.Common.mul_pf_left a (Nat.rawCast 1)
                                    (Mathlib.Meta.NormNum.IsNat.to_raw_eq
                                      (Mathlib.Meta.NormNum.isNat_mul (Eq.refl HMul.hMul)
                                        (Mathlib.Meta.NormNum.IsNat.of_raw ℝ 1) (Mathlib.Meta.NormNum.IsNat.of_raw ℝ 1)
                                        (Eq.refl 1)))))
                                (Mathlib.Tactic.Ring.Common.mul_zero
                                  (b ^ Nat.rawCast 1 * (a ^ Nat.rawCast 1 * Nat.rawCast 1)))
                                (Mathlib.Tactic.Ring.Common.add_pf_add_zero
                                  (b ^ Nat.rawCast 1 * (a ^ Nat.rawCast 1 * Nat.rawCast 1) + 0)))
                              (Mathlib.Tactic.Ring.Common.zero_mul (Nat.rawCast 1 + 0))
                              (Mathlib.Tactic.Ring.Common.add_pf_add_zero
                                (b ^ Nat.rawCast 1 * (a ^ Nat.rawCast 1 * Nat.rawCast 1) + 0))))
                          (Mathlib.Tactic.Ring.Common.neg_add
                            (Mathlib.Tactic.Ring.Common.neg_mul b (Nat.rawCast 1)
                              (Mathlib.Tactic.Ring.Common.neg_mul a (Nat.rawCast 1)
                                (Mathlib.Meta.NormNum.IsInt.to_raw_eq
                                  (Mathlib.Meta.NormNum.isInt_neg (Eq.refl Neg.neg)
                                    (Mathlib.Meta.NormNum.IsNat.to_isInt (Mathlib.Meta.NormNum.IsNat.of_raw ℝ 1))
                                    (Eq.refl (Int.negOfNat 1))))))
                            Mathlib.Tactic.Ring.Common.neg_zero))
                        (Mathlib.Tactic.Ring.Common.neg_add
                          (Mathlib.Tactic.Ring.Common.neg_mul b (Nat.rawCast 1)
                            (Mathlib.Tactic.Ring.Common.neg_mul a (Nat.rawCast 1)
                              (Mathlib.Meta.NormNum.IsNat.to_raw_eq
                                (Mathlib.Meta.NormNum.IsInt.to_isNat
                                  (Mathlib.Meta.NormNum.isInt_neg (Eq.refl Neg.neg)
                                    (Mathlib.Meta.NormNum.IsInt.of_raw ℝ (Int.negOfNat 1)) (Eq.refl (Int.ofNat 1)))))))
                          Mathlib.Tactic.Ring.Common.neg_zero))
                      (Mathlib.Tactic.Ring.Common.mul_congr
                        (Mathlib.Tactic.Ring.Common.mul_congr
                          (Mathlib.Tactic.Ring.Common.atom_pf a rfl
                            (Eq.mpr
                              (id
                                (congrArg (fun _a => a ^ Nat.rawCast 1 * Nat.rawCast 1 = a ^ Nat.rawCast 1 * _a)
                                  (Eq.symm rfl)))
                              (Eq.refl (a ^ Nat.rawCast 1 * Nat.rawCast 1))))
                          (Mathlib.Tactic.Ring.Common.atom_pf b rfl
                            (Eq.mpr
                              (id
                                (congrArg (fun _a => b ^ Nat.rawCast 1 * Nat.rawCast 1 = b ^ Nat.rawCast 1 * _a)
                                  (Eq.symm rfl)))
                              (Eq.refl (b ^ Nat.rawCast 1 * Nat.rawCast 1))))
                          (Mathlib.Tactic.Ring.Common.add_mul
                            (Mathlib.Tactic.Ring.Common.mul_add
                              (Mathlib.Tactic.Ring.Common.mul_pf_right b (Nat.rawCast 1)
                                (Mathlib.Tactic.Ring.Common.mul_pf_left a (Nat.rawCast 1)
                                  (Mathlib.Meta.NormNum.IsNat.to_raw_eq
                                    (Mathlib.Meta.NormNum.isNat_mul (Eq.refl HMul.hMul)
                                      (Mathlib.Meta.NormNum.IsNat.of_raw ℝ 1) (Mathlib.Meta.NormNum.IsNat.of_raw ℝ 1)
                                      (Eq.refl 1)))))
                              (Mathlib.Tactic.Ring.Common.mul_zero (a ^ Nat.rawCast 1 * Nat.rawCast 1))
                              (Mathlib.Tactic.Ring.Common.add_pf_add_zero
                                (b ^ Nat.rawCast 1 * (a ^ Nat.rawCast 1 * Nat.rawCast 1) + 0)))
                            (Mathlib.Tactic.Ring.Common.zero_mul (b ^ Nat.rawCast 1 * Nat.rawCast 1 + 0))
                            (Mathlib.Tactic.Ring.Common.add_pf_add_zero
                              (b ^ Nat.rawCast 1 * (a ^ Nat.rawCast 1 * Nat.rawCast 1) + 0))))
                        (Mathlib.Tactic.Ring.cast_pos (Mathlib.Meta.NormNum.isNat_ofNat ℝ Nat.cast_one))
                        (Mathlib.Tactic.Ring.Common.add_mul
                          (Mathlib.Tactic.Ring.Common.mul_add
                            (Mathlib.Tactic.Ring.Common.mul_pf_left b (Nat.rawCast 1)
                              (Mathlib.Tactic.Ring.Common.mul_pf_left a (Nat.rawCast 1)
                                (Mathlib.Meta.NormNum.IsNat.to_raw_eq
                                  (Mathlib.Meta.NormNum.isNat_mul (Eq.refl HMul.hMul)
                                    (Mathlib.Meta.NormNum.IsNat.of_raw ℝ 1) (Mathlib.Meta.NormNum.IsNat.of_raw ℝ 1)
                                    (Eq.refl 1)))))
                            (Mathlib.Tactic.Ring.Common.mul_zero
                              (b ^ Nat.rawCast 1 * (a ^ Nat.rawCast 1 * Nat.rawCast 1)))
                            (Mathlib.Tactic.Ring.Common.add_pf_add_zero
                              (b ^ Nat.rawCast 1 * (a ^ Nat.rawCast 1 * Nat.rawCast 1) + 0)))
                          (Mathlib.Tactic.Ring.Common.zero_mul (Nat.rawCast 1 + 0))
                          (Mathlib.Tactic.Ring.Common.add_pf_add_zero
                            (b ^ Nat.rawCast 1 * (a ^ Nat.rawCast 1 * Nat.rawCast 1) + 0))))))
                  rfl))))⟩⟩⟩
theorem NLA.KE04._proved.quadratic_apply_eigenvector : ∀ {m : ℕ} (M : NLA.KE04.Mat m) (a b mu : ℝ) (v : NLA.KE04.Vec m),
  (NLA.KE04.act M) v = mu • v → (NLA.KE04.act (NLA.KE04.quadraticMatrix M a b)) v = ((mu - a) * (mu - b)) • v :=
fun {m} M a b mu v hv =>
  id
    (fun hv =>
      Eq.mpr
        (id
          (congrFun'
            (congrArg Eq
              (Eq.trans
                (congrFun'
                  (congrArg DFunLike.coe
                    (Eq.trans (Matrix.toLpLin_mul_same 2 (M - a • 1) (M - b • 1))
                      (LinearMap.comp.congr_simp ((Matrix.toLpLin 2 2) (M - a • 1))
                        ((Matrix.toLpLin 2 2) M - a • LinearMap.id)
                        (Eq.trans (map_sub (Matrix.toLpLin 2 2) M (a • 1))
                          (congrArg (HSub.hSub ((Matrix.toLpLin 2 2) M))
                            (Eq.trans (map_smul (Matrix.toLpLin 2 2) a 1)
                              (congrArg (HSMul.hSMul a) (Matrix.toLpLin_one 2)))))
                        ((Matrix.toLpLin 2 2) (M - b • 1)) ((Matrix.toLpLin 2 2) M - b • LinearMap.id)
                        (Eq.trans (map_sub (Matrix.toLpLin 2 2) M (b • 1))
                          (congrArg (HSub.hSub ((Matrix.toLpLin 2 2) M))
                            (Eq.trans (map_smul (Matrix.toLpLin 2 2) b 1)
                              (congrArg (HSMul.hSMul b) (Matrix.toLpLin_one 2))))))))
                  v)
                (Eq.trans (map_sub ((Matrix.toLpLin 2 2) M - a • LinearMap.id) (((Matrix.toLpLin 2 2) M) v) (b • v))
                  (congrArg
                    (HSub.hSub (((Matrix.toLpLin 2 2) M) (((Matrix.toLpLin 2 2) M) v) - a • ((Matrix.toLpLin 2 2) M) v))
                    (map_smul ((Matrix.toLpLin 2 2) M - a • LinearMap.id) b v)))))
            (((mu - a) * (mu - b)) • v)))
        (Eq.mpr
          (id
            (congrArg (fun _a => ((Matrix.toLpLin 2 2) M) _a - a • _a - b • (_a - a • v) = ((mu - a) * (mu - b)) • v)
              hv))
          (Eq.mpr
            (id
              (congrArg (fun _a => _a - a • mu • v - b • (mu • v - a • v) = ((mu - a) * (mu - b)) • v)
                (map_smul ((Matrix.toLpLin 2 2) M) mu v)))
            (Eq.mpr
              (id (congrArg (fun _a => mu • _a - a • mu • v - b • (mu • v - a • v) = ((mu - a) * (mu - b)) • v) hv))
              (Mathlib.Tactic.Module.NF.eq_of_eval_eq_eval
                (Mathlib.Tactic.Module.NF.sub_eq_eval
                  (Mathlib.Tactic.Module.NF.sub_eq_eval
                    (Mathlib.Tactic.Module.NF.smul_eq_eval
                      (Mathlib.Tactic.Module.NF.smul_eq_eval (Mathlib.Tactic.Module.NF.atom_eq_eval v)
                        (Mathlib.Tactic.Module.NF.eval_algebraMap ℝ ((1, v) ::ᵣ [])) rfl)
                      rfl rfl)
                    (Mathlib.Tactic.Module.NF.smul_eq_eval
                      (Mathlib.Tactic.Module.NF.smul_eq_eval (Mathlib.Tactic.Module.NF.atom_eq_eval v)
                        (Mathlib.Tactic.Module.NF.eval_algebraMap ℝ ((1, v) ::ᵣ [])) rfl)
                      rfl rfl)
                    rfl rfl rfl rfl
                    (Mathlib.Tactic.Module.NF.sub_eq_eval₂ (mu * (mu * (algebraMap ℕ ℝ) 1))
                      (a * (mu * (algebraMap ℕ ℝ) 1)) v (Mathlib.Tactic.Module.NF.zero_sub_eq_eval [])))
                  (Mathlib.Tactic.Module.NF.smul_eq_eval
                    (Mathlib.Tactic.Module.NF.sub_eq_eval
                      (Mathlib.Tactic.Module.NF.smul_eq_eval (Mathlib.Tactic.Module.NF.atom_eq_eval v)
                        (Mathlib.Tactic.Module.NF.eval_algebraMap ℝ ((1, v) ::ᵣ [])) rfl)
                      (Mathlib.Tactic.Module.NF.smul_eq_eval (Mathlib.Tactic.Module.NF.atom_eq_eval v)
                        (Mathlib.Tactic.Module.NF.eval_algebraMap ℝ ((1, v) ::ᵣ [])) rfl)
                      rfl rfl rfl rfl
                      (Mathlib.Tactic.Module.NF.sub_eq_eval₂ (mu * (algebraMap ℕ ℝ) 1) (a * (algebraMap ℕ ℝ) 1) v
                        (Mathlib.Tactic.Module.NF.zero_sub_eq_eval [])))
                    rfl rfl)
                  rfl rfl rfl rfl
                  (Mathlib.Tactic.Module.NF.sub_eq_eval₂
                    (mu * (mu * (algebraMap ℕ ℝ) 1) - a * (mu * (algebraMap ℕ ℝ) 1))
                    (b * (mu * (algebraMap ℕ ℝ) 1 - a * (algebraMap ℕ ℝ) 1)) v
                    (Mathlib.Tactic.Module.NF.zero_sub_eq_eval [])))
                (Mathlib.Tactic.Module.NF.smul_eq_eval (Mathlib.Tactic.Module.NF.atom_eq_eval v)
                  (Mathlib.Tactic.Module.NF.eval_algebraMap ℝ ((1, v) ::ᵣ [])) rfl)
                rfl rfl
                (Mathlib.Tactic.Module.NF.eq_cons_cons v
                  (Eq.mpr
                    (id
                      (congr
                        (congrArg Eq
                          (congr
                            (congrArg HSub.hSub
                              (congr
                                (congrArg HSub.hSub
                                  (congrArg (HMul.hMul mu)
                                    (congrArg (HMul.hMul mu) (Eq.trans (eq_natCast (algebraMap ℕ ℝ) 1) Nat.cast_one))))
                                (congrArg (HMul.hMul a)
                                  (congrArg (HMul.hMul mu) (Eq.trans (eq_natCast (algebraMap ℕ ℝ) 1) Nat.cast_one)))))
                            (congrArg (HMul.hMul b)
                              (congr
                                (congrArg HSub.hSub
                                  (congrArg (HMul.hMul mu) (Eq.trans (eq_natCast (algebraMap ℕ ℝ) 1) Nat.cast_one)))
                                (congrArg (HMul.hMul a) (Eq.trans (eq_natCast (algebraMap ℕ ℝ) 1) Nat.cast_one))))))
                        (congrArg (HMul.hMul ((mu - a) * (mu - b)))
                          (Eq.trans (eq_natCast (algebraMap ℕ ℝ) 1) Nat.cast_one))))
                    (Mathlib.Tactic.Ring.of_eq
                      (Mathlib.Tactic.Ring.Common.sub_congr
                        (Mathlib.Tactic.Ring.Common.sub_congr
                          (Mathlib.Tactic.Ring.Common.mul_congr
                            (Mathlib.Tactic.Ring.Common.atom_pf mu rfl
                              (Eq.mpr
                                (id
                                  (congrArg (fun _a => mu ^ Nat.rawCast 1 * Nat.rawCast 1 = mu ^ Nat.rawCast 1 * _a)
                                    (Eq.symm rfl)))
                                (Eq.refl (mu ^ Nat.rawCast 1 * Nat.rawCast 1))))
                            (Mathlib.Tactic.Ring.Common.mul_congr
                              (Mathlib.Tactic.Ring.Common.atom_pf mu rfl
                                (Eq.mpr
                                  (id
                                    (congrArg (fun _a => mu ^ Nat.rawCast 1 * Nat.rawCast 1 = mu ^ Nat.rawCast 1 * _a)
                                      (Eq.symm rfl)))
                                  (Eq.refl (mu ^ Nat.rawCast 1 * Nat.rawCast 1))))
                              (Mathlib.Tactic.Ring.cast_pos (Mathlib.Meta.NormNum.isNat_ofNat ℝ Nat.cast_one))
                              (Mathlib.Tactic.Ring.Common.add_mul
                                (Mathlib.Tactic.Ring.Common.mul_add
                                  (Mathlib.Tactic.Ring.Common.mul_pf_left mu (Nat.rawCast 1)
                                    (Mathlib.Meta.NormNum.IsNat.to_raw_eq
                                      (Mathlib.Meta.NormNum.isNat_mul (Eq.refl HMul.hMul)
                                        (Mathlib.Meta.NormNum.IsNat.of_raw ℝ 1) (Mathlib.Meta.NormNum.IsNat.of_raw ℝ 1)
                                        (Eq.refl 1))))
                                  (Mathlib.Tactic.Ring.Common.mul_zero (mu ^ Nat.rawCast 1 * Nat.rawCast 1))
                                  (Mathlib.Tactic.Ring.Common.add_pf_add_zero (mu ^ Nat.rawCast 1 * Nat.rawCast 1 + 0)))
                                (Mathlib.Tactic.Ring.Common.zero_mul (Nat.rawCast 1 + 0))
                                (Mathlib.Tactic.Ring.Common.add_pf_add_zero (mu ^ Nat.rawCast 1 * Nat.rawCast 1 + 0))))
                            (Mathlib.Tactic.Ring.Common.add_mul
                              (Mathlib.Tactic.Ring.Common.mul_add
                                (Mathlib.Tactic.Ring.Common.mul_pp_pf_overlap mu
                                  (Mathlib.Meta.NormNum.IsNat.to_raw_eq
                                    (Mathlib.Meta.NormNum.isNat_add (Eq.refl HAdd.hAdd)
                                      (Mathlib.Meta.NormNum.IsNat.of_raw ℕ 1) (Mathlib.Meta.NormNum.IsNat.of_raw ℕ 1)
                                      (Eq.refl 2)))
                                  (Mathlib.Meta.NormNum.IsNat.to_raw_eq
                                    (Mathlib.Meta.NormNum.isNat_mul (Eq.refl HMul.hMul)
                                      (Mathlib.Meta.NormNum.IsNat.of_raw ℝ 1) (Mathlib.Meta.NormNum.IsNat.of_raw ℝ 1)
                                      (Eq.refl 1))))
                                (Mathlib.Tactic.Ring.Common.mul_zero (mu ^ Nat.rawCast 1 * Nat.rawCast 1))
                                (Mathlib.Tactic.Ring.Common.add_pf_add_zero (mu ^ Nat.rawCast 2 * Nat.rawCast 1 + 0)))
                              (Mathlib.Tactic.Ring.Common.zero_mul (mu ^ Nat.rawCast 1 * Nat.rawCast 1 + 0))
                              (Mathlib.Tactic.Ring.Common.add_pf_add_zero (mu ^ Nat.rawCast 2 * Nat.rawCast 1 + 0))))
                          (Mathlib.Tactic.Ring.Common.mul_congr
                            (Mathlib.Tactic.Ring.Common.atom_pf a rfl
                              (Eq.mpr
                                (id
                                  (congrArg (fun _a => a ^ Nat.rawCast 1 * Nat.rawCast 1 = a ^ Nat.rawCast 1 * _a)
                                    (Eq.symm rfl)))
                                (Eq.refl (a ^ Nat.rawCast 1 * Nat.rawCast 1))))
                            (Mathlib.Tactic.Ring.Common.mul_congr
                              (Mathlib.Tactic.Ring.Common.atom_pf mu rfl
                                (Eq.mpr
                                  (id
                                    (congrArg (fun _a => mu ^ Nat.rawCast 1 * Nat.rawCast 1 = mu ^ Nat.rawCast 1 * _a)
                                      (Eq.symm rfl)))
                                  (Eq.refl (mu ^ Nat.rawCast 1 * Nat.rawCast 1))))
                              (Mathlib.Tactic.Ring.cast_pos (Mathlib.Meta.NormNum.isNat_ofNat ℝ Nat.cast_one))
                              (Mathlib.Tactic.Ring.Common.add_mul
                                (Mathlib.Tactic.Ring.Common.mul_add
                                  (Mathlib.Tactic.Ring.Common.mul_pf_left mu (Nat.rawCast 1)
                                    (Mathlib.Meta.NormNum.IsNat.to_raw_eq
                                      (Mathlib.Meta.NormNum.isNat_mul (Eq.refl HMul.hMul)
                                        (Mathlib.Meta.NormNum.IsNat.of_raw ℝ 1) (Mathlib.Meta.NormNum.IsNat.of_raw ℝ 1)
                                        (Eq.refl 1))))
                                  (Mathlib.Tactic.Ring.Common.mul_zero (mu ^ Nat.rawCast 1 * Nat.rawCast 1))
                                  (Mathlib.Tactic.Ring.Common.add_pf_add_zero (mu ^ Nat.rawCast 1 * Nat.rawCast 1 + 0)))
                                (Mathlib.Tactic.Ring.Common.zero_mul (Nat.rawCast 1 + 0))
                                (Mathlib.Tactic.Ring.Common.add_pf_add_zero (mu ^ Nat.rawCast 1 * Nat.rawCast 1 + 0))))
                            (Mathlib.Tactic.Ring.Common.add_mul
                              (Mathlib.Tactic.Ring.Common.mul_add
                                (Mathlib.Tactic.Ring.Common.mul_pf_right mu (Nat.rawCast 1)
                                  (Mathlib.Tactic.Ring.Common.mul_pf_left a (Nat.rawCast 1)
                                    (Mathlib.Meta.NormNum.IsNat.to_raw_eq
                                      (Mathlib.Meta.NormNum.isNat_mul (Eq.refl HMul.hMul)
                                        (Mathlib.Meta.NormNum.IsNat.of_raw ℝ 1) (Mathlib.Meta.NormNum.IsNat.of_raw ℝ 1)
                                        (Eq.refl 1)))))
                                (Mathlib.Tactic.Ring.Common.mul_zero (a ^ Nat.rawCast 1 * Nat.rawCast 1))
                                (Mathlib.Tactic.Ring.Common.add_pf_add_zero
                                  (mu ^ Nat.rawCast 1 * (a ^ Nat.rawCast 1 * Nat.rawCast 1) + 0)))
                              (Mathlib.Tactic.Ring.Common.zero_mul (mu ^ Nat.rawCast 1 * Nat.rawCast 1 + 0))
                              (Mathlib.Tactic.Ring.Common.add_pf_add_zero
                                (mu ^ Nat.rawCast 1 * (a ^ Nat.rawCast 1 * Nat.rawCast 1) + 0))))
                          (Mathlib.Tactic.Ring.Common.sub_pf
                            (Mathlib.Tactic.Ring.Common.neg_add
                              (Mathlib.Tactic.Ring.Common.neg_mul mu (Nat.rawCast 1)
                                (Mathlib.Tactic.Ring.Common.neg_mul a (Nat.rawCast 1)
                                  (Mathlib.Meta.NormNum.IsInt.to_raw_eq
                                    (Mathlib.Meta.NormNum.isInt_neg (Eq.refl Neg.neg)
                                      (Mathlib.Meta.NormNum.IsNat.to_isInt (Mathlib.Meta.NormNum.IsNat.of_raw ℝ 1))
                                      (Eq.refl (Int.negOfNat 1))))))
                              Mathlib.Tactic.Ring.Common.neg_zero)
                            (Mathlib.Tactic.Ring.Common.add_pf_add_gt
                              (mu ^ Nat.rawCast 1 * (a ^ Nat.rawCast 1 * (Int.negOfNat 1).rawCast))
                              (Mathlib.Tactic.Ring.Common.add_pf_add_zero (mu ^ Nat.rawCast 2 * Nat.rawCast 1 + 0)))))
                        (Mathlib.Tactic.Ring.Common.mul_congr
                          (Mathlib.Tactic.Ring.Common.atom_pf b rfl
                            (Eq.mpr
                              (id
                                (congrArg (fun _a => b ^ Nat.rawCast 1 * Nat.rawCast 1 = b ^ Nat.rawCast 1 * _a)
                                  (Eq.symm rfl)))
                              (Eq.refl (b ^ Nat.rawCast 1 * Nat.rawCast 1))))
                          (Mathlib.Tactic.Ring.Common.sub_congr
                            (Mathlib.Tactic.Ring.Common.mul_congr
                              (Mathlib.Tactic.Ring.Common.atom_pf mu rfl
                                (Eq.mpr
                                  (id
                                    (congrArg (fun _a => mu ^ Nat.rawCast 1 * Nat.rawCast 1 = mu ^ Nat.rawCast 1 * _a)
                                      (Eq.symm rfl)))
                                  (Eq.refl (mu ^ Nat.rawCast 1 * Nat.rawCast 1))))
                              (Mathlib.Tactic.Ring.cast_pos (Mathlib.Meta.NormNum.isNat_ofNat ℝ Nat.cast_one))
                              (Mathlib.Tactic.Ring.Common.add_mul
                                (Mathlib.Tactic.Ring.Common.mul_add
                                  (Mathlib.Tactic.Ring.Common.mul_pf_left mu (Nat.rawCast 1)
                                    (Mathlib.Meta.NormNum.IsNat.to_raw_eq
                                      (Mathlib.Meta.NormNum.isNat_mul (Eq.refl HMul.hMul)
                                        (Mathlib.Meta.NormNum.IsNat.of_raw ℝ 1) (Mathlib.Meta.NormNum.IsNat.of_raw ℝ 1)
                                        (Eq.refl 1))))
                                  (Mathlib.Tactic.Ring.Common.mul_zero (mu ^ Nat.rawCast 1 * Nat.rawCast 1))
                                  (Mathlib.Tactic.Ring.Common.add_pf_add_zero (mu ^ Nat.rawCast 1 * Nat.rawCast 1 + 0)))
                                (Mathlib.Tactic.Ring.Common.zero_mul (Nat.rawCast 1 + 0))
                                (Mathlib.Tactic.Ring.Common.add_pf_add_zero (mu ^ Nat.rawCast 1 * Nat.rawCast 1 + 0))))
                            (Mathlib.Tactic.Ring.Common.mul_congr
                              (Mathlib.Tactic.Ring.Common.atom_pf a rfl
                                (Eq.mpr
                                  (id
                                    (congrArg (fun _a => a ^ Nat.rawCast 1 * Nat.rawCast 1 = a ^ Nat.rawCast 1 * _a)
                                      (Eq.symm rfl)))
                                  (Eq.refl (a ^ Nat.rawCast 1 * Nat.rawCast 1))))
                              (Mathlib.Tactic.Ring.cast_pos (Mathlib.Meta.NormNum.isNat_ofNat ℝ Nat.cast_one))
                              (Mathlib.Tactic.Ring.Common.add_mul
                                (Mathlib.Tactic.Ring.Common.mul_add
                                  (Mathlib.Tactic.Ring.Common.mul_pf_left a (Nat.rawCast 1)
                                    (Mathlib.Meta.NormNum.IsNat.to_raw_eq
                                      (Mathlib.Meta.NormNum.isNat_mul (Eq.refl HMul.hMul)
                                        (Mathlib.Meta.NormNum.IsNat.of_raw ℝ 1) (Mathlib.Meta.NormNum.IsNat.of_raw ℝ 1)
                                        (Eq.refl 1))))
                                  (Mathlib.Tactic.Ring.Common.mul_zero (a ^ Nat.rawCast 1 * Nat.rawCast 1))
                                  (Mathlib.Tactic.Ring.Common.add_pf_add_zero (a ^ Nat.rawCast 1 * Nat.rawCast 1 + 0)))
                                (Mathlib.Tactic.Ring.Common.zero_mul (Nat.rawCast 1 + 0))
                                (Mathlib.Tactic.Ring.Common.add_pf_add_zero (a ^ Nat.rawCast 1 * Nat.rawCast 1 + 0))))
                            (Mathlib.Tactic.Ring.Common.sub_pf
                              (Mathlib.Tactic.Ring.Common.neg_add
                                (Mathlib.Tactic.Ring.Common.neg_mul a (Nat.rawCast 1)
                                  (Mathlib.Meta.NormNum.IsInt.to_raw_eq
                                    (Mathlib.Meta.NormNum.isInt_neg (Eq.refl Neg.neg)
                                      (Mathlib.Meta.NormNum.IsNat.to_isInt (Mathlib.Meta.NormNum.IsNat.of_raw ℝ 1))
                                      (Eq.refl (Int.negOfNat 1)))))
                                Mathlib.Tactic.Ring.Common.neg_zero)
                              (Mathlib.Tactic.Ring.Common.add_pf_add_lt (mu ^ Nat.rawCast 1 * Nat.rawCast 1)
                                (Mathlib.Tactic.Ring.Common.add_pf_zero_add
                                  (a ^ Nat.rawCast 1 * (Int.negOfNat 1).rawCast + 0)))))
                          (Mathlib.Tactic.Ring.Common.add_mul
                            (Mathlib.Tactic.Ring.Common.mul_add
                              (Mathlib.Tactic.Ring.Common.mul_pf_right mu (Nat.rawCast 1)
                                (Mathlib.Tactic.Ring.Common.mul_pf_left b (Nat.rawCast 1)
                                  (Mathlib.Meta.NormNum.IsNat.to_raw_eq
                                    (Mathlib.Meta.NormNum.isNat_mul (Eq.refl HMul.hMul)
                                      (Mathlib.Meta.NormNum.IsNat.of_raw ℝ 1) (Mathlib.Meta.NormNum.IsNat.of_raw ℝ 1)
                                      (Eq.refl 1)))))
                              (Mathlib.Tactic.Ring.Common.mul_add
                                (Mathlib.Tactic.Ring.Common.mul_pf_right a (Nat.rawCast 1)
                                  (Mathlib.Tactic.Ring.Common.mul_pf_left b (Nat.rawCast 1)
                                    (Mathlib.Meta.NormNum.IsInt.to_raw_eq
                                      (Mathlib.Meta.NormNum.isInt_mul (Eq.refl HMul.hMul)
                                        (Mathlib.Meta.NormNum.IsNat.to_isInt (Mathlib.Meta.NormNum.IsNat.of_raw ℝ 1))
                                        (Mathlib.Meta.NormNum.IsInt.of_raw ℝ (Int.negOfNat 1))
                                        (Eq.refl (Int.negOfNat 1))))))
                                (Mathlib.Tactic.Ring.Common.mul_zero (b ^ Nat.rawCast 1 * Nat.rawCast 1))
                                (Mathlib.Tactic.Ring.Common.add_pf_add_zero
                                  (a ^ Nat.rawCast 1 * (b ^ Nat.rawCast 1 * (Int.negOfNat 1).rawCast) + 0)))
                              (Mathlib.Tactic.Ring.Common.add_pf_add_lt
                                (mu ^ Nat.rawCast 1 * (b ^ Nat.rawCast 1 * Nat.rawCast 1))
                                (Mathlib.Tactic.Ring.Common.add_pf_zero_add
                                  (a ^ Nat.rawCast 1 * (b ^ Nat.rawCast 1 * (Int.negOfNat 1).rawCast) + 0))))
                            (Mathlib.Tactic.Ring.Common.zero_mul
                              (mu ^ Nat.rawCast 1 * Nat.rawCast 1 + (a ^ Nat.rawCast 1 * (Int.negOfNat 1).rawCast + 0)))
                            (Mathlib.Tactic.Ring.Common.add_pf_add_zero
                              (mu ^ Nat.rawCast 1 * (b ^ Nat.rawCast 1 * Nat.rawCast 1) +
                                (a ^ Nat.rawCast 1 * (b ^ Nat.rawCast 1 * (Int.negOfNat 1).rawCast) + 0)))))
                        (Mathlib.Tactic.Ring.Common.sub_pf
                          (Mathlib.Tactic.Ring.Common.neg_add
                            (Mathlib.Tactic.Ring.Common.neg_mul mu (Nat.rawCast 1)
                              (Mathlib.Tactic.Ring.Common.neg_mul b (Nat.rawCast 1)
                                (Mathlib.Meta.NormNum.IsInt.to_raw_eq
                                  (Mathlib.Meta.NormNum.isInt_neg (Eq.refl Neg.neg)
                                    (Mathlib.Meta.NormNum.IsNat.to_isInt (Mathlib.Meta.NormNum.IsNat.of_raw ℝ 1))
                                    (Eq.refl (Int.negOfNat 1))))))
                            (Mathlib.Tactic.Ring.Common.neg_add
                              (Mathlib.Tactic.Ring.Common.neg_mul a (Nat.rawCast 1)
                                (Mathlib.Tactic.Ring.Common.neg_mul b (Nat.rawCast 1)
                                  (Mathlib.Meta.NormNum.IsNat.to_raw_eq
                                    (Mathlib.Meta.NormNum.IsInt.to_isNat
                                      (Mathlib.Meta.NormNum.isInt_neg (Eq.refl Neg.neg)
                                        (Mathlib.Meta.NormNum.IsInt.of_raw ℝ (Int.negOfNat 1))
                                        (Eq.refl (Int.ofNat 1)))))))
                              Mathlib.Tactic.Ring.Common.neg_zero))
                          (Mathlib.Tactic.Ring.Common.add_pf_add_lt
                            (mu ^ Nat.rawCast 1 * (a ^ Nat.rawCast 1 * (Int.negOfNat 1).rawCast))
                            (Mathlib.Tactic.Ring.Common.add_pf_add_gt
                              (mu ^ Nat.rawCast 1 * (b ^ Nat.rawCast 1 * (Int.negOfNat 1).rawCast))
                              (Mathlib.Tactic.Ring.Common.add_pf_add_lt (mu ^ Nat.rawCast 2 * Nat.rawCast 1)
                                (Mathlib.Tactic.Ring.Common.add_pf_zero_add
                                  (a ^ Nat.rawCast 1 * (b ^ Nat.rawCast 1 * Nat.rawCast 1) + 0)))))))
                      (Mathlib.Tactic.Ring.Common.mul_congr
                        (Mathlib.Tactic.Ring.Common.mul_congr
                          (Mathlib.Tactic.Ring.Common.sub_congr
                            (Mathlib.Tactic.Ring.Common.atom_pf mu rfl
                              (Eq.mpr
                                (id
                                  (congrArg (fun _a => mu ^ Nat.rawCast 1 * Nat.rawCast 1 = mu ^ Nat.rawCast 1 * _a)
                                    (Eq.symm rfl)))
                                (Eq.refl (mu ^ Nat.rawCast 1 * Nat.rawCast 1))))
                            (Mathlib.Tactic.Ring.Common.atom_pf a rfl
                              (Eq.mpr
                                (id
                                  (congrArg (fun _a => a ^ Nat.rawCast 1 * Nat.rawCast 1 = a ^ Nat.rawCast 1 * _a)
                                    (Eq.symm rfl)))
                                (Eq.refl (a ^ Nat.rawCast 1 * Nat.rawCast 1))))
                            (Mathlib.Tactic.Ring.Common.sub_pf
                              (Mathlib.Tactic.Ring.Common.neg_add
                                (Mathlib.Tactic.Ring.Common.neg_mul a (Nat.rawCast 1)
                                  (Mathlib.Meta.NormNum.IsInt.to_raw_eq
                                    (Mathlib.Meta.NormNum.isInt_neg (Eq.refl Neg.neg)
                                      (Mathlib.Meta.NormNum.IsNat.to_isInt (Mathlib.Meta.NormNum.IsNat.of_raw ℝ 1))
                                      (Eq.refl (Int.negOfNat 1)))))
                                Mathlib.Tactic.Ring.Common.neg_zero)
                              (Mathlib.Tactic.Ring.Common.add_pf_add_lt (mu ^ Nat.rawCast 1 * Nat.rawCast 1)
                                (Mathlib.Tactic.Ring.Common.add_pf_zero_add
                                  (a ^ Nat.rawCast 1 * (Int.negOfNat 1).rawCast + 0)))))
                          (Mathlib.Tactic.Ring.Common.sub_congr
                            (Mathlib.Tactic.Ring.Common.atom_pf mu rfl
                              (Eq.mpr
                                (id
                                  (congrArg (fun _a => mu ^ Nat.rawCast 1 * Nat.rawCast 1 = mu ^ Nat.rawCast 1 * _a)
                                    (Eq.symm rfl)))
                                (Eq.refl (mu ^ Nat.rawCast 1 * Nat.rawCast 1))))
                            (Mathlib.Tactic.Ring.Common.atom_pf b rfl
                              (Eq.mpr
                                (id
                                  (congrArg (fun _a => b ^ Nat.rawCast 1 * Nat.rawCast 1 = b ^ Nat.rawCast 1 * _a)
                                    (Eq.symm rfl)))
                                (Eq.refl (b ^ Nat.rawCast 1 * Nat.rawCast 1))))
                            (Mathlib.Tactic.Ring.Common.sub_pf
                              (Mathlib.Tactic.Ring.Common.neg_add
                                (Mathlib.Tactic.Ring.Common.neg_mul b (Nat.rawCast 1)
                                  (Mathlib.Meta.NormNum.IsInt.to_raw_eq
                                    (Mathlib.Meta.NormNum.isInt_neg (Eq.refl Neg.neg)
                                      (Mathlib.Meta.NormNum.IsNat.to_isInt (Mathlib.Meta.NormNum.IsNat.of_raw ℝ 1))
                                      (Eq.refl (Int.negOfNat 1)))))
                                Mathlib.Tactic.Ring.Common.neg_zero)
                              (Mathlib.Tactic.Ring.Common.add_pf_add_lt (mu ^ Nat.rawCast 1 * Nat.rawCast 1)
                                (Mathlib.Tactic.Ring.Common.add_pf_zero_add
                                  (b ^ Nat.rawCast 1 * (Int.negOfNat 1).rawCast + 0)))))
                          (Mathlib.Tactic.Ring.Common.add_mul
                            (Mathlib.Tactic.Ring.Common.mul_add
                              (Mathlib.Tactic.Ring.Common.mul_pp_pf_overlap mu
                                (Mathlib.Meta.NormNum.IsNat.to_raw_eq
                                  (Mathlib.Meta.NormNum.isNat_add (Eq.refl HAdd.hAdd)
                                    (Mathlib.Meta.NormNum.IsNat.of_raw ℕ 1) (Mathlib.Meta.NormNum.IsNat.of_raw ℕ 1)
                                    (Eq.refl 2)))
                                (Mathlib.Meta.NormNum.IsNat.to_raw_eq
                                  (Mathlib.Meta.NormNum.isNat_mul (Eq.refl HMul.hMul)
                                    (Mathlib.Meta.NormNum.IsNat.of_raw ℝ 1) (Mathlib.Meta.NormNum.IsNat.of_raw ℝ 1)
                                    (Eq.refl 1))))
                              (Mathlib.Tactic.Ring.Common.mul_add
                                (Mathlib.Tactic.Ring.Common.mul_pf_left mu (Nat.rawCast 1)
                                  (Mathlib.Tactic.Ring.Common.mul_pf_right b (Nat.rawCast 1)
                                    (Mathlib.Meta.NormNum.IsInt.to_raw_eq
                                      (Mathlib.Meta.NormNum.isInt_mul (Eq.refl HMul.hMul)
                                        (Mathlib.Meta.NormNum.IsNat.to_isInt (Mathlib.Meta.NormNum.IsNat.of_raw ℝ 1))
                                        (Mathlib.Meta.NormNum.IsInt.of_raw ℝ (Int.negOfNat 1))
                                        (Eq.refl (Int.negOfNat 1))))))
                                (Mathlib.Tactic.Ring.Common.mul_zero (mu ^ Nat.rawCast 1 * Nat.rawCast 1))
                                (Mathlib.Tactic.Ring.Common.add_pf_add_zero
                                  (mu ^ Nat.rawCast 1 * (b ^ Nat.rawCast 1 * (Int.negOfNat 1).rawCast) + 0)))
                              (Mathlib.Tactic.Ring.Common.add_pf_add_gt
                                (mu ^ Nat.rawCast 1 * (b ^ Nat.rawCast 1 * (Int.negOfNat 1).rawCast))
                                (Mathlib.Tactic.Ring.Common.add_pf_add_zero (mu ^ Nat.rawCast 2 * Nat.rawCast 1 + 0))))
                            (Mathlib.Tactic.Ring.Common.add_mul
                              (Mathlib.Tactic.Ring.Common.mul_add
                                (Mathlib.Tactic.Ring.Common.mul_pf_right mu (Nat.rawCast 1)
                                  (Mathlib.Tactic.Ring.Common.mul_pf_left a (Nat.rawCast 1)
                                    (Mathlib.Meta.NormNum.IsInt.to_raw_eq
                                      (Mathlib.Meta.NormNum.isInt_mul (Eq.refl HMul.hMul)
                                        (Mathlib.Meta.NormNum.IsInt.of_raw ℝ (Int.negOfNat 1))
                                        (Mathlib.Meta.NormNum.IsNat.to_isInt (Mathlib.Meta.NormNum.IsNat.of_raw ℝ 1))
                                        (Eq.refl (Int.negOfNat 1))))))
                                (Mathlib.Tactic.Ring.Common.mul_add
                                  (Mathlib.Tactic.Ring.Common.mul_pf_left a (Nat.rawCast 1)
                                    (Mathlib.Tactic.Ring.Common.mul_pf_right b (Nat.rawCast 1)
                                      (Mathlib.Meta.NormNum.IsNat.to_raw_eq
                                        (Mathlib.Meta.NormNum.IsInt.to_isNat
                                          (Mathlib.Meta.NormNum.isInt_mul (Eq.refl HMul.hMul)
                                            (Mathlib.Meta.NormNum.IsInt.of_raw ℝ (Int.negOfNat 1))
                                            (Mathlib.Meta.NormNum.IsInt.of_raw ℝ (Int.negOfNat 1))
                                            (Eq.refl (Int.ofNat 1)))))))
                                  (Mathlib.Tactic.Ring.Common.mul_zero (a ^ Nat.rawCast 1 * (Int.negOfNat 1).rawCast))
                                  (Mathlib.Tactic.Ring.Common.add_pf_add_zero
                                    (a ^ Nat.rawCast 1 * (b ^ Nat.rawCast 1 * Nat.rawCast 1) + 0)))
                                (Mathlib.Tactic.Ring.Common.add_pf_add_lt
                                  (mu ^ Nat.rawCast 1 * (a ^ Nat.rawCast 1 * (Int.negOfNat 1).rawCast))
                                  (Mathlib.Tactic.Ring.Common.add_pf_zero_add
                                    (a ^ Nat.rawCast 1 * (b ^ Nat.rawCast 1 * Nat.rawCast 1) + 0))))
                              (Mathlib.Tactic.Ring.Common.zero_mul
                                (mu ^ Nat.rawCast 1 * Nat.rawCast 1 +
                                  (b ^ Nat.rawCast 1 * (Int.negOfNat 1).rawCast + 0)))
                              (Mathlib.Tactic.Ring.Common.add_pf_add_zero
                                (mu ^ Nat.rawCast 1 * (a ^ Nat.rawCast 1 * (Int.negOfNat 1).rawCast) +
                                  (a ^ Nat.rawCast 1 * (b ^ Nat.rawCast 1 * Nat.rawCast 1) + 0))))
                            (Mathlib.Tactic.Ring.Common.add_pf_add_gt
                              (mu ^ Nat.rawCast 1 * (a ^ Nat.rawCast 1 * (Int.negOfNat 1).rawCast))
                              (Mathlib.Tactic.Ring.Common.add_pf_add_lt
                                (mu ^ Nat.rawCast 1 * (b ^ Nat.rawCast 1 * (Int.negOfNat 1).rawCast))
                                (Mathlib.Tactic.Ring.Common.add_pf_add_lt (mu ^ Nat.rawCast 2 * Nat.rawCast 1)
                                  (Mathlib.Tactic.Ring.Common.add_pf_zero_add
                                    (a ^ Nat.rawCast 1 * (b ^ Nat.rawCast 1 * Nat.rawCast 1) + 0)))))))
                        (Mathlib.Tactic.Ring.cast_pos (Mathlib.Meta.NormNum.isNat_ofNat ℝ Nat.cast_one))
                        (Mathlib.Tactic.Ring.Common.add_mul
                          (Mathlib.Tactic.Ring.Common.mul_add
                            (Mathlib.Tactic.Ring.Common.mul_pf_left mu (Nat.rawCast 1)
                              (Mathlib.Tactic.Ring.Common.mul_pf_left a (Nat.rawCast 1)
                                (Mathlib.Meta.NormNum.IsInt.to_raw_eq
                                  (Mathlib.Meta.NormNum.isInt_mul (Eq.refl HMul.hMul)
                                    (Mathlib.Meta.NormNum.IsInt.of_raw ℝ (Int.negOfNat 1))
                                    (Mathlib.Meta.NormNum.IsNat.to_isInt (Mathlib.Meta.NormNum.IsNat.of_raw ℝ 1))
                                    (Eq.refl (Int.negOfNat 1))))))
                            (Mathlib.Tactic.Ring.Common.mul_zero
                              (mu ^ Nat.rawCast 1 * (a ^ Nat.rawCast 1 * (Int.negOfNat 1).rawCast)))
                            (Mathlib.Tactic.Ring.Common.add_pf_add_zero
                              (mu ^ Nat.rawCast 1 * (a ^ Nat.rawCast 1 * (Int.negOfNat 1).rawCast) + 0)))
                          (Mathlib.Tactic.Ring.Common.add_mul
                            (Mathlib.Tactic.Ring.Common.mul_add
                              (Mathlib.Tactic.Ring.Common.mul_pf_left mu (Nat.rawCast 1)
                                (Mathlib.Tactic.Ring.Common.mul_pf_left b (Nat.rawCast 1)
                                  (Mathlib.Meta.NormNum.IsInt.to_raw_eq
                                    (Mathlib.Meta.NormNum.isInt_mul (Eq.refl HMul.hMul)
                                      (Mathlib.Meta.NormNum.IsInt.of_raw ℝ (Int.negOfNat 1))
                                      (Mathlib.Meta.NormNum.IsNat.to_isInt (Mathlib.Meta.NormNum.IsNat.of_raw ℝ 1))
                                      (Eq.refl (Int.negOfNat 1))))))
                              (Mathlib.Tactic.Ring.Common.mul_zero
                                (mu ^ Nat.rawCast 1 * (b ^ Nat.rawCast 1 * (Int.negOfNat 1).rawCast)))
                              (Mathlib.Tactic.Ring.Common.add_pf_add_zero
                                (mu ^ Nat.rawCast 1 * (b ^ Nat.rawCast 1 * (Int.negOfNat 1).rawCast) + 0)))
                            (Mathlib.Tactic.Ring.Common.add_mul
                              (Mathlib.Tactic.Ring.Common.mul_add
                                (Mathlib.Tactic.Ring.Common.mul_pf_left mu (Nat.rawCast 2)
                                  (Mathlib.Meta.NormNum.IsNat.to_raw_eq
                                    (Mathlib.Meta.NormNum.isNat_mul (Eq.refl HMul.hMul)
                                      (Mathlib.Meta.NormNum.IsNat.of_raw ℝ 1) (Mathlib.Meta.NormNum.IsNat.of_raw ℝ 1)
                                      (Eq.refl 1))))
                                (Mathlib.Tactic.Ring.Common.mul_zero (mu ^ Nat.rawCast 2 * Nat.rawCast 1))
                                (Mathlib.Tactic.Ring.Common.add_pf_add_zero (mu ^ Nat.rawCast 2 * Nat.rawCast 1 + 0)))
                              (Mathlib.Tactic.Ring.Common.add_mul
                                (Mathlib.Tactic.Ring.Common.mul_add
                                  (Mathlib.Tactic.Ring.Common.mul_pf_left a (Nat.rawCast 1)
                                    (Mathlib.Tactic.Ring.Common.mul_pf_left b (Nat.rawCast 1)
                                      (Mathlib.Meta.NormNum.IsNat.to_raw_eq
                                        (Mathlib.Meta.NormNum.isNat_mul (Eq.refl HMul.hMul)
                                          (Mathlib.Meta.NormNum.IsNat.of_raw ℝ 1)
                                          (Mathlib.Meta.NormNum.IsNat.of_raw ℝ 1) (Eq.refl 1)))))
                                  (Mathlib.Tactic.Ring.Common.mul_zero
                                    (a ^ Nat.rawCast 1 * (b ^ Nat.rawCast 1 * Nat.rawCast 1)))
                                  (Mathlib.Tactic.Ring.Common.add_pf_add_zero
                                    (a ^ Nat.rawCast 1 * (b ^ Nat.rawCast 1 * Nat.rawCast 1) + 0)))
                                (Mathlib.Tactic.Ring.Common.zero_mul (Nat.rawCast 1 + 0))
                                (Mathlib.Tactic.Ring.Common.add_pf_add_zero
                                  (a ^ Nat.rawCast 1 * (b ^ Nat.rawCast 1 * Nat.rawCast 1) + 0)))
                              (Mathlib.Tactic.Ring.Common.add_pf_add_lt (mu ^ Nat.rawCast 2 * Nat.rawCast 1)
                                (Mathlib.Tactic.Ring.Common.add_pf_zero_add
                                  (a ^ Nat.rawCast 1 * (b ^ Nat.rawCast 1 * Nat.rawCast 1) + 0))))
                            (Mathlib.Tactic.Ring.Common.add_pf_add_lt
                              (mu ^ Nat.rawCast 1 * (b ^ Nat.rawCast 1 * (Int.negOfNat 1).rawCast))
                              (Mathlib.Tactic.Ring.Common.add_pf_zero_add
                                (mu ^ Nat.rawCast 2 * Nat.rawCast 1 +
                                  (a ^ Nat.rawCast 1 * (b ^ Nat.rawCast 1 * Nat.rawCast 1) + 0)))))
                          (Mathlib.Tactic.Ring.Common.add_pf_add_lt
                            (mu ^ Nat.rawCast 1 * (a ^ Nat.rawCast 1 * (Int.negOfNat 1).rawCast))
                            (Mathlib.Tactic.Ring.Common.add_pf_zero_add
                              (mu ^ Nat.rawCast 1 * (b ^ Nat.rawCast 1 * (Int.negOfNat 1).rawCast) +
                                (mu ^ Nat.rawCast 2 * Nat.rawCast 1 +
                                  (a ^ Nat.rawCast 1 * (b ^ Nat.rawCast 1 * Nat.rawCast 1) + 0)))))))))
                  rfl))))))
    hv
theorem NLA.KE04._proved.spectral_gap_quadratic_psd : ∀ {m : ℕ} (M : NLA.KE04.Mat m) (hM : Matrix.IsHermitian M)
  (a b : ℝ),
  a ≤ b →
    (∀ (r : Fin m), ¬(a < NLA.KE04.orderedEigenvalues M hM r ∧ NLA.KE04.orderedEigenvalues M hM r < b)) →
      Matrix.PosSemidef (NLA.KE04.quadraticMatrix M a b) :=
fun {m} M hM a b hab hgap =>
  let B := NLA.KE04.orderedEigenbasis M hM;
  let d := fun r => (NLA.KE04.orderedEigenvalues M hM r - a) * (NLA.KE04.orderedEigenvalues M hM r - b);
  have hd := fun r =>
    if h : NLA.KE04.orderedEigenvalues M hM r ≤ a then
      mul_nonneg_of_nonpos_of_nonpos (sub_nonpos.mpr h) (sub_nonpos.mpr (LE.le.trans h hab))
    else
      have hb := Decidable.byContradiction fun hn => hgap r ⟨lt_of_not_ge h, lt_of_not_ge hn⟩;
      mul_nonneg (sub_nonneg.mpr (LE.le.trans hab hb)) (sub_nonneg.mpr hb);
  have heig := fun r =>
    NLA.KE04._proved.quadratic_apply_eigenvector M a b (NLA.KE04.orderedEigenvalues M hM r) (B r)
      ((NLA.KE04._proved.orderedSpectrum_semantics M hM).right.left r);
  have hdiag :=
    Matrix.ext fun i j =>
      Eq.mpr
        (id
          (congrFun'
            (congrArg Eq
              (Eq.trans
                (LinearMap.toMatrix_apply B.toBasis B.toBasis (NLA.KE04.act (NLA.KE04.quadraticMatrix M a b)) i j)
                (Eq.trans
                  (congrFun'
                    (congrArg DFunLike.coe
                      (Eq.trans (congrArg (⇑B.toBasis.repr) ((fun r => heig r) j))
                        (map_smul B.toBasis.repr (d j) (B j))))
                    i)
                  (Eq.trans
                    (congrArg (HSMul.hSMul (d j))
                      (Eq.trans (OrthonormalBasis.coe_toBasis_repr_apply B (B j) i)
                        (Eq.trans (congrFun (congrArg WithLp.ofLp (OrthonormalBasis.repr_self B j)) i)
                          (PiLp.single_apply 2 ℝ j 1 i))))
                    (Eq.trans (mul_ite (i = j) (d j) 1 0)
                      (ite_congr (Eq.refl (i = j)) (fun a => mul_one (d j)) fun a => mul_zero (d j)))))))
            (if i = j then d i else 0)))
        (if h : i = j then
          Eq.mpr (id (congr (congrArg Eq (if_pos h)) (if_pos h)))
            (of_eq_true (Eq.trans (congrArg (Eq (d j)) (congrArg d h)) (eq_self (d j))))
        else Eq.mpr (id (congr (congrArg Eq (if_neg h)) (if_neg h))) (of_eq_true (eq_self 0)));
  Matrix.isPositive_toEuclideanLin_iff.mp
    ((LinearMap.posSemidef_toMatrix_iff B).mp
      (Eq.mpr
        (id
          (congrArg (fun _a => ((LinearMap.toMatrix B.toBasis B.toBasis) _a).PosSemidef)
            (have this := rfl;
            this)))
        (Eq.mpr (id (congrArg (fun _a => _a.PosSemidef) hdiag)) (Matrix.PosSemidef.diagonal hd))))
theorem NLA.KE04._proved.psd_zero_form_iff_kernel : ∀ {m : ℕ} (M : NLA.KE04.Mat m),
  Matrix.PosSemidef M → ∀ (x : NLA.KE04.Vec m), NLA.KE04.form M x = 0 ↔ (NLA.KE04.act M) x = 0 :=
fun {m} M hM x =>
  Eq.mpr
    (id
      (congr
        (congrArg Iff
          (congrFun'
            (congrArg Eq
              (Eq.trans (congrArg (dotProduct (Matrix.mulVec M x.ofLp)) (star_trivial x.ofLp))
                (dotProduct_comm (Matrix.mulVec M x.ofLp) x.ofLp)))
            0))
        (NLA.KE04._proved.psd_zero_form_iff_kernel._simp_1_3 2)))
    (Eq.mp
      (congrFun'
        (congrArg Iff
          (congrFun' (congrArg Eq (congrFun' (congrArg dotProduct (star_trivial x.ofLp)) (Matrix.mulVec M x.ofLp))) 0))
        (Matrix.mulVec M x.ofLp = 0))
      (Matrix.PosSemidef.dotProduct_mulVec_zero_iff hM x.ofLp))
