2026-09-12T20:20:27.9584482Z Current runner version: '2.337.0'
2026-09-12T20:20:27.9608929Z ##[group]Runner Image Provisioner
2026-09-12T20:20:27.9609833Z Hosted Compute Agent
2026-09-12T20:20:27.9610446Z Version: 20260828.587
2026-09-12T20:20:27.9611162Z Commit: abac92662cab4cc7352de4f9f9d2e2419aad9c29
2026-09-12T20:20:27.9611923Z Build Date: 2026-08-28T16:44:25Z
2026-09-12T20:20:27.9612950Z Worker ID: {338e0db2-715c-40e1-b11b-d5bac0de3473}
2026-09-12T20:20:27.9613759Z Azure Region: westus
2026-09-12T20:20:27.9614333Z ##[endgroup]
2026-09-12T20:20:27.9616044Z ##[group]Operating System
2026-09-12T20:20:27.9616721Z Ubuntu
2026-09-12T20:20:27.9617604Z 24.04.5
2026-09-12T20:20:27.9618211Z LTS
2026-09-12T20:20:27.9618809Z ##[endgroup]
2026-09-12T20:20:27.9619437Z ##[group]Runner Image
2026-09-12T20:20:27.9620044Z Image: ubuntu-24.04
2026-09-12T20:20:27.9620588Z Version: 20260907.300.1
2026-09-12T20:20:27.9621887Z Included Software: https://github.com/actions/runner-images/blob/ubuntu24/20260907.300/images/ubuntu/Ubuntu2404-Readme.md
2026-09-12T20:20:27.9623824Z Image Release: https://github.com/actions/runner-images/releases/tag/ubuntu24%2F20260907.300
2026-09-12T20:20:27.9624814Z ##[endgroup]
2026-09-12T20:20:27.9626058Z ##[group]GITHUB_TOKEN Permissions
2026-09-12T20:20:27.9628307Z Contents: read
2026-09-12T20:20:27.9628963Z Metadata: read
2026-09-12T20:20:27.9629719Z ##[endgroup]
2026-09-12T20:20:27.9631771Z Secret source: Actions
2026-09-12T20:20:27.9633190Z Cache mode: write
2026-09-12T20:20:27.9633914Z Prepare workflow directory
2026-09-12T20:20:27.9965903Z Prepare all required actions
2026-09-12T20:20:28.0029144Z Getting action download info
2026-09-12T20:20:28.3890459Z Download action repository 'actions/checkout@11d5960a326750d5838078e36cf38b85af677262' (SHA:11d5960a326750d5838078e36cf38b85af677262)
2026-09-12T20:20:28.4883198Z Download action repository 'actions/setup-go@924ae3a1cded613372ab5595356fb5720e22ba16' (SHA:924ae3a1cded613372ab5595356fb5720e22ba16)
2026-09-12T20:20:28.9109398Z Download action repository 'leanprover/lean-action@96e06131c0e9943c780388fd166f55d1e2fa0433' (SHA:96e06131c0e9943c780388fd166f55d1e2fa0433)
2026-09-12T20:20:29.1113836Z Download action repository 'actions/upload-artifact@ea165f8d65b6e75b540449e92b4886f43607fa02' (SHA:ea165f8d65b6e75b540449e92b4886f43607fa02)
2026-09-12T20:20:29.3705851Z Getting action download info
2026-09-12T20:20:29.5070090Z Download action repository 'actions/cache@v5' (SHA:caa296126883cff596d87d8935842f9db880ef25)
2026-09-12T20:20:29.7040075Z Complete job name: verify (MI-23, matrix-inequalities-and-norms/MI-23/lean)
2026-09-12T20:20:29.8051938Z Node 20 is being deprecated. This workflow is running with Node 24 by default. If you need to temporarily use Node 20, you can set the ACTIONS_ALLOW_USE_UNSECURE_NODE_VERSION=true environment variable. For more information see: https://github.blog/changelog/2025-09-19-deprecation-of-node-20-on-github-actions-runners/
2026-09-12T20:20:29.8063902Z ##[group]Run actions/checkout@11d5960a326750d5838078e36cf38b85af677262
2026-09-12T20:20:29.8065510Z with:
2026-09-12T20:20:29.8066378Z   persist-credentials: false
2026-09-12T20:20:29.8067478Z   repository: sgstepaniants/OpenProblemsInNLA
2026-09-12T20:20:29.8076081Z   token: ***
2026-09-12T20:20:29.8076946Z   ssh-strict: true
2026-09-12T20:20:29.8077812Z   ssh-user: git
2026-09-12T20:20:29.8078652Z   clean: true
2026-09-12T20:20:29.8079548Z   sparse-checkout-cone-mode: true
2026-09-12T20:20:29.8080590Z   fetch-depth: 1
2026-09-12T20:20:29.8081450Z   fetch-tags: false
2026-09-12T20:20:29.8082335Z   show-progress: true
2026-09-12T20:20:29.8083573Z   lfs: false
2026-09-12T20:20:29.8084414Z   submodules: false
2026-09-12T20:20:29.8085307Z   set-safe-directory: true
2026-09-12T20:20:29.8086307Z   allow-unsafe-pr-checkout: false
2026-09-12T20:20:29.8087635Z ##[endgroup]
2026-09-12T20:20:29.9108314Z Syncing repository: sgstepaniants/OpenProblemsInNLA
2026-09-12T20:20:29.9112489Z ##[group]Getting Git version info
2026-09-12T20:20:29.9115307Z Working directory is '/home/runner/work/OpenProblemsInNLA/OpenProblemsInNLA'
2026-09-12T20:20:29.9119332Z [command]/usr/bin/git version
2026-09-12T20:20:29.9160880Z git version 2.55.0
2026-09-12T20:20:29.9184678Z ##[endgroup]
2026-09-12T20:20:29.9201845Z Temporarily overriding HOME='/home/runner/work/_temp/e66a1860-3360-4dc4-bb32-f34a5c527909' before making global git config changes
2026-09-12T20:20:29.9207015Z Adding repository directory to the temporary git global config as a safe directory
2026-09-12T20:20:29.9211154Z [command]/usr/bin/git config --global --add safe.directory /home/runner/work/OpenProblemsInNLA/OpenProblemsInNLA
2026-09-12T20:20:29.9274038Z Deleting the contents of '/home/runner/work/OpenProblemsInNLA/OpenProblemsInNLA'
2026-09-12T20:20:29.9284413Z ##[group]Initializing the repository
2026-09-12T20:20:29.9287132Z [command]/usr/bin/git init /home/runner/work/OpenProblemsInNLA/OpenProblemsInNLA
2026-09-12T20:20:29.9401025Z hint: Using 'master' as the name for the initial branch. This default branch name
2026-09-12T20:20:29.9404349Z hint: will change to "main" in Git 3.0. To configure the initial branch name
2026-09-12T20:20:29.9407545Z hint: to use in all of your new repositories, which will suppress this warning,
2026-09-12T20:20:29.9410298Z hint: call:
2026-09-12T20:20:29.9411726Z hint:
2026-09-12T20:20:29.9413659Z hint: 	git config --global init.defaultBranch <name>
2026-09-12T20:20:29.9415743Z hint:
2026-09-12T20:20:29.9417619Z hint: Names commonly chosen instead of 'master' are 'main', 'trunk' and
2026-09-12T20:20:29.9420804Z hint: 'development'. The just-created branch can be renamed via this command:
2026-09-12T20:20:29.9423919Z hint:
2026-09-12T20:20:29.9425287Z hint: 	git branch -m <name>
2026-09-12T20:20:29.9426780Z hint:
2026-09-12T20:20:29.9428773Z hint: Disable this message with "git config set advice.defaultBranchName false"
2026-09-12T20:20:29.9432024Z Initialized empty Git repository in /home/runner/work/OpenProblemsInNLA/OpenProblemsInNLA/.git/
2026-09-12T20:20:29.9435919Z [command]/usr/bin/git remote add origin https://github.com/sgstepaniants/OpenProblemsInNLA
2026-09-12T20:20:29.9482462Z ##[endgroup]
2026-09-12T20:20:29.9485215Z ##[group]Disabling automatic garbage collection
2026-09-12T20:20:29.9487503Z [command]/usr/bin/git config --local gc.auto 0
2026-09-12T20:20:29.9532106Z ##[endgroup]
2026-09-12T20:20:29.9534915Z ##[group]Setting up auth
2026-09-12T20:20:29.9542211Z [command]/usr/bin/git config --local --name-only --get-regexp core\.sshCommand
2026-09-12T20:20:29.9581642Z [command]/usr/bin/git submodule foreach --recursive sh -c "git config --local --name-only --get-regexp 'core\.sshCommand' && git config --local --unset-all 'core.sshCommand' || :"
2026-09-12T20:20:29.9951983Z [command]/usr/bin/git config --local --name-only --get-regexp http\.https\:\/\/github\.com\/\.extraheader
2026-09-12T20:20:29.9999963Z [command]/usr/bin/git submodule foreach --recursive sh -c "git config --local --name-only --get-regexp 'http\.https\:\/\/github\.com\/\.extraheader' && git config --local --unset-all 'http.https://github.com/.extraheader' || :"
2026-09-12T20:20:30.0266084Z [command]/usr/bin/git config --local --name-only --get-regexp ^includeIf\.gitdir:
2026-09-12T20:20:30.0308435Z [command]/usr/bin/git submodule foreach --recursive git config --local --show-origin --name-only --get-regexp remote.origin.url
2026-09-12T20:20:30.0562299Z [command]/usr/bin/git config --local http.https://github.com/.extraheader AUTHORIZATION: basic ***
2026-09-12T20:20:30.0606724Z ##[endgroup]
2026-09-12T20:20:30.0609262Z ##[group]Fetching the repository
2026-09-12T20:20:30.0621483Z [command]/usr/bin/git -c protocol.version=2 fetch --no-tags --prune --no-recurse-submodules --depth=1 origin +17194f9060609acae429e14d3dc3c4562b84f2bd:refs/remotes/origin/codex/lean-mi23-geometric-mean
2026-09-12T20:20:32.0555612Z From https://github.com/sgstepaniants/OpenProblemsInNLA
2026-09-12T20:20:32.0557637Z  * [new ref]         17194f9060609acae429e14d3dc3c4562b84f2bd -> origin/codex/lean-mi23-geometric-mean
2026-09-12T20:20:32.0560672Z ##[endgroup]
2026-09-12T20:20:32.0561196Z ##[group]Determining the checkout info
2026-09-12T20:20:32.0562817Z ##[endgroup]
2026-09-12T20:20:32.0569178Z [command]/usr/bin/git sparse-checkout disable
2026-09-12T20:20:32.0620292Z [command]/usr/bin/git config --local --unset-all extensions.worktreeConfig
2026-09-12T20:20:32.0652979Z ##[group]Checking out the ref
2026-09-12T20:20:32.0657651Z [command]/usr/bin/git checkout --progress --force -B codex/lean-mi23-geometric-mean refs/remotes/origin/codex/lean-mi23-geometric-mean
2026-09-12T20:20:32.5332280Z Switched to a new branch 'codex/lean-mi23-geometric-mean'
2026-09-12T20:20:32.5336580Z branch 'codex/lean-mi23-geometric-mean' set up to track 'origin/codex/lean-mi23-geometric-mean'.
2026-09-12T20:20:32.5358440Z ##[endgroup]
2026-09-12T20:20:32.5404903Z [command]/usr/bin/git log -1 --format=%H
2026-09-12T20:20:32.5433525Z 17194f9060609acae429e14d3dc3c4562b84f2bd
2026-09-12T20:20:32.5443115Z ##[group]Removing auth
2026-09-12T20:20:32.5446347Z [command]/usr/bin/git config --local --name-only --get-regexp core\.sshCommand
2026-09-12T20:20:32.5484600Z [command]/usr/bin/git submodule foreach --recursive sh -c "git config --local --name-only --get-regexp 'core\.sshCommand' && git config --local --unset-all 'core.sshCommand' || :"
2026-09-12T20:20:32.5738066Z [command]/usr/bin/git config --local --name-only --get-regexp http\.https\:\/\/github\.com\/\.extraheader
2026-09-12T20:20:32.5769432Z http.https://github.com/.extraheader
2026-09-12T20:20:32.5784522Z [command]/usr/bin/git config --local --unset-all http.https://github.com/.extraheader
2026-09-12T20:20:32.5824522Z [command]/usr/bin/git submodule foreach --recursive sh -c "git config --local --name-only --get-regexp 'http\.https\:\/\/github\.com\/\.extraheader' && git config --local --unset-all 'http.https://github.com/.extraheader' || :"
2026-09-12T20:20:32.6075603Z [command]/usr/bin/git config --local --name-only --get-regexp ^includeIf\.gitdir:
2026-09-12T20:20:32.6111366Z [command]/usr/bin/git submodule foreach --recursive git config --local --show-origin --name-only --get-regexp remote.origin.url
2026-09-12T20:20:32.6362035Z ##[endgroup]
2026-09-12T20:20:32.6579853Z ##[group]Run python3 -m pip install -r tools/lean/requirements.txt
2026-09-12T20:20:32.6580443Z [36;1mpython3 -m pip install -r tools/lean/requirements.txt[0m
2026-09-12T20:20:32.6580919Z [36;1mpython3 tools/lean/validate_manifest.py "$LEAN_PROJECT"[0m
2026-09-12T20:20:32.6621819Z shell: /usr/bin/bash -e {0}
2026-09-12T20:20:32.6622113Z env:
2026-09-12T20:20:32.6622435Z   LEAN_PROJECT: matrix-inequalities-and-norms/MI-23/lean
2026-09-12T20:20:32.6623262Z ##[endgroup]
2026-09-12T20:20:33.8967375Z Defaulting to user installation because normal site-packages is not writeable
2026-09-12T20:20:34.6137826Z Collecting PyYAML==6.0.3 (from -r tools/lean/requirements.txt (line 1))
2026-09-12T20:20:34.6455305Z   Downloading pyyaml-6.0.3-cp312-cp312-manylinux2014_x86_64.manylinux_2_17_x86_64.manylinux_2_28_x86_64.whl.metadata (2.4 kB)
2026-09-12T20:20:34.6829320Z Collecting jsonschema==4.26.0 (from -r tools/lean/requirements.txt (line 2))
2026-09-12T20:20:34.6864535Z   Downloading jsonschema-4.26.0-py3-none-any.whl.metadata (7.6 kB)
2026-09-12T20:20:34.7037595Z Requirement already satisfied: attrs>=22.2.0 in /usr/lib/python3/dist-packages (from jsonschema==4.26.0->-r tools/lean/requirements.txt (line 2)) (23.2.0)
2026-09-12T20:20:34.7219419Z Collecting jsonschema-specifications>=2023.03.6 (from jsonschema==4.26.0->-r tools/lean/requirements.txt (line 2))
2026-09-12T20:20:34.7249242Z   Downloading jsonschema_specifications-2025.9.1-py3-none-any.whl.metadata (2.9 kB)
2026-09-12T20:20:34.7654024Z Collecting referencing>=0.28.4 (from jsonschema==4.26.0->-r tools/lean/requirements.txt (line 2))
2026-09-12T20:20:34.7695125Z   Downloading referencing-0.37.0-py3-none-any.whl.metadata (2.8 kB)
2026-09-12T20:20:35.0823810Z Collecting rpds-py>=0.25.0 (from jsonschema==4.26.0->-r tools/lean/requirements.txt (line 2))
2026-09-12T20:20:35.0853926Z   Downloading rpds_py-2026.6.3-cp312-cp312-manylinux_2_17_x86_64.manylinux2014_x86_64.whl.metadata (4.1 kB)
2026-09-12T20:20:35.1204622Z Requirement already satisfied: typing-extensions>=4.4.0 in /usr/lib/python3/dist-packages (from referencing>=0.28.4->jsonschema==4.26.0->-r tools/lean/requirements.txt (line 2)) (4.10.0)
2026-09-12T20:20:35.1267603Z Downloading pyyaml-6.0.3-cp312-cp312-manylinux2014_x86_64.manylinux_2_17_x86_64.manylinux_2_28_x86_64.whl (807 kB)
2026-09-12T20:20:35.1454958Z    ━━━━━━━━━━━━━━━━━━━━━━━━━━━━━━━━━━━━━━━━ 807.9/807.9 kB 49.4 MB/s eta 0:00:00
2026-09-12T20:20:35.1484298Z Downloading jsonschema-4.26.0-py3-none-any.whl (90 kB)
2026-09-12T20:20:35.1524598Z    ━━━━━━━━━━━━━━━━━━━━━━━━━━━━━━━━━━━━━━━━ 90.6/90.6 kB 36.2 MB/s eta 0:00:00
2026-09-12T20:20:35.1550692Z Downloading jsonschema_specifications-2025.9.1-py3-none-any.whl (18 kB)
2026-09-12T20:20:35.1598398Z Downloading referencing-0.37.0-py3-none-any.whl (26 kB)
2026-09-12T20:20:35.1648868Z Downloading rpds_py-2026.6.3-cp312-cp312-manylinux_2_17_x86_64.manylinux2014_x86_64.whl (366 kB)
2026-09-12T20:20:35.1725439Z    ━━━━━━━━━━━━━━━━━━━━━━━━━━━━━━━━━━━━━━━━ 366.2/366.2 kB 61.4 MB/s eta 0:00:00
2026-09-12T20:20:35.4663679Z Installing collected packages: rpds-py, PyYAML, referencing, jsonschema-specifications, jsonschema
2026-09-12T20:20:35.6375516Z Successfully installed PyYAML-6.0.3 jsonschema-4.26.0 jsonschema-specifications-2025.9.1 referencing-0.37.0 rpds-py-2026.6.3
2026-09-12T20:20:35.8720418Z Manifest schema and comparator coverage: PASS (8 declarations)
2026-09-12T20:20:35.8945672Z ##[group]Run actions/setup-go@924ae3a1cded613372ab5595356fb5720e22ba16
2026-09-12T20:20:35.8946074Z with:
2026-09-12T20:20:35.8946266Z   go-version: 1.27.1
2026-09-12T20:20:35.8946474Z   cache: false
2026-09-12T20:20:35.8946668Z   check-latest: false
2026-09-12T20:20:35.8948968Z   token: ***
2026-09-12T20:20:35.8949170Z ##[endgroup]
2026-09-12T20:20:36.0186578Z Setup go version spec 1.27.1
2026-09-12T20:20:36.0199923Z Attempting to download 1.27.1...
2026-09-12T20:20:36.6055377Z matching 1.27.1...
2026-09-12T20:20:36.6082449Z Acquiring 1.27.1 from https://github.com/actions/go-versions/releases/download/1.27.1-33583469715/go-1.27.1-linux-x64.tar.gz
2026-09-12T20:20:37.1203550Z Extracting Go...
2026-09-12T20:20:37.1311439Z [command]/usr/bin/tar xz --warning=no-unknown-keyword --overwrite -C /home/runner/work/_temp/c9980eb4-9b12-4b0f-8dd3-fc5c2c80028e -f /home/runner/work/_temp/c3d9d03f-1062-4e54-92fa-6c61318cac58
2026-09-12T20:20:38.9338852Z Successfully extracted go to /home/runner/work/_temp/c9980eb4-9b12-4b0f-8dd3-fc5c2c80028e
2026-09-12T20:20:38.9339552Z Adding to the cache ...
2026-09-12T20:20:46.0728543Z Successfully cached go to /opt/hostedtoolcache/go/1.27.1/x64
2026-09-12T20:20:46.0731717Z Added go to the path
2026-09-12T20:20:46.0734703Z Successfully set up Go version 1.27.1
2026-09-12T20:20:46.0960301Z go version go1.27.1 linux/amd64
2026-09-12T20:20:46.0960626Z 
2026-09-12T20:20:46.0960931Z ##[group]go env
2026-09-12T20:20:46.2399459Z AR='ar'
2026-09-12T20:20:46.2399861Z CC='gcc'
2026-09-12T20:20:46.2400209Z CGO_CFLAGS='-O2 -g'
2026-09-12T20:20:46.2400661Z CGO_CPPFLAGS=''
2026-09-12T20:20:46.2401031Z CGO_CXXFLAGS='-O2 -g'
2026-09-12T20:20:46.2401405Z CGO_ENABLED='1'
2026-09-12T20:20:46.2401739Z CGO_FFLAGS='-O2 -g'
2026-09-12T20:20:46.2402090Z CGO_LDFLAGS='-O2 -g'
2026-09-12T20:20:46.2402404Z CXX='g++'
2026-09-12T20:20:46.2403018Z GCCGO='gccgo'
2026-09-12T20:20:46.2403369Z GO111MODULE=''
2026-09-12T20:20:46.2403665Z GOAMD64='v1'
2026-09-12T20:20:46.2403967Z GOARCH='amd64'
2026-09-12T20:20:46.2404312Z GOAUTH='netrc'
2026-09-12T20:20:46.2404705Z GOBIN='/home/runner/go/bin'
2026-09-12T20:20:46.2405136Z GOCACHE='/home/runner/.cache/go-build'
2026-09-12T20:20:46.2405595Z GOCACHEPROG=''
2026-09-12T20:20:46.2405937Z GODEBUG=''
2026-09-12T20:20:46.2406345Z GOENV='/home/runner/.config/go/env'
2026-09-12T20:20:46.2406751Z GOEXE=''
2026-09-12T20:20:46.2407038Z GOEXPERIMENT=''
2026-09-12T20:20:46.2407344Z GOFIPS140='off'
2026-09-12T20:20:46.2407642Z GOFLAGS=''
2026-09-12T20:20:46.2408700Z GOGCCFLAGS='-fPIC -m64 -pthread -Wl,--no-gc-sections -fmessage-length=0 -ffile-prefix-map=/tmp/go-build1898501133=/tmp/go-build -gno-record-gcc-switches'
2026-09-12T20:20:46.2410123Z GOHOSTARCH='amd64'
2026-09-12T20:20:46.2410474Z GOHOSTOS='linux'
2026-09-12T20:20:46.2410814Z GOINSECURE=''
2026-09-12T20:20:46.2411151Z GOMOD='/dev/null'
2026-09-12T20:20:46.2411540Z GOMODCACHE='/home/runner/go/pkg/mod'
2026-09-12T20:20:46.2411973Z GONOPROXY=''
2026-09-12T20:20:46.2412297Z GONOSUMDB=''
2026-09-12T20:20:46.2412932Z GOOS='linux'
2026-09-12T20:20:46.2413279Z GOPACKAGESDRIVER=''
2026-09-12T20:20:46.2413638Z GOPATH='/home/runner/go'
2026-09-12T20:20:46.2413998Z GOPRIVATE=''
2026-09-12T20:20:46.2414387Z GOPROXY='https://proxy.golang.org,direct'
2026-09-12T20:20:46.2414918Z GOROOT='/opt/hostedtoolcache/go/1.27.1/x64'
2026-09-12T20:20:46.2415394Z GOSUMDB='sum.golang.org'
2026-09-12T20:20:46.2415761Z GOTELEMETRY='local'
2026-09-12T20:20:46.2416178Z GOTELEMETRYDIR='/home/runner/.config/go/telemetry'
2026-09-12T20:20:46.2416668Z GOTMPDIR=''
2026-09-12T20:20:46.2416972Z GOTOOLCHAIN='local'
2026-09-12T20:20:46.2417487Z GOTOOLDIR='/opt/hostedtoolcache/go/1.27.1/x64/pkg/tool/linux_amd64'
2026-09-12T20:20:46.2418056Z GOVCS=''
2026-09-12T20:20:46.2418360Z GOVERSION='go1.27.1'
2026-09-12T20:20:46.2418685Z GOWORK=''
2026-09-12T20:20:46.2418998Z PKG_CONFIG='pkg-config'
2026-09-12T20:20:46.2419225Z 
2026-09-12T20:20:46.2419688Z ##[endgroup]
2026-09-12T20:20:46.2835668Z ##[group]Run leanprover/lean-action@96e06131c0e9943c780388fd166f55d1e2fa0433
2026-09-12T20:20:46.2836115Z with:
2026-09-12T20:20:46.2836431Z   lake-package-directory: matrix-inequalities-and-norms/MI-23/lean
2026-09-12T20:20:46.2836799Z   auto-config: false
2026-09-12T20:20:46.2837010Z   build: false
2026-09-12T20:20:46.2837193Z   test: false
2026-09-12T20:20:46.2837369Z   lint: false
2026-09-12T20:20:46.2837551Z   use-mathlib-cache: false
2026-09-12T20:20:46.2837782Z   use-github-cache: false
2026-09-12T20:20:46.2838005Z   mk_all-check: false
2026-09-12T20:20:46.2838236Z   check-reservoir-eligibility: false
2026-09-12T20:20:46.2838511Z   leanchecker: false
2026-09-12T20:20:46.2838803Z   lean4checker: false
2026-09-12T20:20:46.2839029Z   nanoda: false
2026-09-12T20:20:46.2839231Z   nanoda-allow-sorry: true
2026-09-12T20:20:46.2839452Z   axiom-audit: false
2026-09-12T20:20:46.2839726Z   axiom-audit-allow: propext,Classical.choice,Quot.sound
2026-09-12T20:20:46.2840131Z   reinstall-transient-toolchain: false
2026-09-12T20:20:46.2840396Z env:
2026-09-12T20:20:46.2840571Z   GOTOOLCHAIN: local
2026-09-12T20:20:46.2840770Z ##[endgroup]
2026-09-12T20:20:46.2908033Z ##[start-action display=install elan;id=__leanprover_lean-action.__run]
2026-09-12T20:20:46.2933345Z ##[group]Run : Install Elan
2026-09-12T20:20:46.2933648Z [36;1m: Install Elan[0m
2026-09-12T20:20:46.2933938Z [36;1m${GITHUB_ACTION_PATH}/scripts/install_elan.sh[0m
2026-09-12T20:20:46.2974126Z shell: /usr/bin/bash --noprofile --norc -e -o pipefail {0}
2026-09-12T20:20:46.2974471Z env:
2026-09-12T20:20:46.2974680Z   GOTOOLCHAIN: local
2026-09-12T20:20:46.2974893Z ##[endgroup]
2026-09-12T20:20:46.3063228Z ##[group]Elan Installation Output
2026-09-12T20:20:46.5402828Z info: downloading installer
2026-09-12T20:20:47.5839294Z info: downloading https://releases.lean-lang.org/lean4/v4.33.1/lean-4.33.1-linux.tar.zst
2026-09-12T20:20:51.8425087Z info: installing /home/runner/.elan/toolchains/leanprover--lean4---v4.33.1
2026-09-12T20:20:58.6614519Z Lean (version 4.33.1, x86_64-unknown-linux-gnu, commit 819816b2e0a3bf405af45ae5c7af2491d8f5bee6, Release)
2026-09-12T20:20:58.7027261Z Lake version 5.0.0-src+819816b (Lean version 4.33.1)
2026-09-12T20:20:58.7069547Z ##[endgroup]
2026-09-12T20:20:58.7069823Z 
2026-09-12T20:20:58.7089211Z ##[end-action id=__leanprover_lean-action.__run;outcome=success;conclusion=success;duration_ms=12417]
2026-09-12T20:20:58.7095676Z ##[start-action display=configure `lean-action`;id=__leanprover_lean-action.config]
2026-09-12T20:20:58.7113231Z ##[group]Run : Configure Lean Action
2026-09-12T20:20:58.7113536Z [36;1m: Configure Lean Action[0m
2026-09-12T20:20:58.7114001Z [36;1m${GITHUB_ACTION_PATH}/scripts/config.sh[0m
2026-09-12T20:20:58.7150209Z shell: /usr/bin/bash --noprofile --norc -e -o pipefail {0}
2026-09-12T20:20:58.7150554Z env:
2026-09-12T20:20:58.7150744Z   GOTOOLCHAIN: local
2026-09-12T20:20:58.7150953Z   AUTO_CONFIG: false
2026-09-12T20:20:58.7151150Z   BUILD: false
2026-09-12T20:20:58.7151346Z   TEST: false
2026-09-12T20:20:58.7151537Z   LINT: false
2026-09-12T20:20:58.7151715Z ##[endgroup]
2026-09-12T20:20:58.7465535Z ##[group]Configure lean-action
2026-09-12T20:20:58.7520337Z ##[end-action id=__leanprover_lean-action.config;outcome=success;conclusion=success;duration_ms=42]
2026-09-12T20:20:58.7525419Z ##[start-action display=reinstall transient toolchain;id=__leanprover_lean-action.__run_2]
2026-09-12T20:20:58.7531185Z ##[end-action id=__leanprover_lean-action.__run_2;outcome=skipped;conclusion=skipped;duration_ms=0]
2026-09-12T20:20:58.7534233Z ##[start-action display=ensure all files are imported;id=__leanprover_lean-action.mk_all]
2026-09-12T20:20:58.7537746Z ##[end-action id=__leanprover_lean-action.mk_all;outcome=skipped;conclusion=skipped;duration_ms=0]
2026-09-12T20:20:58.7539624Z ##[start-action display=Run actions/cache/restore@v5;id=__leanprover_lean-action.__actions_cache]
2026-09-12T20:20:58.7543427Z ##[end-action id=__leanprover_lean-action.__actions_cache;outcome=skipped;conclusion=skipped;duration_ms=0]
2026-09-12T20:20:58.7545376Z ##[start-action display=detect mathlib;id=__leanprover_lean-action.detect-mathlib]
2026-09-12T20:20:58.7548675Z ##[end-action id=__leanprover_lean-action.detect-mathlib;outcome=skipped;conclusion=skipped;duration_ms=0]
2026-09-12T20:20:58.7550515Z ##[start-action display=get mathlib cache;id=__leanprover_lean-action.__run_3]
2026-09-12T20:20:58.7566675Z ##[end-action id=__leanprover_lean-action.__run_3;outcome=skipped;conclusion=skipped;duration_ms=0]
2026-09-12T20:20:58.7596321Z ##[start-action display=build sgstepaniants/OpenProblemsInNLA;id=__leanprover_lean-action.build]
2026-09-12T20:20:58.7600670Z ##[end-action id=__leanprover_lean-action.build;outcome=skipped;conclusion=skipped;duration_ms=0]
2026-09-12T20:20:58.7603033Z ##[start-action display=Run actions/cache/save@v5;id=__leanprover_lean-action.__actions_cache_2]
2026-09-12T20:20:58.7606533Z ##[end-action id=__leanprover_lean-action.__actions_cache_2;outcome=skipped;conclusion=skipped;duration_ms=0]
2026-09-12T20:20:58.7610107Z ##[start-action display=test sgstepaniants/OpenProblemsInNLA;id=__leanprover_lean-action.test]
2026-09-12T20:20:58.7614592Z ##[end-action id=__leanprover_lean-action.test;outcome=skipped;conclusion=skipped;duration_ms=0]
2026-09-12T20:20:58.7617332Z ##[start-action display=lint sgstepaniants/OpenProblemsInNLA;id=__leanprover_lean-action.lint]
2026-09-12T20:20:58.7621349Z ##[end-action id=__leanprover_lean-action.lint;outcome=skipped;conclusion=skipped;duration_ms=0]
2026-09-12T20:20:58.7623462Z ##[start-action display=check reservoir eligibility;id=__leanprover_lean-action.__run_4]
2026-09-12T20:20:58.7626764Z ##[end-action id=__leanprover_lean-action.__run_4;outcome=skipped;conclusion=skipped;duration_ms=0]
2026-09-12T20:20:58.7629320Z ##[start-action display=check environment with leanchecker;id=__leanprover_lean-action.__run_5]
2026-09-12T20:20:58.7634115Z ##[end-action id=__leanprover_lean-action.__run_5;outcome=skipped;conclusion=skipped;duration_ms=0]
2026-09-12T20:20:58.7636484Z ##[start-action display=check environment with nanoda;id=__leanprover_lean-action.nanoda]
2026-09-12T20:20:58.7639630Z ##[end-action id=__leanprover_lean-action.nanoda;outcome=skipped;conclusion=skipped;duration_ms=0]
2026-09-12T20:20:58.7642000Z ##[start-action display=audit axioms with axiom-audit;id=__leanprover_lean-action.axiom-audit]
2026-09-12T20:20:58.7645603Z ##[end-action id=__leanprover_lean-action.axiom-audit;outcome=skipped;conclusion=skipped;duration_ms=0]
2026-09-12T20:20:58.7695958Z ##[group]Run sudo apt-get update
2026-09-12T20:20:58.7696288Z [36;1msudo apt-get update[0m
2026-09-12T20:20:58.7696612Z [36;1msudo apt-get install -y bubblewrap dbus-user-session[0m
2026-09-12T20:20:58.7697214Z [36;1msudo sysctl -w kernel.apparmor_restrict_unprivileged_userns=0[0m
2026-09-12T20:20:58.7697609Z [36;1msudo loginctl enable-linger "$(id -un)"[0m
2026-09-12T20:20:58.7697941Z [36;1msudo systemctl start "user@$(id -u).service"[0m
2026-09-12T20:20:58.7698314Z [36;1mecho "XDG_RUNTIME_DIR=/run/user/$(id -u)" >> "$GITHUB_ENV"[0m
2026-09-12T20:20:58.7698811Z [36;1mecho "DBUS_SESSION_BUS_ADDRESS=unix:path=/run/user/$(id -u)/bus" >> "$GITHUB_ENV"[0m
2026-09-12T20:20:58.7734944Z shell: /usr/bin/bash -e {0}
2026-09-12T20:20:58.7735186Z env:
2026-09-12T20:20:58.7735371Z   GOTOOLCHAIN: local
2026-09-12T20:20:58.7735583Z ##[endgroup]
2026-09-12T20:20:59.4836464Z Get:1 file:/etc/apt/apt-mirrors.txt Mirrorlist [144 B]
2026-09-12T20:20:59.6013400Z Hit:2 http://azure.archive.ubuntu.com/ubuntu noble InRelease
2026-09-12T20:20:59.6014442Z Get:6 https://packages.microsoft.com/ubuntu/24.04/prod noble InRelease [3600 B]
2026-09-12T20:20:59.6015452Z Get:3 http://azure.archive.ubuntu.com/ubuntu noble-updates InRelease [126 kB]
2026-09-12T20:20:59.6435209Z Get:4 http://azure.archive.ubuntu.com/ubuntu noble-backports InRelease [126 kB]
2026-09-12T20:20:59.6903744Z Get:5 http://azure.archive.ubuntu.com/ubuntu noble-security InRelease [126 kB]
2026-09-12T20:20:59.7383985Z Get:7 https://dl.google.com/linux/chrome-stable/deb stable InRelease [2548 B]
2026-09-12T20:21:00.1004247Z Get:8 https://packages.microsoft.com/ubuntu/24.04/prod noble/main amd64 Packages [463 kB]
2026-09-12T20:21:00.1530734Z Get:9 https://packages.microsoft.com/ubuntu/24.04/prod noble/main arm64 Packages [414 kB]
2026-09-12T20:21:00.1564005Z Get:10 http://azure.archive.ubuntu.com/ubuntu noble-updates/main amd64 Packages [1263 kB]
2026-09-12T20:21:00.2024241Z Get:11 http://azure.archive.ubuntu.com/ubuntu noble-updates/main Translation-en [292 kB]
2026-09-12T20:21:00.2043946Z Get:12 http://azure.archive.ubuntu.com/ubuntu noble-updates/main amd64 Components [180 kB]
2026-09-12T20:21:00.2121202Z Get:13 http://azure.archive.ubuntu.com/ubuntu noble-updates/universe amd64 Packages [1690 kB]
2026-09-12T20:21:00.2143801Z Get:14 http://azure.archive.ubuntu.com/ubuntu noble-updates/universe amd64 Components [388 kB]
2026-09-12T20:21:00.2163363Z Get:15 http://azure.archive.ubuntu.com/ubuntu noble-updates/restricted amd64 Packages [1544 kB]
2026-09-12T20:21:00.2316817Z Get:16 http://azure.archive.ubuntu.com/ubuntu noble-updates/restricted Translation-en [354 kB]
2026-09-12T20:21:00.2339068Z Get:17 http://azure.archive.ubuntu.com/ubuntu noble-updates/multiverse amd64 Components [940 B]
2026-09-12T20:21:00.2344887Z Get:18 http://azure.archive.ubuntu.com/ubuntu noble-backports/main amd64 Components [5748 B]
2026-09-12T20:21:00.2358435Z Get:19 http://azure.archive.ubuntu.com/ubuntu noble-backports/universe amd64 Components [12.6 kB]
2026-09-12T20:21:00.3235532Z Get:20 http://azure.archive.ubuntu.com/ubuntu noble-security/main amd64 Packages [1006 kB]
2026-09-12T20:21:00.3296800Z Get:21 http://azure.archive.ubuntu.com/ubuntu noble-security/main Translation-en [213 kB]
2026-09-12T20:21:00.3306208Z Get:22 http://azure.archive.ubuntu.com/ubuntu noble-security/main amd64 Components [46.4 kB]
2026-09-12T20:21:00.3311873Z Get:23 http://azure.archive.ubuntu.com/ubuntu noble-security/universe amd64 Packages [1206 kB]
2026-09-12T20:21:00.3369456Z Get:24 http://azure.archive.ubuntu.com/ubuntu noble-security/universe amd64 Components [76.3 kB]
2026-09-12T20:21:00.3379373Z Get:25 http://azure.archive.ubuntu.com/ubuntu noble-security/restricted amd64 Packages [1445 kB]
2026-09-12T20:21:00.3447506Z Get:26 http://azure.archive.ubuntu.com/ubuntu noble-security/restricted Translation-en [336 kB]
2026-09-12T20:21:00.4223730Z Get:27 https://dl.google.com/linux/chrome-stable/deb stable/main amd64 Packages [1409 B]
2026-09-12T20:21:04.4759385Z Fetched 11.3 MB in 2s (5942 kB/s)
2026-09-12T20:21:05.2716871Z Reading package lists...
2026-09-12T20:21:05.3027625Z Reading package lists...
2026-09-12T20:21:05.5212591Z Building dependency tree...
2026-09-12T20:21:05.5220705Z Reading state information...
2026-09-12T20:21:05.7942031Z dbus-user-session is already the newest version (1.14.10-4ubuntu4.1).
2026-09-12T20:21:05.7943249Z dbus-user-session set to manually installed.
2026-09-12T20:21:05.7943911Z The following NEW packages will be installed:
2026-09-12T20:21:05.7949909Z   bubblewrap
2026-09-12T20:21:05.8483836Z 0 upgraded, 1 newly installed, 0 to remove and 50 not upgraded.
2026-09-12T20:21:05.8484418Z Need to get 50.2 kB of archives.
2026-09-12T20:21:05.8485021Z After this operation, 133 kB of additional disk space will be used.
2026-09-12T20:21:05.8485752Z Get:1 file:/etc/apt/apt-mirrors.txt Mirrorlist [144 B]
2026-09-12T20:21:05.9298805Z Get:2 http://azure.archive.ubuntu.com/ubuntu noble-updates/main amd64 bubblewrap amd64 0.9.0-1ubuntu0.1 [50.2 kB]
2026-09-12T20:21:06.5631520Z Fetched 50.2 kB in 0s (459 kB/s)
2026-09-12T20:21:06.5847581Z Selecting previously unselected package bubblewrap.
2026-09-12T20:21:06.6146322Z (Reading database ... 
2026-09-12T20:21:06.6147015Z (Reading database ... 5%
2026-09-12T20:21:06.6147547Z (Reading database ... 10%
2026-09-12T20:21:06.6148205Z (Reading database ... 15%
2026-09-12T20:21:06.6148770Z (Reading database ... 20%
2026-09-12T20:21:06.6149282Z (Reading database ... 25%
2026-09-12T20:21:06.6150086Z (Reading database ... 30%
2026-09-12T20:21:06.6150627Z (Reading database ... 35%
2026-09-12T20:21:06.6151268Z (Reading database ... 40%
2026-09-12T20:21:06.6151830Z (Reading database ... 45%
2026-09-12T20:21:06.6152285Z (Reading database ... 50%
2026-09-12T20:21:06.6200111Z (Reading database ... 55%
2026-09-12T20:21:06.7552154Z (Reading database ... 60%
2026-09-12T20:21:06.8954145Z (Reading database ... 65%
2026-09-12T20:21:07.0950459Z (Reading database ... 70%
2026-09-12T20:21:07.1929479Z (Reading database ... 75%
2026-09-12T20:21:07.3691576Z (Reading database ... 80%
2026-09-12T20:21:07.5964016Z (Reading database ... 85%
2026-09-12T20:21:07.7504780Z (Reading database ... 90%
2026-09-12T20:21:07.9078229Z (Reading database ... 95%
2026-09-12T20:21:07.9078753Z (Reading database ... 100%
2026-09-12T20:21:07.9079166Z (Reading database ... 201818 files and directories currently installed.)
2026-09-12T20:21:07.9120075Z Preparing to unpack .../bubblewrap_0.9.0-1ubuntu0.1_amd64.deb ...
2026-09-12T20:21:07.9144734Z Unpacking bubblewrap (0.9.0-1ubuntu0.1) ...
2026-09-12T20:21:07.9599583Z Setting up bubblewrap (0.9.0-1ubuntu0.1) ...
2026-09-12T20:21:07.9646962Z Processing triggers for man-db (2.12.0-4build2) ...
2026-09-12T20:21:07.9667063Z Not building database; man-db/auto-update is not 'true'.
2026-09-12T20:21:08.6044117Z 
2026-09-12T20:21:08.6044673Z Running kernel seems to be up-to-date.
2026-09-12T20:21:08.6045149Z 
2026-09-12T20:21:08.6045383Z No services need to be restarted.
2026-09-12T20:21:08.6045731Z 
2026-09-12T20:21:08.6045917Z No containers need to be restarted.
2026-09-12T20:21:08.6046164Z 
2026-09-12T20:21:08.6046351Z No user sessions are running outdated binaries.
2026-09-12T20:21:08.6046635Z 
2026-09-12T20:21:08.6046916Z No VM guests are running outdated hypervisor (qemu) binaries on this host.
2026-09-12T20:21:09.5215435Z kernel.apparmor_restrict_unprivileged_userns = 0
2026-09-12T20:21:09.5532076Z ##[group]Run ulimit -n 65536
2026-09-12T20:21:09.5532379Z [36;1mulimit -n 65536[0m
2026-09-12T20:21:09.5532979Z [36;1mtools/lean/bootstrap.sh "$RUNNER_TEMP/nla-lean-tools"[0m
2026-09-12T20:21:09.5533447Z [36;1mtools/lean/verify.sh "$LEAN_PROJECT" "$RUNNER_TEMP/nla-lean-tools"[0m
2026-09-12T20:21:09.5569654Z shell: /usr/bin/bash -e {0}
2026-09-12T20:21:09.5569904Z env:
2026-09-12T20:21:09.5570099Z   GOTOOLCHAIN: local
2026-09-12T20:21:09.5570327Z   XDG_RUNTIME_DIR: /run/user/1001
2026-09-12T20:21:09.5570627Z   DBUS_SESSION_BUS_ADDRESS: unix:path=/run/user/1001/bus
2026-09-12T20:21:09.5571015Z   LEAN_PROJECT: matrix-inequalities-and-norms/MI-23/lean
2026-09-12T20:21:09.5571320Z ##[endgroup]
2026-09-12T20:21:10.5859828Z Running elan toolchain install leanprover/lean4:v4.33.1
2026-09-12T20:21:10.5860656Z Log: /home/runner/work/_temp/nla-lean-tools/logs/bootstrap/elan.log
2026-09-12T20:21:10.5880038Z info: toolchain 'leanprover/lean4:v4.33.1' is already installed
2026-09-12T20:21:10.6764644Z Running go build -mod=readonly -buildvcs=false -o /home/runner/work/_temp/nla-lean-tools/.tools/bin/landrun ./cmd/landrun
2026-09-12T20:21:10.6765875Z Log: /home/runner/work/_temp/nla-lean-tools/logs/bootstrap/landrun-build.log
2026-09-12T20:21:10.6806096Z go: downloading github.com/urfave/cli/v3 v3.6.2
2026-09-12T20:21:10.6964030Z go: downloading github.com/landlock-lsm/go-landlock v0.9.0
2026-09-12T20:21:10.7708631Z go: downloading golang.org/x/sys v0.40.0
2026-09-12T20:21:10.7710210Z go: downloading kernel.org/pub/linux/libs/security/libcap/psx v1.2.77
2026-09-12T20:21:19.9823568Z Running lake build lean4export comparator
2026-09-12T20:21:19.9824653Z Log: /home/runner/work/_temp/nla-lean-tools/logs/bootstrap/comparator-build.log
2026-09-12T20:21:20.5244245Z ✔ [3/20] Built Comparator.Util (456ms)
2026-09-12T20:21:20.7220139Z ✔ [4/20] Built Comparator.Util:c.o (231ms)
2026-09-12T20:21:22.1246121Z ✔ [5/20] Built Export.Parse (2.0s)
2026-09-12T20:21:22.8273977Z ✔ [6/20] Built Comparator.Axioms (721ms)
2026-09-12T20:21:23.3284097Z ✔ [7/20] Built Comparator.Axioms:c.o (548ms)
2026-09-12T20:21:23.4274602Z ✔ [8/20] Built Export (3.4s)
2026-09-12T20:21:23.7297379Z ✔ [9/20] Built Comparator.Compare (938ms)
2026-09-12T20:21:24.5316248Z ✔ [10/20] Built Comparator.Compare:c.o (784ms)
2026-09-12T20:21:24.9374043Z ✔ [11/20] Built Main (1.5s)
2026-09-12T20:21:25.0353870Z ✔ [12/20] Built Comparator (493ms)
2026-09-12T20:21:25.1363936Z ✔ [13/20] Built Comparator:c.o (108ms)
2026-09-12T20:21:25.3353230Z ✔ [14/20] Built Main:c.o (369ms)
2026-09-12T20:21:27.2397939Z ✔ [15/20] Built Export:c.o (3.8s)
2026-09-12T20:21:27.5406143Z ✔ [16/20] Built Main (2.4s)
2026-09-12T20:21:27.7398210Z ✔ [17/20] Built Export.Parse:c.o (5.7s)
2026-09-12T20:21:28.4450521Z ✔ [18/20] Built lean4export:exe (1.2s)
2026-09-12T20:21:28.7454033Z ✔ [19/20] Built Main:c.o (1.3s)
2026-09-12T20:21:29.4461187Z ✔ [20/20] Built comparator:exe (708ms)
2026-09-12T20:21:29.4473393Z Build completed successfully (20 jobs).
2026-09-12T20:21:29.7346832Z Tools built; isolation and checker controls run during verify. Receipt: /home/runner/work/_temp/nla-lean-tools/bootstrap.json
2026-09-12T20:21:30.1474934Z Running /usr/bin/timeout --kill-after=5s 45s systemd-run -p RuntimeMaxSec=40 --user --quiet --wait --pipe --collect -p 'RestrictAddressFamilies=~AF_UNIX' --working-directory /home/runner/work/_temp/nla-lean-tools /usr/bin/env -i PATH=/home/runner/.elan/toolchains/leanprover--lean4---v4.33.1/bin:/home/runner/.elan/bin:/home/runner/go/bin:/opt/hostedtoolcache/go/1.27.1/x64/bin:/snap/bin:/home/runner/.local/bin:/opt/pipx_bin:/home/runner/.cargo/bin:/home/runner/.config/composer/vendor/bin:/usr/local/.ghcup/bin:/home/runner/.dotnet/tools:/usr/local/sbin:/usr/local/bin:/usr/sbin:/usr/bin:/sbin:/bin:/usr/games:/usr/local/games:/snap/bin HOME=/home/runner LANG=C.UTF-8 XDG_RUNTIME_DIR=/run/user/1001 DBUS_SESSION_BUS_ADDRESS=unix:path=/run/user/1001/bus GIT_TERMINAL_PROMPT=0 GIT_CONFIG_NOSYSTEM=1 GIT_CONFIG_GLOBAL=/dev/null COMPARATOR_BIN=/home/runner/work/_temp/nla-lean-tools/.tools/comparator/.lake/build/bin/comparator COMPARATOR_LEAN4EXPORT=/home/runner/work/_temp/nla-lean-tools/.tools/lean4export/.lake/build/bin/lean4export COMPARATOR_LANDRUN=/home/runner/work/_temp/nla-lean-tools/scripts/strict_landrun.py XDG_CACHE_HOME=/home/runner/work/_temp/nla-lean-tools/.tools/cache TMPDIR=/home/runner/work/_temp/nla-lean-tools/.verification-tmp /usr/bin/true
2026-09-12T20:21:30.1480146Z Log: /home/runner/work/_temp/nla-lean-tools/logs/verify-20260912T202130Z-4146/user-service.log
2026-09-12T20:21:30.1845556Z Running python3 /home/runner/work/_temp/nla-lean-tools/reproduction/checks/sandbox_probe_ci.py
2026-09-12T20:21:30.1846711Z Log: /home/runner/work/_temp/nla-lean-tools/logs/verify-20260912T202130Z-4146/sandbox.log
2026-09-12T20:21:30.2183373Z START sandbox mode: build
2026-09-12T20:21:30.3135451Z START sandbox mode: export
2026-09-12T20:21:30.4028122Z START sandbox negative case: unknown option
2026-09-12T20:21:30.4438473Z START sandbox negative case: unexpected --rw
2026-09-12T20:21:30.4879062Z START sandbox negative case: unexpected --rwx
2026-09-12T20:21:30.5300124Z START sandbox negative case: relative --rwx
2026-09-12T20:21:30.5716315Z MODE build: exit=0
2026-09-12T20:21:30.5717032Z Running as unit: run-u2.service; invocation ID: fa0afba5ee9d4bbaa5294b0fbc35a4ed
2026-09-12T20:21:30.5717762Z PASS outside .lake write-open: denied errno=30
2026-09-12T20:21:30.5718276Z PASS outside .lake truncate: denied errno=30
2026-09-12T20:21:30.5718834Z PASS outside .lake read-only truncate-open: denied errno=30
2026-09-12T20:21:30.5719463Z PASS symlink from .lake to outside write: denied errno=30
2026-09-12T20:21:30.5719994Z PASS outside .lake creation: denied errno=30
2026-09-12T20:21:30.5720438Z PASS build .lake write: allowed
2026-09-12T20:21:30.5720823Z PASS user namespace: private
2026-09-12T20:21:30.5721198Z PASS pid namespace: private
2026-09-12T20:21:30.5721581Z PASS mnt namespace: private
2026-09-12T20:21:30.5721942Z PASS net namespace: private
2026-09-12T20:21:30.5722303Z PASS ipc namespace: private
2026-09-12T20:21:30.5722952Z PASS uts namespace: private
2026-09-12T20:21:30.5723419Z PASS host parent: absent from private /proc
2026-09-12T20:21:30.5723928Z PASS host parent signal lookup: denied errno=3
2026-09-12T20:21:30.5724485Z PASS host loopback listener: unreachable errno=13
2026-09-12T20:21:30.5724982Z PASS AF_UNIX socket creation: denied errno=97
2026-09-12T20:21:30.5725455Z PASS effective capabilities: none
2026-09-12T20:21:30.5725835Z PASS no_new_privs: set
2026-09-12T20:21:30.5726163Z Sandbox UID: 1001
2026-09-12T20:21:30.5726555Z PASS nested namespace write attempt: rejected exit=1
2026-09-12T20:21:30.5727063Z bwrap: setting up uid map: Permission denied
2026-09-12T20:21:30.5727504Z Finished with result: success
2026-09-12T20:21:30.5727978Z Main processes terminated with: code=exited/status=0
2026-09-12T20:21:30.5728463Z Service runtime: 76ms
2026-09-12T20:21:30.5728824Z CPU time consumed: 77ms
2026-09-12T20:21:30.5729158Z Memory peak: 512.0K
2026-09-12T20:21:30.5729496Z Memory swap peak: 0B
2026-09-12T20:21:30.5729691Z 
2026-09-12T20:21:30.5729830Z MODE export: exit=0
2026-09-12T20:21:30.5730350Z Running as unit: run-u3.service; invocation ID: 60a41e8bf2244c77a321811475d03722
2026-09-12T20:21:30.5731064Z PASS outside .lake write-open: denied errno=30
2026-09-12T20:21:30.5731564Z PASS outside .lake truncate: denied errno=30
2026-09-12T20:21:30.5732115Z PASS outside .lake read-only truncate-open: denied errno=30
2026-09-12T20:21:30.5732937Z PASS symlink from .lake to outside write: denied errno=30
2026-09-12T20:21:30.5733476Z PASS outside .lake creation: denied errno=30
2026-09-12T20:21:30.5734083Z PASS export .lake write-open: denied errno=30
2026-09-12T20:21:30.5734566Z PASS export .lake truncate: denied errno=30
2026-09-12T20:21:30.5735014Z PASS user namespace: private
2026-09-12T20:21:30.5735400Z PASS pid namespace: private
2026-09-12T20:21:30.5735781Z PASS mnt namespace: private
2026-09-12T20:21:30.5736143Z PASS net namespace: private
2026-09-12T20:21:30.5737052Z PASS ipc namespace: private
2026-09-12T20:21:30.5737468Z PASS uts namespace: private
2026-09-12T20:21:30.5737894Z PASS host parent: absent from private /proc
2026-09-12T20:21:30.5738394Z PASS host parent signal lookup: denied errno=3
2026-09-12T20:21:30.5738924Z PASS host loopback listener: unreachable errno=13
2026-09-12T20:21:30.5739424Z PASS AF_UNIX socket creation: denied errno=97
2026-09-12T20:21:30.5739849Z PASS effective capabilities: none
2026-09-12T20:21:30.5740223Z PASS no_new_privs: set
2026-09-12T20:21:30.5740564Z Sandbox UID: 1001
2026-09-12T20:21:30.5740991Z PASS nested namespace write attempt: rejected exit=1
2026-09-12T20:21:30.5741553Z bwrap: setting up uid map: Permission denied
2026-09-12T20:21:30.5742041Z Finished with result: success
2026-09-12T20:21:30.5742509Z Main processes terminated with: code=exited/status=0
2026-09-12T20:21:30.5743475Z Service runtime: 75ms
2026-09-12T20:21:30.5744051Z CPU time consumed: 76ms
2026-09-12T20:21:30.5744406Z Memory peak: 512.0K
2026-09-12T20:21:30.5744755Z Memory swap peak: 0B
2026-09-12T20:21:30.5744952Z 
2026-09-12T20:21:30.5745119Z NEGATIVE unknown option: exit=2
2026-09-12T20:21:30.5745721Z Running as unit: run-u4.service; invocation ID: aa6208917d0843ed8e872255f1ac2026
2026-09-12T20:21:30.5746661Z strict Comparator sandbox: unsupported Comparator Landrun option: --unrestricted-filesystem
2026-09-12T20:21:30.5747397Z Finished with result: exit-code
2026-09-12T20:21:30.5747875Z Main processes terminated with: code=exited/status=2
2026-09-12T20:21:30.5748404Z Service runtime: 28ms
2026-09-12T20:21:30.5748779Z CPU time consumed: 28ms
2026-09-12T20:21:30.5749136Z Memory peak: 256.0K
2026-09-12T20:21:30.5749465Z Memory swap peak: 0B
2026-09-12T20:21:30.5749679Z 
2026-09-12T20:21:30.5749866Z NEGATIVE unexpected --rw: exit=2
2026-09-12T20:21:30.5750531Z Running as unit: run-u5.service; invocation ID: 0f47e695964b435294ce5ed589dfab5a
2026-09-12T20:21:30.5751383Z strict Comparator sandbox: only private /dev may be passed with --rw
2026-09-12T20:21:30.5752008Z Finished with result: exit-code
2026-09-12T20:21:30.5752443Z Main processes terminated with: code=exited/status=2
2026-09-12T20:21:30.5753219Z Service runtime: 27ms
2026-09-12T20:21:30.5753605Z CPU time consumed: 27ms
2026-09-12T20:21:30.5753969Z Memory peak: 256.0K
2026-09-12T20:21:30.5754299Z Memory swap peak: 0B
2026-09-12T20:21:30.5754512Z 
2026-09-12T20:21:30.5754697Z NEGATIVE unexpected --rwx: exit=2
2026-09-12T20:21:30.5755364Z Running as unit: run-u6.service; invocation ID: 61663b0b8465419e90a604d70c8ca061
2026-09-12T20:21:30.5756276Z strict Comparator sandbox: only this project's existing .lake may be writable
2026-09-12T20:21:30.5756908Z Finished with result: exit-code
2026-09-12T20:21:30.5757385Z Main processes terminated with: code=exited/status=2
2026-09-12T20:21:30.5757892Z Service runtime: 26ms
2026-09-12T20:21:30.5758247Z CPU time consumed: 25ms
2026-09-12T20:21:30.5758619Z Memory peak: 256.0K
2026-09-12T20:21:30.5758959Z Memory swap peak: 0B
2026-09-12T20:21:30.5759164Z 
2026-09-12T20:21:30.5759350Z NEGATIVE relative --rwx: exit=2
2026-09-12T20:21:30.5759997Z Running as unit: run-u7.service; invocation ID: c050de7442bf433b93fc9e5e04f80a43
2026-09-12T20:21:30.5760878Z strict Comparator sandbox: only this project's existing .lake may be writable
2026-09-12T20:21:30.5761559Z Finished with result: exit-code
2026-09-12T20:21:30.5762054Z Main processes terminated with: code=exited/status=2
2026-09-12T20:21:30.5762573Z Service runtime: 26ms
2026-09-12T20:21:30.5763413Z CPU time consumed: 26ms
2026-09-12T20:21:30.5763796Z Memory peak: 256.0K
2026-09-12T20:21:30.5764145Z Memory swap peak: 0B
2026-09-12T20:21:30.5764354Z 
2026-09-12T20:21:30.5764766Z Outer and export fixture contents unchanged; only designated build fixture written.
2026-09-12T20:21:30.5795663Z Running bash /home/runner/work/_temp/nla-lean-tools/reproduction/checks/run_replay.sh
2026-09-12T20:21:30.5796626Z Log: /home/runner/work/_temp/nla-lean-tools/logs/verify-20260912T202130Z-4146/kernel-controls.log
2026-09-12T20:21:30.6351257Z Replay probe: RestrictAddressFamilies=~AF_UNIX (deny AF_UNIX sockets).
2026-09-12T20:21:30.6861434Z Lean (version 4.33.1, x86_64-unknown-linux-gnu, Release)
2026-09-12T20:21:30.7210382Z /home/runner/.elan/toolchains/leanprover--lean4---v4.33.1/lib/lean/Init.olean
2026-09-12T20:21:30.7211384Z /home/runner/.elan/toolchains/leanprover--lean4---v4.33.1/lib/lean/Init.olean
2026-09-12T20:21:30.7212369Z /home/runner/work/_temp/nla-lean-tools/.tools/comparator/.lake/build/lib/lean/Main.olean
2026-09-12T20:21:31.9962096Z Trusted base fixture: 11 constants
2026-09-12T20:21:31.9962499Z BEGIN honest_with_inductives_and_quotients
2026-09-12T20:21:31.9963358Z Running Lean default kernel on solution.
2026-09-12T20:21:31.9963859Z Lean default kernel accepts the solution
2026-09-12T20:21:31.9964320Z RETURN honest_with_inductives_and_quotients: accepted
2026-09-12T20:21:31.9964652Z BEGIN invalid_raw_proof
2026-09-12T20:21:31.9965231Z Running Lean default kernel on solution.
2026-09-12T20:21:31.9965521Z Lean default kernel rejects the solution
2026-09-12T20:21:31.9966002Z RETURN invalid_raw_proof: rejected: while replaying declaration 'PinnedReplayProbe.invalid':
2026-09-12T20:21:31.9966593Z (kernel) declaration type mismatch, 'PinnedReplayProbe.invalid' has type
2026-09-12T20:21:31.9967000Z   True
2026-09-12T20:21:31.9967202Z but it is expected to have type
2026-09-12T20:21:31.9967443Z   False
2026-09-12T20:21:31.9967644Z BEGIN quotient_postcheck_mismatch
2026-09-12T20:21:31.9967918Z Running Lean default kernel on solution.
2026-09-12T20:21:31.9968208Z Lean default kernel accepts the solution
2026-09-12T20:21:31.9968490Z Quotient post-check rejects the solution
2026-09-12T20:21:31.9968922Z RETURN quotient_postcheck_mismatch: rejected: Quotient constant mismatch on: Quot.lift
2026-09-12T20:21:31.9969490Z PASS: all three actual Comparator.runBuiltinKernel cases behaved as required
2026-09-12T20:21:32.0900033Z Running python3 /home/runner/work/_temp/nla-lean-tools/reproduction/checks/comparator_regressions.py
2026-09-12T20:21:32.0900886Z Log: /home/runner/work/_temp/nla-lean-tools/logs/verify-20260912T202130Z-4146/comparator-controls.log
2026-09-12T20:21:32.1245819Z Comparator regressions: RestrictAddressFamilies=~AF_UNIX; .tools/env.sh selects the real strict sandbox.
2026-09-12T20:21:32.1255238Z 
2026-09-12T20:21:32.1255409Z CASE simple_match
2026-09-12T20:21:34.1741923Z info: ComparatorRegression: no previous manifest, creating one from scratch
2026-09-12T20:21:34.1743190Z info: toolchain not updated; already up-to-date
2026-09-12T20:21:34.1743740Z Building Challenge
2026-09-12T20:21:34.1744431Z ⚠ [2/3] Built Challenge (239ms)
2026-09-12T20:21:34.1744998Z warning: Challenge.lean:1:8: declaration uses `sorry`
2026-09-12T20:21:34.1745612Z Build completed successfully (3 jobs).
2026-09-12T20:21:34.1748084Z Exporting #[Quot, Quot.mk, Quot.lift, Quot.ind, comm, propext, Quot.sound, Classical.choice, Nat.add, Nat.sub, Nat.mul, Nat.pow, Nat.gcd, Nat.div, Nat.mod, Nat.beq, Nat.ble, Nat.land, Nat.lor, Nat.xor, Nat.shiftLeft, Nat.shiftRight, String.ofList, Char.ofNat, List, eagerReduce, Nat, String, String.mk, Char, optParam, autoParam, semiOutParam, outParam] from Challenge
2026-09-12T20:21:34.1750379Z Building Solution
2026-09-12T20:21:34.1750907Z ✔ [2/3] Built Solution (236ms)
2026-09-12T20:21:34.1751387Z Build completed successfully (3 jobs).
2026-09-12T20:21:34.1754026Z Exporting #[Quot, Quot.mk, Quot.lift, Quot.ind, comm, propext, Quot.sound, Classical.choice, Nat.add, Nat.sub, Nat.mul, Nat.pow, Nat.gcd, Nat.div, Nat.mod, Nat.beq, Nat.ble, Nat.land, Nat.lor, Nat.xor, Nat.shiftLeft, Nat.shiftRight, String.ofList, Char.ofNat, List, eagerReduce, Nat, String, String.mk, Char, optParam, autoParam, semiOutParam, outParam] from Solution
2026-09-12T20:21:34.1756242Z Running Lean default kernel on solution.
2026-09-12T20:21:34.1756733Z Lean default kernel accepts the solution
2026-09-12T20:21:34.1757186Z Your solution is okay!
2026-09-12T20:21:34.1757797Z PASS simple_match: exit 0, expected 0; required phase: Your solution is okay!
2026-09-12T20:21:34.1758332Z 
2026-09-12T20:21:34.1758814Z CASE simple_mismatch
2026-09-12T20:21:36.0485829Z info: ComparatorRegression: no previous manifest, creating one from scratch
2026-09-12T20:21:36.0486475Z info: toolchain not updated; already up-to-date
2026-09-12T20:21:36.0487102Z Building Challenge
2026-09-12T20:21:36.0487741Z ⚠ [2/3] Built Challenge (225ms)
2026-09-12T20:21:36.0488259Z warning: Challenge.lean:1:8: declaration uses `sorry`
2026-09-12T20:21:36.0488817Z Build completed successfully (3 jobs).
2026-09-12T20:21:36.0491289Z Exporting #[Quot, Quot.mk, Quot.lift, Quot.ind, comm, propext, Quot.sound, Classical.choice, Nat.add, Nat.sub, Nat.mul, Nat.pow, Nat.gcd, Nat.div, Nat.mod, Nat.beq, Nat.ble, Nat.land, Nat.lor, Nat.xor, Nat.shiftLeft, Nat.shiftRight, String.ofList, Char.ofNat, List, eagerReduce, Nat, String, String.mk, Char, optParam, autoParam, semiOutParam, outParam] from Challenge
2026-09-12T20:21:36.0494285Z Building Solution
2026-09-12T20:21:36.0494776Z ✔ [2/3] Built Solution (226ms)
2026-09-12T20:21:36.0495229Z Build completed successfully (3 jobs).
2026-09-12T20:21:36.0497363Z Exporting #[Quot, Quot.mk, Quot.lift, Quot.ind, comm, propext, Quot.sound, Classical.choice, Nat.add, Nat.sub, Nat.mul, Nat.pow, Nat.gcd, Nat.div, Nat.mod, Nat.beq, Nat.ble, Nat.land, Nat.lor, Nat.xor, Nat.shiftLeft, Nat.shiftRight, String.ofList, Char.ofNat, List, eagerReduce, Nat, String, String.mk, Char, optParam, autoParam, semiOutParam, outParam] from Solution
2026-09-12T20:21:36.0498820Z uncaught exception: Challenge and solution constant kind don't match: 'comm'
2026-09-12T20:21:36.0499493Z PASS simple_mismatch: exit 1, expected 1; required phase: Challenge and solution constant kind don't match: 'comm'
2026-09-12T20:21:36.0499928Z 
2026-09-12T20:21:36.0500025Z CASE simple_axiom_issue
2026-09-12T20:21:37.9177921Z info: ComparatorRegression: no previous manifest, creating one from scratch
2026-09-12T20:21:37.9178797Z info: toolchain not updated; already up-to-date
2026-09-12T20:21:37.9179302Z Building Challenge
2026-09-12T20:21:37.9179799Z ⚠ [2/3] Built Challenge (227ms)
2026-09-12T20:21:37.9180121Z warning: Challenge.lean:1:8: declaration uses `sorry`
2026-09-12T20:21:37.9180457Z Build completed successfully (3 jobs).
2026-09-12T20:21:37.9181809Z Exporting #[Quot, Quot.mk, Quot.lift, Quot.ind, comm, propext, Quot.sound, Classical.choice, Nat.add, Nat.sub, Nat.mul, Nat.pow, Nat.gcd, Nat.div, Nat.mod, Nat.beq, Nat.ble, Nat.land, Nat.lor, Nat.xor, Nat.shiftLeft, Nat.shiftRight, String.ofList, Char.ofNat, List, eagerReduce, Nat, String, String.mk, Char, optParam, autoParam, semiOutParam, outParam] from Challenge
2026-09-12T20:21:37.9183908Z Building Solution
2026-09-12T20:21:37.9184201Z ✔ [2/3] Built Solution (236ms)
2026-09-12T20:21:37.9184474Z Build completed successfully (3 jobs).
2026-09-12T20:21:37.9185829Z Exporting #[Quot, Quot.mk, Quot.lift, Quot.ind, comm, propext, Quot.sound, Classical.choice, Nat.add, Nat.sub, Nat.mul, Nat.pow, Nat.gcd, Nat.div, Nat.mod, Nat.beq, Nat.ble, Nat.land, Nat.lor, Nat.xor, Nat.shiftLeft, Nat.shiftRight, String.ofList, Char.ofNat, List, eagerReduce, Nat, String, String.mk, Char, optParam, autoParam, semiOutParam, outParam] from Solution
2026-09-12T20:21:37.9187510Z uncaught exception: Illegal axiom detected: 'helper'
2026-09-12T20:21:37.9188229Z PASS simple_axiom_issue: exit 1, expected 1; required phase: Illegal axiom detected: 'helper'
2026-09-12T20:21:37.9188593Z 
2026-09-12T20:21:37.9188694Z CASE simple_kind_mismatch
2026-09-12T20:21:39.8039715Z info: ComparatorRegression: no previous manifest, creating one from scratch
2026-09-12T20:21:39.8040576Z info: toolchain not updated; already up-to-date
2026-09-12T20:21:39.8041121Z Building Challenge
2026-09-12T20:21:39.8041791Z ⚠ [2/3] Built Challenge (235ms)
2026-09-12T20:21:39.8042341Z warning: Challenge.lean:1:8: declaration uses `sorry`
2026-09-12T20:21:39.8043251Z Build completed successfully (3 jobs).
2026-09-12T20:21:39.8045979Z Exporting #[Quot, Quot.mk, Quot.lift, Quot.ind, comm, propext, Quot.sound, Classical.choice, Nat.add, Nat.sub, Nat.mul, Nat.pow, Nat.gcd, Nat.div, Nat.mod, Nat.beq, Nat.ble, Nat.land, Nat.lor, Nat.xor, Nat.shiftLeft, Nat.shiftRight, String.ofList, Char.ofNat, List, eagerReduce, Nat, String, String.mk, Char, optParam, autoParam, semiOutParam, outParam] from Challenge
2026-09-12T20:21:39.8048168Z Building Solution
2026-09-12T20:21:39.8048659Z ✔ [2/3] Built Solution (228ms)
2026-09-12T20:21:39.8049028Z Build completed successfully (3 jobs).
2026-09-12T20:21:39.8050711Z Exporting #[Quot, Quot.mk, Quot.lift, Quot.ind, comm, propext, Quot.sound, Classical.choice, Nat.add, Nat.sub, Nat.mul, Nat.pow, Nat.gcd, Nat.div, Nat.mod, Nat.beq, Nat.ble, Nat.land, Nat.lor, Nat.xor, Nat.shiftLeft, Nat.shiftRight, String.ofList, Char.ofNat, List, eagerReduce, Nat, String, String.mk, Char, optParam, autoParam, semiOutParam, outParam] from Solution
2026-09-12T20:21:39.8052082Z uncaught exception: Illegal axiom detected: 'helper'
2026-09-12T20:21:39.8053154Z PASS simple_kind_mismatch: exit 1, expected 1; required phase: Illegal axiom detected: 'helper'
2026-09-12T20:21:39.8053546Z 
2026-09-12T20:21:39.8053645Z CASE type_mismatch
2026-09-12T20:21:41.6639660Z info: ComparatorRegression: no previous manifest, creating one from scratch
2026-09-12T20:21:41.6640177Z info: toolchain not updated; already up-to-date
2026-09-12T20:21:41.6640494Z Building Challenge
2026-09-12T20:21:41.6640948Z ✔ [2/3] Built Challenge (239ms)
2026-09-12T20:21:41.6641239Z Build completed successfully (3 jobs).
2026-09-12T20:21:41.6643360Z Exporting #[Quot, Quot.mk, Quot.lift, Quot.ind, checked, propext, Quot.sound, Classical.choice, Nat.add, Nat.sub, Nat.mul, Nat.pow, Nat.gcd, Nat.div, Nat.mod, Nat.beq, Nat.ble, Nat.land, Nat.lor, Nat.xor, Nat.shiftLeft, Nat.shiftRight, String.ofList, Char.ofNat, List, eagerReduce, Nat, String, String.mk, Char, optParam, autoParam, semiOutParam, outParam] from Challenge
2026-09-12T20:21:41.6644939Z Building Solution
2026-09-12T20:21:41.6645252Z ✔ [2/3] Built Solution (221ms)
2026-09-12T20:21:41.6645520Z Build completed successfully (3 jobs).
2026-09-12T20:21:41.6646899Z Exporting #[Quot, Quot.mk, Quot.lift, Quot.ind, checked, propext, Quot.sound, Classical.choice, Nat.add, Nat.sub, Nat.mul, Nat.pow, Nat.gcd, Nat.div, Nat.mod, Nat.beq, Nat.ble, Nat.land, Nat.lor, Nat.xor, Nat.shiftLeft, Nat.shiftRight, String.ofList, Char.ofNat, List, eagerReduce, Nat, String, String.mk, Char, optParam, autoParam, semiOutParam, outParam] from Solution
2026-09-12T20:21:41.6648346Z uncaught exception: Challenge and solution theorem statement do not match: 'checked'
2026-09-12T20:21:41.6649047Z PASS type_mismatch: exit 1, expected 1; required phase: Challenge and solution theorem statement do not match: 'checked'
2026-09-12T20:21:41.6675885Z PASS: all five Comparator regressions
2026-09-12T20:21:41.6747016Z Running systemd-run --user --quiet --wait --pipe --collect -p 'RestrictAddressFamilies=~AF_UNIX' --working-directory /home/runner/work/_temp/nla-lean-tools/.verification-tmp/nla-axiom-52ayrqqk /usr/bin/env -i PATH=/home/runner/.elan/toolchains/leanprover--lean4---v4.33.1/bin:/home/runner/.elan/bin:/home/runner/go/bin:/opt/hostedtoolcache/go/1.27.1/x64/bin:/snap/bin:/home/runner/.local/bin:/opt/pipx_bin:/home/runner/.cargo/bin:/home/runner/.config/composer/vendor/bin:/usr/local/.ghcup/bin:/home/runner/.dotnet/tools:/usr/local/sbin:/usr/local/bin:/usr/sbin:/usr/bin:/sbin:/bin:/usr/games:/usr/local/games:/snap/bin HOME=/home/runner LANG=C.UTF-8 XDG_RUNTIME_DIR=/run/user/1001 DBUS_SESSION_BUS_ADDRESS=unix:path=/run/user/1001/bus GIT_TERMINAL_PROMPT=0 GIT_CONFIG_NOSYSTEM=1 GIT_CONFIG_GLOBAL=/dev/null COMPARATOR_BIN=/home/runner/work/_temp/nla-lean-tools/.tools/comparator/.lake/build/bin/comparator COMPARATOR_LEAN4EXPORT=/home/runner/work/_temp/nla-lean-tools/.tools/lean4export/.lake/build/bin/lean4export COMPARATOR_LANDRUN=/home/runner/work/_temp/nla-lean-tools/scripts/strict_landrun.py XDG_CACHE_HOME=/home/runner/work/_temp/nla-lean-tools/.tools/cache TMPDIR=/home/runner/work/_temp/nla-lean-tools/.verification-tmp lake env /home/runner/work/_temp/nla-lean-tools/.tools/comparator/.lake/build/bin/comparator comparator.json
2026-09-12T20:21:41.6752171Z Log: /home/runner/work/_temp/nla-lean-tools/logs/verify-20260912T202130Z-4146/negative-sorry.log
2026-09-12T20:21:41.7357556Z info: NlaAxiomFixture: no previous manifest, creating one from scratch
2026-09-12T20:21:41.7358432Z info: toolchain not updated; already up-to-date
2026-09-12T20:21:41.8173329Z Building Challenge
2026-09-12T20:21:42.8214341Z ✔ [2/3] Built Challenge (836ms)
2026-09-12T20:21:42.8218566Z Build completed successfully (3 jobs).
2026-09-12T20:21:43.7865756Z Exporting #[Quot, Quot.mk, Quot.lift, Quot.ind, checked, Classical.choice, Quot.sound, propext, Nat.add, Nat.sub, Nat.mul, Nat.pow, Nat.gcd, Nat.div, Nat.mod, Nat.beq, Nat.ble, Nat.land, Nat.lor, Nat.xor, Nat.shiftLeft, Nat.shiftRight, String.ofList, Char.ofNat, List, eagerReduce, Nat, String, String.mk, Char, optParam, autoParam, semiOutParam, outParam] from Challenge
2026-09-12T20:21:43.7867608Z Building Solution
2026-09-12T20:21:44.7956724Z ⚠ [2/3] Built Solution (834ms)
2026-09-12T20:21:44.7957753Z warning: Solution.lean:2:8: declaration uses `sorry`
2026-09-12T20:21:44.7961139Z Build completed successfully (3 jobs).
2026-09-12T20:21:45.8348392Z Exporting #[Quot, Quot.mk, Quot.lift, Quot.ind, checked, Classical.choice, Quot.sound, propext, Nat.add, Nat.sub, Nat.mul, Nat.pow, Nat.gcd, Nat.div, Nat.mod, Nat.beq, Nat.ble, Nat.land, Nat.lor, Nat.xor, Nat.shiftLeft, Nat.shiftRight, String.ofList, Char.ofNat, List, eagerReduce, Nat, String, String.mk, Char, optParam, autoParam, semiOutParam, outParam] from Solution
2026-09-12T20:21:45.8350853Z uncaught exception: Illegal axiom detected: 'sorryAx'
2026-09-12T20:21:45.8454834Z Running systemd-run --user --quiet --wait --pipe --collect -p 'RestrictAddressFamilies=~AF_UNIX' --working-directory /home/runner/work/_temp/nla-lean-tools/.verification-tmp/nla-axiom-xl321qo_ /usr/bin/env -i PATH=/home/runner/.elan/toolchains/leanprover--lean4---v4.33.1/bin:/home/runner/.elan/bin:/home/runner/go/bin:/opt/hostedtoolcache/go/1.27.1/x64/bin:/snap/bin:/home/runner/.local/bin:/opt/pipx_bin:/home/runner/.cargo/bin:/home/runner/.config/composer/vendor/bin:/usr/local/.ghcup/bin:/home/runner/.dotnet/tools:/usr/local/sbin:/usr/local/bin:/usr/sbin:/usr/bin:/sbin:/bin:/usr/games:/usr/local/games:/snap/bin HOME=/home/runner LANG=C.UTF-8 XDG_RUNTIME_DIR=/run/user/1001 DBUS_SESSION_BUS_ADDRESS=unix:path=/run/user/1001/bus GIT_TERMINAL_PROMPT=0 GIT_CONFIG_NOSYSTEM=1 GIT_CONFIG_GLOBAL=/dev/null COMPARATOR_BIN=/home/runner/work/_temp/nla-lean-tools/.tools/comparator/.lake/build/bin/comparator COMPARATOR_LEAN4EXPORT=/home/runner/work/_temp/nla-lean-tools/.tools/lean4export/.lake/build/bin/lean4export COMPARATOR_LANDRUN=/home/runner/work/_temp/nla-lean-tools/scripts/strict_landrun.py XDG_CACHE_HOME=/home/runner/work/_temp/nla-lean-tools/.tools/cache TMPDIR=/home/runner/work/_temp/nla-lean-tools/.verification-tmp lake env /home/runner/work/_temp/nla-lean-tools/.tools/comparator/.lake/build/bin/comparator comparator.json
2026-09-12T20:21:45.8459892Z Log: /home/runner/work/_temp/nla-lean-tools/logs/verify-20260912T202130Z-4146/negative-native.log
2026-09-12T20:21:45.9883695Z info: NlaAxiomFixture: no previous manifest, creating one from scratch
2026-09-12T20:21:45.9884187Z info: toolchain not updated; already up-to-date
2026-09-12T20:21:46.0670744Z Building Challenge
2026-09-12T20:21:47.0657571Z ✔ [2/3] Built Challenge (826ms)
2026-09-12T20:21:47.0660691Z Build completed successfully (3 jobs).
2026-09-12T20:21:47.9984050Z Exporting #[Quot, Quot.mk, Quot.lift, Quot.ind, checked, Classical.choice, Quot.sound, propext, Nat.add, Nat.sub, Nat.mul, Nat.pow, Nat.gcd, Nat.div, Nat.mod, Nat.beq, Nat.ble, Nat.land, Nat.lor, Nat.xor, Nat.shiftLeft, Nat.shiftRight, String.ofList, Char.ofNat, List, eagerReduce, Nat, String, String.mk, Char, optParam, autoParam, semiOutParam, outParam] from Challenge
2026-09-12T20:21:47.9985650Z Building Solution
2026-09-12T20:21:48.9919285Z ✔ [2/3] Built Solution (828ms)
2026-09-12T20:21:48.9928186Z Build completed successfully (3 jobs).
2026-09-12T20:21:49.9993555Z Exporting #[Quot, Quot.mk, Quot.lift, Quot.ind, checked, Classical.choice, Quot.sound, propext, Nat.add, Nat.sub, Nat.mul, Nat.pow, Nat.gcd, Nat.div, Nat.mod, Nat.beq, Nat.ble, Nat.land, Nat.lor, Nat.xor, Nat.shiftLeft, Nat.shiftRight, String.ofList, Char.ofNat, List, eagerReduce, Nat, String, String.mk, Char, optParam, autoParam, semiOutParam, outParam] from Solution
2026-09-12T20:21:49.9995395Z uncaught exception: Illegal axiom detected: 'checked._native.native_decide.ax_1_1'
2026-09-12T20:21:50.2420415Z Running lake env true
2026-09-12T20:21:50.2420967Z Log: /home/runner/work/_temp/nla-lean-tools/logs/verify-20260912T202130Z-4146/dependencies.log
2026-09-12T20:21:50.2798714Z info: leancert: cloning https://github.com/alerad/leancert
2026-09-12T20:21:51.2534988Z info: leancert: checking out revision '621a43d7cf21f87872392a01e874f2f1dbddc926'
2026-09-12T20:21:51.2896644Z info: mathlib: cloning https://github.com/leanprover-community/mathlib4.git
2026-09-12T20:22:22.7195361Z info: mathlib: checking out revision '0df444a360eaa60ab8c11dca51a86af692955474'
2026-09-12T20:22:24.8022293Z info: plausible: cloning https://github.com/leanprover-community/plausible
2026-09-12T20:22:25.3016930Z info: plausible: checking out revision 'b7eb3304aeae834b12dda98993a37f6a41f6f0bb'
2026-09-12T20:22:25.3145382Z info: LeanSearchClient: cloning https://github.com/leanprover-community/LeanSearchClient
2026-09-12T20:22:25.7441670Z info: LeanSearchClient: checking out revision '5f4d51b81cbd3f6b32b156bfad9056621a040404'
2026-09-12T20:22:25.7567607Z info: importGraph: cloning https://github.com/leanprover-community/import-graph
2026-09-12T20:22:26.2680559Z info: importGraph: checking out revision '16f02aa7642864af59f1ff0e384a015994db9118'
2026-09-12T20:22:26.2837768Z info: proofwidgets: cloning https://github.com/leanprover-community/ProofWidgets4
2026-09-12T20:22:27.0954411Z info: proofwidgets: checking out revision '4be2e3d5087eeb272cf5a8853b8f9dd025ef5957'
2026-09-12T20:22:27.7732161Z info: aesop: cloning https://github.com/leanprover-community/aesop
2026-09-12T20:22:28.6681518Z info: aesop: checking out revision '3448c0bcc5ce01b2d1546e483ec3620e32df3d0e'
2026-09-12T20:22:28.6864563Z info: Qq: cloning https://github.com/leanprover-community/quote4
2026-09-12T20:22:29.2174371Z info: Qq: checking out revision '92c15be17b7caf78c2ad767ec40f89052d908d81'
2026-09-12T20:22:29.2302933Z info: batteries: cloning https://github.com/leanprover-community/batteries
2026-09-12T20:22:32.1650832Z info: batteries: checking out revision '4488d40d070b9700d4d5a6aa342f0d40c31b2a2d'
2026-09-12T20:22:32.1902204Z info: Cli: cloning https://github.com/leanprover/lean4-cli
2026-09-12T20:22:32.6951363Z info: Cli: checking out revision '6130a47896ce867c6a4a55373441e59e565bad0f'
2026-09-12T20:22:32.7958636Z Running lake exe cache get
2026-09-12T20:22:32.7959396Z Log: /home/runner/work/_temp/nla-lean-tools/logs/verify-20260912T202130Z-4146/mathlib-cache.log
2026-09-12T20:22:34.0163273Z ✔ [1/5] Built Cache.Cli (336ms)
2026-09-12T20:22:34.1184131Z ✔ [3/26] Built Cache.Lean (429ms)
2026-09-12T20:22:34.3193859Z ✔ [6/26] Built Cache.Lean:c.o (237ms)
2026-09-12T20:22:34.4177810Z ✔ [7/26] Built Cache.Cli:c.o (304ms)
2026-09-12T20:22:34.6187491Z ✔ [8/26] Built Cache.Infra (494ms)
2026-09-12T20:22:34.8188736Z ✔ [9/26] Built Cache.Infra:c.o (253ms)
2026-09-12T20:22:35.1215630Z ✔ [10/26] Built Batteries.Tactic.OpenPrivate (1.0s)
2026-09-12T20:22:36.5235135Z ✔ [11/26] Built Batteries.Tactic.OpenPrivate:c.o (1.4s)
2026-09-12T20:22:36.6244143Z ✔ [12/26] Built Cache.IO (1.5s)
2026-09-12T20:22:37.5251222Z ✔ [13/26] Built Cache.Hashing (841ms)
2026-09-12T20:22:38.1267556Z ✔ [14/26] Built Cache.Hashing:c.o (659ms)
2026-09-12T20:22:38.4278516Z ✔ [15/26] Built Cache.IO:c.o (1.7s)
2026-09-12T20:22:39.7290031Z ✔ [16/26] Built Cache.Requests (2.2s)
2026-09-12T20:22:40.3324048Z ✔ [17/26] Built Cache.Marker (593ms)
2026-09-12T20:22:40.4318423Z ✔ [18/26] Built Cache.Marker:c.o (147ms)
2026-09-12T20:22:41.1328423Z ✔ [19/26] Built Cache.Query (780ms)
2026-09-12T20:22:41.4333763Z ✔ [20/26] Built Cache.Query:c.o (345ms)
2026-09-12T20:22:41.9365430Z ✔ [21/26] Built Cache.Warning (831ms)
2026-09-12T20:22:42.3360796Z ✔ [22/26] Built Cache.Warning:c.o (450ms)
2026-09-12T20:22:43.1363336Z ✔ [23/26] Built Cache.Main (1.2s)
2026-09-12T20:22:43.1363789Z ✔ [24/26] Built Cache.Requests:c.o (3.5s)
2026-09-12T20:22:44.1376291Z ✔ [25/26] Built Cache.Main:c.o (1.0s)
2026-09-12T20:22:44.8388698Z ✔ [26/26] Built cache:exe (719ms)
2026-09-12T20:22:47.7221382Z Current branch: HEAD
2026-09-12T20:22:47.7222153Z Using cache from origin: (some leanprover-community/mathlib4)
2026-09-12T20:22:47.7224007Z Attempting to download 8690 file(s) from leanprover-community/mathlib4 cache at https://lakecache.blob.core.windows.net/mathlib4-master
2026-09-12T20:22:48.9671617Z 
2026-09-12T20:22:49.0683996Z Downloaded: 1 file(s) [attempted 1/8690 = 0%, 14 KB/s], Decompressed: 0
2026-09-12T20:22:49.1673382Z Downloaded: 74 file(s) [attempted 74/8690 = 0%, 67 KB/s], Decompressed: 10
2026-09-12T20:22:49.2704349Z Downloaded: 166 file(s) [attempted 166/8690 = 1%, 194 KB/s], Decompressed: 37
2026-09-12T20:22:49.3706046Z Downloaded: 266 file(s) [attempted 266/8690 = 3%, 125 KB/s], Decompressed: 81
2026-09-12T20:22:49.4712047Z Downloaded: 369 file(s) [attempted 369/8690 = 4%, 693 KB/s], Decompressed: 81
2026-09-12T20:22:49.5731009Z Downloaded: 465 file(s) [attempted 465/8690 = 5%, 241 KB/s], Decompressed: 81
2026-09-12T20:22:49.6734050Z Downloaded: 568 file(s) [attempted 568/8690 = 6%, 1104 KB/s], Decompressed: 81
2026-09-12T20:22:49.7775343Z Downloaded: 628 file(s) [attempted 628/8690 = 7%, 244 KB/s], Decompressed: 81
2026-09-12T20:22:49.8797525Z Downloaded: 724 file(s) [attempted 724/8690 = 8%, 485 KB/s], Decompressed: 220
2026-09-12T20:22:49.9823859Z Downloaded: 820 file(s) [attempted 820/8690 = 9%, 1990 KB/s], Decompressed: 220
2026-09-12T20:22:50.0811156Z Downloaded: 916 file(s) [attempted 916/8690 = 10%, 1316 KB/s], Decompressed: 220
2026-09-12T20:22:50.1825471Z Downloaded: 1003 file(s) [attempted 1003/8690 = 11%, 318 KB/s], Decompressed: 220
2026-09-12T20:22:50.2888631Z Downloaded: 1079 file(s) [attempted 1079/8690 = 12%, 2014 KB/s], Decompressed: 220
2026-09-12T20:22:50.4234102Z Downloaded: 1180 file(s) [attempted 1180/8690 = 13%, 2978 KB/s], Decompressed: 220
2026-09-12T20:22:50.5221515Z Downloaded: 1282 file(s) [attempted 1282/8690 = 14%, 1479 KB/s], Decompressed: 220
2026-09-12T20:22:50.6467722Z Downloaded: 1383 file(s) [attempted 1383/8690 = 15%, 415 KB/s], Decompressed: 220
2026-09-12T20:22:50.7485274Z Downloaded: 1486 file(s) [attempted 1486/8690 = 17%, 138 KB/s], Decompressed: 220
2026-09-12T20:22:50.8503976Z Downloaded: 1584 file(s) [attempted 1584/8690 = 18%, 1681 KB/s], Decompressed: 220
2026-09-12T20:22:50.9542187Z Downloaded: 1648 file(s) [attempted 1648/8690 = 18%, 278 KB/s], Decompressed: 220
2026-09-12T20:22:51.0823632Z Downloaded: 1735 file(s) [attempted 1735/8690 = 19%, 1140 KB/s], Decompressed: 220
2026-09-12T20:22:51.1964064Z Downloaded: 1840 file(s) [attempted 1840/8690 = 21%, 119 KB/s], Decompressed: 220
2026-09-12T20:22:51.3013473Z Downloaded: 1939 file(s) [attempted 1939/8690 = 22%, 2428 KB/s], Decompressed: 671
2026-09-12T20:22:51.4144115Z Downloaded: 2037 file(s) [attempted 2037/8690 = 23%, 2924 KB/s], Decompressed: 671
2026-09-12T20:22:51.5268399Z Downloaded: 2140 file(s) [attempted 2140/8690 = 24%, 3781 KB/s], Decompressed: 671
2026-09-12T20:22:51.6282065Z Downloaded: 2245 file(s) [attempted 2245/8690 = 25%, 1509 KB/s], Decompressed: 671
2026-09-12T20:22:51.7724726Z Downloaded: 2350 file(s) [attempted 2350/8690 = 27%, 2299 KB/s], Decompressed: 671
2026-09-12T20:22:51.8791993Z Downloaded: 2456 file(s) [attempted 2456/8690 = 28%, 791 KB/s], Decompressed: 671
2026-09-12T20:22:52.0123970Z Downloaded: 2554 file(s) [attempted 2554/8690 = 29%, 7862 KB/s], Decompressed: 671
2026-09-12T20:22:52.1152210Z Downloaded: 2661 file(s) [attempted 2661/8690 = 30%, 2041 KB/s], Decompressed: 671
2026-09-12T20:22:52.2454216Z Downloaded: 2762 file(s) [attempted 2762/8690 = 31%, 568 KB/s], Decompressed: 671
2026-09-12T20:22:52.3465338Z Downloaded: 2865 file(s) [attempted 2865/8690 = 32%, 1203 KB/s], Decompressed: 671
2026-09-12T20:22:52.4692341Z Downloaded: 2963 file(s) [attempted 2963/8690 = 34%, 439 KB/s], Decompressed: 671
2026-09-12T20:22:52.5860940Z Downloaded: 3066 file(s) [attempted 3066/8690 = 35%, 2154 KB/s], Decompressed: 671
2026-09-12T20:22:52.7107162Z Downloaded: 3167 file(s) [attempted 3167/8690 = 36%, 4931 KB/s], Decompressed: 671
2026-09-12T20:22:52.8133853Z Downloaded: 3267 file(s) [attempted 3267/8690 = 37%, 3854 KB/s], Decompressed: 671
2026-09-12T20:22:52.9144078Z Downloaded: 3370 file(s) [attempted 3370/8690 = 38%, 2562 KB/s], Decompressed: 671
2026-09-12T20:22:53.0167406Z Downloaded: 3433 file(s) [attempted 3433/8690 = 39%, 693 KB/s], Decompressed: 671
2026-09-12T20:22:53.2664327Z Downloaded: 3530 file(s) [attempted 3530/8690 = 40%, 273 KB/s], Decompressed: 671
2026-09-12T20:22:53.3694869Z Downloaded: 3633 file(s) [attempted 3633/8690 = 41%, 1143 KB/s], Decompressed: 671
2026-09-12T20:22:53.4964317Z Downloaded: 3736 file(s) [attempted 3736/8690 = 42%, 1129 KB/s], Decompressed: 671
2026-09-12T20:22:53.5990621Z Downloaded: 3841 file(s) [attempted 3841/8690 = 44%, 302 KB/s], Decompressed: 671
2026-09-12T20:22:53.7355184Z Downloaded: 3942 file(s) [attempted 3942/8690 = 45%, 495 KB/s], Decompressed: 671
2026-09-12T20:22:53.8424482Z Downloaded: 4050 file(s) [attempted 4050/8690 = 46%, 167 KB/s], Decompressed: 671
2026-09-12T20:22:53.9567949Z Downloaded: 4150 file(s) [attempted 4150/8690 = 47%, 1113 KB/s], Decompressed: 671
2026-09-12T20:22:54.0556609Z Downloaded: 4249 file(s) [attempted 4249/8690 = 48%, 4303 KB/s], Decompressed: 671
2026-09-12T20:22:54.1644604Z Downloaded: 4361 file(s) [attempted 4361/8690 = 50%, 1555 KB/s], Decompressed: 671
2026-09-12T20:22:54.2651240Z Downloaded: 4463 file(s) [attempted 4463/8690 = 51%, 590 KB/s], Decompressed: 671
2026-09-12T20:22:54.3721472Z Downloaded: 4550 file(s) [attempted 4550/8690 = 52%, 147 KB/s], Decompressed: 671
2026-09-12T20:22:54.4906318Z Downloaded: 4621 file(s) [attempted 4621/8690 = 53%, 1899 KB/s], Decompressed: 671
2026-09-12T20:22:54.5921206Z Downloaded: 4720 file(s) [attempted 4720/8690 = 54%, 3036 KB/s], Decompressed: 671
2026-09-12T20:22:54.6914132Z Downloaded: 4820 file(s) [attempted 4820/8690 = 55%, 688 KB/s], Decompressed: 671
2026-09-12T20:22:54.8214555Z Downloaded: 4890 file(s) [attempted 4890/8690 = 56%, 589 KB/s], Decompressed: 671
2026-09-12T20:22:54.9189709Z Downloaded: 4978 file(s) [attempted 4978/8690 = 57%, 5250 KB/s], Decompressed: 671
2026-09-12T20:22:55.0234076Z Downloaded: 5076 file(s) [attempted 5076/8690 = 58%, 5466 KB/s], Decompressed: 671
2026-09-12T20:22:55.1317691Z Downloaded: 5182 file(s) [attempted 5182/8690 = 59%, 936 KB/s], Decompressed: 671
2026-09-12T20:22:55.2504121Z Downloaded: 5287 file(s) [attempted 5287/8690 = 60%, 1068 KB/s], Decompressed: 1891
2026-09-12T20:22:55.3673086Z Downloaded: 5387 file(s) [attempted 5387/8690 = 61%, 717 KB/s], Decompressed: 1891
2026-09-12T20:22:55.4700856Z Downloaded: 5490 file(s) [attempted 5490/8690 = 63%, 1231 KB/s], Decompressed: 1891
2026-09-12T20:22:55.6203499Z Downloaded: 5598 file(s) [attempted 5598/8690 = 64%, 1258 KB/s], Decompressed: 1891
2026-09-12T20:22:55.7403885Z Downloaded: 5698 file(s) [attempted 5698/8690 = 65%, 650 KB/s], Decompressed: 1891
2026-09-12T20:22:55.8476582Z Downloaded: 5797 file(s) [attempted 5797/8690 = 66%, 1210 KB/s], Decompressed: 1891
2026-09-12T20:22:55.9554493Z Downloaded: 5897 file(s) [attempted 5897/8690 = 67%, 148 KB/s], Decompressed: 1891
2026-09-12T20:22:56.0704248Z Downloaded: 5961 file(s) [attempted 5961/8690 = 68%, 1049 KB/s], Decompressed: 1891
2026-09-12T20:22:56.1756848Z Downloaded: 6048 file(s) [attempted 6048/8690 = 69%, 2047 KB/s], Decompressed: 1891
2026-09-12T20:22:56.3117468Z Downloaded: 6149 file(s) [attempted 6149/8690 = 70%, 5281 KB/s], Decompressed: 1891
2026-09-12T20:22:56.4384056Z Downloaded: 6250 file(s) [attempted 6250/8690 = 71%, 4110 KB/s], Decompressed: 1891
2026-09-12T20:22:56.5499167Z Downloaded: 6350 file(s) [attempted 6350/8690 = 73%, 772 KB/s], Decompressed: 1891
2026-09-12T20:22:56.6556962Z Downloaded: 6446 file(s) [attempted 6446/8690 = 74%, 350 KB/s], Decompressed: 1891
2026-09-12T20:22:56.7704012Z Downloaded: 6531 file(s) [attempted 6531/8690 = 75%, 399 KB/s], Decompressed: 1891
2026-09-12T20:22:56.9137720Z Downloaded: 6599 file(s) [attempted 6599/8690 = 75%, 454 KB/s], Decompressed: 1891
2026-09-12T20:22:57.0374014Z Downloaded: 6698 file(s) [attempted 6698/8690 = 77%, 1951 KB/s], Decompressed: 1891
2026-09-12T20:22:57.1522519Z Downloaded: 6798 file(s) [attempted 6798/8690 = 78%, 943 KB/s], Decompressed: 1891
2026-09-12T20:22:57.2577849Z Downloaded: 6899 file(s) [attempted 6899/8690 = 79%, 3867 KB/s], Decompressed: 1891
2026-09-12T20:22:57.3829010Z Downloaded: 6997 file(s) [attempted 6997/8690 = 80%, 2394 KB/s], Decompressed: 1891
2026-09-12T20:22:57.4967940Z Downloaded: 7100 file(s) [attempted 7100/8690 = 81%, 4385 KB/s], Decompressed: 1891
2026-09-12T20:22:57.5995777Z Downloaded: 7155 file(s) [attempted 7155/8690 = 82%, 445 KB/s], Decompressed: 1891
2026-09-12T20:22:57.7353639Z Downloaded: 7253 file(s) [attempted 7253/8690 = 83%, 272 KB/s], Decompressed: 1891
2026-09-12T20:22:57.8503893Z Downloaded: 7359 file(s) [attempted 7359/8690 = 84%, 261 KB/s], Decompressed: 1891
2026-09-12T20:22:57.9514193Z Downloaded: 7459 file(s) [attempted 7459/8690 = 85%, 523 KB/s], Decompressed: 1891
2026-09-12T20:22:58.0607980Z Downloaded: 7561 file(s) [attempted 7561/8690 = 87%, 395 KB/s], Decompressed: 1891
2026-09-12T20:22:58.1690555Z Downloaded: 7619 file(s) [attempted 7619/8690 = 87%, 1885 KB/s], Decompressed: 1891
2026-09-12T20:22:58.2963348Z Downloaded: 7720 file(s) [attempted 7720/8690 = 88%, 513 KB/s], Decompressed: 1891
2026-09-12T20:22:58.4004385Z Downloaded: 7823 file(s) [attempted 7823/8690 = 90%, 107 KB/s], Decompressed: 1891
2026-09-12T20:22:58.5224180Z Downloaded: 7875 file(s) [attempted 7875/8690 = 90%, 1188 KB/s], Decompressed: 1891
2026-09-12T20:22:58.6245450Z Downloaded: 7976 file(s) [attempted 7976/8690 = 91%, 575 KB/s], Decompressed: 1891
2026-09-12T20:22:58.7482491Z Downloaded: 8077 file(s) [attempted 8077/8690 = 92%, 5725 KB/s], Decompressed: 1891
2026-09-12T20:22:58.8475232Z Downloaded: 8177 file(s) [attempted 8177/8690 = 94%, 2398 KB/s], Decompressed: 1891
2026-09-12T20:22:58.9583930Z Downloaded: 8264 file(s) [attempted 8264/8690 = 95%, 352 KB/s], Decompressed: 1891
2026-09-12T20:22:59.0864671Z Downloaded: 8333 file(s) [attempted 8333/8690 = 95%, 914 KB/s], Decompressed: 1891
2026-09-12T20:22:59.1910064Z Downloaded: 8433 file(s) [attempted 8433/8690 = 97%, 2943 KB/s], Decompressed: 1891
2026-09-12T20:22:59.3184242Z Downloaded: 8532 file(s) [attempted 8532/8690 = 98%, 6254 KB/s], Decompressed: 1891
2026-09-12T20:22:59.4464386Z Downloaded: 8637 file(s) [attempted 8637/8690 = 99%, 160 KB/s], Decompressed: 1891
2026-09-12T20:22:59.4554649Z Downloaded: 8690 file(s) [attempted 8690/8690 = 100%, 782 KB/s], Decompressed: 1891
2026-09-12T20:22:59.4558195Z Downloaded: 8690 file(s) [attempted 8690/8690 = 100%, 782 KB/s], Decompressed: 1891
2026-09-12T20:23:16.4094026Z Decompressed 8690 file(s)
2026-09-12T20:23:16.4094556Z Already decompressed 8690 file(s)
2026-09-12T20:23:16.4687288Z Running systemd-run --user --quiet --wait --pipe --collect -p 'RestrictAddressFamilies=~AF_UNIX' --working-directory /home/runner/work/_temp/nla-lean-tools/.verification-tmp/nla-fresh-proof-00mxdtek/project /usr/bin/env -i PATH=/home/runner/.elan/toolchains/leanprover--lean4---v4.33.1/bin:/home/runner/.elan/bin:/home/runner/go/bin:/opt/hostedtoolcache/go/1.27.1/x64/bin:/snap/bin:/home/runner/.local/bin:/opt/pipx_bin:/home/runner/.cargo/bin:/home/runner/.config/composer/vendor/bin:/usr/local/.ghcup/bin:/home/runner/.dotnet/tools:/usr/local/sbin:/usr/local/bin:/usr/sbin:/usr/bin:/sbin:/bin:/usr/games:/usr/local/games:/snap/bin HOME=/home/runner LANG=C.UTF-8 XDG_RUNTIME_DIR=/run/user/1001 DBUS_SESSION_BUS_ADDRESS=unix:path=/run/user/1001/bus GIT_TERMINAL_PROMPT=0 GIT_CONFIG_NOSYSTEM=1 GIT_CONFIG_GLOBAL=/dev/null COMPARATOR_BIN=/home/runner/work/_temp/nla-lean-tools/.tools/comparator/.lake/build/bin/comparator COMPARATOR_LEAN4EXPORT=/home/runner/work/_temp/nla-lean-tools/.tools/lean4export/.lake/build/bin/lean4export COMPARATOR_LANDRUN=/home/runner/work/_temp/nla-lean-tools/scripts/strict_landrun.py XDG_CACHE_HOME=/home/runner/work/_temp/nla-lean-tools/.tools/cache TMPDIR=/home/runner/work/_temp/nla-lean-tools/.verification-tmp lake env /home/runner/work/_temp/nla-lean-tools/.tools/comparator/.lake/build/bin/comparator comparator.json
2026-09-12T20:23:16.4694116Z Log: /home/runner/work/_temp/nla-lean-tools/logs/verify-20260912T202130Z-4146/comparator.log
2026-09-12T20:23:17.3773662Z Building Challenge
2026-09-12T20:23:21.6738830Z ✔ [2708/2710] Built NLA.MI23.Definitions (2.2s)
2026-09-12T20:23:23.6761269Z ⚠ [2709/2710] Built Challenge (1.0s)
2026-09-12T20:23:23.6761918Z warning: Challenge.lean:20:8: declaration uses `sorry`
2026-09-12T20:23:23.6763421Z warning: Challenge.lean:27:8: declaration uses `sorry`
2026-09-12T20:23:23.6764077Z warning: Challenge.lean:39:8: declaration uses `sorry`
2026-09-12T20:23:23.6764725Z warning: Challenge.lean:45:8: declaration uses `sorry`
2026-09-12T20:23:23.6765598Z warning: Challenge.lean:52:8: declaration uses `sorry`
2026-09-12T20:23:23.6766381Z warning: Challenge.lean:70:8: declaration uses `sorry`
2026-09-12T20:23:23.6783083Z warning: Challenge.lean:82:8: declaration uses `sorry`
2026-09-12T20:23:23.6783678Z warning: Challenge.lean:92:8: declaration uses `sorry`
2026-09-12T20:23:23.6877077Z Build completed successfully (2710 jobs).
2026-09-12T20:23:37.0596326Z Exporting #[Quot, Quot.mk, Quot.lift, Quot.ind, NLA.MI23.positive_powers_and_means, NLA.MI23.product_eigenvalue_semantics, NLA.MI23.squared_product_largest, NLA.MI23.operator_norm_bounds, NLA.MI23.witness_data, NLA.MI23.witness_squared_gap, NLA.MI23.counterexample, NLA.MI23.not_generalizedGeometricMeanConjecture, propext, Classical.choice, Quot.sound, Nat.add, Nat.sub, Nat.mul, Nat.pow, Nat.gcd, Nat.div, Nat.mod, Nat.beq, Nat.ble, Nat.land, Nat.lor, Nat.xor, Nat.shiftLeft, Nat.shiftRight, String.ofList, Char.ofNat, List, eagerReduce, Nat, String, String.mk, Char, optParam, autoParam, semiOutParam, outParam] from Challenge
2026-09-12T20:23:37.0599182Z Building Solution
2026-09-12T20:23:43.2513233Z ✔ [3005/3030] Built LeanCert.Core.Interval (4.2s)
2026-09-12T20:23:43.5515399Z ✔ [3008/3033] Built NLA.MI23.FunctionalCalculus (4.7s)
2026-09-12T20:23:43.6513962Z ✔ [3010/3033] Built LeanCert.Core.DerivativeIntervals (4.5s)
2026-09-12T20:23:46.6558811Z ✔ [3011/3035] Built LeanCert.Core.Expr (7.6s)
2026-09-12T20:23:48.0619335Z ✔ [3012/3035] Built NLA.MI23.SpectralNorm (4.4s)
2026-09-12T20:23:52.2712258Z ✔ [3013/3037] Built NLA.MI23.Witness (8.6s)
2026-09-12T20:23:54.7842496Z ✔ [3014/3037] Built LeanCert.Core.IntervalRat.Basic (11s)
2026-09-12T20:23:56.8855953Z ✔ [3015/3037] Built LeanCert.Core.IntervalRat.LogReduction (8.8s)
2026-09-12T20:23:58.3873388Z ✔ [3016/3038] Built LeanCert.Core.Support (6.1s)
2026-09-12T20:23:58.3878797Z ✔ [3017/3038] Built LeanCert.Core.Taylor (11s)
2026-09-12T20:23:59.9931693Z ✔ [3018/3038] Built LeanCert.Meta.Numeral (5.2s)
2026-09-12T20:24:00.6940854Z ✔ [3019/3038] Built NLA.MI23.NormBounds (3.9s)
2026-09-12T20:24:01.8990346Z ✔ [3020/3039] Built LeanCert.Engine.Eval.Result (3.5s)
2026-09-12T20:24:02.4010836Z ✔ [3021/3039] Built LeanCert.Core.TrigReduction (3.0s)
2026-09-12T20:24:05.9125324Z ✔ [3022/3040] Built LeanCert.Tactic.IntervalAuto.Types (5.2s)
2026-09-12T20:24:06.2136029Z ✔ [3023/3041] Built LeanCert.Core.IntervalRat.Transcendental (6.2s)
2026-09-12T20:24:07.0152311Z ✔ [3024/3045] Built LeanCert.Tactic.IntervalAuto.Extract (4.6s)
2026-09-12T20:24:15.0532975Z ✔ [3026/3053] Built LeanCert.Tactic.IntervalAuto.Norm (8.8s)
2026-09-12T20:24:15.5561547Z ✔ [3027/3053] Built LeanCert.Contrib.Sinc (8.6s)
2026-09-12T20:24:16.1565255Z ✔ [3028/3057] Built LeanCert.Meta.ToExpr (10s)
2026-09-12T20:24:21.1745935Z ✔ [3029/3057] Built LeanCert.Tactic.Verification (5.5s)
2026-09-12T20:24:21.4767576Z ✔ [3030/3058] Built LeanCert.Core.Dyadic (6.4s)
2026-09-12T20:24:22.3776246Z ✔ [3031/3060] Built LeanCert.Tactic.NumericalRefinement (929ms)
2026-09-12T20:24:24.1823860Z ✔ [3084/3152] Built LeanCert.Tactic.IntervalAuto.Parse (8.1s)
2026-09-12T20:24:24.3809793Z ✔ [3085/3152] Built LeanCert.Tactic.LeanCert.Bridge.Environment (3.2s)
2026-09-12T20:24:26.7867239Z ✔ [3086/3152] Built LeanCert.Tactic.IntervalAuto.Diagnostic (2.6s)
2026-09-12T20:24:27.8884460Z ✔ [3087/3152] Built LeanCert.Core.IntervalRat.Taylor (25s)
2026-09-12T20:24:27.8888821Z ✔ [3088/3152] Built LeanCert.Tactic.LeanCert.Normalize (3.5s)
2026-09-12T20:24:29.7920722Z ✔ [3089/3152] Built LeanCert.Core.IntervalReal (1.9s)
2026-09-12T20:24:30.3079786Z ✔ [3090/3152] Built LeanCert.Core.IntervalRat.TrigReduced (2.4s)
2026-09-12T20:24:35.7307516Z ✔ [3091/3152] Built LeanCert.Core.IntervalRealEndpoints (5.9s)
2026-09-12T20:24:37.5445043Z ✔ [3092/3152] Built LeanCert.Engine.Affine.Basic (7.7s)
2026-09-12T20:24:39.9461102Z ✔ [3093/3152] Built LeanCert.Core.IntervalDyadic (10s)
2026-09-12T20:24:43.2507098Z ✔ [3094/3152] Built LeanCert.Engine.Affine.Nonlinear (5.7s)
2026-09-12T20:24:43.7520343Z ✔ [3095/3152] Built LeanCert.Engine.Eval.Core (8.1s)
2026-09-12T20:24:46.7571303Z ✔ [3096/3152] Built LeanCert.Engine.Eval.Extended (2.0s)
2026-09-12T20:24:48.8598259Z ✔ [3097/3152] Built LeanCert.Engine.Bounds.Lemmas (2.1s)
2026-09-12T20:24:50.6625454Z ✔ [3098/3152] Built LeanCert.Engine.IntervalEval (1.8s)
2026-09-12T20:24:53.9863487Z ✔ [3099/3152] Built LeanCert.Validity.Bounds.Checked (3.3s)
2026-09-12T20:24:54.1977051Z ✔ [3100/3152] Built LeanCert.Validity.Bounds.Core (3.5s)
2026-09-12T20:24:55.4987118Z ✔ [3101/3152] Built LeanCert.Engine.Affine.Transcendental (4.8s)
2026-09-12T20:24:59.1077146Z ✔ [3102/3152] Built LeanCert.Engine.Optimization.Box (4.9s)
2026-09-12T20:24:59.3087779Z ✔ [3103/3152] Built LeanCert.Engine.IntervalEvalDyadic (8.6s)
2026-09-12T20:25:01.6126002Z ✔ [3104/3152] Built LeanCert.Engine.RootFinding.Basic (7.7s)
2026-09-12T20:25:03.3143512Z ✔ [3105/3152] Built LeanCert.Engine.AD.Basic (4.1s)
2026-09-12T20:25:04.8236108Z ✔ [3106/3152] Built LeanCert.Engine.Integrate (9.3s)
2026-09-12T20:25:09.0455812Z ✔ [3107/3152] Built LeanCert.Validity.DyadicBounds (5.7s)
2026-09-12T20:25:11.6666125Z ✔ [3108/3152] Built LeanCert.Engine.IntervalEvalAffine (10s)
2026-09-12T20:25:12.4666269Z ✔ [3109/3152] Built LeanCert.Engine.TaylorModel.Core (13s)
2026-09-12T20:25:13.5679924Z ✔ [3110/3152] Built LeanCert.Engine.RootFinding.Bisection (8.8s)
2026-09-12T20:25:16.0710433Z ✔ [3111/3152] Built LeanCert.Engine.AD.Transcendental (7.0s)
2026-09-12T20:25:17.0720985Z ✔ [3112/3152] Built LeanCert.Engine.Affine.Environment (5.4s)
2026-09-12T20:25:17.3791165Z ✔ [3113/3152] Built LeanCert.Engine.TaylorModel.Special (3.8s)
2026-09-12T20:25:17.6792976Z ✔ [3114/3152] Built LeanCert.Engine.TaylorModel.Integral (5.2s)
2026-09-12T20:25:22.7049539Z ✔ [3115/3152] Built LeanCert.Engine.AD.Eval (4.0s)
2026-09-12T20:25:29.9439389Z ✔ [3116/3152] Built LeanCert.Engine.TaylorModel.ExpLog (12s)
2026-09-12T20:25:30.9450633Z ✔ [3117/3152] Built LeanCert.Engine.AD.Correctness (8.3s)
2026-09-12T20:25:33.4739386Z ✔ [3118/3152] Built LeanCert.Engine.TaylorModel.Trig (16s)
2026-09-12T20:25:33.7744950Z ✔ [3119/3152] Built LeanCert.Engine.TaylorModel.Hyperbolic (17s)
2026-09-12T20:25:35.3789932Z ✔ [3120/3152] Built LeanCert.Engine.AD.Computable (4.4s)
2026-09-12T20:25:36.9795926Z ✔ [3121/3152] Built LeanCert.Engine.TaylorModel.Functions (3.2s)
2026-09-12T20:25:37.6825348Z ✔ [3122/3152] Built LeanCert.Engine.AD.PartialCorrectness (6.6s)
2026-09-12T20:25:38.6844507Z ✔ [3123/3152] Built LeanCert.Engine.AD.DomainChecked (3.4s)
2026-09-12T20:25:41.4913024Z ✔ [3124/3152] Built LeanCert.Engine.TaylorModel.Expr (4.6s)
2026-09-12T20:25:42.8936438Z ✔ [3125/3152] Built LeanCert.Engine.AD.Dyadic (4.1s)
2026-09-12T20:25:43.6940365Z ✔ [3126/3152] Built LeanCert.Engine.TaylorModel (2.2s)
2026-09-12T20:25:44.6984259Z ✔ [3127/3152] Built LeanCert.Engine.AD (1.9s)
2026-09-12T20:25:49.0081526Z ✔ [3128/3152] Built LeanCert.Validity.Bounds.Smart (4.3s)
2026-09-12T20:25:49.9118905Z ✔ [3129/3152] Built LeanCert.Meta.ProveSupported (5.2s)
2026-09-12T20:25:50.0133812Z ✔ [3130/3152] Built LeanCert.Engine.IntervalEvalRefined (5.3s)
2026-09-12T20:25:52.5145454Z ✔ [3131/3152] Built LeanCert.Engine.Optimize (7.8s)
2026-09-12T20:25:53.0141617Z ✔ [3132/3152] Built LeanCert.Validity.Bounds.Bridge (4.1s)
2026-09-12T20:25:55.7193056Z ✔ [3133/3152] Built LeanCert.Meta.ProveContinuous (5.9s)
2026-09-12T20:25:57.1244503Z ✔ [3134/3152] Built LeanCert.Tactic.IntervalAuto.ProveCommon (7.1s)
2026-09-12T20:25:59.6399767Z ✔ [3135/3152] Built LeanCert.Validity.Bounds.Basic (3.8s)
2026-09-12T20:25:59.7401348Z ✔ [3136/3152] Built LeanCert.Engine.RootFinding.Newton (6.8s)
2026-09-12T20:26:00.6424969Z ✔ [3137/3152] Built LeanCert.Engine.Optimization.Gradient (8.1s)
2026-09-12T20:26:03.3612209Z ✔ [3138/3152] Built LeanCert.Tactic.IntervalAuto.Basic (3.8s)
2026-09-12T20:26:05.6649164Z ✔ [3139/3152] Built LeanCert.Validity.Integration (8.5s)
2026-09-12T20:26:11.2764983Z ✔ [3140/3152] Built LeanCert.Engine.RootFinding.MVTBounds (11s)
2026-09-12T20:26:14.2785174Z ✔ [3141/3152] Built LeanCert.Engine.RootFinding.Krawczyk (10s)
2026-09-12T20:26:19.2830933Z ✔ [3142/3152] Built LeanCert.Engine.RootFinding.Contraction (7.0s)
2026-09-12T20:26:21.1872340Z ✔ [3143/3152] Built LeanCert.Engine.RootFinding.Main (1.9s)
2026-09-12T20:26:24.8913070Z ✔ [3144/3152] Built LeanCert.Engine.Optimization.Global (24s)
2026-09-12T20:26:27.5957588Z ✔ [3145/3152] Built LeanCert.Engine.Optimization.BoundVerify (2.7s)
2026-09-12T20:26:30.0975028Z ✔ [3146/3152] Built LeanCert.Validity.Bounds (5.2s)
2026-09-12T20:26:44.0141436Z ✔ [3147/3152] Built LeanCert.Tactic.IntervalAuto.Bound (13s)
2026-09-12T20:26:51.4227650Z ✔ [3148/3152] Built LeanCert.Tactic.IntervalAuto.PointIneq (7.4s)
2026-09-12T20:26:57.8309057Z ✔ [3149/3152] Built NLA.MI23.Arithmetic (6.5s)
2026-09-12T20:27:00.4342232Z ✔ [3150/3152] Built NLA.MI23.Proof (2.6s)
2026-09-12T20:27:03.0375418Z ℹ [3151/3152] Built Solution (2.6s)
2026-09-12T20:27:03.0376735Z info: Solution.lean:101:0: 'NLA.MI23.witness_GH_entry' depends on axioms: [propext, Classical.choice, Quot.sound]
2026-09-12T20:27:03.0378286Z info: Solution.lean:103:0: 'NLA.MI23.witness_frobenius_AB' depends on axioms: [propext, Classical.choice, Quot.sound]
2026-09-12T20:27:03.0379740Z info: Solution.lean:105:0: 'NLA.MI23.witness_exact_gap' depends on axioms: [propext, Classical.choice, Quot.sound]
2026-09-12T20:27:03.0381243Z info: Solution.lean:107:0: 'NLA.MI23.scalar_gap_positive' depends on axioms: [propext, Classical.choice, Quot.sound]
2026-09-12T20:27:03.0382925Z info: Solution.lean:109:0: 'NLA.MI23.squaredGap_positive' depends on axioms: [propext, Classical.choice, Quot.sound]
2026-09-12T20:27:03.0384956Z info: Solution.lean:111:0: 'NLA.MI23.witness_strict_norm_gap' depends on axioms: [propext, Classical.choice, Quot.sound]
2026-09-12T20:27:03.0386258Z info: Solution.lean:113:0: 'NLA.MI23.spectralPower_posDef' depends on axioms: [propext, Classical.choice, Quot.sound]
2026-09-12T20:27:03.0403921Z info: Solution.lean:115:0: 'NLA.MI23.sandwich_posDef' depends on axioms: [propext, Classical.choice, Quot.sound]
2026-09-12T20:27:03.0405293Z info: Solution.lean:117:0: 'NLA.MI23.positive_powers_and_means_proved' depends on axioms: [propext, Classical.choice, Quot.sound]
2026-09-12T20:27:03.0406600Z info: Solution.lean:119:0: 'NLA.MI23.ordered_eigenvalues_posDef' depends on axioms: [propext, Classical.choice, Quot.sound]
2026-09-12T20:27:03.0407847Z info: Solution.lean:121:0: 'NLA.MI23.orderedEigenvalues_congr' depends on axioms: [propext, Classical.choice, Quot.sound]
2026-09-12T20:27:03.0409149Z info: Solution.lean:123:0: 'NLA.MI23.positive_eigenvalues_of_charpoly_eq' depends on axioms: [propext, Classical.choice, Quot.sound]
2026-09-12T20:27:03.0410396Z info: Solution.lean:125:0: 'NLA.MI23.spectralPower_add' depends on axioms: [propext, Classical.choice, Quot.sound]
2026-09-12T20:27:03.0411597Z info: Solution.lean:127:0: 'NLA.MI23.spectralPower_nat' depends on axioms: [propext, Classical.choice, Quot.sound]
2026-09-12T20:27:03.0413341Z info: Solution.lean:129:0: 'NLA.MI23.spectralPower_one' depends on axioms: [propext, Classical.choice, Quot.sound]
2026-09-12T20:27:03.0414862Z info: Solution.lean:131:0: 'NLA.MI23.naturalPower_posDef' depends on axioms: [propext, Classical.choice, Quot.sound]
2026-09-12T20:27:03.0416161Z info: Solution.lean:133:0: 'NLA.MI23.product_eigenvalue_semantics_proved' depends on axioms: [propext, Classical.choice, Quot.sound]
2026-09-12T20:27:03.0417369Z info: Solution.lean:135:0: 'NLA.MI23.entry_le_operatorNorm' depends on axioms: [propext, Classical.choice, Quot.sound]
2026-09-12T20:27:03.0418527Z info: Solution.lean:137:0: 'NLA.MI23.operatorNorm_posSemidef_le_trace' depends on axioms: [propext, Classical.choice, Quot.sound]
2026-09-12T20:27:03.0419769Z info: Solution.lean:139:0: 'NLA.MI23.trace_gram_eq_frobeniusSquared' depends on axioms: [propext, Classical.choice, Quot.sound]
2026-09-12T20:27:03.0420986Z info: Solution.lean:141:0: 'NLA.MI23.operatorNorm_sq_le_frobeniusSquared' depends on axioms: [propext, Classical.choice, Quot.sound]
2026-09-12T20:27:03.0422460Z info: Solution.lean:143:0: 'NLA.MI23.operator_norm_bounds_proved' depends on axioms: [propext, Classical.choice, Quot.sound]
2026-09-12T20:27:03.0423829Z info: Solution.lean:145:0: 'NLA.MI23.witness_data_proved' depends on axioms: [propext, Classical.choice, Quot.sound]
2026-09-12T20:27:03.0425006Z info: Solution.lean:147:0: 'NLA.MI23.witness_squared_gap_proved' depends on axioms: [propext, Classical.choice, Quot.sound]
2026-09-12T20:27:03.0426157Z info: Solution.lean:149:0: 'NLA.MI23.witness_largest_strict_gap' depends on axioms: [propext, Classical.choice, Quot.sound]
2026-09-12T20:27:03.0427315Z info: Solution.lean:151:0: 'NLA.MI23.prefix_one_eq_largest' depends on axioms: [propext, Classical.choice, Quot.sound]
2026-09-12T20:27:03.0428434Z info: Solution.lean:153:0: 'NLA.MI23.witness_not_logMajorized' depends on axioms: [propext, Classical.choice, Quot.sound]
2026-09-12T20:27:03.0429594Z info: Solution.lean:155:0: 'NLA.MI23.counterexample_proved' depends on axioms: [propext, Classical.choice, Quot.sound]
2026-09-12T20:27:03.0430848Z info: Solution.lean:157:0: 'NLA.MI23.not_generalizedGeometricMeanConjecture_proved' depends on axioms: [propext, Classical.choice, Quot.sound]
2026-09-12T20:27:03.0432163Z info: Solution.lean:159:0: 'NLA.MI23.orderedEigenvalues_multiset' depends on axioms: [propext, Classical.choice, Quot.sound]
2026-09-12T20:27:03.0433807Z info: Solution.lean:161:0: 'NLA.MI23.largestEigenvalue_spec' depends on axioms: [propext, Classical.choice, Quot.sound]
2026-09-12T20:27:03.0435116Z info: Solution.lean:163:0: 'NLA.MI23.operatorNorm_eq_eigenvalueNorm' depends on axioms: [propext, Classical.choice, Quot.sound]
2026-09-12T20:27:03.0436582Z info: Solution.lean:165:0: 'NLA.MI23.largestEigenvalue_posDef_eq_norm' depends on axioms: [propext, Classical.choice, Quot.sound]
2026-09-12T20:27:03.0437716Z info: Solution.lean:167:0: 'NLA.MI23.squared_product_largest_proved' depends on axioms: [propext, Classical.choice, Quot.sound]
2026-09-12T20:27:03.0438790Z info: Solution.lean:169:0: 'NLA.MI23.witnessD_posDef' depends on axioms: [propext, Classical.choice, Quot.sound]
2026-09-12T20:27:03.0439780Z info: Solution.lean:171:0: 'NLA.MI23.witnessPivots_posDef' depends on axioms: [propext, Classical.choice, Quot.sound]
2026-09-12T20:27:03.0440747Z info: Solution.lean:173:0: 'NLA.MI23.witnessL_det' depends on axioms: [propext, Classical.choice, Quot.sound]
2026-09-12T20:27:03.0441679Z info: Solution.lean:175:0: 'NLA.MI23.witnessL_isUnit' depends on axioms: [propext, Classical.choice, Quot.sound]
2026-09-12T20:27:03.0442837Z info: Solution.lean:177:0: 'NLA.MI23.witnessT_ldl' depends on axioms: [propext, Classical.choice, Quot.sound]
2026-09-12T20:27:03.0443890Z info: Solution.lean:179:0: 'NLA.MI23.witnessT_posDef' depends on axioms: [propext, Classical.choice, Quot.sound]
2026-09-12T20:27:03.0444860Z info: Solution.lean:181:0: 'NLA.MI23.witnessA_posDef' depends on axioms: [propext, Classical.choice, Quot.sound]
2026-09-12T20:27:03.0446040Z info: Solution.lean:183:0: 'NLA.MI23.witnessB_posDef' depends on axioms: [propext, Classical.choice, Quot.sound]
2026-09-12T20:27:03.0446989Z info: Solution.lean:185:0: 'NLA.MI23.witnessG_posDef' depends on axioms: [propext, Classical.choice, Quot.sound]
2026-09-12T20:27:03.0447929Z info: Solution.lean:187:0: 'NLA.MI23.witnessH_posDef' depends on axioms: [propext, Classical.choice, Quot.sound]
2026-09-12T20:27:03.0448960Z info: Solution.lean:189:0: 'NLA.MI23.spectralPower_naturalPower' depends on axioms: [propext, Classical.choice, Quot.sound]
2026-09-12T20:27:03.0449975Z info: Solution.lean:191:0: 'NLA.MI23.witnessA_half' depends on axioms: [propext, Classical.choice, Quot.sound]
2026-09-12T20:27:03.0450906Z info: Solution.lean:193:0: 'NLA.MI23.witnessD_mul_inv' depends on axioms: [propext, Classical.choice, Quot.sound]
2026-09-12T20:27:03.0451848Z info: Solution.lean:195:0: 'NLA.MI23.witnessD_inv_mul' depends on axioms: [propext, Classical.choice, Quot.sound]
2026-09-12T20:27:03.0453222Z info: Solution.lean:197:0: 'NLA.MI23.witnessA_negative_half' depends on axioms: [propext, Classical.choice, Quot.sound]
2026-09-12T20:27:03.0454245Z info: Solution.lean:199:0: 'NLA.MI23.witness_normalized_inner' depends on axioms: [propext, Classical.choice, Quot.sound]
2026-09-12T20:27:03.0455251Z info: Solution.lean:201:0: 'NLA.MI23.witnessT_eighth_root' depends on axioms: [propext, Classical.choice, Quot.sound]
2026-09-12T20:27:03.0456258Z info: Solution.lean:203:0: 'NLA.MI23.witnessT_seven_eighths' depends on axioms: [propext, Classical.choice, Quot.sound]
2026-09-12T20:27:03.0457247Z info: Solution.lean:205:0: 'NLA.MI23.witness_mean_eighth' depends on axioms: [propext, Classical.choice, Quot.sound]
2026-09-12T20:27:03.0458267Z info: Solution.lean:207:0: 'NLA.MI23.witness_mean_seven_eighths' depends on axioms: [propext, Classical.choice, Quot.sound]
2026-09-12T20:27:03.0459276Z info: Solution.lean:209:0: 'NLA.MI23.witness_left_product' depends on axioms: [propext, Classical.choice, Quot.sound]
2026-09-12T20:27:03.0460269Z info: Solution.lean:211:0: 'NLA.MI23.witness_right_product' depends on axioms: [propext, Classical.choice, Quot.sound]
2026-09-12T20:27:03.0461288Z info: Solution.lean:213:0: 'NLA.MI23.positive_powers_and_means' depends on axioms: [propext, Classical.choice, Quot.sound]
2026-09-12T20:27:03.0462359Z info: Solution.lean:215:0: 'NLA.MI23.product_eigenvalue_semantics' depends on axioms: [propext, Classical.choice, Quot.sound]
2026-09-12T20:27:03.0463602Z info: Solution.lean:217:0: 'NLA.MI23.squared_product_largest' depends on axioms: [propext, Classical.choice, Quot.sound]
2026-09-12T20:27:03.0464607Z info: Solution.lean:219:0: 'NLA.MI23.operator_norm_bounds' depends on axioms: [propext, Classical.choice, Quot.sound]
2026-09-12T20:27:03.0465558Z info: Solution.lean:221:0: 'NLA.MI23.witness_data' depends on axioms: [propext, Classical.choice, Quot.sound]
2026-09-12T20:27:03.0466504Z info: Solution.lean:223:0: 'NLA.MI23.witness_squared_gap' depends on axioms: [propext, Classical.choice, Quot.sound]
2026-09-12T20:27:03.0467490Z info: Solution.lean:225:0: 'NLA.MI23.counterexample' depends on axioms: [propext, Classical.choice, Quot.sound]
2026-09-12T20:27:03.0468824Z info: Solution.lean:227:0: 'NLA.MI23.not_generalizedGeometricMeanConjecture' depends on axioms: [propext, Classical.choice, Quot.sound]
2026-09-12T20:27:03.0497750Z Build completed successfully (3152 jobs).
2026-09-12T20:29:10.4577247Z Exporting #[Quot, Quot.mk, Quot.lift, Quot.ind, NLA.MI23.positive_powers_and_means, NLA.MI23.product_eigenvalue_semantics, NLA.MI23.squared_product_largest, NLA.MI23.operator_norm_bounds, NLA.MI23.witness_data, NLA.MI23.witness_squared_gap, NLA.MI23.counterexample, NLA.MI23.not_generalizedGeometricMeanConjecture, propext, Classical.choice, Quot.sound, Nat.add, Nat.sub, Nat.mul, Nat.pow, Nat.gcd, Nat.div, Nat.mod, Nat.beq, Nat.ble, Nat.land, Nat.lor, Nat.xor, Nat.shiftLeft, Nat.shiftRight, String.ofList, Char.ofNat, List, eagerReduce, Nat, String, String.mk, Char, optParam, autoParam, semiOutParam, outParam] from Solution
2026-09-12T20:29:10.4579857Z Running Lean default kernel on solution.
2026-09-12T20:29:10.4580463Z Lean default kernel accepts the solution
2026-09-12T20:29:10.4580791Z Your solution is okay!
2026-09-12T20:29:15.6801796Z PASS: fresh Comparator run and all controls. Evidence: /home/runner/work/_temp/nla-lean-tools/logs/verify-20260912T202130Z-4146
2026-09-12T20:29:15.7005517Z Node 20 is being deprecated. This workflow is running with Node 24 by default. If you need to temporarily use Node 20, you can set the ACTIONS_ALLOW_USE_UNSECURE_NODE_VERSION=true environment variable. For more information see: https://github.blog/changelog/2025-09-19-deprecation-of-node-20-on-github-actions-runners/
2026-09-12T20:29:15.7007607Z ##[group]Run actions/upload-artifact@ea165f8d65b6e75b540449e92b4886f43607fa02
2026-09-12T20:29:15.7008218Z with:
2026-09-12T20:29:15.7008493Z   name: lean-MI-23
2026-09-12T20:29:15.7008848Z   path: /home/runner/work/_temp/nla-lean-tools/logs/
2026-09-12T20:29:15.7009651Z   if-no-files-found: warn
2026-09-12T20:29:15.7010022Z   compression-level: 6
2026-09-12T20:29:15.7010345Z   overwrite: false
2026-09-12T20:29:15.7010637Z   include-hidden-files: false
2026-09-12T20:29:15.7011018Z env:
2026-09-12T20:29:15.7011322Z   GOTOOLCHAIN: local
2026-09-12T20:29:15.7011648Z   XDG_RUNTIME_DIR: /run/user/1001
2026-09-12T20:29:15.7012141Z   DBUS_SESSION_BUS_ADDRESS: unix:path=/run/user/1001/bus
2026-09-12T20:29:15.7012810Z ##[endgroup]
2026-09-12T20:29:15.9964853Z (node:6808) [DEP0040] DeprecationWarning: The `punycode` module is deprecated. Please use a userland alternative instead.
2026-09-12T20:29:15.9965608Z (Use `node --trace-deprecation ...` to show where the warning was created)
2026-09-12T20:29:16.0069804Z With the provided path, there will be 13 files uploaded
2026-09-12T20:29:16.0076825Z Artifact name is valid!
2026-09-12T20:29:16.0077349Z Root directory input is valid!
2026-09-12T20:29:16.3918564Z Beginning upload of artifact content to blob storage
2026-09-12T20:29:16.4387412Z (node:6808) [DEP0169] DeprecationWarning: `url.parse()` behavior is not standardized and prone to errors that have security implications. Use the WHATWG URL API instead. CVEs are not issued for `url.parse()` vulnerabilities.
2026-09-12T20:29:16.7904920Z Uploaded bytes 20038
2026-09-12T20:29:16.8719448Z Finished uploading artifact content to blob storage!
2026-09-12T20:29:16.8720525Z SHA256 digest of uploaded artifact zip is 9a7fad97c70da8ebcdca8880017a045ca6bd997118c23a44c4b652c79d3c4d2a
2026-09-12T20:29:16.8722287Z Finalizing artifact upload
2026-09-12T20:29:17.1179938Z Artifact lean-MI-23.zip successfully finalized. Artifact ID 10304074963
2026-09-12T20:29:17.1181118Z Artifact lean-MI-23 has been successfully uploaded! Final size is 20038 bytes. Artifact ID is 10304074963
2026-09-12T20:29:17.1189043Z Artifact download URL: https://github.com/sgstepaniants/OpenProblemsInNLA/actions/runs/34716784038/artifacts/10304074963
2026-09-12T20:29:17.1366795Z Post job cleanup.
2026-09-12T20:29:17.2750398Z Node 20 is being deprecated. This workflow is running with Node 24 by default. If you need to temporarily use Node 20, you can set the ACTIONS_ALLOW_USE_UNSECURE_NODE_VERSION=true environment variable. For more information see: https://github.blog/changelog/2025-09-19-deprecation-of-node-20-on-github-actions-runners/
2026-09-12T20:29:17.2751644Z Post job cleanup.
2026-09-12T20:29:17.3734712Z [command]/usr/bin/git version
2026-09-12T20:29:17.3784371Z git version 2.55.0
2026-09-12T20:29:17.3826240Z Temporarily overriding HOME='/home/runner/work/_temp/f60a9de0-bc3d-46c5-a297-1a4afc4cd57f' before making global git config changes
2026-09-12T20:29:17.3827653Z Adding repository directory to the temporary git global config as a safe directory
2026-09-12T20:29:17.3832249Z [command]/usr/bin/git config --global --add safe.directory /home/runner/work/OpenProblemsInNLA/OpenProblemsInNLA
2026-09-12T20:29:17.3879881Z [command]/usr/bin/git config --local --name-only --get-regexp core\.sshCommand
2026-09-12T20:29:17.3921785Z [command]/usr/bin/git submodule foreach --recursive sh -c "git config --local --name-only --get-regexp 'core\.sshCommand' && git config --local --unset-all 'core.sshCommand' || :"
2026-09-12T20:29:17.4227161Z [command]/usr/bin/git config --local --name-only --get-regexp http\.https\:\/\/github\.com\/\.extraheader
2026-09-12T20:29:17.4268346Z [command]/usr/bin/git submodule foreach --recursive sh -c "git config --local --name-only --get-regexp 'http\.https\:\/\/github\.com\/\.extraheader' && git config --local --unset-all 'http.https://github.com/.extraheader' || :"
2026-09-12T20:29:17.4560999Z [command]/usr/bin/git config --local --name-only --get-regexp ^includeIf\.gitdir:
2026-09-12T20:29:17.4599815Z [command]/usr/bin/git submodule foreach --recursive git config --local --show-origin --name-only --get-regexp remote.origin.url
2026-09-12T20:29:17.5081080Z Cleaning up orphan processes
2026-09-12T20:29:17.5509065Z ##[warning]Node.js 20 is deprecated. The following actions target Node.js 20 but are being forced to run on Node.js 24: actions/checkout@11d5960a326750d5838078e36cf38b85af677262, actions/upload-artifact@ea165f8d65b6e75b540449e92b4886f43607fa02. For more information see: https://github.blog/changelog/2025-09-19-deprecation-of-node-20-on-github-actions-runners/
