def NLA.MI22.spectralPower : {n : Nat} → NLA.MI22.Mat n → Real → NLA.MI22.Mat n :=
fun {n} A t =>
  @CFC.rpow (NLA.MI22.Mat n) (@Matrix.instPartialOrder Complex (Fin n) Complex.instRCLike)
    (@Matrix.instRing (Fin n) Complex (Fin.fintype n) (instDecidableEqFin n) Complex.instRing)
    (@Matrix.instStarRing (Fin n) Complex (Fin.fintype n)
      (@NonUnitalNonAssocRing.toNonUnitalNonAssocSemiring Complex
        (@NonUnitalNonAssocCommRing.toNonUnitalNonAssocRing Complex
          (@NonUnitalCommRing.toNonUnitalNonAssocCommRing Complex Complex.instNonUnitalCommRing)))
      Complex.instStarRing)
    (@instTopologicalSpaceMatrix (Fin n) (Fin n) Complex
      (@UniformSpace.toTopologicalSpace Complex
        (@PseudoMetricSpace.toUniformSpace Complex
          (@SeminormedRing.toPseudoMetricSpace Complex
            (@SeminormedCommRing.toSeminormedRing Complex
              (@NormedCommRing.toSeminormedCommRing Complex
                (@CommCStarAlgebra.toNormedCommRing Complex instCommCStarAlgebraComplex)))))))
    ⋯
    (@Matrix.instAlgebra (Fin n) Real Complex (Fin.fintype n) (instDecidableEqFin n) Real.instCommSemiring
      (@Ring.toSemiring Complex Complex.instRing)
      (@NormedAlgebra.toAlgebra Real Complex Real.normedField
        (@SeminormedCommRing.toSeminormedRing Complex
          (@NormedCommRing.toSeminormedCommRing Complex
            (@CommCStarAlgebra.toNormedCommRing Complex instCommCStarAlgebraComplex)))
        (@RCLike.toNormedAlgebra Complex Complex.instRCLike)))
    ⋯ ⋯ A t
'NLA.MI22.spectralPower' depends on axioms: [propext, Classical.choice, Quot.sound]
def NLA.MI22.weightedMean : {n : Nat} → NLA.MI22.Mat n → NLA.MI22.Mat n → Real → NLA.MI22.Mat n :=
fun {n} A B t =>
  @HMul.hMul (Matrix (Fin n) (Fin n) Complex) (NLA.MI22.Mat n) (Matrix (Fin n) (Fin n) Complex)
    (@Matrix.instHMulOfFintypeOfMulOfAddCommMonoid (Fin n) (Fin n) (Fin n) Complex (Fin.fintype n) Complex.instMul
      Complex.instAddCommMonoid)
    (@HMul.hMul (NLA.MI22.Mat n) (NLA.MI22.Mat n) (Matrix (Fin n) (Fin n) Complex)
      (@Matrix.instHMulOfFintypeOfMulOfAddCommMonoid (Fin n) (Fin n) (Fin n) Complex (Fin.fintype n) Complex.instMul
        Complex.instAddCommMonoid)
      (@NLA.MI22.spectralPower n A
        (@HDiv.hDiv Real Real Real (@instHDiv Real (@DivInvMonoid.toDiv Real Real.instDivInvMonoid))
          (@OfNat.ofNat Real (nat_lit 1) (@One.toOfNat1 Real Real.instOne))
          (@OfNat.ofNat Real (nat_lit 2)
            (@instOfNatAtLeastTwo Real (nat_lit 2) Real.instNatCast NLA.MI22.weightedMean._proof_1))))
      (@NLA.MI22.spectralPower n
        (@HMul.hMul (Matrix (Fin n) (Fin n) Complex) (NLA.MI22.Mat n) (Matrix (Fin n) (Fin n) Complex)
          (@Matrix.instHMulOfFintypeOfMulOfAddCommMonoid (Fin n) (Fin n) (Fin n) Complex (Fin.fintype n) Complex.instMul
            Complex.instAddCommMonoid)
          (@HMul.hMul (NLA.MI22.Mat n) (NLA.MI22.Mat n) (Matrix (Fin n) (Fin n) Complex)
            (@Matrix.instHMulOfFintypeOfMulOfAddCommMonoid (Fin n) (Fin n) (Fin n) Complex (Fin.fintype n)
              Complex.instMul Complex.instAddCommMonoid)
            (@NLA.MI22.spectralPower n A
              (@HDiv.hDiv Real Real Real (@instHDiv Real (@DivInvMonoid.toDiv Real Real.instDivInvMonoid))
                (@Neg.neg Real Real.instNeg (@OfNat.ofNat Real (nat_lit 1) (@One.toOfNat1 Real Real.instOne)))
                (@OfNat.ofNat Real (nat_lit 2)
                  (@instOfNatAtLeastTwo Real (nat_lit 2) Real.instNatCast NLA.MI22.weightedMean._proof_1))))
            B)
          (@NLA.MI22.spectralPower n A
            (@HDiv.hDiv Real Real Real (@instHDiv Real (@DivInvMonoid.toDiv Real Real.instDivInvMonoid))
              (@Neg.neg Real Real.instNeg (@OfNat.ofNat Real (nat_lit 1) (@One.toOfNat1 Real Real.instOne)))
              (@OfNat.ofNat Real (nat_lit 2)
                (@instOfNatAtLeastTwo Real (nat_lit 2) Real.instNatCast NLA.MI22.weightedMean._proof_1)))))
        t))
    (@NLA.MI22.spectralPower n A
      (@HDiv.hDiv Real Real Real (@instHDiv Real (@DivInvMonoid.toDiv Real Real.instDivInvMonoid))
        (@OfNat.ofNat Real (nat_lit 1) (@One.toOfNat1 Real Real.instOne))
        (@OfNat.ofNat Real (nat_lit 2)
          (@instOfNatAtLeastTwo Real (nat_lit 2) Real.instNatCast NLA.MI22.weightedMean._proof_1))))
'NLA.MI22.weightedMean' depends on axioms: [propext, Classical.choice, Quot.sound]
def NLA.MI22.leftProduct : {n : Nat} → NLA.MI22.Mat n → NLA.MI22.Mat n → Real → NLA.MI22.Mat n :=
fun {n} A B t =>
  @HMul.hMul (Matrix (Fin n) (Fin n) Complex) (NLA.MI22.Mat n) (Matrix (Fin n) (Fin n) Complex)
    (@Matrix.instHMulOfFintypeOfMulOfAddCommMonoid (Fin n) (Fin n) (Fin n) Complex (Fin.fintype n) Complex.instMul
      Complex.instAddCommMonoid)
    (@HMul.hMul (NLA.MI22.Mat n) (NLA.MI22.Mat n) (Matrix (Fin n) (Fin n) Complex)
      (@Matrix.instHMulOfFintypeOfMulOfAddCommMonoid (Fin n) (Fin n) (Fin n) Complex (Fin.fintype n) Complex.instMul
        Complex.instAddCommMonoid)
      (@NLA.MI22.spectralPower n A t) (@NLA.MI22.weightedMean n A B t))
    (@NLA.MI22.spectralPower n B
      (@HSub.hSub Real Real Real (@instHSub Real Real.instSub)
        (@OfNat.ofNat Real (nat_lit 1) (@One.toOfNat1 Real Real.instOne)) t))
'NLA.MI22.leftProduct' depends on axioms: [propext, Classical.choice, Quot.sound]
def NLA.MI22.singularValue : {n : Nat} → NLA.MI22.Mat n → Nat → Real :=
fun {n} A j =>
  @DFunLike.coe (@Finsupp Nat Real Real.instZero) Nat (fun x => Real) (@Finsupp.instFunLike Nat Real Real.instZero)
    (@LinearMap.singularValues Complex Complex.instRCLike (EuclideanSpace Complex (Fin n))
      (@PiLp.normedAddCommGroup
        (@OfNat.ofNat ENNReal (nat_lit 2)
          (@instOfNatAtLeastTwo ENNReal (nat_lit 2)
            (@AddMonoidWithOne.toNatCast ENNReal
              (@AddCommMonoidWithOne.toAddMonoidWithOne ENNReal ENNReal.instAddCommMonoidWithOne))
            PiLp.innerProductSpace._proof_1))
        (Fin n) (fun x => Complex) fact_one_le_two_ennreal (Fin.fintype n) fun i => Complex.instNormedAddCommGroup)
      (@PiLp.innerProductSpace Complex Complex.instRCLike (Fin n) (Fin.fintype n) (fun x => Complex)
        (fun i => Complex.instNormedAddCommGroup) fun i => @RCLike.innerProductSpace Complex Complex.instRCLike)
      ⋯ (EuclideanSpace Complex (Fin n))
      (@PiLp.normedAddCommGroup
        (@OfNat.ofNat ENNReal (nat_lit 2)
          (@instOfNatAtLeastTwo ENNReal (nat_lit 2)
            (@AddMonoidWithOne.toNatCast ENNReal
              (@AddCommMonoidWithOne.toAddMonoidWithOne ENNReal ENNReal.instAddCommMonoidWithOne))
            PiLp.innerProductSpace._proof_1))
        (Fin n) (fun x => Complex) fact_one_le_two_ennreal (Fin.fintype n) fun i => Complex.instNormedAddCommGroup)
      (@PiLp.innerProductSpace Complex Complex.instRCLike (Fin n) (Fin.fintype n) (fun x => Complex)
        (fun i => Complex.instNormedAddCommGroup) fun i => @RCLike.innerProductSpace Complex Complex.instRCLike)
      ⋯
      (@DFunLike.coe
        (@LinearEquiv Complex Complex
          (@DivisionSemiring.toSemiring Complex
            (@Semifield.toDivisionSemiring Complex
              (@Field.toSemifield Complex
                (@NormedField.toField Complex
                  (@DenselyNormedField.toNormedField Complex
                    (@RCLike.toDenselyNormedField Complex Complex.instRCLike))))))
          (@DivisionSemiring.toSemiring Complex
            (@Semifield.toDivisionSemiring Complex
              (@Field.toSemifield Complex
                (@NormedField.toField Complex
                  (@DenselyNormedField.toNormedField Complex
                    (@RCLike.toDenselyNormedField Complex Complex.instRCLike))))))
          (@RingHom.id Complex
            (@Semiring.toNonAssocSemiring Complex
              (@DivisionSemiring.toSemiring Complex
                (@Semifield.toDivisionSemiring Complex
                  (@Field.toSemifield Complex
                    (@NormedField.toField Complex
                      (@DenselyNormedField.toNormedField Complex
                        (@RCLike.toDenselyNormedField Complex Complex.instRCLike))))))))
          (@RingHom.id Complex
            (@Semiring.toNonAssocSemiring Complex
              (@DivisionSemiring.toSemiring Complex
                (@Semifield.toDivisionSemiring Complex
                  (@Field.toSemifield Complex
                    (@NormedField.toField Complex
                      (@DenselyNormedField.toNormedField Complex
                        (@RCLike.toDenselyNormedField Complex Complex.instRCLike))))))))
          NLA.MI22.singularValue._proof_2 NLA.MI22.singularValue._proof_2 (Matrix (Fin n) (Fin n) Complex)
          (@LinearMap Complex Complex
            (@DivisionSemiring.toSemiring Complex
              (@Semifield.toDivisionSemiring Complex
                (@Field.toSemifield Complex
                  (@NormedField.toField Complex
                    (@DenselyNormedField.toNormedField Complex
                      (@RCLike.toDenselyNormedField Complex Complex.instRCLike))))))
            (@DivisionSemiring.toSemiring Complex
              (@Semifield.toDivisionSemiring Complex
                (@Field.toSemifield Complex
                  (@NormedField.toField Complex
                    (@DenselyNormedField.toNormedField Complex
                      (@RCLike.toDenselyNormedField Complex Complex.instRCLike))))))
            (@RingHom.id Complex
              (@Semiring.toNonAssocSemiring Complex
                (@DivisionSemiring.toSemiring Complex
                  (@Semifield.toDivisionSemiring Complex
                    (@Field.toSemifield Complex
                      (@NormedField.toField Complex
                        (@DenselyNormedField.toNormedField Complex
                          (@RCLike.toDenselyNormedField Complex Complex.instRCLike))))))))
            (EuclideanSpace Complex (Fin n)) (EuclideanSpace Complex (Fin n))
            (@AddCommGroup.toAddCommMonoid (EuclideanSpace Complex (Fin n))
              (@WithLp.instAddCommGroup
                (@OfNat.ofNat ENNReal (nat_lit 2)
                  (@instOfNatAtLeastTwo ENNReal (nat_lit 2)
                    (@AddMonoidWithOne.toNatCast ENNReal
                      (@AddCommMonoidWithOne.toAddMonoidWithOne ENNReal ENNReal.instAddCommMonoidWithOne))
                    PiLp.innerProductSpace._proof_1))
                ((i : Fin n) → (fun x => Complex) i)
                (@Pi.addCommGroup (Fin n) (fun x => Complex) fun i =>
                  @Ring.toAddCommGroup Complex
                    (@DivisionRing.toRing Complex
                      (@Field.toDivisionRing Complex
                        (@NormedField.toField Complex
                          (@DenselyNormedField.toNormedField Complex
                            (@RCLike.toDenselyNormedField Complex Complex.instRCLike))))))))
            (@AddCommGroup.toAddCommMonoid (EuclideanSpace Complex (Fin n))
              (@WithLp.instAddCommGroup
                (@OfNat.ofNat ENNReal (nat_lit 2)
                  (@instOfNatAtLeastTwo ENNReal (nat_lit 2)
                    (@AddMonoidWithOne.toNatCast ENNReal
                      (@AddCommMonoidWithOne.toAddMonoidWithOne ENNReal ENNReal.instAddCommMonoidWithOne))
                    PiLp.innerProductSpace._proof_1))
                ((i : Fin n) → (fun x => Complex) i)
                (@Pi.addCommGroup (Fin n) (fun x => Complex) fun i =>
                  @Ring.toAddCommGroup Complex
                    (@DivisionRing.toRing Complex
                      (@Field.toDivisionRing Complex
                        (@NormedField.toField Complex
                          (@DenselyNormedField.toNormedField Complex
                            (@RCLike.toDenselyNormedField Complex Complex.instRCLike))))))))
            (@WithLp.instModule
              (@OfNat.ofNat ENNReal (nat_lit 2)
                (@instOfNatAtLeastTwo ENNReal (nat_lit 2)
                  (@AddMonoidWithOne.toNatCast ENNReal
                    (@AddCommMonoidWithOne.toAddMonoidWithOne ENNReal ENNReal.instAddCommMonoidWithOne))
                  PiLp.innerProductSpace._proof_1))
              Complex ((i : Fin n) → (fun x => Complex) i)
              (@DivisionSemiring.toSemiring Complex
                (@Semifield.toDivisionSemiring Complex
                  (@Field.toSemifield Complex
                    (@NormedField.toField Complex
                      (@DenselyNormedField.toNormedField Complex
                        (@RCLike.toDenselyNormedField Complex Complex.instRCLike))))))
              (@Pi.addCommGroup (Fin n) (fun x => Complex) fun i =>
                @Ring.toAddCommGroup Complex
                  (@DivisionRing.toRing Complex
                    (@Field.toDivisionRing Complex
                      (@NormedField.toField Complex
                        (@DenselyNormedField.toNormedField Complex
                          (@RCLike.toDenselyNormedField Complex Complex.instRCLike))))))
              (@Pi.Function.module (Fin n) Complex Complex
                (@DivisionSemiring.toSemiring Complex
                  (@Semifield.toDivisionSemiring Complex
                    (@Field.toSemifield Complex
                      (@NormedField.toField Complex
                        (@DenselyNormedField.toNormedField Complex
                          (@RCLike.toDenselyNormedField Complex Complex.instRCLike))))))
                (@Semiring.toAddCommMonoid Complex
                  (@Ring.toSemiring Complex
                    (@DivisionRing.toRing Complex
                      (@Field.toDivisionRing Complex
                        (@NormedField.toField Complex
                          (@DenselyNormedField.toNormedField Complex
                            (@RCLike.toDenselyNormedField Complex Complex.instRCLike)))))))
                (@Semiring.toModule Complex
                  (@DivisionSemiring.toSemiring Complex
                    (@Semifield.toDivisionSemiring Complex
                      (@Field.toSemifield Complex
                        (@NormedField.toField Complex
                          (@DenselyNormedField.toNormedField Complex
                            (@RCLike.toDenselyNormedField Complex Complex.instRCLike)))))))))
            (@WithLp.instModule
              (@OfNat.ofNat ENNReal (nat_lit 2)
                (@instOfNatAtLeastTwo ENNReal (nat_lit 2)
                  (@AddMonoidWithOne.toNatCast ENNReal
                    (@AddCommMonoidWithOne.toAddMonoidWithOne ENNReal ENNReal.instAddCommMonoidWithOne))
                  PiLp.innerProductSpace._proof_1))
              Complex ((i : Fin n) → (fun x => Complex) i)
              (@DivisionSemiring.toSemiring Complex
                (@Semifield.toDivisionSemiring Complex
                  (@Field.toSemifield Complex
                    (@NormedField.toField Complex
                      (@DenselyNormedField.toNormedField Complex
                        (@RCLike.toDenselyNormedField Complex Complex.instRCLike))))))
              (@Pi.addCommGroup (Fin n) (fun x => Complex) fun i =>
                @Ring.toAddCommGroup Complex
                  (@DivisionRing.toRing Complex
                    (@Field.toDivisionRing Complex
                      (@NormedField.toField Complex
                        (@DenselyNormedField.toNormedField Complex
                          (@RCLike.toDenselyNormedField Complex Complex.instRCLike))))))
              (@Pi.Function.module (Fin n) Complex Complex
                (@DivisionSemiring.toSemiring Complex
                  (@Semifield.toDivisionSemiring Complex
                    (@Field.toSemifield Complex
                      (@NormedField.toField Complex
                        (@DenselyNormedField.toNormedField Complex
                          (@RCLike.toDenselyNormedField Complex Complex.instRCLike))))))
                (@Semiring.toAddCommMonoid Complex
                  (@Ring.toSemiring Complex
                    (@DivisionRing.toRing Complex
                      (@Field.toDivisionRing Complex
                        (@NormedField.toField Complex
                          (@DenselyNormedField.toNormedField Complex
                            (@RCLike.toDenselyNormedField Complex Complex.instRCLike)))))))
                (@Semiring.toModule Complex
                  (@DivisionSemiring.toSemiring Complex
                    (@Semifield.toDivisionSemiring Complex
                      (@Field.toSemifield Complex
                        (@NormedField.toField Complex
                          (@DenselyNormedField.toNormedField Complex
                            (@RCLike.toDenselyNormedField Complex Complex.instRCLike))))))))))
          (@Matrix.addCommMonoid (Fin n) (Fin n) Complex
            (@Semiring.toAddCommMonoid Complex
              (@DivisionSemiring.toSemiring Complex
                (@Semifield.toDivisionSemiring Complex
                  (@Field.toSemifield Complex
                    (@NormedField.toField Complex
                      (@DenselyNormedField.toNormedField Complex
                        (@RCLike.toDenselyNormedField Complex Complex.instRCLike))))))))
          (@LinearMap.addCommMonoid Complex Complex (EuclideanSpace Complex (Fin n)) (EuclideanSpace Complex (Fin n))
            (@DivisionSemiring.toSemiring Complex
              (@Semifield.toDivisionSemiring Complex
                (@Field.toSemifield Complex
                  (@NormedField.toField Complex
                    (@DenselyNormedField.toNormedField Complex
                      (@RCLike.toDenselyNormedField Complex Complex.instRCLike))))))
            (@DivisionSemiring.toSemiring Complex
              (@Semifield.toDivisionSemiring Complex
                (@Field.toSemifield Complex
                  (@NormedField.toField Complex
                    (@DenselyNormedField.toNormedField Complex
                      (@RCLike.toDenselyNormedField Complex Complex.instRCLike))))))
            (@AddCommGroup.toAddCommMonoid (EuclideanSpace Complex (Fin n))
              (@WithLp.instAddCommGroup
                (@OfNat.ofNat ENNReal (nat_lit 2)
                  (@instOfNatAtLeastTwo ENNReal (nat_lit 2)
                    (@AddMonoidWithOne.toNatCast ENNReal
                      (@AddCommMonoidWithOne.toAddMonoidWithOne ENNReal ENNReal.instAddCommMonoidWithOne))
                    PiLp.innerProductSpace._proof_1))
                ((i : Fin n) → (fun x => Complex) i)
                (@Pi.addCommGroup (Fin n) (fun x => Complex) fun i =>
                  @Ring.toAddCommGroup Complex
                    (@DivisionRing.toRing Complex
                      (@Field.toDivisionRing Complex
                        (@NormedField.toField Complex
                          (@DenselyNormedField.toNormedField Complex
                            (@RCLike.toDenselyNormedField Complex Complex.instRCLike))))))))
            (@AddCommGroup.toAddCommMonoid (EuclideanSpace Complex (Fin n))
              (@WithLp.instAddCommGroup
                (@OfNat.ofNat ENNReal (nat_lit 2)
                  (@instOfNatAtLeastTwo ENNReal (nat_lit 2)
                    (@AddMonoidWithOne.toNatCast ENNReal
                      (@AddCommMonoidWithOne.toAddMonoidWithOne ENNReal ENNReal.instAddCommMonoidWithOne))
                    PiLp.innerProductSpace._proof_1))
                ((i : Fin n) → (fun x => Complex) i)
                (@Pi.addCommGroup (Fin n) (fun x => Complex) fun i =>
                  @Ring.toAddCommGroup Complex
                    (@DivisionRing.toRing Complex
                      (@Field.toDivisionRing Complex
                        (@NormedField.toField Complex
                          (@DenselyNormedField.toNormedField Complex
                            (@RCLike.toDenselyNormedField Complex Complex.instRCLike))))))))
            (@WithLp.instModule
              (@OfNat.ofNat ENNReal (nat_lit 2)
                (@instOfNatAtLeastTwo ENNReal (nat_lit 2)
                  (@AddMonoidWithOne.toNatCast ENNReal
                    (@AddCommMonoidWithOne.toAddMonoidWithOne ENNReal ENNReal.instAddCommMonoidWithOne))
                  PiLp.innerProductSpace._proof_1))
              Complex ((i : Fin n) → (fun x => Complex) i)
              (@DivisionSemiring.toSemiring Complex
                (@Semifield.toDivisionSemiring Complex
                  (@Field.toSemifield Complex
                    (@NormedField.toField Complex
                      (@DenselyNormedField.toNormedField Complex
                        (@RCLike.toDenselyNormedField Complex Complex.instRCLike))))))
              (@Pi.addCommGroup (Fin n) (fun x => Complex) fun i =>
                @Ring.toAddCommGroup Complex
                  (@DivisionRing.toRing Complex
                    (@Field.toDivisionRing Complex
                      (@NormedField.toField Complex
                        (@DenselyNormedField.toNormedField Complex
                          (@RCLike.toDenselyNormedField Complex Complex.instRCLike))))))
              (@Pi.Function.module (Fin n) Complex Complex
                (@DivisionSemiring.toSemiring Complex
                  (@Semifield.toDivisionSemiring Complex
                    (@Field.toSemifield Complex
                      (@NormedField.toField Complex
                        (@DenselyNormedField.toNormedField Complex
                          (@RCLike.toDenselyNormedField Complex Complex.instRCLike))))))
                (@Semiring.toAddCommMonoid Complex
                  (@Ring.toSemiring Complex
                    (@DivisionRing.toRing Complex
                      (@Field.toDivisionRing Complex
                        (@NormedField.toField Complex
                          (@DenselyNormedField.toNormedField Complex
                            (@RCLike.toDenselyNormedField Complex Complex.instRCLike)))))))
                (@Semiring.toModule Complex
                  (@DivisionSemiring.toSemiring Complex
                    (@Semifield.toDivisionSemiring Complex
                      (@Field.toSemifield Complex
                        (@NormedField.toField Complex
                          (@DenselyNormedField.toNormedField Complex
                            (@RCLike.toDenselyNormedField Complex Complex.instRCLike)))))))))
            (@WithLp.instModule
              (@OfNat.ofNat ENNReal (nat_lit 2)
                (@instOfNatAtLeastTwo ENNReal (nat_lit 2)
                  (@AddMonoidWithOne.toNatCast ENNReal
                    (@AddCommMonoidWithOne.toAddMonoidWithOne ENNReal ENNReal.instAddCommMonoidWithOne))
                  PiLp.innerProductSpace._proof_1))
              Complex ((i : Fin n) → (fun x => Complex) i)
              (@DivisionSemiring.toSemiring Complex
                (@Semifield.toDivisionSemiring Complex
                  (@Field.toSemifield Complex
                    (@NormedField.toField Complex
                      (@DenselyNormedField.toNormedField Complex
                        (@RCLike.toDenselyNormedField Complex Complex.instRCLike))))))
              (@Pi.addCommGroup (Fin n) (fun x => Complex) fun i =>
                @Ring.toAddCommGroup Complex
                  (@DivisionRing.toRing Complex
                    (@Field.toDivisionRing Complex
                      (@NormedField.toField Complex
                        (@DenselyNormedField.toNormedField Complex
                          (@RCLike.toDenselyNormedField Complex Complex.instRCLike))))))
              (@Pi.Function.module (Fin n) Complex Complex
                (@DivisionSemiring.toSemiring Complex
                  (@Semifield.toDivisionSemiring Complex
                    (@Field.toSemifield Complex
                      (@NormedField.toField Complex
                        (@DenselyNormedField.toNormedField Complex
                          (@RCLike.toDenselyNormedField Complex Complex.instRCLike))))))
                (@Semiring.toAddCommMonoid Complex
                  (@Ring.toSemiring Complex
                    (@DivisionRing.toRing Complex
                      (@Field.toDivisionRing Complex
                        (@NormedField.toField Complex
                          (@DenselyNormedField.toNormedField Complex
                            (@RCLike.toDenselyNormedField Complex Complex.instRCLike)))))))
                (@Semiring.toModule Complex
                  (@DivisionSemiring.toSemiring Complex
                    (@Semifield.toDivisionSemiring Complex
                      (@Field.toSemifield Complex
                        (@NormedField.toField Complex
                          (@DenselyNormedField.toNormedField Complex
                            (@RCLike.toDenselyNormedField Complex Complex.instRCLike)))))))))
            (@RingHom.id Complex
              (@Semiring.toNonAssocSemiring Complex
                (@DivisionSemiring.toSemiring Complex
                  (@Semifield.toDivisionSemiring Complex
                    (@Field.toSemifield Complex
                      (@NormedField.toField Complex
                        (@DenselyNormedField.toNormedField Complex
                          (@RCLike.toDenselyNormedField Complex Complex.instRCLike)))))))))
          (@Matrix.module (Fin n) (Fin n) Complex Complex
            (@DivisionSemiring.toSemiring Complex
              (@Semifield.toDivisionSemiring Complex
                (@Field.toSemifield Complex
                  (@NormedField.toField Complex
                    (@DenselyNormedField.toNormedField Complex
                      (@RCLike.toDenselyNormedField Complex Complex.instRCLike))))))
            (@Semiring.toAddCommMonoid Complex
              (@DivisionSemiring.toSemiring Complex
                (@Semifield.toDivisionSemiring Complex
                  (@Field.toSemifield Complex
                    (@NormedField.toField Complex
                      (@DenselyNormedField.toNormedField Complex
                        (@RCLike.toDenselyNormedField Complex Complex.instRCLike)))))))
            (@Semiring.toModule Complex
              (@DivisionSemiring.toSemiring Complex
                (@Semifield.toDivisionSemiring Complex
                  (@Field.toSemifield Complex
                    (@NormedField.toField Complex
                      (@DenselyNormedField.toNormedField Complex
                        (@RCLike.toDenselyNormedField Complex Complex.instRCLike))))))))
          (@LinearMap.module Complex Complex Complex (EuclideanSpace Complex (Fin n)) (EuclideanSpace Complex (Fin n))
            (@DivisionSemiring.toSemiring Complex
              (@Semifield.toDivisionSemiring Complex
                (@Field.toSemifield Complex
                  (@NormedField.toField Complex
                    (@DenselyNormedField.toNormedField Complex
                      (@RCLike.toDenselyNormedField Complex Complex.instRCLike))))))
            (@DivisionSemiring.toSemiring Complex
              (@Semifield.toDivisionSemiring Complex
                (@Field.toSemifield Complex
                  (@NormedField.toField Complex
                    (@DenselyNormedField.toNormedField Complex
                      (@RCLike.toDenselyNormedField Complex Complex.instRCLike))))))
            (@AddCommGroup.toAddCommMonoid (EuclideanSpace Complex (Fin n))
              (@WithLp.instAddCommGroup
                (@OfNat.ofNat ENNReal (nat_lit 2)
                  (@instOfNatAtLeastTwo ENNReal (nat_lit 2)
                    (@AddMonoidWithOne.toNatCast ENNReal
                      (@AddCommMonoidWithOne.toAddMonoidWithOne ENNReal ENNReal.instAddCommMonoidWithOne))
                    PiLp.innerProductSpace._proof_1))
                ((i : Fin n) → (fun x => Complex) i)
                (@Pi.addCommGroup (Fin n) (fun x => Complex) fun i =>
                  @Ring.toAddCommGroup Complex
                    (@DivisionRing.toRing Complex
                      (@Field.toDivisionRing Complex
                        (@NormedField.toField Complex
                          (@DenselyNormedField.toNormedField Complex
                            (@RCLike.toDenselyNormedField Complex Complex.instRCLike))))))))
            (@AddCommGroup.toAddCommMonoid (EuclideanSpace Complex (Fin n))
              (@WithLp.instAddCommGroup
                (@OfNat.ofNat ENNReal (nat_lit 2)
                  (@instOfNatAtLeastTwo ENNReal (nat_lit 2)
                    (@AddMonoidWithOne.toNatCast ENNReal
                      (@AddCommMonoidWithOne.toAddMonoidWithOne ENNReal ENNReal.instAddCommMonoidWithOne))
                    PiLp.innerProductSpace._proof_1))
                ((i : Fin n) → (fun x => Complex) i)
                (@Pi.addCommGroup (Fin n) (fun x => Complex) fun i =>
                  @Ring.toAddCommGroup Complex
                    (@DivisionRing.toRing Complex
                      (@Field.toDivisionRing Complex
                        (@NormedField.toField Complex
                          (@DenselyNormedField.toNormedField Complex
                            (@RCLike.toDenselyNormedField Complex Complex.instRCLike))))))))
            (@WithLp.instModule
              (@OfNat.ofNat ENNReal (nat_lit 2)
                (@instOfNatAtLeastTwo ENNReal (nat_lit 2)
                  (@AddMonoidWithOne.toNatCast ENNReal
                    (@AddCommMonoidWithOne.toAddMonoidWithOne ENNReal ENNReal.instAddCommMonoidWithOne))
                  PiLp.innerProductSpace._proof_1))
              Complex ((i : Fin n) → (fun x => Complex) i)
              (@DivisionSemiring.toSemiring Complex
                (@Semifield.toDivisionSemiring Complex
                  (@Field.toSemifield Complex
                    (@NormedField.toField Complex
                      (@DenselyNormedField.toNormedField Complex
                        (@RCLike.toDenselyNormedField Complex Complex.instRCLike))))))
              (@Pi.addCommGroup (Fin n) (fun x => Complex) fun i =>
                @Ring.toAddCommGroup Complex
                  (@DivisionRing.toRing Complex
                    (@Field.toDivisionRing Complex
                      (@NormedField.toField Complex
                        (@DenselyNormedField.toNormedField Complex
                          (@RCLike.toDenselyNormedField Complex Complex.instRCLike))))))
              (@Pi.Function.module (Fin n) Complex Complex
                (@DivisionSemiring.toSemiring Complex
                  (@Semifield.toDivisionSemiring Complex
                    (@Field.toSemifield Complex
                      (@NormedField.toField Complex
                        (@DenselyNormedField.toNormedField Complex
                          (@RCLike.toDenselyNormedField Complex Complex.instRCLike))))))
                (@Semiring.toAddCommMonoid Complex
                  (@Ring.toSemiring Complex
                    (@DivisionRing.toRing Complex
                      (@Field.toDivisionRing Complex
                        (@NormedField.toField Complex
                          (@DenselyNormedField.toNormedField Complex
                            (@RCLike.toDenselyNormedField Complex Complex.instRCLike)))))))
                (@Semiring.toModule Complex
                  (@DivisionSemiring.toSemiring Complex
                    (@Semifield.toDivisionSemiring Complex
                      (@Field.toSemifield Complex
                        (@NormedField.toField Complex
                          (@DenselyNormedField.toNormedField Complex
                            (@RCLike.toDenselyNormedField Complex Complex.instRCLike)))))))))
            (@WithLp.instModule
              (@OfNat.ofNat ENNReal (nat_lit 2)
                (@instOfNatAtLeastTwo ENNReal (nat_lit 2)
                  (@AddMonoidWithOne.toNatCast ENNReal
                    (@AddCommMonoidWithOne.toAddMonoidWithOne ENNReal ENNReal.instAddCommMonoidWithOne))
                  PiLp.innerProductSpace._proof_1))
              Complex ((i : Fin n) → (fun x => Complex) i)
              (@DivisionSemiring.toSemiring Complex
                (@Semifield.toDivisionSemiring Complex
                  (@Field.toSemifield Complex
                    (@NormedField.toField Complex
                      (@DenselyNormedField.toNormedField Complex
                        (@RCLike.toDenselyNormedField Complex Complex.instRCLike))))))
              (@Pi.addCommGroup (Fin n) (fun x => Complex) fun i =>
                @Ring.toAddCommGroup Complex
                  (@DivisionRing.toRing Complex
                    (@Field.toDivisionRing Complex
                      (@NormedField.toField Complex
                        (@DenselyNormedField.toNormedField Complex
                          (@RCLike.toDenselyNormedField Complex Complex.instRCLike))))))
              (@Pi.Function.module (Fin n) Complex Complex
                (@DivisionSemiring.toSemiring Complex
                  (@Semifield.toDivisionSemiring Complex
                    (@Field.toSemifield Complex
                      (@NormedField.toField Complex
                        (@DenselyNormedField.toNormedField Complex
                          (@RCLike.toDenselyNormedField Complex Complex.instRCLike))))))
                (@Semiring.toAddCommMonoid Complex
                  (@Ring.toSemiring Complex
                    (@DivisionRing.toRing Complex
                      (@Field.toDivisionRing Complex
                        (@NormedField.toField Complex
                          (@DenselyNormedField.toNormedField Complex
                            (@RCLike.toDenselyNormedField Complex Complex.instRCLike)))))))
                (@Semiring.toModule Complex
                  (@DivisionSemiring.toSemiring Complex
                    (@Semifield.toDivisionSemiring Complex
                      (@Field.toSemifield Complex
                        (@NormedField.toField Complex
                          (@DenselyNormedField.toNormedField Complex
                            (@RCLike.toDenselyNormedField Complex Complex.instRCLike)))))))))
            (@RingHom.id Complex
              (@Semiring.toNonAssocSemiring Complex
                (@DivisionSemiring.toSemiring Complex
                  (@Semifield.toDivisionSemiring Complex
                    (@Field.toSemifield Complex
                      (@NormedField.toField Complex
                        (@DenselyNormedField.toNormedField Complex
                          (@RCLike.toDenselyNormedField Complex Complex.instRCLike))))))))
            (@DivisionSemiring.toSemiring Complex
              (@Semifield.toDivisionSemiring Complex
                (@Field.toSemifield Complex
                  (@NormedField.toField Complex
                    (@DenselyNormedField.toNormedField Complex
                      (@RCLike.toDenselyNormedField Complex Complex.instRCLike))))))
            (@WithLp.instModule
              (@OfNat.ofNat ENNReal (nat_lit 2)
                (@instOfNatAtLeastTwo ENNReal (nat_lit 2)
                  (@AddMonoidWithOne.toNatCast ENNReal
                    (@AddCommMonoidWithOne.toAddMonoidWithOne ENNReal ENNReal.instAddCommMonoidWithOne))
                  PiLp.innerProductSpace._proof_1))
              Complex ((i : Fin n) → (fun x => Complex) i)
              (@DivisionSemiring.toSemiring Complex
                (@Semifield.toDivisionSemiring Complex
                  (@Field.toSemifield Complex
                    (@NormedField.toField Complex
                      (@DenselyNormedField.toNormedField Complex
                        (@RCLike.toDenselyNormedField Complex Complex.instRCLike))))))
              (@Pi.addCommGroup (Fin n) (fun x => Complex) fun i =>
                @Ring.toAddCommGroup Complex
                  (@DivisionRing.toRing Complex
                    (@Field.toDivisionRing Complex
                      (@NormedField.toField Complex
                        (@DenselyNormedField.toNormedField Complex
                          (@RCLike.toDenselyNormedField Complex Complex.instRCLike))))))
              (@Pi.Function.module (Fin n) Complex Complex
                (@DivisionSemiring.toSemiring Complex
                  (@Semifield.toDivisionSemiring Complex
                    (@Field.toSemifield Complex
                      (@NormedField.toField Complex
                        (@DenselyNormedField.toNormedField Complex
                          (@RCLike.toDenselyNormedField Complex Complex.instRCLike))))))
                (@Semiring.toAddCommMonoid Complex
                  (@Ring.toSemiring Complex
                    (@DivisionRing.toRing Complex
                      (@Field.toDivisionRing Complex
                        (@NormedField.toField Complex
                          (@DenselyNormedField.toNormedField Complex
                            (@RCLike.toDenselyNormedField Complex Complex.instRCLike)))))))
                (@Semiring.toModule Complex
                  (@DivisionSemiring.toSemiring Complex
                    (@Semifield.toDivisionSemiring Complex
                      (@Field.toSemifield Complex
                        (@NormedField.toField Complex
                          (@DenselyNormedField.toNormedField Complex
                            (@RCLike.toDenselyNormedField Complex Complex.instRCLike)))))))))
            ⋯))
        (Matrix (Fin n) (Fin n) Complex)
        (fun x =>
          @LinearMap Complex Complex
            (@DivisionSemiring.toSemiring Complex
              (@Semifield.toDivisionSemiring Complex
                (@Field.toSemifield Complex
                  (@NormedField.toField Complex
                    (@DenselyNormedField.toNormedField Complex
                      (@RCLike.toDenselyNormedField Complex Complex.instRCLike))))))
            (@DivisionSemiring.toSemiring Complex
              (@Semifield.toDivisionSemiring Complex
                (@Field.toSemifield Complex
                  (@NormedField.toField Complex
                    (@DenselyNormedField.toNormedField Complex
                      (@RCLike.toDenselyNormedField Complex Complex.instRCLike))))))
            (@RingHom.id Complex
              (@Semiring.toNonAssocSemiring Complex
                (@DivisionSemiring.toSemiring Complex
                  (@Semifield.toDivisionSemiring Complex
                    (@Field.toSemifield Complex
                      (@NormedField.toField Complex
                        (@DenselyNormedField.toNormedField Complex
                          (@RCLike.toDenselyNormedField Complex Complex.instRCLike))))))))
            (EuclideanSpace Complex (Fin n)) (EuclideanSpace Complex (Fin n))
            (@AddCommGroup.toAddCommMonoid (EuclideanSpace Complex (Fin n))
              (@WithLp.instAddCommGroup
                (@OfNat.ofNat ENNReal (nat_lit 2)
                  (@instOfNatAtLeastTwo ENNReal (nat_lit 2)
                    (@AddMonoidWithOne.toNatCast ENNReal
                      (@AddCommMonoidWithOne.toAddMonoidWithOne ENNReal ENNReal.instAddCommMonoidWithOne))
                    PiLp.innerProductSpace._proof_1))
                ((i : Fin n) → (fun x => Complex) i)
                (@Pi.addCommGroup (Fin n) (fun x => Complex) fun i =>
                  @Ring.toAddCommGroup Complex
                    (@DivisionRing.toRing Complex
                      (@Field.toDivisionRing Complex
                        (@NormedField.toField Complex
                          (@DenselyNormedField.toNormedField Complex
                            (@RCLike.toDenselyNormedField Complex Complex.instRCLike))))))))
            (@AddCommGroup.toAddCommMonoid (EuclideanSpace Complex (Fin n))
              (@WithLp.instAddCommGroup
                (@OfNat.ofNat ENNReal (nat_lit 2)
                  (@instOfNatAtLeastTwo ENNReal (nat_lit 2)
                    (@AddMonoidWithOne.toNatCast ENNReal
                      (@AddCommMonoidWithOne.toAddMonoidWithOne ENNReal ENNReal.instAddCommMonoidWithOne))
                    PiLp.innerProductSpace._proof_1))
                ((i : Fin n) → (fun x => Complex) i)
                (@Pi.addCommGroup (Fin n) (fun x => Complex) fun i =>
                  @Ring.toAddCommGroup Complex
                    (@DivisionRing.toRing Complex
                      (@Field.toDivisionRing Complex
                        (@NormedField.toField Complex
                          (@DenselyNormedField.toNormedField Complex
                            (@RCLike.toDenselyNormedField Complex Complex.instRCLike))))))))
            (@WithLp.instModule
              (@OfNat.ofNat ENNReal (nat_lit 2)
                (@instOfNatAtLeastTwo ENNReal (nat_lit 2)
                  (@AddMonoidWithOne.toNatCast ENNReal
                    (@AddCommMonoidWithOne.toAddMonoidWithOne ENNReal ENNReal.instAddCommMonoidWithOne))
                  PiLp.innerProductSpace._proof_1))
              Complex ((i : Fin n) → (fun x => Complex) i)
              (@DivisionSemiring.toSemiring Complex
                (@Semifield.toDivisionSemiring Complex
                  (@Field.toSemifield Complex
                    (@NormedField.toField Complex
                      (@DenselyNormedField.toNormedField Complex
                        (@RCLike.toDenselyNormedField Complex Complex.instRCLike))))))
              (@Pi.addCommGroup (Fin n) (fun x => Complex) fun i =>
                @Ring.toAddCommGroup Complex
                  (@DivisionRing.toRing Complex
                    (@Field.toDivisionRing Complex
                      (@NormedField.toField Complex
                        (@DenselyNormedField.toNormedField Complex
                          (@RCLike.toDenselyNormedField Complex Complex.instRCLike))))))
              (@Pi.Function.module (Fin n) Complex Complex
                (@DivisionSemiring.toSemiring Complex
                  (@Semifield.toDivisionSemiring Complex
                    (@Field.toSemifield Complex
                      (@NormedField.toField Complex
                        (@DenselyNormedField.toNormedField Complex
                          (@RCLike.toDenselyNormedField Complex Complex.instRCLike))))))
                (@Semiring.toAddCommMonoid Complex
                  (@Ring.toSemiring Complex
                    (@DivisionRing.toRing Complex
                      (@Field.toDivisionRing Complex
                        (@NormedField.toField Complex
                          (@DenselyNormedField.toNormedField Complex
                            (@RCLike.toDenselyNormedField Complex Complex.instRCLike)))))))
                (@Semiring.toModule Complex
                  (@DivisionSemiring.toSemiring Complex
                    (@Semifield.toDivisionSemiring Complex
                      (@Field.toSemifield Complex
                        (@NormedField.toField Complex
                          (@DenselyNormedField.toNormedField Complex
                            (@RCLike.toDenselyNormedField Complex Complex.instRCLike)))))))))
            (@WithLp.instModule
              (@OfNat.ofNat ENNReal (nat_lit 2)
                (@instOfNatAtLeastTwo ENNReal (nat_lit 2)
                  (@AddMonoidWithOne.toNatCast ENNReal
                    (@AddCommMonoidWithOne.toAddMonoidWithOne ENNReal ENNReal.instAddCommMonoidWithOne))
                  PiLp.innerProductSpace._proof_1))
              Complex ((i : Fin n) → (fun x => Complex) i)
              (@DivisionSemiring.toSemiring Complex
                (@Semifield.toDivisionSemiring Complex
                  (@Field.toSemifield Complex
                    (@NormedField.toField Complex
                      (@DenselyNormedField.toNormedField Complex
                        (@RCLike.toDenselyNormedField Complex Complex.instRCLike))))))
              (@Pi.addCommGroup (Fin n) (fun x => Complex) fun i =>
                @Ring.toAddCommGroup Complex
                  (@DivisionRing.toRing Complex
                    (@Field.toDivisionRing Complex
                      (@NormedField.toField Complex
                        (@DenselyNormedField.toNormedField Complex
                          (@RCLike.toDenselyNormedField Complex Complex.instRCLike))))))
              (@Pi.Function.module (Fin n) Complex Complex
                (@DivisionSemiring.toSemiring Complex
                  (@Semifield.toDivisionSemiring Complex
                    (@Field.toSemifield Complex
                      (@NormedField.toField Complex
                        (@DenselyNormedField.toNormedField Complex
                          (@RCLike.toDenselyNormedField Complex Complex.instRCLike))))))
                (@Semiring.toAddCommMonoid Complex
                  (@Ring.toSemiring Complex
                    (@DivisionRing.toRing Complex
                      (@Field.toDivisionRing Complex
                        (@NormedField.toField Complex
                          (@DenselyNormedField.toNormedField Complex
                            (@RCLike.toDenselyNormedField Complex Complex.instRCLike)))))))
                (@Semiring.toModule Complex
                  (@DivisionSemiring.toSemiring Complex
                    (@Semifield.toDivisionSemiring Complex
                      (@Field.toSemifield Complex
                        (@NormedField.toField Complex
                          (@DenselyNormedField.toNormedField Complex
                            (@RCLike.toDenselyNormedField Complex Complex.instRCLike))))))))))
        (@EquivLike.toFunLike
          (@LinearEquiv Complex Complex
            (@DivisionSemiring.toSemiring Complex
              (@Semifield.toDivisionSemiring Complex
                (@Field.toSemifield Complex
                  (@NormedField.toField Complex
                    (@DenselyNormedField.toNormedField Complex
                      (@RCLike.toDenselyNormedField Complex Complex.instRCLike))))))
            (@DivisionSemiring.toSemiring Complex
              (@Semifield.toDivisionSemiring Complex
                (@Field.toSemifield Complex
                  (@NormedField.toField Complex
                    (@DenselyNormedField.toNormedField Complex
                      (@RCLike.toDenselyNormedField Complex Complex.instRCLike))))))
            (@RingHom.id Complex
              (@Semiring.toNonAssocSemiring Complex
                (@DivisionSemiring.toSemiring Complex
                  (@Semifield.toDivisionSemiring Complex
                    (@Field.toSemifield Complex
                      (@NormedField.toField Complex
                        (@DenselyNormedField.toNormedField Complex
                          (@RCLike.toDenselyNormedField Complex Complex.instRCLike))))))))
            (@RingHom.id Complex
              (@Semiring.toNonAssocSemiring Complex
                (@DivisionSemiring.toSemiring Complex
                  (@Semifield.toDivisionSemiring Complex
                    (@Field.toSemifield Complex
                      (@NormedField.toField Complex
                        (@DenselyNormedField.toNormedField Complex
                          (@RCLike.toDenselyNormedField Complex Complex.instRCLike))))))))
            NLA.MI22.singularValue._proof_2 NLA.MI22.singularValue._proof_2 (Matrix (Fin n) (Fin n) Complex)
            (@LinearMap Complex Complex
              (@DivisionSemiring.toSemiring Complex
                (@Semifield.toDivisionSemiring Complex
                  (@Field.toSemifield Complex
                    (@NormedField.toField Complex
                      (@DenselyNormedField.toNormedField Complex
                        (@RCLike.toDenselyNormedField Complex Complex.instRCLike))))))
              (@DivisionSemiring.toSemiring Complex
                (@Semifield.toDivisionSemiring Complex
                  (@Field.toSemifield Complex
                    (@NormedField.toField Complex
                      (@DenselyNormedField.toNormedField Complex
                        (@RCLike.toDenselyNormedField Complex Complex.instRCLike))))))
              (@RingHom.id Complex
                (@Semiring.toNonAssocSemiring Complex
                  (@DivisionSemiring.toSemiring Complex
                    (@Semifield.toDivisionSemiring Complex
                      (@Field.toSemifield Complex
                        (@NormedField.toField Complex
                          (@DenselyNormedField.toNormedField Complex
                            (@RCLike.toDenselyNormedField Complex Complex.instRCLike))))))))
              (EuclideanSpace Complex (Fin n)) (EuclideanSpace Complex (Fin n))
              (@AddCommGroup.toAddCommMonoid (EuclideanSpace Complex (Fin n))
                (@WithLp.instAddCommGroup
                  (@OfNat.ofNat ENNReal (nat_lit 2)
                    (@instOfNatAtLeastTwo ENNReal (nat_lit 2)
                      (@AddMonoidWithOne.toNatCast ENNReal
                        (@AddCommMonoidWithOne.toAddMonoidWithOne ENNReal ENNReal.instAddCommMonoidWithOne))
                      PiLp.innerProductSpace._proof_1))
                  ((i : Fin n) → (fun x => Complex) i)
                  (@Pi.addCommGroup (Fin n) (fun x => Complex) fun i =>
                    @Ring.toAddCommGroup Complex
                      (@DivisionRing.toRing Complex
                        (@Field.toDivisionRing Complex
                          (@NormedField.toField Complex
                            (@DenselyNormedField.toNormedField Complex
                              (@RCLike.toDenselyNormedField Complex Complex.instRCLike))))))))
              (@AddCommGroup.toAddCommMonoid (EuclideanSpace Complex (Fin n))
                (@WithLp.instAddCommGroup
                  (@OfNat.ofNat ENNReal (nat_lit 2)
                    (@instOfNatAtLeastTwo ENNReal (nat_lit 2)
                      (@AddMonoidWithOne.toNatCast ENNReal
                        (@AddCommMonoidWithOne.toAddMonoidWithOne ENNReal ENNReal.instAddCommMonoidWithOne))
                      PiLp.innerProductSpace._proof_1))
                  ((i : Fin n) → (fun x => Complex) i)
                  (@Pi.addCommGroup (Fin n) (fun x => Complex) fun i =>
                    @Ring.toAddCommGroup Complex
                      (@DivisionRing.toRing Complex
                        (@Field.toDivisionRing Complex
                          (@NormedField.toField Complex
                            (@DenselyNormedField.toNormedField Complex
                              (@RCLike.toDenselyNormedField Complex Complex.instRCLike))))))))
              (@WithLp.instModule
                (@OfNat.ofNat ENNReal (nat_lit 2)
                  (@instOfNatAtLeastTwo ENNReal (nat_lit 2)
                    (@AddMonoidWithOne.toNatCast ENNReal
                      (@AddCommMonoidWithOne.toAddMonoidWithOne ENNReal ENNReal.instAddCommMonoidWithOne))
                    PiLp.innerProductSpace._proof_1))
                Complex ((i : Fin n) → (fun x => Complex) i)
                (@DivisionSemiring.toSemiring Complex
                  (@Semifield.toDivisionSemiring Complex
                    (@Field.toSemifield Complex
                      (@NormedField.toField Complex
                        (@DenselyNormedField.toNormedField Complex
                          (@RCLike.toDenselyNormedField Complex Complex.instRCLike))))))
                (@Pi.addCommGroup (Fin n) (fun x => Complex) fun i =>
                  @Ring.toAddCommGroup Complex
                    (@DivisionRing.toRing Complex
                      (@Field.toDivisionRing Complex
                        (@NormedField.toField Complex
                          (@DenselyNormedField.toNormedField Complex
                            (@RCLike.toDenselyNormedField Complex Complex.instRCLike))))))
                (@Pi.Function.module (Fin n) Complex Complex
                  (@DivisionSemiring.toSemiring Complex
                    (@Semifield.toDivisionSemiring Complex
                      (@Field.toSemifield Complex
                        (@NormedField.toField Complex
                          (@DenselyNormedField.toNormedField Complex
                            (@RCLike.toDenselyNormedField Complex Complex.instRCLike))))))
                  (@Semiring.toAddCommMonoid Complex
                    (@Ring.toSemiring Complex
                      (@DivisionRing.toRing Complex
                        (@Field.toDivisionRing Complex
                          (@NormedField.toField Complex
                            (@DenselyNormedField.toNormedField Complex
                              (@RCLike.toDenselyNormedField Complex Complex.instRCLike)))))))
                  (@Semiring.toModule Complex
                    (@DivisionSemiring.toSemiring Complex
                      (@Semifield.toDivisionSemiring Complex
                        (@Field.toSemifield Complex
                          (@NormedField.toField Complex
                            (@DenselyNormedField.toNormedField Complex
                              (@RCLike.toDenselyNormedField Complex Complex.instRCLike)))))))))
              (@WithLp.instModule
                (@OfNat.ofNat ENNReal (nat_lit 2)
                  (@instOfNatAtLeastTwo ENNReal (nat_lit 2)
                    (@AddMonoidWithOne.toNatCast ENNReal
                      (@AddCommMonoidWithOne.toAddMonoidWithOne ENNReal ENNReal.instAddCommMonoidWithOne))
                    PiLp.innerProductSpace._proof_1))
                Complex ((i : Fin n) → (fun x => Complex) i)
                (@DivisionSemiring.toSemiring Complex
                  (@Semifield.toDivisionSemiring Complex
                    (@Field.toSemifield Complex
                      (@NormedField.toField Complex
                        (@DenselyNormedField.toNormedField Complex
                          (@RCLike.toDenselyNormedField Complex Complex.instRCLike))))))
                (@Pi.addCommGroup (Fin n) (fun x => Complex) fun i =>
                  @Ring.toAddCommGroup Complex
                    (@DivisionRing.toRing Complex
                      (@Field.toDivisionRing Complex
                        (@NormedField.toField Complex
                          (@DenselyNormedField.toNormedField Complex
                            (@RCLike.toDenselyNormedField Complex Complex.instRCLike))))))
                (@Pi.Function.module (Fin n) Complex Complex
                  (@DivisionSemiring.toSemiring Complex
                    (@Semifield.toDivisionSemiring Complex
                      (@Field.toSemifield Complex
                        (@NormedField.toField Complex
                          (@DenselyNormedField.toNormedField Complex
                            (@RCLike.toDenselyNormedField Complex Complex.instRCLike))))))
                  (@Semiring.toAddCommMonoid Complex
                    (@Ring.toSemiring Complex
                      (@DivisionRing.toRing Complex
                        (@Field.toDivisionRing Complex
                          (@NormedField.toField Complex
                            (@DenselyNormedField.toNormedField Complex
                              (@RCLike.toDenselyNormedField Complex Complex.instRCLike)))))))
                  (@Semiring.toModule Complex
                    (@DivisionSemiring.toSemiring Complex
                      (@Semifield.toDivisionSemiring Complex
                        (@Field.toSemifield Complex
                          (@NormedField.toField Complex
                            (@DenselyNormedField.toNormedField Complex
                              (@RCLike.toDenselyNormedField Complex Complex.instRCLike))))))))))
            (@Matrix.addCommMonoid (Fin n) (Fin n) Complex
              (@Semiring.toAddCommMonoid Complex
                (@DivisionSemiring.toSemiring Complex
                  (@Semifield.toDivisionSemiring Complex
                    (@Field.toSemifield Complex
                      (@NormedField.toField Complex
                        (@DenselyNormedField.toNormedField Complex
                          (@RCLike.toDenselyNormedField Complex Complex.instRCLike))))))))
            (@LinearMap.addCommMonoid Complex Complex (EuclideanSpace Complex (Fin n)) (EuclideanSpace Complex (Fin n))
              (@DivisionSemiring.toSemiring Complex
                (@Semifield.toDivisionSemiring Complex
                  (@Field.toSemifield Complex
                    (@NormedField.toField Complex
                      (@DenselyNormedField.toNormedField Complex
                        (@RCLike.toDenselyNormedField Complex Complex.instRCLike))))))
              (@DivisionSemiring.toSemiring Complex
                (@Semifield.toDivisionSemiring Complex
                  (@Field.toSemifield Complex
                    (@NormedField.toField Complex
                      (@DenselyNormedField.toNormedField Complex
                        (@RCLike.toDenselyNormedField Complex Complex.instRCLike))))))
              (@AddCommGroup.toAddCommMonoid (EuclideanSpace Complex (Fin n))
                (@WithLp.instAddCommGroup
                  (@OfNat.ofNat ENNReal (nat_lit 2)
                    (@instOfNatAtLeastTwo ENNReal (nat_lit 2)
                      (@AddMonoidWithOne.toNatCast ENNReal
                        (@AddCommMonoidWithOne.toAddMonoidWithOne ENNReal ENNReal.instAddCommMonoidWithOne))
                      PiLp.innerProductSpace._proof_1))
                  ((i : Fin n) → (fun x => Complex) i)
                  (@Pi.addCommGroup (Fin n) (fun x => Complex) fun i =>
                    @Ring.toAddCommGroup Complex
                      (@DivisionRing.toRing Complex
                        (@Field.toDivisionRing Complex
                          (@NormedField.toField Complex
                            (@DenselyNormedField.toNormedField Complex
                              (@RCLike.toDenselyNormedField Complex Complex.instRCLike))))))))
              (@AddCommGroup.toAddCommMonoid (EuclideanSpace Complex (Fin n))
                (@WithLp.instAddCommGroup
                  (@OfNat.ofNat ENNReal (nat_lit 2)
                    (@instOfNatAtLeastTwo ENNReal (nat_lit 2)
                      (@AddMonoidWithOne.toNatCast ENNReal
                        (@AddCommMonoidWithOne.toAddMonoidWithOne ENNReal ENNReal.instAddCommMonoidWithOne))
                      PiLp.innerProductSpace._proof_1))
                  ((i : Fin n) → (fun x => Complex) i)
                  (@Pi.addCommGroup (Fin n) (fun x => Complex) fun i =>
                    @Ring.toAddCommGroup Complex
                      (@DivisionRing.toRing Complex
                        (@Field.toDivisionRing Complex
                          (@NormedField.toField Complex
                            (@DenselyNormedField.toNormedField Complex
                              (@RCLike.toDenselyNormedField Complex Complex.instRCLike))))))))
              (@WithLp.instModule
                (@OfNat.ofNat ENNReal (nat_lit 2)
                  (@instOfNatAtLeastTwo ENNReal (nat_lit 2)
                    (@AddMonoidWithOne.toNatCast ENNReal
                      (@AddCommMonoidWithOne.toAddMonoidWithOne ENNReal ENNReal.instAddCommMonoidWithOne))
                    PiLp.innerProductSpace._proof_1))
                Complex ((i : Fin n) → (fun x => Complex) i)
                (@DivisionSemiring.toSemiring Complex
                  (@Semifield.toDivisionSemiring Complex
                    (@Field.toSemifield Complex
                      (@NormedField.toField Complex
                        (@DenselyNormedField.toNormedField Complex
                          (@RCLike.toDenselyNormedField Complex Complex.instRCLike))))))
                (@Pi.addCommGroup (Fin n) (fun x => Complex) fun i =>
                  @Ring.toAddCommGroup Complex
                    (@DivisionRing.toRing Complex
                      (@Field.toDivisionRing Complex
                        (@NormedField.toField Complex
                          (@DenselyNormedField.toNormedField Complex
                            (@RCLike.toDenselyNormedField Complex Complex.instRCLike))))))
                (@Pi.Function.module (Fin n) Complex Complex
                  (@DivisionSemiring.toSemiring Complex
                    (@Semifield.toDivisionSemiring Complex
                      (@Field.toSemifield Complex
                        (@NormedField.toField Complex
                          (@DenselyNormedField.toNormedField Complex
                            (@RCLike.toDenselyNormedField Complex Complex.instRCLike))))))
                  (@Semiring.toAddCommMonoid Complex
                    (@Ring.toSemiring Complex
                      (@DivisionRing.toRing Complex
                        (@Field.toDivisionRing Complex
                          (@NormedField.toField Complex
                            (@DenselyNormedField.toNormedField Complex
                              (@RCLike.toDenselyNormedField Complex Complex.instRCLike)))))))
                  (@Semiring.toModule Complex
                    (@DivisionSemiring.toSemiring Complex
                      (@Semifield.toDivisionSemiring Complex
                        (@Field.toSemifield Complex
                          (@NormedField.toField Complex
                            (@DenselyNormedField.toNormedField Complex
                              (@RCLike.toDenselyNormedField Complex Complex.instRCLike)))))))))
              (@WithLp.instModule
                (@OfNat.ofNat ENNReal (nat_lit 2)
                  (@instOfNatAtLeastTwo ENNReal (nat_lit 2)
                    (@AddMonoidWithOne.toNatCast ENNReal
                      (@AddCommMonoidWithOne.toAddMonoidWithOne ENNReal ENNReal.instAddCommMonoidWithOne))
                    PiLp.innerProductSpace._proof_1))
                Complex ((i : Fin n) → (fun x => Complex) i)
                (@DivisionSemiring.toSemiring Complex
                  (@Semifield.toDivisionSemiring Complex
                    (@Field.toSemifield Complex
                      (@NormedField.toField Complex
                        (@DenselyNormedField.toNormedField Complex
                          (@RCLike.toDenselyNormedField Complex Complex.instRCLike))))))
                (@Pi.addCommGroup (Fin n) (fun x => Complex) fun i =>
                  @Ring.toAddCommGroup Complex
                    (@DivisionRing.toRing Complex
                      (@Field.toDivisionRing Complex
                        (@NormedField.toField Complex
                          (@DenselyNormedField.toNormedField Complex
                            (@RCLike.toDenselyNormedField Complex Complex.instRCLike))))))
                (@Pi.Function.module (Fin n) Complex Complex
                  (@DivisionSemiring.toSemiring Complex
                    (@Semifield.toDivisionSemiring Complex
                      (@Field.toSemifield Complex
                        (@NormedField.toField Complex
                          (@DenselyNormedField.toNormedField Complex
                            (@RCLike.toDenselyNormedField Complex Complex.instRCLike))))))
                  (@Semiring.toAddCommMonoid Complex
                    (@Ring.toSemiring Complex
                      (@DivisionRing.toRing Complex
                        (@Field.toDivisionRing Complex
                          (@NormedField.toField Complex
                            (@DenselyNormedField.toNormedField Complex
                              (@RCLike.toDenselyNormedField Complex Complex.instRCLike)))))))
                  (@Semiring.toModule Complex
                    (@DivisionSemiring.toSemiring Complex
                      (@Semifield.toDivisionSemiring Complex
                        (@Field.toSemifield Complex
                          (@NormedField.toField Complex
                            (@DenselyNormedField.toNormedField Complex
                              (@RCLike.toDenselyNormedField Complex Complex.instRCLike)))))))))
              (@RingHom.id Complex
                (@Semiring.toNonAssocSemiring Complex
                  (@DivisionSemiring.toSemiring Complex
                    (@Semifield.toDivisionSemiring Complex
                      (@Field.toSemifield Complex
                        (@NormedField.toField Complex
                          (@DenselyNormedField.toNormedField Complex
                            (@RCLike.toDenselyNormedField Complex Complex.instRCLike)))))))))
            (@Matrix.module (Fin n) (Fin n) Complex Complex
              (@DivisionSemiring.toSemiring Complex
                (@Semifield.toDivisionSemiring Complex
                  (@Field.toSemifield Complex
                    (@NormedField.toField Complex
                      (@DenselyNormedField.toNormedField Complex
                        (@RCLike.toDenselyNormedField Complex Complex.instRCLike))))))
              (@Semiring.toAddCommMonoid Complex
                (@DivisionSemiring.toSemiring Complex
                  (@Semifield.toDivisionSemiring Complex
                    (@Field.toSemifield Complex
                      (@NormedField.toField Complex
                        (@DenselyNormedField.toNormedField Complex
                          (@RCLike.toDenselyNormedField Complex Complex.instRCLike)))))))
              (@Semiring.toModule Complex
                (@DivisionSemiring.toSemiring Complex
                  (@Semifield.toDivisionSemiring Complex
                    (@Field.toSemifield Complex
                      (@NormedField.toField Complex
                        (@DenselyNormedField.toNormedField Complex
                          (@RCLike.toDenselyNormedField Complex Complex.instRCLike))))))))
            (@LinearMap.module Complex Complex Complex (EuclideanSpace Complex (Fin n)) (EuclideanSpace Complex (Fin n))
              (@DivisionSemiring.toSemiring Complex
                (@Semifield.toDivisionSemiring Complex
                  (@Field.toSemifield Complex
                    (@NormedField.toField Complex
                      (@DenselyNormedField.toNormedField Complex
                        (@RCLike.toDenselyNormedField Complex Complex.instRCLike))))))
              (@DivisionSemiring.toSemiring Complex
                (@Semifield.toDivisionSemiring Complex
                  (@Field.toSemifield Complex
                    (@NormedField.toField Complex
                      (@DenselyNormedField.toNormedField Complex
                        (@RCLike.toDenselyNormedField Complex Complex.instRCLike))))))
              (@AddCommGroup.toAddCommMonoid (EuclideanSpace Complex (Fin n))
                (@WithLp.instAddCommGroup
                  (@OfNat.ofNat ENNReal (nat_lit 2)
                    (@instOfNatAtLeastTwo ENNReal (nat_lit 2)
                      (@AddMonoidWithOne.toNatCast ENNReal
                        (@AddCommMonoidWithOne.toAddMonoidWithOne ENNReal ENNReal.instAddCommMonoidWithOne))
                      PiLp.innerProductSpace._proof_1))
                  ((i : Fin n) → (fun x => Complex) i)
                  (@Pi.addCommGroup (Fin n) (fun x => Complex) fun i =>
                    @Ring.toAddCommGroup Complex
                      (@DivisionRing.toRing Complex
                        (@Field.toDivisionRing Complex
                          (@NormedField.toField Complex
                            (@DenselyNormedField.toNormedField Complex
                              (@RCLike.toDenselyNormedField Complex Complex.instRCLike))))))))
              (@AddCommGroup.toAddCommMonoid (EuclideanSpace Complex (Fin n))
                (@WithLp.instAddCommGroup
                  (@OfNat.ofNat ENNReal (nat_lit 2)
                    (@instOfNatAtLeastTwo ENNReal (nat_lit 2)
                      (@AddMonoidWithOne.toNatCast ENNReal
                        (@AddCommMonoidWithOne.toAddMonoidWithOne ENNReal ENNReal.instAddCommMonoidWithOne))
                      PiLp.innerProductSpace._proof_1))
                  ((i : Fin n) → (fun x => Complex) i)
                  (@Pi.addCommGroup (Fin n) (fun x => Complex) fun i =>
                    @Ring.toAddCommGroup Complex
                      (@DivisionRing.toRing Complex
                        (@Field.toDivisionRing Complex
                          (@NormedField.toField Complex
                            (@DenselyNormedField.toNormedField Complex
                              (@RCLike.toDenselyNormedField Complex Complex.instRCLike))))))))
              (@WithLp.instModule
                (@OfNat.ofNat ENNReal (nat_lit 2)
                  (@instOfNatAtLeastTwo ENNReal (nat_lit 2)
                    (@AddMonoidWithOne.toNatCast ENNReal
                      (@AddCommMonoidWithOne.toAddMonoidWithOne ENNReal ENNReal.instAddCommMonoidWithOne))
                    PiLp.innerProductSpace._proof_1))
                Complex ((i : Fin n) → (fun x => Complex) i)
                (@DivisionSemiring.toSemiring Complex
                  (@Semifield.toDivisionSemiring Complex
                    (@Field.toSemifield Complex
                      (@NormedField.toField Complex
                        (@DenselyNormedField.toNormedField Complex
                          (@RCLike.toDenselyNormedField Complex Complex.instRCLike))))))
                (@Pi.addCommGroup (Fin n) (fun x => Complex) fun i =>
                  @Ring.toAddCommGroup Complex
                    (@DivisionRing.toRing Complex
                      (@Field.toDivisionRing Complex
                        (@NormedField.toField Complex
                          (@DenselyNormedField.toNormedField Complex
                            (@RCLike.toDenselyNormedField Complex Complex.instRCLike))))))
                (@Pi.Function.module (Fin n) Complex Complex
                  (@DivisionSemiring.toSemiring Complex
                    (@Semifield.toDivisionSemiring Complex
                      (@Field.toSemifield Complex
                        (@NormedField.toField Complex
                          (@DenselyNormedField.toNormedField Complex
                            (@RCLike.toDenselyNormedField Complex Complex.instRCLike))))))
                  (@Semiring.toAddCommMonoid Complex
                    (@Ring.toSemiring Complex
                      (@DivisionRing.toRing Complex
                        (@Field.toDivisionRing Complex
                          (@NormedField.toField Complex
                            (@DenselyNormedField.toNormedField Complex
                              (@RCLike.toDenselyNormedField Complex Complex.instRCLike)))))))
                  (@Semiring.toModule Complex
                    (@DivisionSemiring.toSemiring Complex
                      (@Semifield.toDivisionSemiring Complex
                        (@Field.toSemifield Complex
                          (@NormedField.toField Complex
                            (@DenselyNormedField.toNormedField Complex
                              (@RCLike.toDenselyNormedField Complex Complex.instRCLike)))))))))
              (@WithLp.instModule
                (@OfNat.ofNat ENNReal (nat_lit 2)
                  (@instOfNatAtLeastTwo ENNReal (nat_lit 2)
                    (@AddMonoidWithOne.toNatCast ENNReal
                      (@AddCommMonoidWithOne.toAddMonoidWithOne ENNReal ENNReal.instAddCommMonoidWithOne))
                    PiLp.innerProductSpace._proof_1))
                Complex ((i : Fin n) → (fun x => Complex) i)
                (@DivisionSemiring.toSemiring Complex
                  (@Semifield.toDivisionSemiring Complex
                    (@Field.toSemifield Complex
                      (@NormedField.toField Complex
                        (@DenselyNormedField.toNormedField Complex
                          (@RCLike.toDenselyNormedField Complex Complex.instRCLike))))))
                (@Pi.addCommGroup (Fin n) (fun x => Complex) fun i =>
                  @Ring.toAddCommGroup Complex
                    (@DivisionRing.toRing Complex
                      (@Field.toDivisionRing Complex
                        (@NormedField.toField Complex
                          (@DenselyNormedField.toNormedField Complex
                            (@RCLike.toDenselyNormedField Complex Complex.instRCLike))))))
                (@Pi.Function.module (Fin n) Complex Complex
                  (@DivisionSemiring.toSemiring Complex
                    (@Semifield.toDivisionSemiring Complex
                      (@Field.toSemifield Complex
                        (@NormedField.toField Complex
                          (@DenselyNormedField.toNormedField Complex
                            (@RCLike.toDenselyNormedField Complex Complex.instRCLike))))))
                  (@Semiring.toAddCommMonoid Complex
                    (@Ring.toSemiring Complex
                      (@DivisionRing.toRing Complex
                        (@Field.toDivisionRing Complex
                          (@NormedField.toField Complex
                            (@DenselyNormedField.toNormedField Complex
                              (@RCLike.toDenselyNormedField Complex Complex.instRCLike)))))))
                  (@Semiring.toModule Complex
                    (@DivisionSemiring.toSemiring Complex
                      (@Semifield.toDivisionSemiring Complex
                        (@Field.toSemifield Complex
                          (@NormedField.toField Complex
                            (@DenselyNormedField.toNormedField Complex
                              (@RCLike.toDenselyNormedField Complex Complex.instRCLike)))))))))
              (@RingHom.id Complex
                (@Semiring.toNonAssocSemiring Complex
                  (@DivisionSemiring.toSemiring Complex
                    (@Semifield.toDivisionSemiring Complex
                      (@Field.toSemifield Complex
                        (@NormedField.toField Complex
                          (@DenselyNormedField.toNormedField Complex
                            (@RCLike.toDenselyNormedField Complex Complex.instRCLike))))))))
              (@DivisionSemiring.toSemiring Complex
                (@Semifield.toDivisionSemiring Complex
                  (@Field.toSemifield Complex
                    (@NormedField.toField Complex
                      (@DenselyNormedField.toNormedField Complex
                        (@RCLike.toDenselyNormedField Complex Complex.instRCLike))))))
              (@WithLp.instModule
                (@OfNat.ofNat ENNReal (nat_lit 2)
                  (@instOfNatAtLeastTwo ENNReal (nat_lit 2)
                    (@AddMonoidWithOne.toNatCast ENNReal
                      (@AddCommMonoidWithOne.toAddMonoidWithOne ENNReal ENNReal.instAddCommMonoidWithOne))
                    PiLp.innerProductSpace._proof_1))
                Complex ((i : Fin n) → (fun x => Complex) i)
                (@DivisionSemiring.toSemiring Complex
                  (@Semifield.toDivisionSemiring Complex
                    (@Field.toSemifield Complex
                      (@NormedField.toField Complex
                        (@DenselyNormedField.toNormedField Complex
                          (@RCLike.toDenselyNormedField Complex Complex.instRCLike))))))
                (@Pi.addCommGroup (Fin n) (fun x => Complex) fun i =>
                  @Ring.toAddCommGroup Complex
                    (@DivisionRing.toRing Complex
                      (@Field.toDivisionRing Complex
                        (@NormedField.toField Complex
                          (@DenselyNormedField.toNormedField Complex
                            (@RCLike.toDenselyNormedField Complex Complex.instRCLike))))))
                (@Pi.Function.module (Fin n) Complex Complex
                  (@DivisionSemiring.toSemiring Complex
                    (@Semifield.toDivisionSemiring Complex
                      (@Field.toSemifield Complex
                        (@NormedField.toField Complex
                          (@DenselyNormedField.toNormedField Complex
                            (@RCLike.toDenselyNormedField Complex Complex.instRCLike))))))
                  (@Semiring.toAddCommMonoid Complex
                    (@Ring.toSemiring Complex
                      (@DivisionRing.toRing Complex
                        (@Field.toDivisionRing Complex
                          (@NormedField.toField Complex
                            (@DenselyNormedField.toNormedField Complex
                              (@RCLike.toDenselyNormedField Complex Complex.instRCLike)))))))
                  (@Semiring.toModule Complex
                    (@DivisionSemiring.toSemiring Complex
                      (@Semifield.toDivisionSemiring Complex
                        (@Field.toSemifield Complex
                          (@NormedField.toField Complex
                            (@DenselyNormedField.toNormedField Complex
                              (@RCLike.toDenselyNormedField Complex Complex.instRCLike)))))))))
              ⋯))
          (Matrix (Fin n) (Fin n) Complex)
          (@LinearMap Complex Complex
            (@DivisionSemiring.toSemiring Complex
              (@Semifield.toDivisionSemiring Complex
                (@Field.toSemifield Complex
                  (@NormedField.toField Complex
                    (@DenselyNormedField.toNormedField Complex
                      (@RCLike.toDenselyNormedField Complex Complex.instRCLike))))))
            (@DivisionSemiring.toSemiring Complex
              (@Semifield.toDivisionSemiring Complex
                (@Field.toSemifield Complex
                  (@NormedField.toField Complex
                    (@DenselyNormedField.toNormedField Complex
                      (@RCLike.toDenselyNormedField Complex Complex.instRCLike))))))
            (@RingHom.id Complex
              (@Semiring.toNonAssocSemiring Complex
                (@DivisionSemiring.toSemiring Complex
                  (@Semifield.toDivisionSemiring Complex
                    (@Field.toSemifield Complex
                      (@NormedField.toField Complex
                        (@DenselyNormedField.toNormedField Complex
                          (@RCLike.toDenselyNormedField Complex Complex.instRCLike))))))))
            (EuclideanSpace Complex (Fin n)) (EuclideanSpace Complex (Fin n))
            (@AddCommGroup.toAddCommMonoid (EuclideanSpace Complex (Fin n))
              (@WithLp.instAddCommGroup
                (@OfNat.ofNat ENNReal (nat_lit 2)
                  (@instOfNatAtLeastTwo ENNReal (nat_lit 2)
                    (@AddMonoidWithOne.toNatCast ENNReal
                      (@AddCommMonoidWithOne.toAddMonoidWithOne ENNReal ENNReal.instAddCommMonoidWithOne))
                    PiLp.innerProductSpace._proof_1))
                ((i : Fin n) → (fun x => Complex) i)
                (@Pi.addCommGroup (Fin n) (fun x => Complex) fun i =>
                  @Ring.toAddCommGroup Complex
                    (@DivisionRing.toRing Complex
                      (@Field.toDivisionRing Complex
                        (@NormedField.toField Complex
                          (@DenselyNormedField.toNormedField Complex
                            (@RCLike.toDenselyNormedField Complex Complex.instRCLike))))))))
            (@AddCommGroup.toAddCommMonoid (EuclideanSpace Complex (Fin n))
              (@WithLp.instAddCommGroup
                (@OfNat.ofNat ENNReal (nat_lit 2)
                  (@instOfNatAtLeastTwo ENNReal (nat_lit 2)
                    (@AddMonoidWithOne.toNatCast ENNReal
                      (@AddCommMonoidWithOne.toAddMonoidWithOne ENNReal ENNReal.instAddCommMonoidWithOne))
                    PiLp.innerProductSpace._proof_1))
                ((i : Fin n) → (fun x => Complex) i)
                (@Pi.addCommGroup (Fin n) (fun x => Complex) fun i =>
                  @Ring.toAddCommGroup Complex
                    (@DivisionRing.toRing Complex
                      (@Field.toDivisionRing Complex
                        (@NormedField.toField Complex
                          (@DenselyNormedField.toNormedField Complex
                            (@RCLike.toDenselyNormedField Complex Complex.instRCLike))))))))
            (@WithLp.instModule
              (@OfNat.ofNat ENNReal (nat_lit 2)
                (@instOfNatAtLeastTwo ENNReal (nat_lit 2)
                  (@AddMonoidWithOne.toNatCast ENNReal
                    (@AddCommMonoidWithOne.toAddMonoidWithOne ENNReal ENNReal.instAddCommMonoidWithOne))
                  PiLp.innerProductSpace._proof_1))
              Complex ((i : Fin n) → (fun x => Complex) i)
              (@DivisionSemiring.toSemiring Complex
                (@Semifield.toDivisionSemiring Complex
                  (@Field.toSemifield Complex
                    (@NormedField.toField Complex
                      (@DenselyNormedField.toNormedField Complex
                        (@RCLike.toDenselyNormedField Complex Complex.instRCLike))))))
              (@Pi.addCommGroup (Fin n) (fun x => Complex) fun i =>
                @Ring.toAddCommGroup Complex
                  (@DivisionRing.toRing Complex
                    (@Field.toDivisionRing Complex
                      (@NormedField.toField Complex
                        (@DenselyNormedField.toNormedField Complex
                          (@RCLike.toDenselyNormedField Complex Complex.instRCLike))))))
              (@Pi.Function.module (Fin n) Complex Complex
                (@DivisionSemiring.toSemiring Complex
                  (@Semifield.toDivisionSemiring Complex
                    (@Field.toSemifield Complex
                      (@NormedField.toField Complex
                        (@DenselyNormedField.toNormedField Complex
                          (@RCLike.toDenselyNormedField Complex Complex.instRCLike))))))
                (@Semiring.toAddCommMonoid Complex
                  (@Ring.toSemiring Complex
                    (@DivisionRing.toRing Complex
                      (@Field.toDivisionRing Complex
                        (@NormedField.toField Complex
                          (@DenselyNormedField.toNormedField Complex
                            (@RCLike.toDenselyNormedField Complex Complex.instRCLike)))))))
                (@Semiring.toModule Complex
                  (@DivisionSemiring.toSemiring Complex
                    (@Semifield.toDivisionSemiring Complex
                      (@Field.toSemifield Complex
                        (@NormedField.toField Complex
                          (@DenselyNormedField.toNormedField Complex
                            (@RCLike.toDenselyNormedField Complex Complex.instRCLike)))))))))
            (@WithLp.instModule
              (@OfNat.ofNat ENNReal (nat_lit 2)
                (@instOfNatAtLeastTwo ENNReal (nat_lit 2)
                  (@AddMonoidWithOne.toNatCast ENNReal
                    (@AddCommMonoidWithOne.toAddMonoidWithOne ENNReal ENNReal.instAddCommMonoidWithOne))
                  PiLp.innerProductSpace._proof_1))
              Complex ((i : Fin n) → (fun x => Complex) i)
              (@DivisionSemiring.toSemiring Complex
                (@Semifield.toDivisionSemiring Complex
                  (@Field.toSemifield Complex
                    (@NormedField.toField Complex
                      (@DenselyNormedField.toNormedField Complex
                        (@RCLike.toDenselyNormedField Complex Complex.instRCLike))))))
              (@Pi.addCommGroup (Fin n) (fun x => Complex) fun i =>
                @Ring.toAddCommGroup Complex
                  (@DivisionRing.toRing Complex
                    (@Field.toDivisionRing Complex
                      (@NormedField.toField Complex
                        (@DenselyNormedField.toNormedField Complex
                          (@RCLike.toDenselyNormedField Complex Complex.instRCLike))))))
              (@Pi.Function.module (Fin n) Complex Complex
                (@DivisionSemiring.toSemiring Complex
                  (@Semifield.toDivisionSemiring Complex
                    (@Field.toSemifield Complex
                      (@NormedField.toField Complex
                        (@DenselyNormedField.toNormedField Complex
                          (@RCLike.toDenselyNormedField Complex Complex.instRCLike))))))
                (@Semiring.toAddCommMonoid Complex
                  (@Ring.toSemiring Complex
                    (@DivisionRing.toRing Complex
                      (@Field.toDivisionRing Complex
                        (@NormedField.toField Complex
                          (@DenselyNormedField.toNormedField Complex
                            (@RCLike.toDenselyNormedField Complex Complex.instRCLike)))))))
                (@Semiring.toModule Complex
                  (@DivisionSemiring.toSemiring Complex
                    (@Semifield.toDivisionSemiring Complex
                      (@Field.toSemifield Complex
                        (@NormedField.toField Complex
                          (@DenselyNormedField.toNormedField Complex
                            (@RCLike.toDenselyNormedField Complex Complex.instRCLike))))))))))
          (@DFinsupp.instEquivLikeLinearEquiv Complex Complex
            (@DivisionSemiring.toSemiring Complex
              (@Semifield.toDivisionSemiring Complex
                (@Field.toSemifield Complex
                  (@NormedField.toField Complex
                    (@DenselyNormedField.toNormedField Complex
                      (@RCLike.toDenselyNormedField Complex Complex.instRCLike))))))
            (@DivisionSemiring.toSemiring Complex
              (@Semifield.toDivisionSemiring Complex
                (@Field.toSemifield Complex
                  (@NormedField.toField Complex
                    (@DenselyNormedField.toNormedField Complex
                      (@RCLike.toDenselyNormedField Complex Complex.instRCLike))))))
            (@RingHom.id Complex
              (@Semiring.toNonAssocSemiring Complex
                (@DivisionSemiring.toSemiring Complex
                  (@Semifield.toDivisionSemiring Complex
                    (@Field.toSemifield Complex
                      (@NormedField.toField Complex
                        (@DenselyNormedField.toNormedField Complex
                          (@RCLike.toDenselyNormedField Complex Complex.instRCLike))))))))
            (@RingHom.id Complex
              (@Semiring.toNonAssocSemiring Complex
                (@DivisionSemiring.toSemiring Complex
                  (@Semifield.toDivisionSemiring Complex
                    (@Field.toSemifield Complex
                      (@NormedField.toField Complex
                        (@DenselyNormedField.toNormedField Complex
                          (@RCLike.toDenselyNormedField Complex Complex.instRCLike))))))))
            NLA.MI22.singularValue._proof_2 NLA.MI22.singularValue._proof_2 (Matrix (Fin n) (Fin n) Complex)
            (@LinearMap Complex Complex
              (@DivisionSemiring.toSemiring Complex
                (@Semifield.toDivisionSemiring Complex
                  (@Field.toSemifield Complex
                    (@NormedField.toField Complex
                      (@DenselyNormedField.toNormedField Complex
                        (@RCLike.toDenselyNormedField Complex Complex.instRCLike))))))
              (@DivisionSemiring.toSemiring Complex
                (@Semifield.toDivisionSemiring Complex
                  (@Field.toSemifield Complex
                    (@NormedField.toField Complex
                      (@DenselyNormedField.toNormedField Complex
                        (@RCLike.toDenselyNormedField Complex Complex.instRCLike))))))
              (@RingHom.id Complex
                (@Semiring.toNonAssocSemiring Complex
                  (@DivisionSemiring.toSemiring Complex
                    (@Semifield.toDivisionSemiring Complex
                      (@Field.toSemifield Complex
                        (@NormedField.toField Complex
                          (@DenselyNormedField.toNormedField Complex
                            (@RCLike.toDenselyNormedField Complex Complex.instRCLike))))))))
              (EuclideanSpace Complex (Fin n)) (EuclideanSpace Complex (Fin n))
              (@AddCommGroup.toAddCommMonoid (EuclideanSpace Complex (Fin n))
                (@WithLp.instAddCommGroup
                  (@OfNat.ofNat ENNReal (nat_lit 2)
                    (@instOfNatAtLeastTwo ENNReal (nat_lit 2)
                      (@AddMonoidWithOne.toNatCast ENNReal
                        (@AddCommMonoidWithOne.toAddMonoidWithOne ENNReal ENNReal.instAddCommMonoidWithOne))
                      PiLp.innerProductSpace._proof_1))
                  ((i : Fin n) → (fun x => Complex) i)
                  (@Pi.addCommGroup (Fin n) (fun x => Complex) fun i =>
                    @Ring.toAddCommGroup Complex
                      (@DivisionRing.toRing Complex
                        (@Field.toDivisionRing Complex
                          (@NormedField.toField Complex
                            (@DenselyNormedField.toNormedField Complex
                              (@RCLike.toDenselyNormedField Complex Complex.instRCLike))))))))
              (@AddCommGroup.toAddCommMonoid (EuclideanSpace Complex (Fin n))
                (@WithLp.instAddCommGroup
                  (@OfNat.ofNat ENNReal (nat_lit 2)
                    (@instOfNatAtLeastTwo ENNReal (nat_lit 2)
                      (@AddMonoidWithOne.toNatCast ENNReal
                        (@AddCommMonoidWithOne.toAddMonoidWithOne ENNReal ENNReal.instAddCommMonoidWithOne))
                      PiLp.innerProductSpace._proof_1))
                  ((i : Fin n) → (fun x => Complex) i)
                  (@Pi.addCommGroup (Fin n) (fun x => Complex) fun i =>
                    @Ring.toAddCommGroup Complex
                      (@DivisionRing.toRing Complex
                        (@Field.toDivisionRing Complex
                          (@NormedField.toField Complex
                            (@DenselyNormedField.toNormedField Complex
                              (@RCLike.toDenselyNormedField Complex Complex.instRCLike))))))))
              (@WithLp.instModule
                (@OfNat.ofNat ENNReal (nat_lit 2)
                  (@instOfNatAtLeastTwo ENNReal (nat_lit 2)
                    (@AddMonoidWithOne.toNatCast ENNReal
                      (@AddCommMonoidWithOne.toAddMonoidWithOne ENNReal ENNReal.instAddCommMonoidWithOne))
                    PiLp.innerProductSpace._proof_1))
                Complex ((i : Fin n) → (fun x => Complex) i)
                (@DivisionSemiring.toSemiring Complex
                  (@Semifield.toDivisionSemiring Complex
                    (@Field.toSemifield Complex
                      (@NormedField.toField Complex
                        (@DenselyNormedField.toNormedField Complex
                          (@RCLike.toDenselyNormedField Complex Complex.instRCLike))))))
                (@Pi.addCommGroup (Fin n) (fun x => Complex) fun i =>
                  @Ring.toAddCommGroup Complex
                    (@DivisionRing.toRing Complex
                      (@Field.toDivisionRing Complex
                        (@NormedField.toField Complex
                          (@DenselyNormedField.toNormedField Complex
                            (@RCLike.toDenselyNormedField Complex Complex.instRCLike))))))
                (@Pi.Function.module (Fin n) Complex Complex
                  (@DivisionSemiring.toSemiring Complex
                    (@Semifield.toDivisionSemiring Complex
                      (@Field.toSemifield Complex
                        (@NormedField.toField Complex
                          (@DenselyNormedField.toNormedField Complex
                            (@RCLike.toDenselyNormedField Complex Complex.instRCLike))))))
                  (@Semiring.toAddCommMonoid Complex
                    (@Ring.toSemiring Complex
                      (@DivisionRing.toRing Complex
                        (@Field.toDivisionRing Complex
                          (@NormedField.toField Complex
                            (@DenselyNormedField.toNormedField Complex
                              (@RCLike.toDenselyNormedField Complex Complex.instRCLike)))))))
                  (@Semiring.toModule Complex
                    (@DivisionSemiring.toSemiring Complex
                      (@Semifield.toDivisionSemiring Complex
                        (@Field.toSemifield Complex
                          (@NormedField.toField Complex
                            (@DenselyNormedField.toNormedField Complex
                              (@RCLike.toDenselyNormedField Complex Complex.instRCLike)))))))))
              (@WithLp.instModule
                (@OfNat.ofNat ENNReal (nat_lit 2)
                  (@instOfNatAtLeastTwo ENNReal (nat_lit 2)
                    (@AddMonoidWithOne.toNatCast ENNReal
                      (@AddCommMonoidWithOne.toAddMonoidWithOne ENNReal ENNReal.instAddCommMonoidWithOne))
                    PiLp.innerProductSpace._proof_1))
                Complex ((i : Fin n) → (fun x => Complex) i)
                (@DivisionSemiring.toSemiring Complex
                  (@Semifield.toDivisionSemiring Complex
                    (@Field.toSemifield Complex
                      (@NormedField.toField Complex
                        (@DenselyNormedField.toNormedField Complex
                          (@RCLike.toDenselyNormedField Complex Complex.instRCLike))))))
                (@Pi.addCommGroup (Fin n) (fun x => Complex) fun i =>
                  @Ring.toAddCommGroup Complex
                    (@DivisionRing.toRing Complex
                      (@Field.toDivisionRing Complex
                        (@NormedField.toField Complex
                          (@DenselyNormedField.toNormedField Complex
                            (@RCLike.toDenselyNormedField Complex Complex.instRCLike))))))
                (@Pi.Function.module (Fin n) Complex Complex
                  (@DivisionSemiring.toSemiring Complex
                    (@Semifield.toDivisionSemiring Complex
                      (@Field.toSemifield Complex
                        (@NormedField.toField Complex
                          (@DenselyNormedField.toNormedField Complex
                            (@RCLike.toDenselyNormedField Complex Complex.instRCLike))))))
                  (@Semiring.toAddCommMonoid Complex
                    (@Ring.toSemiring Complex
                      (@DivisionRing.toRing Complex
                        (@Field.toDivisionRing Complex
                          (@NormedField.toField Complex
                            (@DenselyNormedField.toNormedField Complex
                              (@RCLike.toDenselyNormedField Complex Complex.instRCLike)))))))
                  (@Semiring.toModule Complex
                    (@DivisionSemiring.toSemiring Complex
                      (@Semifield.toDivisionSemiring Complex
                        (@Field.toSemifield Complex
                          (@NormedField.toField Complex
                            (@DenselyNormedField.toNormedField Complex
                              (@RCLike.toDenselyNormedField Complex Complex.instRCLike))))))))))
            (@Matrix.addCommMonoid (Fin n) (Fin n) Complex
              (@Semiring.toAddCommMonoid Complex
                (@DivisionSemiring.toSemiring Complex
                  (@Semifield.toDivisionSemiring Complex
                    (@Field.toSemifield Complex
                      (@NormedField.toField Complex
                        (@DenselyNormedField.toNormedField Complex
                          (@RCLike.toDenselyNormedField Complex Complex.instRCLike))))))))
            (@LinearMap.addCommMonoid Complex Complex (EuclideanSpace Complex (Fin n)) (EuclideanSpace Complex (Fin n))
              (@DivisionSemiring.toSemiring Complex
                (@Semifield.toDivisionSemiring Complex
                  (@Field.toSemifield Complex
                    (@NormedField.toField Complex
                      (@DenselyNormedField.toNormedField Complex
                        (@RCLike.toDenselyNormedField Complex Complex.instRCLike))))))
              (@DivisionSemiring.toSemiring Complex
                (@Semifield.toDivisionSemiring Complex
                  (@Field.toSemifield Complex
                    (@NormedField.toField Complex
                      (@DenselyNormedField.toNormedField Complex
                        (@RCLike.toDenselyNormedField Complex Complex.instRCLike))))))
              (@AddCommGroup.toAddCommMonoid (EuclideanSpace Complex (Fin n))
                (@WithLp.instAddCommGroup
                  (@OfNat.ofNat ENNReal (nat_lit 2)
                    (@instOfNatAtLeastTwo ENNReal (nat_lit 2)
                      (@AddMonoidWithOne.toNatCast ENNReal
                        (@AddCommMonoidWithOne.toAddMonoidWithOne ENNReal ENNReal.instAddCommMonoidWithOne))
                      PiLp.innerProductSpace._proof_1))
                  ((i : Fin n) → (fun x => Complex) i)
                  (@Pi.addCommGroup (Fin n) (fun x => Complex) fun i =>
                    @Ring.toAddCommGroup Complex
                      (@DivisionRing.toRing Complex
                        (@Field.toDivisionRing Complex
                          (@NormedField.toField Complex
                            (@DenselyNormedField.toNormedField Complex
                              (@RCLike.toDenselyNormedField Complex Complex.instRCLike))))))))
              (@AddCommGroup.toAddCommMonoid (EuclideanSpace Complex (Fin n))
                (@WithLp.instAddCommGroup
                  (@OfNat.ofNat ENNReal (nat_lit 2)
                    (@instOfNatAtLeastTwo ENNReal (nat_lit 2)
                      (@AddMonoidWithOne.toNatCast ENNReal
                        (@AddCommMonoidWithOne.toAddMonoidWithOne ENNReal ENNReal.instAddCommMonoidWithOne))
                      PiLp.innerProductSpace._proof_1))
                  ((i : Fin n) → (fun x => Complex) i)
                  (@Pi.addCommGroup (Fin n) (fun x => Complex) fun i =>
                    @Ring.toAddCommGroup Complex
                      (@DivisionRing.toRing Complex
                        (@Field.toDivisionRing Complex
                          (@NormedField.toField Complex
                            (@DenselyNormedField.toNormedField Complex
                              (@RCLike.toDenselyNormedField Complex Complex.instRCLike))))))))
              (@WithLp.instModule
                (@OfNat.ofNat ENNReal (nat_lit 2)
                  (@instOfNatAtLeastTwo ENNReal (nat_lit 2)
                    (@AddMonoidWithOne.toNatCast ENNReal
                      (@AddCommMonoidWithOne.toAddMonoidWithOne ENNReal ENNReal.instAddCommMonoidWithOne))
                    PiLp.innerProductSpace._proof_1))
                Complex ((i : Fin n) → (fun x => Complex) i)
                (@DivisionSemiring.toSemiring Complex
                  (@Semifield.toDivisionSemiring Complex
                    (@Field.toSemifield Complex
                      (@NormedField.toField Complex
                        (@DenselyNormedField.toNormedField Complex
                          (@RCLike.toDenselyNormedField Complex Complex.instRCLike))))))
                (@Pi.addCommGroup (Fin n) (fun x => Complex) fun i =>
                  @Ring.toAddCommGroup Complex
                    (@DivisionRing.toRing Complex
                      (@Field.toDivisionRing Complex
                        (@NormedField.toField Complex
                          (@DenselyNormedField.toNormedField Complex
                            (@RCLike.toDenselyNormedField Complex Complex.instRCLike))))))
                (@Pi.Function.module (Fin n) Complex Complex
                  (@DivisionSemiring.toSemiring Complex
                    (@Semifield.toDivisionSemiring Complex
                      (@Field.toSemifield Complex
                        (@NormedField.toField Complex
                          (@DenselyNormedField.toNormedField Complex
                            (@RCLike.toDenselyNormedField Complex Complex.instRCLike))))))
                  (@Semiring.toAddCommMonoid Complex
                    (@Ring.toSemiring Complex
                      (@DivisionRing.toRing Complex
                        (@Field.toDivisionRing Complex
                          (@NormedField.toField Complex
                            (@DenselyNormedField.toNormedField Complex
                              (@RCLike.toDenselyNormedField Complex Complex.instRCLike)))))))
                  (@Semiring.toModule Complex
                    (@DivisionSemiring.toSemiring Complex
                      (@Semifield.toDivisionSemiring Complex
                        (@Field.toSemifield Complex
                          (@NormedField.toField Complex
                            (@DenselyNormedField.toNormedField Complex
                              (@RCLike.toDenselyNormedField Complex Complex.instRCLike)))))))))
              (@WithLp.instModule
                (@OfNat.ofNat ENNReal (nat_lit 2)
                  (@instOfNatAtLeastTwo ENNReal (nat_lit 2)
                    (@AddMonoidWithOne.toNatCast ENNReal
                      (@AddCommMonoidWithOne.toAddMonoidWithOne ENNReal ENNReal.instAddCommMonoidWithOne))
                    PiLp.innerProductSpace._proof_1))
                Complex ((i : Fin n) → (fun x => Complex) i)
                (@DivisionSemiring.toSemiring Complex
                  (@Semifield.toDivisionSemiring Complex
                    (@Field.toSemifield Complex
                      (@NormedField.toField Complex
                        (@DenselyNormedField.toNormedField Complex
                          (@RCLike.toDenselyNormedField Complex Complex.instRCLike))))))
                (@Pi.addCommGroup (Fin n) (fun x => Complex) fun i =>
                  @Ring.toAddCommGroup Complex
                    (@DivisionRing.toRing Complex
                      (@Field.toDivisionRing Complex
                        (@NormedField.toField Complex
                          (@DenselyNormedField.toNormedField Complex
                            (@RCLike.toDenselyNormedField Complex Complex.instRCLike))))))
                (@Pi.Function.module (Fin n) Complex Complex
                  (@DivisionSemiring.toSemiring Complex
                    (@Semifield.toDivisionSemiring Complex
                      (@Field.toSemifield Complex
                        (@NormedField.toField Complex
                          (@DenselyNormedField.toNormedField Complex
                            (@RCLike.toDenselyNormedField Complex Complex.instRCLike))))))
                  (@Semiring.toAddCommMonoid Complex
                    (@Ring.toSemiring Complex
                      (@DivisionRing.toRing Complex
                        (@Field.toDivisionRing Complex
                          (@NormedField.toField Complex
                            (@DenselyNormedField.toNormedField Complex
                              (@RCLike.toDenselyNormedField Complex Complex.instRCLike)))))))
                  (@Semiring.toModule Complex
                    (@DivisionSemiring.toSemiring Complex
                      (@Semifield.toDivisionSemiring Complex
                        (@Field.toSemifield Complex
                          (@NormedField.toField Complex
                            (@DenselyNormedField.toNormedField Complex
                              (@RCLike.toDenselyNormedField Complex Complex.instRCLike)))))))))
              (@RingHom.id Complex
                (@Semiring.toNonAssocSemiring Complex
                  (@DivisionSemiring.toSemiring Complex
                    (@Semifield.toDivisionSemiring Complex
                      (@Field.toSemifield Complex
                        (@NormedField.toField Complex
                          (@DenselyNormedField.toNormedField Complex
                            (@RCLike.toDenselyNormedField Complex Complex.instRCLike)))))))))
            (@Matrix.module (Fin n) (Fin n) Complex Complex
              (@DivisionSemiring.toSemiring Complex
                (@Semifield.toDivisionSemiring Complex
                  (@Field.toSemifield Complex
                    (@NormedField.toField Complex
                      (@DenselyNormedField.toNormedField Complex
                        (@RCLike.toDenselyNormedField Complex Complex.instRCLike))))))
              (@Semiring.toAddCommMonoid Complex
                (@DivisionSemiring.toSemiring Complex
                  (@Semifield.toDivisionSemiring Complex
                    (@Field.toSemifield Complex
                      (@NormedField.toField Complex
                        (@DenselyNormedField.toNormedField Complex
                          (@RCLike.toDenselyNormedField Complex Complex.instRCLike)))))))
              (@Semiring.toModule Complex
                (@DivisionSemiring.toSemiring Complex
                  (@Semifield.toDivisionSemiring Complex
                    (@Field.toSemifield Complex
                      (@NormedField.toField Complex
                        (@DenselyNormedField.toNormedField Complex
                          (@RCLike.toDenselyNormedField Complex Complex.instRCLike))))))))
            (@LinearMap.module Complex Complex Complex (EuclideanSpace Complex (Fin n)) (EuclideanSpace Complex (Fin n))
              (@DivisionSemiring.toSemiring Complex
                (@Semifield.toDivisionSemiring Complex
                  (@Field.toSemifield Complex
                    (@NormedField.toField Complex
                      (@DenselyNormedField.toNormedField Complex
                        (@RCLike.toDenselyNormedField Complex Complex.instRCLike))))))
              (@DivisionSemiring.toSemiring Complex
                (@Semifield.toDivisionSemiring Complex
                  (@Field.toSemifield Complex
                    (@NormedField.toField Complex
                      (@DenselyNormedField.toNormedField Complex
                        (@RCLike.toDenselyNormedField Complex Complex.instRCLike))))))
              (@AddCommGroup.toAddCommMonoid (EuclideanSpace Complex (Fin n))
                (@WithLp.instAddCommGroup
                  (@OfNat.ofNat ENNReal (nat_lit 2)
                    (@instOfNatAtLeastTwo ENNReal (nat_lit 2)
                      (@AddMonoidWithOne.toNatCast ENNReal
                        (@AddCommMonoidWithOne.toAddMonoidWithOne ENNReal ENNReal.instAddCommMonoidWithOne))
                      PiLp.innerProductSpace._proof_1))
                  ((i : Fin n) → (fun x => Complex) i)
                  (@Pi.addCommGroup (Fin n) (fun x => Complex) fun i =>
                    @Ring.toAddCommGroup Complex
                      (@DivisionRing.toRing Complex
                        (@Field.toDivisionRing Complex
                          (@NormedField.toField Complex
                            (@DenselyNormedField.toNormedField Complex
                              (@RCLike.toDenselyNormedField Complex Complex.instRCLike))))))))
              (@AddCommGroup.toAddCommMonoid (EuclideanSpace Complex (Fin n))
                (@WithLp.instAddCommGroup
                  (@OfNat.ofNat ENNReal (nat_lit 2)
                    (@instOfNatAtLeastTwo ENNReal (nat_lit 2)
                      (@AddMonoidWithOne.toNatCast ENNReal
                        (@AddCommMonoidWithOne.toAddMonoidWithOne ENNReal ENNReal.instAddCommMonoidWithOne))
                      PiLp.innerProductSpace._proof_1))
                  ((i : Fin n) → (fun x => Complex) i)
                  (@Pi.addCommGroup (Fin n) (fun x => Complex) fun i =>
                    @Ring.toAddCommGroup Complex
                      (@DivisionRing.toRing Complex
                        (@Field.toDivisionRing Complex
                          (@NormedField.toField Complex
                            (@DenselyNormedField.toNormedField Complex
                              (@RCLike.toDenselyNormedField Complex Complex.instRCLike))))))))
              (@WithLp.instModule
                (@OfNat.ofNat ENNReal (nat_lit 2)
                  (@instOfNatAtLeastTwo ENNReal (nat_lit 2)
                    (@AddMonoidWithOne.toNatCast ENNReal
                      (@AddCommMonoidWithOne.toAddMonoidWithOne ENNReal ENNReal.instAddCommMonoidWithOne))
                    PiLp.innerProductSpace._proof_1))
                Complex ((i : Fin n) → (fun x => Complex) i)
                (@DivisionSemiring.toSemiring Complex
                  (@Semifield.toDivisionSemiring Complex
                    (@Field.toSemifield Complex
                      (@NormedField.toField Complex
                        (@DenselyNormedField.toNormedField Complex
                          (@RCLike.toDenselyNormedField Complex Complex.instRCLike))))))
                (@Pi.addCommGroup (Fin n) (fun x => Complex) fun i =>
                  @Ring.toAddCommGroup Complex
                    (@DivisionRing.toRing Complex
                      (@Field.toDivisionRing Complex
                        (@NormedField.toField Complex
                          (@DenselyNormedField.toNormedField Complex
                            (@RCLike.toDenselyNormedField Complex Complex.instRCLike))))))
                (@Pi.Function.module (Fin n) Complex Complex
                  (@DivisionSemiring.toSemiring Complex
                    (@Semifield.toDivisionSemiring Complex
                      (@Field.toSemifield Complex
                        (@NormedField.toField Complex
                          (@DenselyNormedField.toNormedField Complex
                            (@RCLike.toDenselyNormedField Complex Complex.instRCLike))))))
                  (@Semiring.toAddCommMonoid Complex
                    (@Ring.toSemiring Complex
                      (@DivisionRing.toRing Complex
                        (@Field.toDivisionRing Complex
                          (@NormedField.toField Complex
                            (@DenselyNormedField.toNormedField Complex
                              (@RCLike.toDenselyNormedField Complex Complex.instRCLike)))))))
                  (@Semiring.toModule Complex
                    (@DivisionSemiring.toSemiring Complex
                      (@Semifield.toDivisionSemiring Complex
                        (@Field.toSemifield Complex
                          (@NormedField.toField Complex
                            (@DenselyNormedField.toNormedField Complex
                              (@RCLike.toDenselyNormedField Complex Complex.instRCLike)))))))))
              (@WithLp.instModule
                (@OfNat.ofNat ENNReal (nat_lit 2)
                  (@instOfNatAtLeastTwo ENNReal (nat_lit 2)
                    (@AddMonoidWithOne.toNatCast ENNReal
                      (@AddCommMonoidWithOne.toAddMonoidWithOne ENNReal ENNReal.instAddCommMonoidWithOne))
                    PiLp.innerProductSpace._proof_1))
                Complex ((i : Fin n) → (fun x => Complex) i)
                (@DivisionSemiring.toSemiring Complex
                  (@Semifield.toDivisionSemiring Complex
                    (@Field.toSemifield Complex
                      (@NormedField.toField Complex
                        (@DenselyNormedField.toNormedField Complex
                          (@RCLike.toDenselyNormedField Complex Complex.instRCLike))))))
                (@Pi.addCommGroup (Fin n) (fun x => Complex) fun i =>
                  @Ring.toAddCommGroup Complex
                    (@DivisionRing.toRing Complex
                      (@Field.toDivisionRing Complex
                        (@NormedField.toField Complex
                          (@DenselyNormedField.toNormedField Complex
                            (@RCLike.toDenselyNormedField Complex Complex.instRCLike))))))
                (@Pi.Function.module (Fin n) Complex Complex
                  (@DivisionSemiring.toSemiring Complex
                    (@Semifield.toDivisionSemiring Complex
                      (@Field.toSemifield Complex
                        (@NormedField.toField Complex
                          (@DenselyNormedField.toNormedField Complex
                            (@RCLike.toDenselyNormedField Complex Complex.instRCLike))))))
                  (@Semiring.toAddCommMonoid Complex
                    (@Ring.toSemiring Complex
                      (@DivisionRing.toRing Complex
                        (@Field.toDivisionRing Complex
                          (@NormedField.toField Complex
                            (@DenselyNormedField.toNormedField Complex
                              (@RCLike.toDenselyNormedField Complex Complex.instRCLike)))))))
                  (@Semiring.toModule Complex
                    (@DivisionSemiring.toSemiring Complex
                      (@Semifield.toDivisionSemiring Complex
                        (@Field.toSemifield Complex
                          (@NormedField.toField Complex
                            (@DenselyNormedField.toNormedField Complex
                              (@RCLike.toDenselyNormedField Complex Complex.instRCLike)))))))))
              (@RingHom.id Complex
                (@Semiring.toNonAssocSemiring Complex
                  (@DivisionSemiring.toSemiring Complex
                    (@Semifield.toDivisionSemiring Complex
                      (@Field.toSemifield Complex
                        (@NormedField.toField Complex
                          (@DenselyNormedField.toNormedField Complex
                            (@RCLike.toDenselyNormedField Complex Complex.instRCLike))))))))
              (@DivisionSemiring.toSemiring Complex
                (@Semifield.toDivisionSemiring Complex
                  (@Field.toSemifield Complex
                    (@NormedField.toField Complex
                      (@DenselyNormedField.toNormedField Complex
                        (@RCLike.toDenselyNormedField Complex Complex.instRCLike))))))
              (@WithLp.instModule
                (@OfNat.ofNat ENNReal (nat_lit 2)
                  (@instOfNatAtLeastTwo ENNReal (nat_lit 2)
                    (@AddMonoidWithOne.toNatCast ENNReal
                      (@AddCommMonoidWithOne.toAddMonoidWithOne ENNReal ENNReal.instAddCommMonoidWithOne))
                    PiLp.innerProductSpace._proof_1))
                Complex ((i : Fin n) → (fun x => Complex) i)
                (@DivisionSemiring.toSemiring Complex
                  (@Semifield.toDivisionSemiring Complex
                    (@Field.toSemifield Complex
                      (@NormedField.toField Complex
                        (@DenselyNormedField.toNormedField Complex
                          (@RCLike.toDenselyNormedField Complex Complex.instRCLike))))))
                (@Pi.addCommGroup (Fin n) (fun x => Complex) fun i =>
                  @Ring.toAddCommGroup Complex
                    (@DivisionRing.toRing Complex
                      (@Field.toDivisionRing Complex
                        (@NormedField.toField Complex
                          (@DenselyNormedField.toNormedField Complex
                            (@RCLike.toDenselyNormedField Complex Complex.instRCLike))))))
                (@Pi.Function.module (Fin n) Complex Complex
                  (@DivisionSemiring.toSemiring Complex
                    (@Semifield.toDivisionSemiring Complex
                      (@Field.toSemifield Complex
                        (@NormedField.toField Complex
                          (@DenselyNormedField.toNormedField Complex
                            (@RCLike.toDenselyNormedField Complex Complex.instRCLike))))))
                  (@Semiring.toAddCommMonoid Complex
                    (@Ring.toSemiring Complex
                      (@DivisionRing.toRing Complex
                        (@Field.toDivisionRing Complex
                          (@NormedField.toField Complex
                            (@DenselyNormedField.toNormedField Complex
                              (@RCLike.toDenselyNormedField Complex Complex.instRCLike)))))))
                  (@Semiring.toModule Complex
                    (@DivisionSemiring.toSemiring Complex
                      (@Semifield.toDivisionSemiring Complex
                        (@Field.toSemifield Complex
                          (@NormedField.toField Complex
                            (@DenselyNormedField.toNormedField Complex
                              (@RCLike.toDenselyNormedField Complex Complex.instRCLike)))))))))
              ⋯)))
        (@Matrix.toEuclideanLin Complex Complex.instRCLike (Fin n) (Fin n) (Fin.fintype n) (instDecidableEqFin n)) A))
    j
'NLA.MI22.singularValue' depends on axioms: [propext, Classical.choice, Quot.sound]
def NLA.MI22.singularPrefix : {n : Nat} → NLA.MI22.Mat n → Nat → Real :=
fun {n} A k => ∏ j ∈ Finset.range k, @NLA.MI22.singularValue n A j
'NLA.MI22.singularPrefix' depends on axioms: [propext, Classical.choice, Quot.sound]
def NLA.MI22.SingularLogMajorized : {n : Nat} → NLA.MI22.Mat n → NLA.MI22.Mat n → Prop :=
fun {n} X Y =>
  And
    (∀ (k : Nat),
      @LE.le Nat instLENat (@OfNat.ofNat Nat (nat_lit 1) (instOfNatNat (nat_lit 1))) k →
        @LT.lt Nat instLTNat k n →
          @LE.le Real Real.instLE (@NLA.MI22.singularPrefix n X k) (@NLA.MI22.singularPrefix n Y k))
    (@Eq Real (@NLA.MI22.singularPrefix n X n) (@NLA.MI22.singularPrefix n Y n))
'NLA.MI22.SingularLogMajorized' depends on axioms: [propext, Classical.choice, Quot.sound]
def NLA.MI22.WeightedLogMajorizationConjecture : Prop :=
∀ (n : Nat),
  @LE.le Nat instLENat (@OfNat.ofNat Nat (nat_lit 1) (instOfNatNat (nat_lit 1))) n →
    ∀ (A B : NLA.MI22.Mat n),
      @Matrix.PosDef (Fin n) Complex Complex.instRing Complex.partialOrder Complex.instStarRing A →
        @Matrix.PosDef (Fin n) Complex Complex.instRing Complex.partialOrder Complex.instStarRing B →
          ∀ (t : Real),
            @LE.le Real Real.instLE (@OfNat.ofNat Real (nat_lit 0) (@Zero.toOfNat0 Real Real.instZero)) t →
              @LE.le Real Real.instLE t (@OfNat.ofNat Real (nat_lit 1) (@One.toOfNat1 Real Real.instOne)) →
                @NLA.MI22.SingularLogMajorized n (@NLA.MI22.leftProduct n A B t)
                  (@HMul.hMul (NLA.MI22.Mat n) (NLA.MI22.Mat n) (Matrix (Fin n) (Fin n) Complex)
                    (@Matrix.instHMulOfFintypeOfMulOfAddCommMonoid (Fin n) (Fin n) (Fin n) Complex (Fin.fintype n)
                      Complex.instMul Complex.instAddCommMonoid)
                    A B)
'NLA.MI22.WeightedLogMajorizationConjecture' depends on axioms: [propext, Classical.choice, Quot.sound]
def NLA.MI22.operatorNorm : {n : Nat} → NLA.MI22.Mat n → Real :=
fun {n} A =>
  @norm
    (@ContinuousLinearMap Complex Complex
      (@DivisionSemiring.toSemiring Complex
        (@Semifield.toDivisionSemiring Complex
          (@Field.toSemifield Complex
            (@NormedField.toField Complex
              (@DenselyNormedField.toNormedField Complex (@RCLike.toDenselyNormedField Complex Complex.instRCLike))))))
      (@DivisionSemiring.toSemiring Complex
        (@Semifield.toDivisionSemiring Complex
          (@Field.toSemifield Complex
            (@NormedField.toField Complex
              (@DenselyNormedField.toNormedField Complex (@RCLike.toDenselyNormedField Complex Complex.instRCLike))))))
      (@RingHom.id Complex
        (@Semiring.toNonAssocSemiring Complex
          (@DivisionSemiring.toSemiring Complex
            (@Semifield.toDivisionSemiring Complex
              (@Field.toSemifield Complex
                (@NormedField.toField Complex
                  (@DenselyNormedField.toNormedField Complex
                    (@RCLike.toDenselyNormedField Complex Complex.instRCLike))))))))
      (EuclideanSpace Complex (Fin n))
      (@PiLp.topologicalSpace
        (@OfNat.ofNat ENNReal (nat_lit 2)
          (@instOfNatAtLeastTwo ENNReal (nat_lit 2)
            (@AddMonoidWithOne.toNatCast ENNReal
              (@AddCommMonoidWithOne.toAddMonoidWithOne ENNReal ENNReal.instAddCommMonoidWithOne))
            PiLp.innerProductSpace._proof_1))
        (Fin n) (fun x => Complex) fun i =>
        @UniformSpace.toTopologicalSpace Complex
          (@PseudoMetricSpace.toUniformSpace Complex
            (@SeminormedRing.toPseudoMetricSpace Complex
              (@SeminormedCommRing.toSeminormedRing Complex
                (@NormedCommRing.toSeminormedCommRing Complex
                  (@NormedField.toNormedCommRing Complex
                    (@DenselyNormedField.toNormedField Complex
                      (@RCLike.toDenselyNormedField Complex Complex.instRCLike))))))))
      (@AddCommGroup.toAddCommMonoid (EuclideanSpace Complex (Fin n))
        (@WithLp.instAddCommGroup
          (@OfNat.ofNat ENNReal (nat_lit 2)
            (@instOfNatAtLeastTwo ENNReal (nat_lit 2)
              (@AddMonoidWithOne.toNatCast ENNReal
                (@AddCommMonoidWithOne.toAddMonoidWithOne ENNReal ENNReal.instAddCommMonoidWithOne))
              PiLp.innerProductSpace._proof_1))
          ((i : Fin n) → (fun x => Complex) i)
          (@Pi.addCommGroup (Fin n) (fun x => Complex) fun i =>
            @Ring.toAddCommGroup Complex
              (@DivisionRing.toRing Complex
                (@Field.toDivisionRing Complex
                  (@NormedField.toField Complex
                    (@DenselyNormedField.toNormedField Complex
                      (@RCLike.toDenselyNormedField Complex Complex.instRCLike))))))))
      (EuclideanSpace Complex (Fin n))
      (@PiLp.topologicalSpace
        (@OfNat.ofNat ENNReal (nat_lit 2)
          (@instOfNatAtLeastTwo ENNReal (nat_lit 2)
            (@AddMonoidWithOne.toNatCast ENNReal
              (@AddCommMonoidWithOne.toAddMonoidWithOne ENNReal ENNReal.instAddCommMonoidWithOne))
            PiLp.innerProductSpace._proof_1))
        (Fin n) (fun x => Complex) fun i =>
        @UniformSpace.toTopologicalSpace Complex
          (@PseudoMetricSpace.toUniformSpace Complex
            (@SeminormedRing.toPseudoMetricSpace Complex
              (@SeminormedCommRing.toSeminormedRing Complex
                (@NormedCommRing.toSeminormedCommRing Complex
                  (@NormedField.toNormedCommRing Complex
                    (@DenselyNormedField.toNormedField Complex
                      (@RCLike.toDenselyNormedField Complex Complex.instRCLike))))))))
      (@AddCommGroup.toAddCommMonoid (EuclideanSpace Complex (Fin n))
        (@WithLp.instAddCommGroup
          (@OfNat.ofNat ENNReal (nat_lit 2)
            (@instOfNatAtLeastTwo ENNReal (nat_lit 2)
              (@AddMonoidWithOne.toNatCast ENNReal
                (@AddCommMonoidWithOne.toAddMonoidWithOne ENNReal ENNReal.instAddCommMonoidWithOne))
              PiLp.innerProductSpace._proof_1))
          ((i : Fin n) → (fun x => Complex) i)
          (@Pi.addCommGroup (Fin n) (fun x => Complex) fun i =>
            @Ring.toAddCommGroup Complex
              (@DivisionRing.toRing Complex
                (@Field.toDivisionRing Complex
                  (@NormedField.toField Complex
                    (@DenselyNormedField.toNormedField Complex
                      (@RCLike.toDenselyNormedField Complex Complex.instRCLike))))))))
      (@WithLp.instModule
        (@OfNat.ofNat ENNReal (nat_lit 2)
          (@instOfNatAtLeastTwo ENNReal (nat_lit 2)
            (@AddMonoidWithOne.toNatCast ENNReal
              (@AddCommMonoidWithOne.toAddMonoidWithOne ENNReal ENNReal.instAddCommMonoidWithOne))
            PiLp.innerProductSpace._proof_1))
        Complex ((i : Fin n) → (fun x => Complex) i)
        (@DivisionSemiring.toSemiring Complex
          (@Semifield.toDivisionSemiring Complex
            (@Field.toSemifield Complex
              (@NormedField.toField Complex
                (@DenselyNormedField.toNormedField Complex
                  (@RCLike.toDenselyNormedField Complex Complex.instRCLike))))))
        (@Pi.addCommGroup (Fin n) (fun x => Complex) fun i =>
          @Ring.toAddCommGroup Complex
            (@DivisionRing.toRing Complex
              (@Field.toDivisionRing Complex
                (@NormedField.toField Complex
                  (@DenselyNormedField.toNormedField Complex
                    (@RCLike.toDenselyNormedField Complex Complex.instRCLike))))))
        (@Pi.Function.module (Fin n) Complex Complex
          (@DivisionSemiring.toSemiring Complex
            (@Semifield.toDivisionSemiring Complex
              (@Field.toSemifield Complex
                (@NormedField.toField Complex
                  (@DenselyNormedField.toNormedField Complex
                    (@RCLike.toDenselyNormedField Complex Complex.instRCLike))))))
          (@Semiring.toAddCommMonoid Complex
            (@Ring.toSemiring Complex
              (@DivisionRing.toRing Complex
                (@Field.toDivisionRing Complex
                  (@NormedField.toField Complex
                    (@DenselyNormedField.toNormedField Complex
                      (@RCLike.toDenselyNormedField Complex Complex.instRCLike)))))))
          (@Semiring.toModule Complex
            (@DivisionSemiring.toSemiring Complex
              (@Semifield.toDivisionSemiring Complex
                (@Field.toSemifield Complex
                  (@NormedField.toField Complex
                    (@DenselyNormedField.toNormedField Complex
                      (@RCLike.toDenselyNormedField Complex Complex.instRCLike)))))))))
      (@WithLp.instModule
        (@OfNat.ofNat ENNReal (nat_lit 2)
          (@instOfNatAtLeastTwo ENNReal (nat_lit 2)
            (@AddMonoidWithOne.toNatCast ENNReal
              (@AddCommMonoidWithOne.toAddMonoidWithOne ENNReal ENNReal.instAddCommMonoidWithOne))
            PiLp.innerProductSpace._proof_1))
        Complex ((i : Fin n) → (fun x => Complex) i)
        (@DivisionSemiring.toSemiring Complex
          (@Semifield.toDivisionSemiring Complex
            (@Field.toSemifield Complex
              (@NormedField.toField Complex
                (@DenselyNormedField.toNormedField Complex
                  (@RCLike.toDenselyNormedField Complex Complex.instRCLike))))))
        (@Pi.addCommGroup (Fin n) (fun x => Complex) fun i =>
          @Ring.toAddCommGroup Complex
            (@DivisionRing.toRing Complex
              (@Field.toDivisionRing Complex
                (@NormedField.toField Complex
                  (@DenselyNormedField.toNormedField Complex
                    (@RCLike.toDenselyNormedField Complex Complex.instRCLike))))))
        (@Pi.Function.module (Fin n) Complex Complex
          (@DivisionSemiring.toSemiring Complex
            (@Semifield.toDivisionSemiring Complex
              (@Field.toSemifield Complex
                (@NormedField.toField Complex
                  (@DenselyNormedField.toNormedField Complex
                    (@RCLike.toDenselyNormedField Complex Complex.instRCLike))))))
          (@Semiring.toAddCommMonoid Complex
            (@Ring.toSemiring Complex
              (@DivisionRing.toRing Complex
                (@Field.toDivisionRing Complex
                  (@NormedField.toField Complex
                    (@DenselyNormedField.toNormedField Complex
                      (@RCLike.toDenselyNormedField Complex Complex.instRCLike)))))))
          (@Semiring.toModule Complex
            (@DivisionSemiring.toSemiring Complex
              (@Semifield.toDivisionSemiring Complex
                (@Field.toSemifield Complex
                  (@NormedField.toField Complex
                    (@DenselyNormedField.toNormedField Complex
                      (@RCLike.toDenselyNormedField Complex Complex.instRCLike))))))))))
    (@ContinuousLinearMap.hasOpNorm Complex Complex (EuclideanSpace Complex (Fin n)) (EuclideanSpace Complex (Fin n))
      (@PiLp.seminormedAddCommGroup
        (@OfNat.ofNat ENNReal (nat_lit 2)
          (@instOfNatAtLeastTwo ENNReal (nat_lit 2)
            (@AddMonoidWithOne.toNatCast ENNReal
              (@AddCommMonoidWithOne.toAddMonoidWithOne ENNReal ENNReal.instAddCommMonoidWithOne))
            PiLp.innerProductSpace._proof_1))
        (Fin n) (fun x => Complex) fact_one_le_two_ennreal (Fin.fintype n) fun i =>
        @NonUnitalSeminormedRing.toSeminormedAddCommGroup Complex
          (@NonUnitalSeminormedCommRing.toNonUnitalSeminormedRing Complex
            (@SeminormedCommRing.toNonUnitalSeminormedCommRing Complex
              (@NormedCommRing.toSeminormedCommRing Complex
                (@CommCStarAlgebra.toNormedCommRing Complex instCommCStarAlgebraComplex)))))
      (@PiLp.seminormedAddCommGroup
        (@OfNat.ofNat ENNReal (nat_lit 2)
          (@instOfNatAtLeastTwo ENNReal (nat_lit 2)
            (@AddMonoidWithOne.toNatCast ENNReal
              (@AddCommMonoidWithOne.toAddMonoidWithOne ENNReal ENNReal.instAddCommMonoidWithOne))
            PiLp.innerProductSpace._proof_1))
        (Fin n) (fun x => Complex) fact_one_le_two_ennreal (Fin.fintype n) fun i =>
        @NonUnitalSeminormedRing.toSeminormedAddCommGroup Complex
          (@NonUnitalSeminormedCommRing.toNonUnitalSeminormedRing Complex
            (@SeminormedCommRing.toNonUnitalSeminormedCommRing Complex
              (@NormedCommRing.toSeminormedCommRing Complex
                (@CommCStarAlgebra.toNormedCommRing Complex instCommCStarAlgebraComplex)))))
      (@DenselyNormedField.toNontriviallyNormedField Complex Complex.instDenselyNormedField)
      (@DenselyNormedField.toNontriviallyNormedField Complex Complex.instDenselyNormedField)
      (@PiLp.normedSpace
        (@OfNat.ofNat ENNReal (nat_lit 2)
          (@instOfNatAtLeastTwo ENNReal (nat_lit 2)
            (@AddMonoidWithOne.toNatCast ENNReal
              (@AddCommMonoidWithOne.toAddMonoidWithOne ENNReal ENNReal.instAddCommMonoidWithOne))
            PiLp.innerProductSpace._proof_1))
        Complex (Fin n) (fun x => Complex) fact_one_le_two_ennreal (Fin.fintype n)
        (@NontriviallyNormedField.toNormedField Complex
          (@DenselyNormedField.toNontriviallyNormedField Complex Complex.instDenselyNormedField))
        (fun i =>
          @NonUnitalSeminormedRing.toSeminormedAddCommGroup Complex
            (@NonUnitalSeminormedCommRing.toNonUnitalSeminormedRing Complex
              (@SeminormedCommRing.toNonUnitalSeminormedCommRing Complex
                (@NormedCommRing.toSeminormedCommRing Complex
                  (@CommCStarAlgebra.toNormedCommRing Complex instCommCStarAlgebraComplex)))))
        fun i =>
        @NonUnitalCStarAlgebra.toNormedSpace Complex
          (@NonUnitalCommCStarAlgebra.toNonUnitalCStarAlgebra Complex
            (@CommCStarAlgebra.toNonUnitalCommCStarAlgebra Complex instCommCStarAlgebraComplex)))
      (@PiLp.normedSpace
        (@OfNat.ofNat ENNReal (nat_lit 2)
          (@instOfNatAtLeastTwo ENNReal (nat_lit 2)
            (@AddMonoidWithOne.toNatCast ENNReal
              (@AddCommMonoidWithOne.toAddMonoidWithOne ENNReal ENNReal.instAddCommMonoidWithOne))
            PiLp.innerProductSpace._proof_1))
        Complex (Fin n) (fun x => Complex) fact_one_le_two_ennreal (Fin.fintype n)
        (@NontriviallyNormedField.toNormedField Complex
          (@DenselyNormedField.toNontriviallyNormedField Complex Complex.instDenselyNormedField))
        (fun i =>
          @NonUnitalSeminormedRing.toSeminormedAddCommGroup Complex
            (@NonUnitalSeminormedCommRing.toNonUnitalSeminormedRing Complex
              (@SeminormedCommRing.toNonUnitalSeminormedCommRing Complex
                (@NormedCommRing.toSeminormedCommRing Complex
                  (@CommCStarAlgebra.toNormedCommRing Complex instCommCStarAlgebraComplex)))))
        fun i =>
        @NonUnitalCStarAlgebra.toNormedSpace Complex
          (@NonUnitalCommCStarAlgebra.toNonUnitalCStarAlgebra Complex
            (@CommCStarAlgebra.toNonUnitalCommCStarAlgebra Complex instCommCStarAlgebraComplex)))
      (@RingHom.id Complex
        (@Semiring.toNonAssocSemiring Complex
          (@DivisionSemiring.toSemiring Complex
            (@Semifield.toDivisionSemiring Complex
              (@Field.toSemifield Complex
                (@NormedField.toField Complex
                  (@DenselyNormedField.toNormedField Complex
                    (@RCLike.toDenselyNormedField Complex Complex.instRCLike)))))))))
    (@DFunLike.coe
      (@StarAlgEquiv Complex (Matrix (Fin n) (Fin n) Complex)
        (@ContinuousLinearMap Complex Complex
          (@DivisionSemiring.toSemiring Complex
            (@Semifield.toDivisionSemiring Complex
              (@Field.toSemifield Complex
                (@NormedField.toField Complex
                  (@DenselyNormedField.toNormedField Complex
                    (@RCLike.toDenselyNormedField Complex Complex.instRCLike))))))
          (@DivisionSemiring.toSemiring Complex
            (@Semifield.toDivisionSemiring Complex
              (@Field.toSemifield Complex
                (@NormedField.toField Complex
                  (@DenselyNormedField.toNormedField Complex
                    (@RCLike.toDenselyNormedField Complex Complex.instRCLike))))))
          (@RingHom.id Complex
            (@Semiring.toNonAssocSemiring Complex
              (@DivisionSemiring.toSemiring Complex
                (@Semifield.toDivisionSemiring Complex
                  (@Field.toSemifield Complex
                    (@NormedField.toField Complex
                      (@DenselyNormedField.toNormedField Complex
                        (@RCLike.toDenselyNormedField Complex Complex.instRCLike))))))))
          (EuclideanSpace Complex (Fin n))
          (@PiLp.topologicalSpace
            (@OfNat.ofNat ENNReal (nat_lit 2)
              (@instOfNatAtLeastTwo ENNReal (nat_lit 2)
                (@AddMonoidWithOne.toNatCast ENNReal
                  (@AddCommMonoidWithOne.toAddMonoidWithOne ENNReal ENNReal.instAddCommMonoidWithOne))
                PiLp.innerProductSpace._proof_1))
            (Fin n) (fun x => Complex) fun i =>
            @UniformSpace.toTopologicalSpace Complex
              (@PseudoMetricSpace.toUniformSpace Complex
                (@SeminormedRing.toPseudoMetricSpace Complex
                  (@SeminormedCommRing.toSeminormedRing Complex
                    (@NormedCommRing.toSeminormedCommRing Complex
                      (@NormedField.toNormedCommRing Complex
                        (@DenselyNormedField.toNormedField Complex
                          (@RCLike.toDenselyNormedField Complex Complex.instRCLike))))))))
          (@AddCommGroup.toAddCommMonoid (EuclideanSpace Complex (Fin n))
            (@WithLp.instAddCommGroup
              (@OfNat.ofNat ENNReal (nat_lit 2)
                (@instOfNatAtLeastTwo ENNReal (nat_lit 2)
                  (@AddMonoidWithOne.toNatCast ENNReal
                    (@AddCommMonoidWithOne.toAddMonoidWithOne ENNReal ENNReal.instAddCommMonoidWithOne))
                  PiLp.innerProductSpace._proof_1))
              ((i : Fin n) → (fun x => Complex) i)
              (@Pi.addCommGroup (Fin n) (fun x => Complex) fun i =>
                @Ring.toAddCommGroup Complex
                  (@DivisionRing.toRing Complex
                    (@Field.toDivisionRing Complex
                      (@NormedField.toField Complex
                        (@DenselyNormedField.toNormedField Complex
                          (@RCLike.toDenselyNormedField Complex Complex.instRCLike))))))))
          (EuclideanSpace Complex (Fin n))
          (@PiLp.topologicalSpace
            (@OfNat.ofNat ENNReal (nat_lit 2)
              (@instOfNatAtLeastTwo ENNReal (nat_lit 2)
                (@AddMonoidWithOne.toNatCast ENNReal
                  (@AddCommMonoidWithOne.toAddMonoidWithOne ENNReal ENNReal.instAddCommMonoidWithOne))
                PiLp.innerProductSpace._proof_1))
            (Fin n) (fun x => Complex) fun i =>
            @UniformSpace.toTopologicalSpace Complex
              (@PseudoMetricSpace.toUniformSpace Complex
                (@SeminormedRing.toPseudoMetricSpace Complex
                  (@SeminormedCommRing.toSeminormedRing Complex
                    (@NormedCommRing.toSeminormedCommRing Complex
                      (@NormedField.toNormedCommRing Complex
                        (@DenselyNormedField.toNormedField Complex
                          (@RCLike.toDenselyNormedField Complex Complex.instRCLike))))))))
          (@AddCommGroup.toAddCommMonoid (EuclideanSpace Complex (Fin n))
            (@WithLp.instAddCommGroup
              (@OfNat.ofNat ENNReal (nat_lit 2)
                (@instOfNatAtLeastTwo ENNReal (nat_lit 2)
                  (@AddMonoidWithOne.toNatCast ENNReal
                    (@AddCommMonoidWithOne.toAddMonoidWithOne ENNReal ENNReal.instAddCommMonoidWithOne))
                  PiLp.innerProductSpace._proof_1))
              ((i : Fin n) → (fun x => Complex) i)
              (@Pi.addCommGroup (Fin n) (fun x => Complex) fun i =>
                @Ring.toAddCommGroup Complex
                  (@DivisionRing.toRing Complex
                    (@Field.toDivisionRing Complex
                      (@NormedField.toField Complex
                        (@DenselyNormedField.toNormedField Complex
                          (@RCLike.toDenselyNormedField Complex Complex.instRCLike))))))))
          (@WithLp.instModule
            (@OfNat.ofNat ENNReal (nat_lit 2)
              (@instOfNatAtLeastTwo ENNReal (nat_lit 2)
                (@AddMonoidWithOne.toNatCast ENNReal
                  (@AddCommMonoidWithOne.toAddMonoidWithOne ENNReal ENNReal.instAddCommMonoidWithOne))
                PiLp.innerProductSpace._proof_1))
            Complex ((i : Fin n) → (fun x => Complex) i)
            (@DivisionSemiring.toSemiring Complex
              (@Semifield.toDivisionSemiring Complex
                (@Field.toSemifield Complex
                  (@NormedField.toField Complex
                    (@DenselyNormedField.toNormedField Complex
                      (@RCLike.toDenselyNormedField Complex Complex.instRCLike))))))
            (@Pi.addCommGroup (Fin n) (fun x => Complex) fun i =>
              @Ring.toAddCommGroup Complex
                (@DivisionRing.toRing Complex
                  (@Field.toDivisionRing Complex
                    (@NormedField.toField Complex
                      (@DenselyNormedField.toNormedField Complex
                        (@RCLike.toDenselyNormedField Complex Complex.instRCLike))))))
            (@Pi.Function.module (Fin n) Complex Complex
              (@DivisionSemiring.toSemiring Complex
                (@Semifield.toDivisionSemiring Complex
                  (@Field.toSemifield Complex
                    (@NormedField.toField Complex
                      (@DenselyNormedField.toNormedField Complex
                        (@RCLike.toDenselyNormedField Complex Complex.instRCLike))))))
              (@Semiring.toAddCommMonoid Complex
                (@Ring.toSemiring Complex
                  (@DivisionRing.toRing Complex
                    (@Field.toDivisionRing Complex
                      (@NormedField.toField Complex
                        (@DenselyNormedField.toNormedField Complex
                          (@RCLike.toDenselyNormedField Complex Complex.instRCLike)))))))
              (@Semiring.toModule Complex
                (@DivisionSemiring.toSemiring Complex
                  (@Semifield.toDivisionSemiring Complex
                    (@Field.toSemifield Complex
                      (@NormedField.toField Complex
                        (@DenselyNormedField.toNormedField Complex
                          (@RCLike.toDenselyNormedField Complex Complex.instRCLike)))))))))
          (@WithLp.instModule
            (@OfNat.ofNat ENNReal (nat_lit 2)
              (@instOfNatAtLeastTwo ENNReal (nat_lit 2)
                (@AddMonoidWithOne.toNatCast ENNReal
                  (@AddCommMonoidWithOne.toAddMonoidWithOne ENNReal ENNReal.instAddCommMonoidWithOne))
                PiLp.innerProductSpace._proof_1))
            Complex ((i : Fin n) → (fun x => Complex) i)
            (@DivisionSemiring.toSemiring Complex
              (@Semifield.toDivisionSemiring Complex
                (@Field.toSemifield Complex
                  (@NormedField.toField Complex
                    (@DenselyNormedField.toNormedField Complex
                      (@RCLike.toDenselyNormedField Complex Complex.instRCLike))))))
            (@Pi.addCommGroup (Fin n) (fun x => Complex) fun i =>
              @Ring.toAddCommGroup Complex
                (@DivisionRing.toRing Complex
                  (@Field.toDivisionRing Complex
                    (@NormedField.toField Complex
                      (@DenselyNormedField.toNormedField Complex
                        (@RCLike.toDenselyNormedField Complex Complex.instRCLike))))))
            (@Pi.Function.module (Fin n) Complex Complex
              (@DivisionSemiring.toSemiring Complex
                (@Semifield.toDivisionSemiring Complex
                  (@Field.toSemifield Complex
                    (@NormedField.toField Complex
                      (@DenselyNormedField.toNormedField Complex
                        (@RCLike.toDenselyNormedField Complex Complex.instRCLike))))))
              (@Semiring.toAddCommMonoid Complex
                (@Ring.toSemiring Complex
                  (@DivisionRing.toRing Complex
                    (@Field.toDivisionRing Complex
                      (@NormedField.toField Complex
                        (@DenselyNormedField.toNormedField Complex
                          (@RCLike.toDenselyNormedField Complex Complex.instRCLike)))))))
              (@Semiring.toModule Complex
                (@DivisionSemiring.toSemiring Complex
                  (@Semifield.toDivisionSemiring Complex
                    (@Field.toSemifield Complex
                      (@NormedField.toField Complex
                        (@DenselyNormedField.toNormedField Complex
                          (@RCLike.toDenselyNormedField Complex Complex.instRCLike))))))))))
        (@Matrix.add (Fin n) (Fin n) Complex
          (@Distrib.toAdd Complex
            (@instDistribOfSemiring Complex
              (@DivisionSemiring.toSemiring Complex
                (@Semifield.toDivisionSemiring Complex
                  (@Field.toSemifield Complex
                    (@NormedField.toField Complex
                      (@DenselyNormedField.toNormedField Complex
                        (@RCLike.toDenselyNormedField Complex Complex.instRCLike)))))))))
        (@ContinuousLinearMap.add Complex Complex
          (@DivisionSemiring.toSemiring Complex
            (@Semifield.toDivisionSemiring Complex
              (@Field.toSemifield Complex
                (@NormedField.toField Complex
                  (@DenselyNormedField.toNormedField Complex
                    (@RCLike.toDenselyNormedField Complex Complex.instRCLike))))))
          (@DivisionSemiring.toSemiring Complex
            (@Semifield.toDivisionSemiring Complex
              (@Field.toSemifield Complex
                (@NormedField.toField Complex
                  (@DenselyNormedField.toNormedField Complex
                    (@RCLike.toDenselyNormedField Complex Complex.instRCLike))))))
          (@RingHom.id Complex
            (@Semiring.toNonAssocSemiring Complex
              (@DivisionSemiring.toSemiring Complex
                (@Semifield.toDivisionSemiring Complex
                  (@Field.toSemifield Complex
                    (@NormedField.toField Complex
                      (@DenselyNormedField.toNormedField Complex
                        (@RCLike.toDenselyNormedField Complex Complex.instRCLike))))))))
          (EuclideanSpace Complex (Fin n))
          (@PiLp.topologicalSpace
            (@OfNat.ofNat ENNReal (nat_lit 2)
              (@instOfNatAtLeastTwo ENNReal (nat_lit 2)
                (@AddMonoidWithOne.toNatCast ENNReal
                  (@AddCommMonoidWithOne.toAddMonoidWithOne ENNReal ENNReal.instAddCommMonoidWithOne))
                PiLp.innerProductSpace._proof_1))
            (Fin n) (fun x => Complex) fun i =>
            @UniformSpace.toTopologicalSpace Complex
              (@PseudoMetricSpace.toUniformSpace Complex
                (@SeminormedRing.toPseudoMetricSpace Complex
                  (@SeminormedCommRing.toSeminormedRing Complex
                    (@NormedCommRing.toSeminormedCommRing Complex
                      (@NormedField.toNormedCommRing Complex
                        (@DenselyNormedField.toNormedField Complex
                          (@RCLike.toDenselyNormedField Complex Complex.instRCLike))))))))
          (@AddCommGroup.toAddCommMonoid (EuclideanSpace Complex (Fin n))
            (@WithLp.instAddCommGroup
              (@OfNat.ofNat ENNReal (nat_lit 2)
                (@instOfNatAtLeastTwo ENNReal (nat_lit 2)
                  (@AddMonoidWithOne.toNatCast ENNReal
                    (@AddCommMonoidWithOne.toAddMonoidWithOne ENNReal ENNReal.instAddCommMonoidWithOne))
                  PiLp.innerProductSpace._proof_1))
              ((i : Fin n) → (fun x => Complex) i)
              (@Pi.addCommGroup (Fin n) (fun x => Complex) fun i =>
                @Ring.toAddCommGroup Complex
                  (@DivisionRing.toRing Complex
                    (@Field.toDivisionRing Complex
                      (@NormedField.toField Complex
                        (@DenselyNormedField.toNormedField Complex
                          (@RCLike.toDenselyNormedField Complex Complex.instRCLike))))))))
          (EuclideanSpace Complex (Fin n))
          (@PiLp.topologicalSpace
            (@OfNat.ofNat ENNReal (nat_lit 2)
              (@instOfNatAtLeastTwo ENNReal (nat_lit 2)
                (@AddMonoidWithOne.toNatCast ENNReal
                  (@AddCommMonoidWithOne.toAddMonoidWithOne ENNReal ENNReal.instAddCommMonoidWithOne))
                PiLp.innerProductSpace._proof_1))
            (Fin n) (fun x => Complex) fun i =>
            @UniformSpace.toTopologicalSpace Complex
              (@PseudoMetricSpace.toUniformSpace Complex
                (@SeminormedRing.toPseudoMetricSpace Complex
                  (@SeminormedCommRing.toSeminormedRing Complex
                    (@NormedCommRing.toSeminormedCommRing Complex
                      (@NormedField.toNormedCommRing Complex
                        (@DenselyNormedField.toNormedField Complex
                          (@RCLike.toDenselyNormedField Complex Complex.instRCLike))))))))
          (@AddCommGroup.toAddCommMonoid (EuclideanSpace Complex (Fin n))
            (@WithLp.instAddCommGroup
              (@OfNat.ofNat ENNReal (nat_lit 2)
                (@instOfNatAtLeastTwo ENNReal (nat_lit 2)
                  (@AddMonoidWithOne.toNatCast ENNReal
                    (@AddCommMonoidWithOne.toAddMonoidWithOne ENNReal ENNReal.instAddCommMonoidWithOne))
                  PiLp.innerProductSpace._proof_1))
              ((i : Fin n) → (fun x => Complex) i)
              (@Pi.addCommGroup (Fin n) (fun x => Complex) fun i =>
                @Ring.toAddCommGroup Complex
                  (@DivisionRing.toRing Complex
                    (@Field.toDivisionRing Complex
                      (@NormedField.toField Complex
                        (@DenselyNormedField.toNormedField Complex
                          (@RCLike.toDenselyNormedField Complex Complex.instRCLike))))))))
          (@WithLp.instModule
            (@OfNat.ofNat ENNReal (nat_lit 2)
              (@instOfNatAtLeastTwo ENNReal (nat_lit 2)
                (@AddMonoidWithOne.toNatCast ENNReal
                  (@AddCommMonoidWithOne.toAddMonoidWithOne ENNReal ENNReal.instAddCommMonoidWithOne))
                PiLp.innerProductSpace._proof_1))
            Complex ((i : Fin n) → (fun x => Complex) i)
            (@DivisionSemiring.toSemiring Complex
              (@Semifield.toDivisionSemiring Complex
                (@Field.toSemifield Complex
                  (@NormedField.toField Complex
                    (@DenselyNormedField.toNormedField Complex
                      (@RCLike.toDenselyNormedField Complex Complex.instRCLike))))))
            (@Pi.addCommGroup (Fin n) (fun x => Complex) fun i =>
              @Ring.toAddCommGroup Complex
                (@DivisionRing.toRing Complex
                  (@Field.toDivisionRing Complex
                    (@NormedField.toField Complex
                      (@DenselyNormedField.toNormedField Complex
                        (@RCLike.toDenselyNormedField Complex Complex.instRCLike))))))
            (@Pi.Function.module (Fin n) Complex Complex
              (@DivisionSemiring.toSemiring Complex
                (@Semifield.toDivisionSemiring Complex
                  (@Field.toSemifield Complex
                    (@NormedField.toField Complex
                      (@DenselyNormedField.toNormedField Complex
                        (@RCLike.toDenselyNormedField Complex Complex.instRCLike))))))
              (@Semiring.toAddCommMonoid Complex
                (@Ring.toSemiring Complex
                  (@DivisionRing.toRing Complex
                    (@Field.toDivisionRing Complex
                      (@NormedField.toField Complex
                        (@DenselyNormedField.toNormedField Complex
                          (@RCLike.toDenselyNormedField Complex Complex.instRCLike)))))))
              (@Semiring.toModule Complex
                (@DivisionSemiring.toSemiring Complex
                  (@Semifield.toDivisionSemiring Complex
                    (@Field.toSemifield Complex
                      (@NormedField.toField Complex
                        (@DenselyNormedField.toNormedField Complex
                          (@RCLike.toDenselyNormedField Complex Complex.instRCLike)))))))))
          (@WithLp.instModule
            (@OfNat.ofNat ENNReal (nat_lit 2)
              (@instOfNatAtLeastTwo ENNReal (nat_lit 2)
                (@AddMonoidWithOne.toNatCast ENNReal
                  (@AddCommMonoidWithOne.toAddMonoidWithOne ENNReal ENNReal.instAddCommMonoidWithOne))
                PiLp.innerProductSpace._proof_1))
            Complex ((i : Fin n) → (fun x => Complex) i)
            (@DivisionSemiring.toSemiring Complex
              (@Semifield.toDivisionSemiring Complex
                (@Field.toSemifield Complex
                  (@NormedField.toField Complex
                    (@DenselyNormedField.toNormedField Complex
                      (@RCLike.toDenselyNormedField Complex Complex.instRCLike))))))
            (@Pi.addCommGroup (Fin n) (fun x => Complex) fun i =>
              @Ring.toAddCommGroup Complex
                (@DivisionRing.toRing Complex
                  (@Field.toDivisionRing Complex
                    (@NormedField.toField Complex
                      (@DenselyNormedField.toNormedField Complex
                        (@RCLike.toDenselyNormedField Complex Complex.instRCLike))))))
            (@Pi.Function.module (Fin n) Complex Complex
              (@DivisionSemiring.toSemiring Complex
                (@Semifield.toDivisionSemiring Complex
                  (@Field.toSemifield Complex
                    (@NormedField.toField Complex
                      (@DenselyNormedField.toNormedField Complex
                        (@RCLike.toDenselyNormedField Complex Complex.instRCLike))))))
              (@Semiring.toAddCommMonoid Complex
                (@Ring.toSemiring Complex
                  (@DivisionRing.toRing Complex
                    (@Field.toDivisionRing Complex
                      (@NormedField.toField Complex
                        (@DenselyNormedField.toNormedField Complex
                          (@RCLike.toDenselyNormedField Complex Complex.instRCLike)))))))
              (@Semiring.toModule Complex
                (@DivisionSemiring.toSemiring Complex
                  (@Semifield.toDivisionSemiring Complex
                    (@Field.toSemifield Complex
                      (@NormedField.toField Complex
                        (@DenselyNormedField.toNormedField Complex
                          (@RCLike.toDenselyNormedField Complex Complex.instRCLike)))))))))
          ⋯)
        (@Matrix.instMulOfFintypeOfAddCommMonoid (Fin n) Complex (Fin.fintype n)
          (@Distrib.toMul Complex
            (@instDistribOfSemiring Complex
              (@DivisionSemiring.toSemiring Complex
                (@Semifield.toDivisionSemiring Complex
                  (@Field.toSemifield Complex
                    (@NormedField.toField Complex
                      (@DenselyNormedField.toNormedField Complex
                        (@RCLike.toDenselyNormedField Complex Complex.instRCLike))))))))
          (@Semiring.toAddCommMonoid Complex
            (@DivisionSemiring.toSemiring Complex
              (@Semifield.toDivisionSemiring Complex
                (@Field.toSemifield Complex
                  (@NormedField.toField Complex
                    (@DenselyNormedField.toNormedField Complex
                      (@RCLike.toDenselyNormedField Complex Complex.instRCLike))))))))
        (@ContinuousLinearMap.instMul Complex
          (@DivisionSemiring.toSemiring Complex
            (@Semifield.toDivisionSemiring Complex
              (@Field.toSemifield Complex
                (@NormedField.toField Complex
                  (@DenselyNormedField.toNormedField Complex
                    (@RCLike.toDenselyNormedField Complex Complex.instRCLike))))))
          (EuclideanSpace Complex (Fin n))
          (@PiLp.topologicalSpace
            (@OfNat.ofNat ENNReal (nat_lit 2)
              (@instOfNatAtLeastTwo ENNReal (nat_lit 2)
                (@AddMonoidWithOne.toNatCast ENNReal
                  (@AddCommMonoidWithOne.toAddMonoidWithOne ENNReal ENNReal.instAddCommMonoidWithOne))
                PiLp.innerProductSpace._proof_1))
            (Fin n) (fun x => Complex) fun i =>
            @UniformSpace.toTopologicalSpace Complex
              (@PseudoMetricSpace.toUniformSpace Complex
                (@SeminormedRing.toPseudoMetricSpace Complex
                  (@SeminormedCommRing.toSeminormedRing Complex
                    (@NormedCommRing.toSeminormedCommRing Complex
                      (@NormedField.toNormedCommRing Complex
                        (@DenselyNormedField.toNormedField Complex
                          (@RCLike.toDenselyNormedField Complex Complex.instRCLike))))))))
          (@AddCommGroup.toAddCommMonoid (EuclideanSpace Complex (Fin n))
            (@WithLp.instAddCommGroup
              (@OfNat.ofNat ENNReal (nat_lit 2)
                (@instOfNatAtLeastTwo ENNReal (nat_lit 2)
                  (@AddMonoidWithOne.toNatCast ENNReal
                    (@AddCommMonoidWithOne.toAddMonoidWithOne ENNReal ENNReal.instAddCommMonoidWithOne))
                  PiLp.innerProductSpace._proof_1))
              ((i : Fin n) → (fun x => Complex) i)
              (@Pi.addCommGroup (Fin n) (fun x => Complex) fun i =>
                @Ring.toAddCommGroup Complex
                  (@DivisionRing.toRing Complex
                    (@Field.toDivisionRing Complex
                      (@NormedField.toField Complex
                        (@DenselyNormedField.toNormedField Complex
                          (@RCLike.toDenselyNormedField Complex Complex.instRCLike))))))))
          (@WithLp.instModule
            (@OfNat.ofNat ENNReal (nat_lit 2)
              (@instOfNatAtLeastTwo ENNReal (nat_lit 2)
                (@AddMonoidWithOne.toNatCast ENNReal
                  (@AddCommMonoidWithOne.toAddMonoidWithOne ENNReal ENNReal.instAddCommMonoidWithOne))
                PiLp.innerProductSpace._proof_1))
            Complex ((i : Fin n) → (fun x => Complex) i)
            (@DivisionSemiring.toSemiring Complex
              (@Semifield.toDivisionSemiring Complex
                (@Field.toSemifield Complex
                  (@NormedField.toField Complex
                    (@DenselyNormedField.toNormedField Complex
                      (@RCLike.toDenselyNormedField Complex Complex.instRCLike))))))
            (@Pi.addCommGroup (Fin n) (fun x => Complex) fun i =>
              @Ring.toAddCommGroup Complex
                (@DivisionRing.toRing Complex
                  (@Field.toDivisionRing Complex
                    (@NormedField.toField Complex
                      (@DenselyNormedField.toNormedField Complex
                        (@RCLike.toDenselyNormedField Complex Complex.instRCLike))))))
            (@Pi.Function.module (Fin n) Complex Complex
              (@DivisionSemiring.toSemiring Complex
                (@Semifield.toDivisionSemiring Complex
                  (@Field.toSemifield Complex
                    (@NormedField.toField Complex
                      (@DenselyNormedField.toNormedField Complex
                        (@RCLike.toDenselyNormedField Complex Complex.instRCLike))))))
              (@Semiring.toAddCommMonoid Complex
                (@Ring.toSemiring Complex
                  (@DivisionRing.toRing Complex
                    (@Field.toDivisionRing Complex
                      (@NormedField.toField Complex
                        (@DenselyNormedField.toNormedField Complex
                          (@RCLike.toDenselyNormedField Complex Complex.instRCLike)))))))
              (@Semiring.toModule Complex
                (@DivisionSemiring.toSemiring Complex
                  (@Semifield.toDivisionSemiring Complex
                    (@Field.toSemifield Complex
                      (@NormedField.toField Complex
                        (@DenselyNormedField.toNormedField Complex
                          (@RCLike.toDenselyNormedField Complex Complex.instRCLike))))))))))
        (@Matrix.smul (Fin n) (Fin n) Complex Complex
          (@instSMulOfMul Complex
            (@Distrib.toMul Complex
              (@instDistribOfSemiring Complex
                (@DivisionSemiring.toSemiring Complex
                  (@Semifield.toDivisionSemiring Complex
                    (@Field.toSemifield Complex
                      (@NormedField.toField Complex
                        (@DenselyNormedField.toNormedField Complex
                          (@RCLike.toDenselyNormedField Complex Complex.instRCLike))))))))))
        (@ContinuousLinearMap.instSMul Complex Complex
          (@DivisionSemiring.toSemiring Complex
            (@Semifield.toDivisionSemiring Complex
              (@Field.toSemifield Complex
                (@NormedField.toField Complex
                  (@DenselyNormedField.toNormedField Complex
                    (@RCLike.toDenselyNormedField Complex Complex.instRCLike))))))
          (@DivisionSemiring.toSemiring Complex
            (@Semifield.toDivisionSemiring Complex
              (@Field.toSemifield Complex
                (@NormedField.toField Complex
                  (@DenselyNormedField.toNormedField Complex
                    (@RCLike.toDenselyNormedField Complex Complex.instRCLike))))))
          (@RingHom.id Complex
            (@Semiring.toNonAssocSemiring Complex
              (@DivisionSemiring.toSemiring Complex
                (@Semifield.toDivisionSemiring Complex
                  (@Field.toSemifield Complex
                    (@NormedField.toField Complex
                      (@DenselyNormedField.toNormedField Complex
                        (@RCLike.toDenselyNormedField Complex Complex.instRCLike))))))))
          (EuclideanSpace Complex (Fin n))
          (@PiLp.topologicalSpace
            (@OfNat.ofNat ENNReal (nat_lit 2)
              (@instOfNatAtLeastTwo ENNReal (nat_lit 2)
                (@AddMonoidWithOne.toNatCast ENNReal
                  (@AddCommMonoidWithOne.toAddMonoidWithOne ENNReal ENNReal.instAddCommMonoidWithOne))
                PiLp.innerProductSpace._proof_1))
            (Fin n) (fun x => Complex) fun i =>
            @UniformSpace.toTopologicalSpace Complex
              (@PseudoMetricSpace.toUniformSpace Complex
                (@SeminormedRing.toPseudoMetricSpace Complex
                  (@SeminormedCommRing.toSeminormedRing Complex
                    (@NormedCommRing.toSeminormedCommRing Complex
                      (@NormedField.toNormedCommRing Complex
                        (@DenselyNormedField.toNormedField Complex
                          (@RCLike.toDenselyNormedField Complex Complex.instRCLike))))))))
          (@AddCommGroup.toAddCommMonoid (EuclideanSpace Complex (Fin n))
            (@WithLp.instAddCommGroup
              (@OfNat.ofNat ENNReal (nat_lit 2)
                (@instOfNatAtLeastTwo ENNReal (nat_lit 2)
                  (@AddMonoidWithOne.toNatCast ENNReal
                    (@AddCommMonoidWithOne.toAddMonoidWithOne ENNReal ENNReal.instAddCommMonoidWithOne))
                  PiLp.innerProductSpace._proof_1))
              ((i : Fin n) → (fun x => Complex) i)
              (@Pi.addCommGroup (Fin n) (fun x => Complex) fun i =>
                @Ring.toAddCommGroup Complex
                  (@DivisionRing.toRing Complex
                    (@Field.toDivisionRing Complex
                      (@NormedField.toField Complex
                        (@DenselyNormedField.toNormedField Complex
                          (@RCLike.toDenselyNormedField Complex Complex.instRCLike))))))))
          (EuclideanSpace Complex (Fin n))
          (@PiLp.topologicalSpace
            (@OfNat.ofNat ENNReal (nat_lit 2)
              (@instOfNatAtLeastTwo ENNReal (nat_lit 2)
                (@AddMonoidWithOne.toNatCast ENNReal
                  (@AddCommMonoidWithOne.toAddMonoidWithOne ENNReal ENNReal.instAddCommMonoidWithOne))
                PiLp.innerProductSpace._proof_1))
            (Fin n) (fun x => Complex) fun i =>
            @UniformSpace.toTopologicalSpace Complex
              (@PseudoMetricSpace.toUniformSpace Complex
                (@SeminormedRing.toPseudoMetricSpace Complex
                  (@SeminormedCommRing.toSeminormedRing Complex
                    (@NormedCommRing.toSeminormedCommRing Complex
                      (@NormedField.toNormedCommRing Complex
                        (@DenselyNormedField.toNormedField Complex
                          (@RCLike.toDenselyNormedField Complex Complex.instRCLike))))))))
          (@AddCommGroup.toAddCommMonoid (EuclideanSpace Complex (Fin n))
            (@WithLp.instAddCommGroup
              (@OfNat.ofNat ENNReal (nat_lit 2)
                (@instOfNatAtLeastTwo ENNReal (nat_lit 2)
                  (@AddMonoidWithOne.toNatCast ENNReal
                    (@AddCommMonoidWithOne.toAddMonoidWithOne ENNReal ENNReal.instAddCommMonoidWithOne))
                  PiLp.innerProductSpace._proof_1))
              ((i : Fin n) → (fun x => Complex) i)
              (@Pi.addCommGroup (Fin n) (fun x => Complex) fun i =>
                @Ring.toAddCommGroup Complex
                  (@DivisionRing.toRing Complex
                    (@Field.toDivisionRing Complex
                      (@NormedField.toField Complex
                        (@DenselyNormedField.toNormedField Complex
                          (@RCLike.toDenselyNormedField Complex Complex.instRCLike))))))))
          (@WithLp.instModule
            (@OfNat.ofNat ENNReal (nat_lit 2)
              (@instOfNatAtLeastTwo ENNReal (nat_lit 2)
                (@AddMonoidWithOne.toNatCast ENNReal
                  (@AddCommMonoidWithOne.toAddMonoidWithOne ENNReal ENNReal.instAddCommMonoidWithOne))
                PiLp.innerProductSpace._proof_1))
            Complex ((i : Fin n) → (fun x => Complex) i)
            (@DivisionSemiring.toSemiring Complex
              (@Semifield.toDivisionSemiring Complex
                (@Field.toSemifield Complex
                  (@NormedField.toField Complex
                    (@DenselyNormedField.toNormedField Complex
                      (@RCLike.toDenselyNormedField Complex Complex.instRCLike))))))
            (@Pi.addCommGroup (Fin n) (fun x => Complex) fun i =>
              @Ring.toAddCommGroup Complex
                (@DivisionRing.toRing Complex
                  (@Field.toDivisionRing Complex
                    (@NormedField.toField Complex
                      (@DenselyNormedField.toNormedField Complex
                        (@RCLike.toDenselyNormedField Complex Complex.instRCLike))))))
            (@Pi.Function.module (Fin n) Complex Complex
              (@DivisionSemiring.toSemiring Complex
                (@Semifield.toDivisionSemiring Complex
                  (@Field.toSemifield Complex
                    (@NormedField.toField Complex
                      (@DenselyNormedField.toNormedField Complex
                        (@RCLike.toDenselyNormedField Complex Complex.instRCLike))))))
              (@Semiring.toAddCommMonoid Complex
                (@Ring.toSemiring Complex
                  (@DivisionRing.toRing Complex
                    (@Field.toDivisionRing Complex
                      (@NormedField.toField Complex
                        (@DenselyNormedField.toNormedField Complex
                          (@RCLike.toDenselyNormedField Complex Complex.instRCLike)))))))
              (@Semiring.toModule Complex
                (@DivisionSemiring.toSemiring Complex
                  (@Semifield.toDivisionSemiring Complex
                    (@Field.toSemifield Complex
                      (@NormedField.toField Complex
                        (@DenselyNormedField.toNormedField Complex
                          (@RCLike.toDenselyNormedField Complex Complex.instRCLike)))))))))
          (@WithLp.instModule
            (@OfNat.ofNat ENNReal (nat_lit 2)
              (@instOfNatAtLeastTwo ENNReal (nat_lit 2)
                (@AddMonoidWithOne.toNatCast ENNReal
                  (@AddCommMonoidWithOne.toAddMonoidWithOne ENNReal ENNReal.instAddCommMonoidWithOne))
                PiLp.innerProductSpace._proof_1))
            Complex ((i : Fin n) → (fun x => Complex) i)
            (@DivisionSemiring.toSemiring Complex
              (@Semifield.toDivisionSemiring Complex
                (@Field.toSemifield Complex
                  (@NormedField.toField Complex
                    (@DenselyNormedField.toNormedField Complex
                      (@RCLike.toDenselyNormedField Complex Complex.instRCLike))))))
            (@Pi.addCommGroup (Fin n) (fun x => Complex) fun i =>
              @Ring.toAddCommGroup Complex
                (@DivisionRing.toRing Complex
                  (@Field.toDivisionRing Complex
                    (@NormedField.toField Complex
                      (@DenselyNormedField.toNormedField Complex
                        (@RCLike.toDenselyNormedField Complex Complex.instRCLike))))))
            (@Pi.Function.module (Fin n) Complex Complex
              (@DivisionSemiring.toSemiring Complex
                (@Semifield.toDivisionSemiring Complex
                  (@Field.toSemifield Complex
                    (@NormedField.toField Complex
                      (@DenselyNormedField.toNormedField Complex
                        (@RCLike.toDenselyNormedField Complex Complex.instRCLike))))))
              (@Semiring.toAddCommMonoid Complex
                (@Ring.toSemiring Complex
                  (@DivisionRing.toRing Complex
                    (@Field.toDivisionRing Complex
                      (@NormedField.toField Complex
                        (@DenselyNormedField.toNormedField Complex
                          (@RCLike.toDenselyNormedField Complex Complex.instRCLike)))))))
              (@Semiring.toModule Complex
                (@DivisionSemiring.toSemiring Complex
                  (@Semifield.toDivisionSemiring Complex
                    (@Field.toSemifield Complex
                      (@NormedField.toField Complex
                        (@DenselyNormedField.toNormedField Complex
                          (@RCLike.toDenselyNormedField Complex Complex.instRCLike)))))))))
          Complex
          (@DistribMulAction.toDistribSMul Complex (EuclideanSpace Complex (Fin n))
            (@Semiring.toMonoid Complex
              (@DivisionSemiring.toSemiring Complex
                (@Semifield.toDivisionSemiring Complex
                  (@Field.toSemifield Complex
                    (@NormedField.toField Complex
                      (@DenselyNormedField.toNormedField Complex
                        (@RCLike.toDenselyNormedField Complex Complex.instRCLike)))))))
            (@SubNegMonoid.toAddMonoid (EuclideanSpace Complex (Fin n))
              (@AddGroup.toSubNegMonoid (EuclideanSpace Complex (Fin n))
                (@AddCommGroup.toAddGroup (EuclideanSpace Complex (Fin n))
                  (@WithLp.instAddCommGroup
                    (@OfNat.ofNat ENNReal (nat_lit 2)
                      (@instOfNatAtLeastTwo ENNReal (nat_lit 2)
                        (@AddMonoidWithOne.toNatCast ENNReal
                          (@AddCommMonoidWithOne.toAddMonoidWithOne ENNReal ENNReal.instAddCommMonoidWithOne))
                        PiLp.innerProductSpace._proof_1))
                    ((i : Fin n) → (fun x => Complex) i)
                    (@Pi.addCommGroup (Fin n) (fun x => Complex) fun i =>
                      @Ring.toAddCommGroup Complex
                        (@DivisionRing.toRing Complex
                          (@Field.toDivisionRing Complex
                            (@NormedField.toField Complex
                              (@DenselyNormedField.toNormedField Complex
                                (@RCLike.toDenselyNormedField Complex Complex.instRCLike))))))))))
            (@WithLp.instDistribMulAction
              (@OfNat.ofNat ENNReal (nat_lit 2)
                (@instOfNatAtLeastTwo ENNReal (nat_lit 2)
                  (@AddMonoidWithOne.toNatCast ENNReal
                    (@AddCommMonoidWithOne.toAddMonoidWithOne ENNReal ENNReal.instAddCommMonoidWithOne))
                  PiLp.innerProductSpace._proof_1))
              Complex ((i : Fin n) → (fun x => Complex) i)
              (@Semiring.toMonoid Complex
                (@DivisionSemiring.toSemiring Complex
                  (@Semifield.toDivisionSemiring Complex
                    (@Field.toSemifield Complex
                      (@NormedField.toField Complex
                        (@DenselyNormedField.toNormedField Complex
                          (@RCLike.toDenselyNormedField Complex Complex.instRCLike)))))))
              (@Pi.addCommGroup (Fin n) (fun x => Complex) fun i =>
                @Ring.toAddCommGroup Complex
                  (@DivisionRing.toRing Complex
                    (@Field.toDivisionRing Complex
                      (@NormedField.toField Complex
                        (@DenselyNormedField.toNormedField Complex
                          (@RCLike.toDenselyNormedField Complex Complex.instRCLike))))))
              (@Pi.distribMulAction (Fin n) (fun x => Complex) Complex
                (@Semiring.toMonoid Complex
                  (@DivisionSemiring.toSemiring Complex
                    (@Semifield.toDivisionSemiring Complex
                      (@Field.toSemifield Complex
                        (@NormedField.toField Complex
                          (@DenselyNormedField.toNormedField Complex
                            (@RCLike.toDenselyNormedField Complex Complex.instRCLike)))))))
                (fun i =>
                  @SubNegMonoid.toAddMonoid ((fun x => Complex) i)
                    ((fun i =>
                        @AddGroup.toSubNegMonoid ((fun x => Complex) i)
                          ((fun i =>
                              @AddCommGroup.toAddGroup ((fun x => Complex) i)
                                ((fun i =>
                                    @Ring.toAddCommGroup Complex
                                      (@DivisionRing.toRing Complex
                                        (@Field.toDivisionRing Complex
                                          (@NormedField.toField Complex
                                            (@DenselyNormedField.toNormedField Complex
                                              (@RCLike.toDenselyNormedField Complex Complex.instRCLike))))))
                                  i))
                            i))
                      i))
                fun i =>
                @Module.toDistribMulAction Complex Complex
                  (@DivisionSemiring.toSemiring Complex
                    (@Semifield.toDivisionSemiring Complex
                      (@Field.toSemifield Complex
                        (@NormedField.toField Complex
                          (@DenselyNormedField.toNormedField Complex
                            (@RCLike.toDenselyNormedField Complex Complex.instRCLike))))))
                  (@Semiring.toAddCommMonoid Complex
                    (@DivisionSemiring.toSemiring Complex
                      (@Semifield.toDivisionSemiring Complex
                        (@Field.toSemifield Complex
                          (@NormedField.toField Complex
                            (@DenselyNormedField.toNormedField Complex
                              (@RCLike.toDenselyNormedField Complex Complex.instRCLike)))))))
                  (@Semiring.toModule Complex
                    (@DivisionSemiring.toSemiring Complex
                      (@Semifield.toDivisionSemiring Complex
                        (@Field.toSemifield Complex
                          (@NormedField.toField Complex
                            (@DenselyNormedField.toNormedField Complex
                              (@RCLike.toDenselyNormedField Complex Complex.instRCLike))))))))))
          ⋯ ⋯)
        (@Matrix.instStar (Fin n) Complex
          (@InvolutiveStar.toStar Complex
            (@StarAddMonoid.toInvolutiveStar Complex
              (@AddCommMonoid.toAddMonoid Complex
                (@NonUnitalNonAssocSemiring.toAddCommMonoid Complex
                  (@NonUnitalNonAssocRing.toNonUnitalNonAssocSemiring Complex
                    (@NonUnitalNonAssocCommRing.toNonUnitalNonAssocRing Complex
                      (@NonUnitalCommRing.toNonUnitalNonAssocCommRing Complex
                        (@CommRing.toNonUnitalCommRing Complex
                          (@Field.toCommRing Complex
                            (@NormedField.toField Complex
                              (@DenselyNormedField.toNormedField Complex
                                (@RCLike.toDenselyNormedField Complex Complex.instRCLike))))))))))
              (@StarRing.toStarAddMonoid Complex
                (@NonUnitalNonAssocRing.toNonUnitalNonAssocSemiring Complex
                  (@NonUnitalNonAssocCommRing.toNonUnitalNonAssocRing Complex
                    (@NonUnitalCommRing.toNonUnitalNonAssocCommRing Complex
                      (@CommRing.toNonUnitalCommRing Complex
                        (@Field.toCommRing Complex
                          (@NormedField.toField Complex
                            (@DenselyNormedField.toNormedField Complex
                              (@RCLike.toDenselyNormedField Complex Complex.instRCLike))))))))
                (@RCLike.toStarRing Complex Complex.instRCLike)))))
        (@ContinuousLinearMap.instStarId Complex (EuclideanSpace Complex (Fin n)) Complex.instRCLike
          (@PiLp.normedAddCommGroup
            (@OfNat.ofNat ENNReal (nat_lit 2)
              (@instOfNatAtLeastTwo ENNReal (nat_lit 2)
                (@AddMonoidWithOne.toNatCast ENNReal
                  (@AddCommMonoidWithOne.toAddMonoidWithOne ENNReal ENNReal.instAddCommMonoidWithOne))
                PiLp.innerProductSpace._proof_1))
            (Fin n) (fun x => Complex) fact_one_le_two_ennreal (Fin.fintype n) fun i =>
            @NonUnitalNormedRing.toNormedAddCommGroup Complex
              (@NonUnitalNormedCommRing.toNonUnitalNormedRing Complex
                (@NormedCommRing.toNonUnitalNormedCommRing Complex
                  (@NormedField.toNormedCommRing Complex
                    (@DenselyNormedField.toNormedField Complex
                      (@RCLike.toDenselyNormedField Complex Complex.instRCLike))))))
          (@PiLp.innerProductSpace Complex Complex.instRCLike (Fin n) (Fin.fintype n) (fun x => Complex)
            (fun i =>
              @NonUnitalNormedRing.toNormedAddCommGroup Complex
                (@NonUnitalNormedCommRing.toNonUnitalNormedRing Complex
                  (@NormedCommRing.toNonUnitalNormedCommRing Complex
                    (@NormedField.toNormedCommRing Complex
                      (@DenselyNormedField.toNormedField Complex
                        (@RCLike.toDenselyNormedField Complex Complex.instRCLike))))))
            fun i => @RCLike.innerProductSpace Complex Complex.instRCLike)
          ⋯))
      (Matrix (Fin n) (Fin n) Complex)
      (fun x =>
        @ContinuousLinearMap Complex Complex
          (@DivisionSemiring.toSemiring Complex
            (@Semifield.toDivisionSemiring Complex
              (@Field.toSemifield Complex
                (@NormedField.toField Complex
                  (@DenselyNormedField.toNormedField Complex
                    (@RCLike.toDenselyNormedField Complex Complex.instRCLike))))))
          (@DivisionSemiring.toSemiring Complex
            (@Semifield.toDivisionSemiring Complex
              (@Field.toSemifield Complex
                (@NormedField.toField Complex
                  (@DenselyNormedField.toNormedField Complex
                    (@RCLike.toDenselyNormedField Complex Complex.instRCLike))))))
          (@RingHom.id Complex
            (@Semiring.toNonAssocSemiring Complex
              (@DivisionSemiring.toSemiring Complex
                (@Semifield.toDivisionSemiring Complex
                  (@Field.toSemifield Complex
                    (@NormedField.toField Complex
                      (@DenselyNormedField.toNormedField Complex
                        (@RCLike.toDenselyNormedField Complex Complex.instRCLike))))))))
          (EuclideanSpace Complex (Fin n))
          (@PiLp.topologicalSpace
            (@OfNat.ofNat ENNReal (nat_lit 2)
              (@instOfNatAtLeastTwo ENNReal (nat_lit 2)
                (@AddMonoidWithOne.toNatCast ENNReal
                  (@AddCommMonoidWithOne.toAddMonoidWithOne ENNReal ENNReal.instAddCommMonoidWithOne))
                PiLp.innerProductSpace._proof_1))
            (Fin n) (fun x => Complex) fun i =>
            @UniformSpace.toTopologicalSpace Complex
              (@PseudoMetricSpace.toUniformSpace Complex
                (@SeminormedRing.toPseudoMetricSpace Complex
                  (@SeminormedCommRing.toSeminormedRing Complex
                    (@NormedCommRing.toSeminormedCommRing Complex
                      (@NormedField.toNormedCommRing Complex
                        (@DenselyNormedField.toNormedField Complex
                          (@RCLike.toDenselyNormedField Complex Complex.instRCLike))))))))
          (@AddCommGroup.toAddCommMonoid (EuclideanSpace Complex (Fin n))
            (@WithLp.instAddCommGroup
              (@OfNat.ofNat ENNReal (nat_lit 2)
                (@instOfNatAtLeastTwo ENNReal (nat_lit 2)
                  (@AddMonoidWithOne.toNatCast ENNReal
                    (@AddCommMonoidWithOne.toAddMonoidWithOne ENNReal ENNReal.instAddCommMonoidWithOne))
                  PiLp.innerProductSpace._proof_1))
              ((i : Fin n) → (fun x => Complex) i)
              (@Pi.addCommGroup (Fin n) (fun x => Complex) fun i =>
                @Ring.toAddCommGroup Complex
                  (@DivisionRing.toRing Complex
                    (@Field.toDivisionRing Complex
                      (@NormedField.toField Complex
                        (@DenselyNormedField.toNormedField Complex
                          (@RCLike.toDenselyNormedField Complex Complex.instRCLike))))))))
          (EuclideanSpace Complex (Fin n))
          (@PiLp.topologicalSpace
            (@OfNat.ofNat ENNReal (nat_lit 2)
              (@instOfNatAtLeastTwo ENNReal (nat_lit 2)
                (@AddMonoidWithOne.toNatCast ENNReal
                  (@AddCommMonoidWithOne.toAddMonoidWithOne ENNReal ENNReal.instAddCommMonoidWithOne))
                PiLp.innerProductSpace._proof_1))
            (Fin n) (fun x => Complex) fun i =>
            @UniformSpace.toTopologicalSpace Complex
              (@PseudoMetricSpace.toUniformSpace Complex
                (@SeminormedRing.toPseudoMetricSpace Complex
                  (@SeminormedCommRing.toSeminormedRing Complex
                    (@NormedCommRing.toSeminormedCommRing Complex
                      (@NormedField.toNormedCommRing Complex
                        (@DenselyNormedField.toNormedField Complex
                          (@RCLike.toDenselyNormedField Complex Complex.instRCLike))))))))
          (@AddCommGroup.toAddCommMonoid (EuclideanSpace Complex (Fin n))
            (@WithLp.instAddCommGroup
              (@OfNat.ofNat ENNReal (nat_lit 2)
                (@instOfNatAtLeastTwo ENNReal (nat_lit 2)
                  (@AddMonoidWithOne.toNatCast ENNReal
                    (@AddCommMonoidWithOne.toAddMonoidWithOne ENNReal ENNReal.instAddCommMonoidWithOne))
                  PiLp.innerProductSpace._proof_1))
              ((i : Fin n) → (fun x => Complex) i)
              (@Pi.addCommGroup (Fin n) (fun x => Complex) fun i =>
                @Ring.toAddCommGroup Complex
                  (@DivisionRing.toRing Complex
                    (@Field.toDivisionRing Complex
                      (@NormedField.toField Complex
                        (@DenselyNormedField.toNormedField Complex
                          (@RCLike.toDenselyNormedField Complex Complex.instRCLike))))))))
          (@WithLp.instModule
            (@OfNat.ofNat ENNReal (nat_lit 2)
              (@instOfNatAtLeastTwo ENNReal (nat_lit 2)
                (@AddMonoidWithOne.toNatCast ENNReal
                  (@AddCommMonoidWithOne.toAddMonoidWithOne ENNReal ENNReal.instAddCommMonoidWithOne))
                PiLp.innerProductSpace._proof_1))
            Complex ((i : Fin n) → (fun x => Complex) i)
            (@DivisionSemiring.toSemiring Complex
              (@Semifield.toDivisionSemiring Complex
                (@Field.toSemifield Complex
                  (@NormedField.toField Complex
                    (@DenselyNormedField.toNormedField Complex
                      (@RCLike.toDenselyNormedField Complex Complex.instRCLike))))))
            (@Pi.addCommGroup (Fin n) (fun x => Complex) fun i =>
              @Ring.toAddCommGroup Complex
                (@DivisionRing.toRing Complex
                  (@Field.toDivisionRing Complex
                    (@NormedField.toField Complex
                      (@DenselyNormedField.toNormedField Complex
                        (@RCLike.toDenselyNormedField Complex Complex.instRCLike))))))
            (@Pi.Function.module (Fin n) Complex Complex
              (@DivisionSemiring.toSemiring Complex
                (@Semifield.toDivisionSemiring Complex
                  (@Field.toSemifield Complex
                    (@NormedField.toField Complex
                      (@DenselyNormedField.toNormedField Complex
                        (@RCLike.toDenselyNormedField Complex Complex.instRCLike))))))
              (@Semiring.toAddCommMonoid Complex
                (@Ring.toSemiring Complex
                  (@DivisionRing.toRing Complex
                    (@Field.toDivisionRing Complex
                      (@NormedField.toField Complex
                        (@DenselyNormedField.toNormedField Complex
                          (@RCLike.toDenselyNormedField Complex Complex.instRCLike)))))))
              (@Semiring.toModule Complex
                (@DivisionSemiring.toSemiring Complex
                  (@Semifield.toDivisionSemiring Complex
                    (@Field.toSemifield Complex
                      (@NormedField.toField Complex
                        (@DenselyNormedField.toNormedField Complex
                          (@RCLike.toDenselyNormedField Complex Complex.instRCLike)))))))))
          (@WithLp.instModule
            (@OfNat.ofNat ENNReal (nat_lit 2)
              (@instOfNatAtLeastTwo ENNReal (nat_lit 2)
                (@AddMonoidWithOne.toNatCast ENNReal
                  (@AddCommMonoidWithOne.toAddMonoidWithOne ENNReal ENNReal.instAddCommMonoidWithOne))
                PiLp.innerProductSpace._proof_1))
            Complex ((i : Fin n) → (fun x => Complex) i)
            (@DivisionSemiring.toSemiring Complex
              (@Semifield.toDivisionSemiring Complex
                (@Field.toSemifield Complex
                  (@NormedField.toField Complex
                    (@DenselyNormedField.toNormedField Complex
                      (@RCLike.toDenselyNormedField Complex Complex.instRCLike))))))
            (@Pi.addCommGroup (Fin n) (fun x => Complex) fun i =>
              @Ring.toAddCommGroup Complex
                (@DivisionRing.toRing Complex
                  (@Field.toDivisionRing Complex
                    (@NormedField.toField Complex
                      (@DenselyNormedField.toNormedField Complex
                        (@RCLike.toDenselyNormedField Complex Complex.instRCLike))))))
            (@Pi.Function.module (Fin n) Complex Complex
              (@DivisionSemiring.toSemiring Complex
                (@Semifield.toDivisionSemiring Complex
                  (@Field.toSemifield Complex
                    (@NormedField.toField Complex
                      (@DenselyNormedField.toNormedField Complex
                        (@RCLike.toDenselyNormedField Complex Complex.instRCLike))))))
              (@Semiring.toAddCommMonoid Complex
                (@Ring.toSemiring Complex
                  (@DivisionRing.toRing Complex
                    (@Field.toDivisionRing Complex
                      (@NormedField.toField Complex
                        (@DenselyNormedField.toNormedField Complex
                          (@RCLike.toDenselyNormedField Complex Complex.instRCLike)))))))
              (@Semiring.toModule Complex
                (@DivisionSemiring.toSemiring Complex
                  (@Semifield.toDivisionSemiring Complex
                    (@Field.toSemifield Complex
                      (@NormedField.toField Complex
                        (@DenselyNormedField.toNormedField Complex
                          (@RCLike.toDenselyNormedField Complex Complex.instRCLike))))))))))
      (@StarAlgEquiv.instFunLike Complex (Matrix (Fin n) (Fin n) Complex)
        (@ContinuousLinearMap Complex Complex
          (@DivisionSemiring.toSemiring Complex
            (@Semifield.toDivisionSemiring Complex
              (@Field.toSemifield Complex
                (@NormedField.toField Complex
                  (@DenselyNormedField.toNormedField Complex
                    (@RCLike.toDenselyNormedField Complex Complex.instRCLike))))))
          (@DivisionSemiring.toSemiring Complex
            (@Semifield.toDivisionSemiring Complex
              (@Field.toSemifield Complex
                (@NormedField.toField Complex
                  (@DenselyNormedField.toNormedField Complex
                    (@RCLike.toDenselyNormedField Complex Complex.instRCLike))))))
          (@RingHom.id Complex
            (@Semiring.toNonAssocSemiring Complex
              (@DivisionSemiring.toSemiring Complex
                (@Semifield.toDivisionSemiring Complex
                  (@Field.toSemifield Complex
                    (@NormedField.toField Complex
                      (@DenselyNormedField.toNormedField Complex
                        (@RCLike.toDenselyNormedField Complex Complex.instRCLike))))))))
          (EuclideanSpace Complex (Fin n))
          (@PiLp.topologicalSpace
            (@OfNat.ofNat ENNReal (nat_lit 2)
              (@instOfNatAtLeastTwo ENNReal (nat_lit 2)
                (@AddMonoidWithOne.toNatCast ENNReal
                  (@AddCommMonoidWithOne.toAddMonoidWithOne ENNReal ENNReal.instAddCommMonoidWithOne))
                PiLp.innerProductSpace._proof_1))
            (Fin n) (fun x => Complex) fun i =>
            @UniformSpace.toTopologicalSpace Complex
              (@PseudoMetricSpace.toUniformSpace Complex
                (@SeminormedRing.toPseudoMetricSpace Complex
                  (@SeminormedCommRing.toSeminormedRing Complex
                    (@NormedCommRing.toSeminormedCommRing Complex
                      (@NormedField.toNormedCommRing Complex
                        (@DenselyNormedField.toNormedField Complex
                          (@RCLike.toDenselyNormedField Complex Complex.instRCLike))))))))
          (@AddCommGroup.toAddCommMonoid (EuclideanSpace Complex (Fin n))
            (@WithLp.instAddCommGroup
              (@OfNat.ofNat ENNReal (nat_lit 2)
                (@instOfNatAtLeastTwo ENNReal (nat_lit 2)
                  (@AddMonoidWithOne.toNatCast ENNReal
                    (@AddCommMonoidWithOne.toAddMonoidWithOne ENNReal ENNReal.instAddCommMonoidWithOne))
                  PiLp.innerProductSpace._proof_1))
              ((i : Fin n) → (fun x => Complex) i)
              (@Pi.addCommGroup (Fin n) (fun x => Complex) fun i =>
                @Ring.toAddCommGroup Complex
                  (@DivisionRing.toRing Complex
                    (@Field.toDivisionRing Complex
                      (@NormedField.toField Complex
                        (@DenselyNormedField.toNormedField Complex
                          (@RCLike.toDenselyNormedField Complex Complex.instRCLike))))))))
          (EuclideanSpace Complex (Fin n))
          (@PiLp.topologicalSpace
            (@OfNat.ofNat ENNReal (nat_lit 2)
              (@instOfNatAtLeastTwo ENNReal (nat_lit 2)
                (@AddMonoidWithOne.toNatCast ENNReal
                  (@AddCommMonoidWithOne.toAddMonoidWithOne ENNReal ENNReal.instAddCommMonoidWithOne))
                PiLp.innerProductSpace._proof_1))
            (Fin n) (fun x => Complex) fun i =>
            @UniformSpace.toTopologicalSpace Complex
              (@PseudoMetricSpace.toUniformSpace Complex
                (@SeminormedRing.toPseudoMetricSpace Complex
                  (@SeminormedCommRing.toSeminormedRing Complex
                    (@NormedCommRing.toSeminormedCommRing Complex
                      (@NormedField.toNormedCommRing Complex
                        (@DenselyNormedField.toNormedField Complex
                          (@RCLike.toDenselyNormedField Complex Complex.instRCLike))))))))
          (@AddCommGroup.toAddCommMonoid (EuclideanSpace Complex (Fin n))
            (@WithLp.instAddCommGroup
              (@OfNat.ofNat ENNReal (nat_lit 2)
                (@instOfNatAtLeastTwo ENNReal (nat_lit 2)
                  (@AddMonoidWithOne.toNatCast ENNReal
                    (@AddCommMonoidWithOne.toAddMonoidWithOne ENNReal ENNReal.instAddCommMonoidWithOne))
                  PiLp.innerProductSpace._proof_1))
              ((i : Fin n) → (fun x => Complex) i)
              (@Pi.addCommGroup (Fin n) (fun x => Complex) fun i =>
                @Ring.toAddCommGroup Complex
                  (@DivisionRing.toRing Complex
                    (@Field.toDivisionRing Complex
                      (@NormedField.toField Complex
                        (@DenselyNormedField.toNormedField Complex
                          (@RCLike.toDenselyNormedField Complex Complex.instRCLike))))))))
          (@WithLp.instModule
            (@OfNat.ofNat ENNReal (nat_lit 2)
              (@instOfNatAtLeastTwo ENNReal (nat_lit 2)
                (@AddMonoidWithOne.toNatCast ENNReal
                  (@AddCommMonoidWithOne.toAddMonoidWithOne ENNReal ENNReal.instAddCommMonoidWithOne))
                PiLp.innerProductSpace._proof_1))
            Complex ((i : Fin n) → (fun x => Complex) i)
            (@DivisionSemiring.toSemiring Complex
              (@Semifield.toDivisionSemiring Complex
                (@Field.toSemifield Complex
                  (@NormedField.toField Complex
                    (@DenselyNormedField.toNormedField Complex
                      (@RCLike.toDenselyNormedField Complex Complex.instRCLike))))))
            (@Pi.addCommGroup (Fin n) (fun x => Complex) fun i =>
              @Ring.toAddCommGroup Complex
                (@DivisionRing.toRing Complex
                  (@Field.toDivisionRing Complex
                    (@NormedField.toField Complex
                      (@DenselyNormedField.toNormedField Complex
                        (@RCLike.toDenselyNormedField Complex Complex.instRCLike))))))
            (@Pi.Function.module (Fin n) Complex Complex
              (@DivisionSemiring.toSemiring Complex
                (@Semifield.toDivisionSemiring Complex
                  (@Field.toSemifield Complex
                    (@NormedField.toField Complex
                      (@DenselyNormedField.toNormedField Complex
                        (@RCLike.toDenselyNormedField Complex Complex.instRCLike))))))
              (@Semiring.toAddCommMonoid Complex
                (@Ring.toSemiring Complex
                  (@DivisionRing.toRing Complex
                    (@Field.toDivisionRing Complex
                      (@NormedField.toField Complex
                        (@DenselyNormedField.toNormedField Complex
                          (@RCLike.toDenselyNormedField Complex Complex.instRCLike)))))))
              (@Semiring.toModule Complex
                (@DivisionSemiring.toSemiring Complex
                  (@Semifield.toDivisionSemiring Complex
                    (@Field.toSemifield Complex
                      (@NormedField.toField Complex
                        (@DenselyNormedField.toNormedField Complex
                          (@RCLike.toDenselyNormedField Complex Complex.instRCLike)))))))))
          (@WithLp.instModule
            (@OfNat.ofNat ENNReal (nat_lit 2)
              (@instOfNatAtLeastTwo ENNReal (nat_lit 2)
                (@AddMonoidWithOne.toNatCast ENNReal
                  (@AddCommMonoidWithOne.toAddMonoidWithOne ENNReal ENNReal.instAddCommMonoidWithOne))
                PiLp.innerProductSpace._proof_1))
            Complex ((i : Fin n) → (fun x => Complex) i)
            (@DivisionSemiring.toSemiring Complex
              (@Semifield.toDivisionSemiring Complex
                (@Field.toSemifield Complex
                  (@NormedField.toField Complex
                    (@DenselyNormedField.toNormedField Complex
                      (@RCLike.toDenselyNormedField Complex Complex.instRCLike))))))
            (@Pi.addCommGroup (Fin n) (fun x => Complex) fun i =>
              @Ring.toAddCommGroup Complex
                (@DivisionRing.toRing Complex
                  (@Field.toDivisionRing Complex
                    (@NormedField.toField Complex
                      (@DenselyNormedField.toNormedField Complex
                        (@RCLike.toDenselyNormedField Complex Complex.instRCLike))))))
            (@Pi.Function.module (Fin n) Complex Complex
              (@DivisionSemiring.toSemiring Complex
                (@Semifield.toDivisionSemiring Complex
                  (@Field.toSemifield Complex
                    (@NormedField.toField Complex
                      (@DenselyNormedField.toNormedField Complex
                        (@RCLike.toDenselyNormedField Complex Complex.instRCLike))))))
              (@Semiring.toAddCommMonoid Complex
                (@Ring.toSemiring Complex
                  (@DivisionRing.toRing Complex
                    (@Field.toDivisionRing Complex
                      (@NormedField.toField Complex
                        (@DenselyNormedField.toNormedField Complex
                          (@RCLike.toDenselyNormedField Complex Complex.instRCLike)))))))
              (@Semiring.toModule Complex
                (@DivisionSemiring.toSemiring Complex
                  (@Semifield.toDivisionSemiring Complex
                    (@Field.toSemifield Complex
                      (@NormedField.toField Complex
                        (@DenselyNormedField.toNormedField Complex
                          (@RCLike.toDenselyNormedField Complex Complex.instRCLike))))))))))
        (@Matrix.add (Fin n) (Fin n) Complex
          (@Distrib.toAdd Complex
            (@instDistribOfSemiring Complex
              (@DivisionSemiring.toSemiring Complex
                (@Semifield.toDivisionSemiring Complex
                  (@Field.toSemifield Complex
                    (@NormedField.toField Complex
                      (@DenselyNormedField.toNormedField Complex
                        (@RCLike.toDenselyNormedField Complex Complex.instRCLike)))))))))
        (@ContinuousLinearMap.add Complex Complex
          (@DivisionSemiring.toSemiring Complex
            (@Semifield.toDivisionSemiring Complex
              (@Field.toSemifield Complex
                (@NormedField.toField Complex
                  (@DenselyNormedField.toNormedField Complex
                    (@RCLike.toDenselyNormedField Complex Complex.instRCLike))))))
          (@DivisionSemiring.toSemiring Complex
            (@Semifield.toDivisionSemiring Complex
              (@Field.toSemifield Complex
                (@NormedField.toField Complex
                  (@DenselyNormedField.toNormedField Complex
                    (@RCLike.toDenselyNormedField Complex Complex.instRCLike))))))
          (@RingHom.id Complex
            (@Semiring.toNonAssocSemiring Complex
              (@DivisionSemiring.toSemiring Complex
                (@Semifield.toDivisionSemiring Complex
                  (@Field.toSemifield Complex
                    (@NormedField.toField Complex
                      (@DenselyNormedField.toNormedField Complex
                        (@RCLike.toDenselyNormedField Complex Complex.instRCLike))))))))
          (EuclideanSpace Complex (Fin n))
          (@PiLp.topologicalSpace
            (@OfNat.ofNat ENNReal (nat_lit 2)
              (@instOfNatAtLeastTwo ENNReal (nat_lit 2)
                (@AddMonoidWithOne.toNatCast ENNReal
                  (@AddCommMonoidWithOne.toAddMonoidWithOne ENNReal ENNReal.instAddCommMonoidWithOne))
                PiLp.innerProductSpace._proof_1))
            (Fin n) (fun x => Complex) fun i =>
            @UniformSpace.toTopologicalSpace Complex
              (@PseudoMetricSpace.toUniformSpace Complex
                (@SeminormedRing.toPseudoMetricSpace Complex
                  (@SeminormedCommRing.toSeminormedRing Complex
                    (@NormedCommRing.toSeminormedCommRing Complex
                      (@NormedField.toNormedCommRing Complex
                        (@DenselyNormedField.toNormedField Complex
                          (@RCLike.toDenselyNormedField Complex Complex.instRCLike))))))))
          (@AddCommGroup.toAddCommMonoid (EuclideanSpace Complex (Fin n))
            (@WithLp.instAddCommGroup
              (@OfNat.ofNat ENNReal (nat_lit 2)
                (@instOfNatAtLeastTwo ENNReal (nat_lit 2)
                  (@AddMonoidWithOne.toNatCast ENNReal
                    (@AddCommMonoidWithOne.toAddMonoidWithOne ENNReal ENNReal.instAddCommMonoidWithOne))
                  PiLp.innerProductSpace._proof_1))
              ((i : Fin n) → (fun x => Complex) i)
              (@Pi.addCommGroup (Fin n) (fun x => Complex) fun i =>
                @Ring.toAddCommGroup Complex
                  (@DivisionRing.toRing Complex
                    (@Field.toDivisionRing Complex
                      (@NormedField.toField Complex
                        (@DenselyNormedField.toNormedField Complex
                          (@RCLike.toDenselyNormedField Complex Complex.instRCLike))))))))
          (EuclideanSpace Complex (Fin n))
          (@PiLp.topologicalSpace
            (@OfNat.ofNat ENNReal (nat_lit 2)
              (@instOfNatAtLeastTwo ENNReal (nat_lit 2)
                (@AddMonoidWithOne.toNatCast ENNReal
                  (@AddCommMonoidWithOne.toAddMonoidWithOne ENNReal ENNReal.instAddCommMonoidWithOne))
                PiLp.innerProductSpace._proof_1))
            (Fin n) (fun x => Complex) fun i =>
            @UniformSpace.toTopologicalSpace Complex
              (@PseudoMetricSpace.toUniformSpace Complex
                (@SeminormedRing.toPseudoMetricSpace Complex
                  (@SeminormedCommRing.toSeminormedRing Complex
                    (@NormedCommRing.toSeminormedCommRing Complex
                      (@NormedField.toNormedCommRing Complex
                        (@DenselyNormedField.toNormedField Complex
                          (@RCLike.toDenselyNormedField Complex Complex.instRCLike))))))))
          (@AddCommGroup.toAddCommMonoid (EuclideanSpace Complex (Fin n))
            (@WithLp.instAddCommGroup
              (@OfNat.ofNat ENNReal (nat_lit 2)
                (@instOfNatAtLeastTwo ENNReal (nat_lit 2)
                  (@AddMonoidWithOne.toNatCast ENNReal
                    (@AddCommMonoidWithOne.toAddMonoidWithOne ENNReal ENNReal.instAddCommMonoidWithOne))
                  PiLp.innerProductSpace._proof_1))
              ((i : Fin n) → (fun x => Complex) i)
              (@Pi.addCommGroup (Fin n) (fun x => Complex) fun i =>
                @Ring.toAddCommGroup Complex
                  (@DivisionRing.toRing Complex
                    (@Field.toDivisionRing Complex
                      (@NormedField.toField Complex
                        (@DenselyNormedField.toNormedField Complex
                          (@RCLike.toDenselyNormedField Complex Complex.instRCLike))))))))
          (@WithLp.instModule
            (@OfNat.ofNat ENNReal (nat_lit 2)
              (@instOfNatAtLeastTwo ENNReal (nat_lit 2)
                (@AddMonoidWithOne.toNatCast ENNReal
                  (@AddCommMonoidWithOne.toAddMonoidWithOne ENNReal ENNReal.instAddCommMonoidWithOne))
                PiLp.innerProductSpace._proof_1))
            Complex ((i : Fin n) → (fun x => Complex) i)
            (@DivisionSemiring.toSemiring Complex
              (@Semifield.toDivisionSemiring Complex
                (@Field.toSemifield Complex
                  (@NormedField.toField Complex
                    (@DenselyNormedField.toNormedField Complex
                      (@RCLike.toDenselyNormedField Complex Complex.instRCLike))))))
            (@Pi.addCommGroup (Fin n) (fun x => Complex) fun i =>
              @Ring.toAddCommGroup Complex
                (@DivisionRing.toRing Complex
                  (@Field.toDivisionRing Complex
                    (@NormedField.toField Complex
                      (@DenselyNormedField.toNormedField Complex
                        (@RCLike.toDenselyNormedField Complex Complex.instRCLike))))))
            (@Pi.Function.module (Fin n) Complex Complex
              (@DivisionSemiring.toSemiring Complex
                (@Semifield.toDivisionSemiring Complex
                  (@Field.toSemifield Complex
                    (@NormedField.toField Complex
                      (@DenselyNormedField.toNormedField Complex
                        (@RCLike.toDenselyNormedField Complex Complex.instRCLike))))))
              (@Semiring.toAddCommMonoid Complex
                (@Ring.toSemiring Complex
                  (@DivisionRing.toRing Complex
                    (@Field.toDivisionRing Complex
                      (@NormedField.toField Complex
                        (@DenselyNormedField.toNormedField Complex
                          (@RCLike.toDenselyNormedField Complex Complex.instRCLike)))))))
              (@Semiring.toModule Complex
                (@DivisionSemiring.toSemiring Complex
                  (@Semifield.toDivisionSemiring Complex
                    (@Field.toSemifield Complex
                      (@NormedField.toField Complex
                        (@DenselyNormedField.toNormedField Complex
                          (@RCLike.toDenselyNormedField Complex Complex.instRCLike)))))))))
          (@WithLp.instModule
            (@OfNat.ofNat ENNReal (nat_lit 2)
              (@instOfNatAtLeastTwo ENNReal (nat_lit 2)
                (@AddMonoidWithOne.toNatCast ENNReal
                  (@AddCommMonoidWithOne.toAddMonoidWithOne ENNReal ENNReal.instAddCommMonoidWithOne))
                PiLp.innerProductSpace._proof_1))
            Complex ((i : Fin n) → (fun x => Complex) i)
            (@DivisionSemiring.toSemiring Complex
              (@Semifield.toDivisionSemiring Complex
                (@Field.toSemifield Complex
                  (@NormedField.toField Complex
                    (@DenselyNormedField.toNormedField Complex
                      (@RCLike.toDenselyNormedField Complex Complex.instRCLike))))))
            (@Pi.addCommGroup (Fin n) (fun x => Complex) fun i =>
              @Ring.toAddCommGroup Complex
                (@DivisionRing.toRing Complex
                  (@Field.toDivisionRing Complex
                    (@NormedField.toField Complex
                      (@DenselyNormedField.toNormedField Complex
                        (@RCLike.toDenselyNormedField Complex Complex.instRCLike))))))
            (@Pi.Function.module (Fin n) Complex Complex
              (@DivisionSemiring.toSemiring Complex
                (@Semifield.toDivisionSemiring Complex
                  (@Field.toSemifield Complex
                    (@NormedField.toField Complex
                      (@DenselyNormedField.toNormedField Complex
                        (@RCLike.toDenselyNormedField Complex Complex.instRCLike))))))
              (@Semiring.toAddCommMonoid Complex
                (@Ring.toSemiring Complex
                  (@DivisionRing.toRing Complex
                    (@Field.toDivisionRing Complex
                      (@NormedField.toField Complex
                        (@DenselyNormedField.toNormedField Complex
                          (@RCLike.toDenselyNormedField Complex Complex.instRCLike)))))))
              (@Semiring.toModule Complex
                (@DivisionSemiring.toSemiring Complex
                  (@Semifield.toDivisionSemiring Complex
                    (@Field.toSemifield Complex
                      (@NormedField.toField Complex
                        (@DenselyNormedField.toNormedField Complex
                          (@RCLike.toDenselyNormedField Complex Complex.instRCLike)))))))))
          ⋯)
        (@Matrix.instMulOfFintypeOfAddCommMonoid (Fin n) Complex (Fin.fintype n)
          (@Distrib.toMul Complex
            (@instDistribOfSemiring Complex
              (@DivisionSemiring.toSemiring Complex
                (@Semifield.toDivisionSemiring Complex
                  (@Field.toSemifield Complex
                    (@NormedField.toField Complex
                      (@DenselyNormedField.toNormedField Complex
                        (@RCLike.toDenselyNormedField Complex Complex.instRCLike))))))))
          (@Semiring.toAddCommMonoid Complex
            (@DivisionSemiring.toSemiring Complex
              (@Semifield.toDivisionSemiring Complex
                (@Field.toSemifield Complex
                  (@NormedField.toField Complex
                    (@DenselyNormedField.toNormedField Complex
                      (@RCLike.toDenselyNormedField Complex Complex.instRCLike))))))))
        (@ContinuousLinearMap.instMul Complex
          (@DivisionSemiring.toSemiring Complex
            (@Semifield.toDivisionSemiring Complex
              (@Field.toSemifield Complex
                (@NormedField.toField Complex
                  (@DenselyNormedField.toNormedField Complex
                    (@RCLike.toDenselyNormedField Complex Complex.instRCLike))))))
          (EuclideanSpace Complex (Fin n))
          (@PiLp.topologicalSpace
            (@OfNat.ofNat ENNReal (nat_lit 2)
              (@instOfNatAtLeastTwo ENNReal (nat_lit 2)
                (@AddMonoidWithOne.toNatCast ENNReal
                  (@AddCommMonoidWithOne.toAddMonoidWithOne ENNReal ENNReal.instAddCommMonoidWithOne))
                PiLp.innerProductSpace._proof_1))
            (Fin n) (fun x => Complex) fun i =>
            @UniformSpace.toTopologicalSpace Complex
              (@PseudoMetricSpace.toUniformSpace Complex
                (@SeminormedRing.toPseudoMetricSpace Complex
                  (@SeminormedCommRing.toSeminormedRing Complex
                    (@NormedCommRing.toSeminormedCommRing Complex
                      (@NormedField.toNormedCommRing Complex
                        (@DenselyNormedField.toNormedField Complex
                          (@RCLike.toDenselyNormedField Complex Complex.instRCLike))))))))
          (@AddCommGroup.toAddCommMonoid (EuclideanSpace Complex (Fin n))
            (@WithLp.instAddCommGroup
              (@OfNat.ofNat ENNReal (nat_lit 2)
                (@instOfNatAtLeastTwo ENNReal (nat_lit 2)
                  (@AddMonoidWithOne.toNatCast ENNReal
                    (@AddCommMonoidWithOne.toAddMonoidWithOne ENNReal ENNReal.instAddCommMonoidWithOne))
                  PiLp.innerProductSpace._proof_1))
              ((i : Fin n) → (fun x => Complex) i)
              (@Pi.addCommGroup (Fin n) (fun x => Complex) fun i =>
                @Ring.toAddCommGroup Complex
                  (@DivisionRing.toRing Complex
                    (@Field.toDivisionRing Complex
                      (@NormedField.toField Complex
                        (@DenselyNormedField.toNormedField Complex
                          (@RCLike.toDenselyNormedField Complex Complex.instRCLike))))))))
          (@WithLp.instModule
            (@OfNat.ofNat ENNReal (nat_lit 2)
              (@instOfNatAtLeastTwo ENNReal (nat_lit 2)
                (@AddMonoidWithOne.toNatCast ENNReal
                  (@AddCommMonoidWithOne.toAddMonoidWithOne ENNReal ENNReal.instAddCommMonoidWithOne))
                PiLp.innerProductSpace._proof_1))
            Complex ((i : Fin n) → (fun x => Complex) i)
            (@DivisionSemiring.toSemiring Complex
              (@Semifield.toDivisionSemiring Complex
                (@Field.toSemifield Complex
                  (@NormedField.toField Complex
                    (@DenselyNormedField.toNormedField Complex
                      (@RCLike.toDenselyNormedField Complex Complex.instRCLike))))))
            (@Pi.addCommGroup (Fin n) (fun x => Complex) fun i =>
              @Ring.toAddCommGroup Complex
                (@DivisionRing.toRing Complex
                  (@Field.toDivisionRing Complex
                    (@NormedField.toField Complex
                      (@DenselyNormedField.toNormedField Complex
                        (@RCLike.toDenselyNormedField Complex Complex.instRCLike))))))
            (@Pi.Function.module (Fin n) Complex Complex
              (@DivisionSemiring.toSemiring Complex
                (@Semifield.toDivisionSemiring Complex
                  (@Field.toSemifield Complex
                    (@NormedField.toField Complex
                      (@DenselyNormedField.toNormedField Complex
                        (@RCLike.toDenselyNormedField Complex Complex.instRCLike))))))
              (@Semiring.toAddCommMonoid Complex
                (@Ring.toSemiring Complex
                  (@DivisionRing.toRing Complex
                    (@Field.toDivisionRing Complex
                      (@NormedField.toField Complex
                        (@DenselyNormedField.toNormedField Complex
                          (@RCLike.toDenselyNormedField Complex Complex.instRCLike)))))))
              (@Semiring.toModule Complex
                (@DivisionSemiring.toSemiring Complex
                  (@Semifield.toDivisionSemiring Complex
                    (@Field.toSemifield Complex
                      (@NormedField.toField Complex
                        (@DenselyNormedField.toNormedField Complex
                          (@RCLike.toDenselyNormedField Complex Complex.instRCLike))))))))))
        (@Matrix.smul (Fin n) (Fin n) Complex Complex
          (@instSMulOfMul Complex
            (@Distrib.toMul Complex
              (@instDistribOfSemiring Complex
                (@DivisionSemiring.toSemiring Complex
                  (@Semifield.toDivisionSemiring Complex
                    (@Field.toSemifield Complex
                      (@NormedField.toField Complex
                        (@DenselyNormedField.toNormedField Complex
                          (@RCLike.toDenselyNormedField Complex Complex.instRCLike))))))))))
        (@ContinuousLinearMap.instSMul Complex Complex
          (@DivisionSemiring.toSemiring Complex
            (@Semifield.toDivisionSemiring Complex
              (@Field.toSemifield Complex
                (@NormedField.toField Complex
                  (@DenselyNormedField.toNormedField Complex
                    (@RCLike.toDenselyNormedField Complex Complex.instRCLike))))))
          (@DivisionSemiring.toSemiring Complex
            (@Semifield.toDivisionSemiring Complex
              (@Field.toSemifield Complex
                (@NormedField.toField Complex
                  (@DenselyNormedField.toNormedField Complex
                    (@RCLike.toDenselyNormedField Complex Complex.instRCLike))))))
          (@RingHom.id Complex
            (@Semiring.toNonAssocSemiring Complex
              (@DivisionSemiring.toSemiring Complex
                (@Semifield.toDivisionSemiring Complex
                  (@Field.toSemifield Complex
                    (@NormedField.toField Complex
                      (@DenselyNormedField.toNormedField Complex
                        (@RCLike.toDenselyNormedField Complex Complex.instRCLike))))))))
          (EuclideanSpace Complex (Fin n))
          (@PiLp.topologicalSpace
            (@OfNat.ofNat ENNReal (nat_lit 2)
              (@instOfNatAtLeastTwo ENNReal (nat_lit 2)
                (@AddMonoidWithOne.toNatCast ENNReal
                  (@AddCommMonoidWithOne.toAddMonoidWithOne ENNReal ENNReal.instAddCommMonoidWithOne))
                PiLp.innerProductSpace._proof_1))
            (Fin n) (fun x => Complex) fun i =>
            @UniformSpace.toTopologicalSpace Complex
              (@PseudoMetricSpace.toUniformSpace Complex
                (@SeminormedRing.toPseudoMetricSpace Complex
                  (@SeminormedCommRing.toSeminormedRing Complex
                    (@NormedCommRing.toSeminormedCommRing Complex
                      (@NormedField.toNormedCommRing Complex
                        (@DenselyNormedField.toNormedField Complex
                          (@RCLike.toDenselyNormedField Complex Complex.instRCLike))))))))
          (@AddCommGroup.toAddCommMonoid (EuclideanSpace Complex (Fin n))
            (@WithLp.instAddCommGroup
              (@OfNat.ofNat ENNReal (nat_lit 2)
                (@instOfNatAtLeastTwo ENNReal (nat_lit 2)
                  (@AddMonoidWithOne.toNatCast ENNReal
                    (@AddCommMonoidWithOne.toAddMonoidWithOne ENNReal ENNReal.instAddCommMonoidWithOne))
                  PiLp.innerProductSpace._proof_1))
              ((i : Fin n) → (fun x => Complex) i)
              (@Pi.addCommGroup (Fin n) (fun x => Complex) fun i =>
                @Ring.toAddCommGroup Complex
                  (@DivisionRing.toRing Complex
                    (@Field.toDivisionRing Complex
                      (@NormedField.toField Complex
                        (@DenselyNormedField.toNormedField Complex
                          (@RCLike.toDenselyNormedField Complex Complex.instRCLike))))))))
          (EuclideanSpace Complex (Fin n))
          (@PiLp.topologicalSpace
            (@OfNat.ofNat ENNReal (nat_lit 2)
              (@instOfNatAtLeastTwo ENNReal (nat_lit 2)
                (@AddMonoidWithOne.toNatCast ENNReal
                  (@AddCommMonoidWithOne.toAddMonoidWithOne ENNReal ENNReal.instAddCommMonoidWithOne))
                PiLp.innerProductSpace._proof_1))
            (Fin n) (fun x => Complex) fun i =>
            @UniformSpace.toTopologicalSpace Complex
              (@PseudoMetricSpace.toUniformSpace Complex
                (@SeminormedRing.toPseudoMetricSpace Complex
                  (@SeminormedCommRing.toSeminormedRing Complex
                    (@NormedCommRing.toSeminormedCommRing Complex
                      (@NormedField.toNormedCommRing Complex
                        (@DenselyNormedField.toNormedField Complex
                          (@RCLike.toDenselyNormedField Complex Complex.instRCLike))))))))
          (@AddCommGroup.toAddCommMonoid (EuclideanSpace Complex (Fin n))
            (@WithLp.instAddCommGroup
              (@OfNat.ofNat ENNReal (nat_lit 2)
                (@instOfNatAtLeastTwo ENNReal (nat_lit 2)
                  (@AddMonoidWithOne.toNatCast ENNReal
                    (@AddCommMonoidWithOne.toAddMonoidWithOne ENNReal ENNReal.instAddCommMonoidWithOne))
                  PiLp.innerProductSpace._proof_1))
              ((i : Fin n) → (fun x => Complex) i)
              (@Pi.addCommGroup (Fin n) (fun x => Complex) fun i =>
                @Ring.toAddCommGroup Complex
                  (@DivisionRing.toRing Complex
                    (@Field.toDivisionRing Complex
                      (@NormedField.toField Complex
                        (@DenselyNormedField.toNormedField Complex
                          (@RCLike.toDenselyNormedField Complex Complex.instRCLike))))))))
          (@WithLp.instModule
            (@OfNat.ofNat ENNReal (nat_lit 2)
              (@instOfNatAtLeastTwo ENNReal (nat_lit 2)
                (@AddMonoidWithOne.toNatCast ENNReal
                  (@AddCommMonoidWithOne.toAddMonoidWithOne ENNReal ENNReal.instAddCommMonoidWithOne))
                PiLp.innerProductSpace._proof_1))
            Complex ((i : Fin n) → (fun x => Complex) i)
            (@DivisionSemiring.toSemiring Complex
              (@Semifield.toDivisionSemiring Complex
                (@Field.toSemifield Complex
                  (@NormedField.toField Complex
                    (@DenselyNormedField.toNormedField Complex
                      (@RCLike.toDenselyNormedField Complex Complex.instRCLike))))))
            (@Pi.addCommGroup (Fin n) (fun x => Complex) fun i =>
              @Ring.toAddCommGroup Complex
                (@DivisionRing.toRing Complex
                  (@Field.toDivisionRing Complex
                    (@NormedField.toField Complex
                      (@DenselyNormedField.toNormedField Complex
                        (@RCLike.toDenselyNormedField Complex Complex.instRCLike))))))
            (@Pi.Function.module (Fin n) Complex Complex
              (@DivisionSemiring.toSemiring Complex
                (@Semifield.toDivisionSemiring Complex
                  (@Field.toSemifield Complex
                    (@NormedField.toField Complex
                      (@DenselyNormedField.toNormedField Complex
                        (@RCLike.toDenselyNormedField Complex Complex.instRCLike))))))
              (@Semiring.toAddCommMonoid Complex
                (@Ring.toSemiring Complex
                  (@DivisionRing.toRing Complex
                    (@Field.toDivisionRing Complex
                      (@NormedField.toField Complex
                        (@DenselyNormedField.toNormedField Complex
                          (@RCLike.toDenselyNormedField Complex Complex.instRCLike)))))))
              (@Semiring.toModule Complex
                (@DivisionSemiring.toSemiring Complex
                  (@Semifield.toDivisionSemiring Complex
                    (@Field.toSemifield Complex
                      (@NormedField.toField Complex
                        (@DenselyNormedField.toNormedField Complex
                          (@RCLike.toDenselyNormedField Complex Complex.instRCLike)))))))))
          (@WithLp.instModule
            (@OfNat.ofNat ENNReal (nat_lit 2)
              (@instOfNatAtLeastTwo ENNReal (nat_lit 2)
                (@AddMonoidWithOne.toNatCast ENNReal
                  (@AddCommMonoidWithOne.toAddMonoidWithOne ENNReal ENNReal.instAddCommMonoidWithOne))
                PiLp.innerProductSpace._proof_1))
            Complex ((i : Fin n) → (fun x => Complex) i)
            (@DivisionSemiring.toSemiring Complex
              (@Semifield.toDivisionSemiring Complex
                (@Field.toSemifield Complex
                  (@NormedField.toField Complex
                    (@DenselyNormedField.toNormedField Complex
                      (@RCLike.toDenselyNormedField Complex Complex.instRCLike))))))
            (@Pi.addCommGroup (Fin n) (fun x => Complex) fun i =>
              @Ring.toAddCommGroup Complex
                (@DivisionRing.toRing Complex
                  (@Field.toDivisionRing Complex
                    (@NormedField.toField Complex
                      (@DenselyNormedField.toNormedField Complex
                        (@RCLike.toDenselyNormedField Complex Complex.instRCLike))))))
            (@Pi.Function.module (Fin n) Complex Complex
              (@DivisionSemiring.toSemiring Complex
                (@Semifield.toDivisionSemiring Complex
                  (@Field.toSemifield Complex
                    (@NormedField.toField Complex
                      (@DenselyNormedField.toNormedField Complex
                        (@RCLike.toDenselyNormedField Complex Complex.instRCLike))))))
              (@Semiring.toAddCommMonoid Complex
                (@Ring.toSemiring Complex
                  (@DivisionRing.toRing Complex
                    (@Field.toDivisionRing Complex
                      (@NormedField.toField Complex
                        (@DenselyNormedField.toNormedField Complex
                          (@RCLike.toDenselyNormedField Complex Complex.instRCLike)))))))
              (@Semiring.toModule Complex
                (@DivisionSemiring.toSemiring Complex
                  (@Semifield.toDivisionSemiring Complex
                    (@Field.toSemifield Complex
                      (@NormedField.toField Complex
                        (@DenselyNormedField.toNormedField Complex
                          (@RCLike.toDenselyNormedField Complex Complex.instRCLike)))))))))
          Complex
          (@DistribMulAction.toDistribSMul Complex (EuclideanSpace Complex (Fin n))
            (@Semiring.toMonoid Complex
              (@DivisionSemiring.toSemiring Complex
                (@Semifield.toDivisionSemiring Complex
                  (@Field.toSemifield Complex
                    (@NormedField.toField Complex
                      (@DenselyNormedField.toNormedField Complex
                        (@RCLike.toDenselyNormedField Complex Complex.instRCLike)))))))
            (@SubNegMonoid.toAddMonoid (EuclideanSpace Complex (Fin n))
              (@AddGroup.toSubNegMonoid (EuclideanSpace Complex (Fin n))
                (@AddCommGroup.toAddGroup (EuclideanSpace Complex (Fin n))
                  (@WithLp.instAddCommGroup
                    (@OfNat.ofNat ENNReal (nat_lit 2)
                      (@instOfNatAtLeastTwo ENNReal (nat_lit 2)
                        (@AddMonoidWithOne.toNatCast ENNReal
                          (@AddCommMonoidWithOne.toAddMonoidWithOne ENNReal ENNReal.instAddCommMonoidWithOne))
                        PiLp.innerProductSpace._proof_1))
                    ((i : Fin n) → (fun x => Complex) i)
                    (@Pi.addCommGroup (Fin n) (fun x => Complex) fun i =>
                      @Ring.toAddCommGroup Complex
                        (@DivisionRing.toRing Complex
                          (@Field.toDivisionRing Complex
                            (@NormedField.toField Complex
                              (@DenselyNormedField.toNormedField Complex
                                (@RCLike.toDenselyNormedField Complex Complex.instRCLike))))))))))
            (@WithLp.instDistribMulAction
              (@OfNat.ofNat ENNReal (nat_lit 2)
                (@instOfNatAtLeastTwo ENNReal (nat_lit 2)
                  (@AddMonoidWithOne.toNatCast ENNReal
                    (@AddCommMonoidWithOne.toAddMonoidWithOne ENNReal ENNReal.instAddCommMonoidWithOne))
                  PiLp.innerProductSpace._proof_1))
              Complex ((i : Fin n) → (fun x => Complex) i)
              (@Semiring.toMonoid Complex
                (@DivisionSemiring.toSemiring Complex
                  (@Semifield.toDivisionSemiring Complex
                    (@Field.toSemifield Complex
                      (@NormedField.toField Complex
                        (@DenselyNormedField.toNormedField Complex
                          (@RCLike.toDenselyNormedField Complex Complex.instRCLike)))))))
              (@Pi.addCommGroup (Fin n) (fun x => Complex) fun i =>
                @Ring.toAddCommGroup Complex
                  (@DivisionRing.toRing Complex
                    (@Field.toDivisionRing Complex
                      (@NormedField.toField Complex
                        (@DenselyNormedField.toNormedField Complex
                          (@RCLike.toDenselyNormedField Complex Complex.instRCLike))))))
              (@Pi.distribMulAction (Fin n) (fun x => Complex) Complex
                (@Semiring.toMonoid Complex
                  (@DivisionSemiring.toSemiring Complex
                    (@Semifield.toDivisionSemiring Complex
                      (@Field.toSemifield Complex
                        (@NormedField.toField Complex
                          (@DenselyNormedField.toNormedField Complex
                            (@RCLike.toDenselyNormedField Complex Complex.instRCLike)))))))
                (fun i =>
                  @SubNegMonoid.toAddMonoid ((fun x => Complex) i)
                    ((fun i =>
                        @AddGroup.toSubNegMonoid ((fun x => Complex) i)
                          ((fun i =>
                              @AddCommGroup.toAddGroup ((fun x => Complex) i)
                                ((fun i =>
                                    @Ring.toAddCommGroup Complex
                                      (@DivisionRing.toRing Complex
                                        (@Field.toDivisionRing Complex
                                          (@NormedField.toField Complex
                                            (@DenselyNormedField.toNormedField Complex
                                              (@RCLike.toDenselyNormedField Complex Complex.instRCLike))))))
                                  i))
                            i))
                      i))
                fun i =>
                @Module.toDistribMulAction Complex Complex
                  (@DivisionSemiring.toSemiring Complex
                    (@Semifield.toDivisionSemiring Complex
                      (@Field.toSemifield Complex
                        (@NormedField.toField Complex
                          (@DenselyNormedField.toNormedField Complex
                            (@RCLike.toDenselyNormedField Complex Complex.instRCLike))))))
                  (@Semiring.toAddCommMonoid Complex
                    (@DivisionSemiring.toSemiring Complex
                      (@Semifield.toDivisionSemiring Complex
                        (@Field.toSemifield Complex
                          (@NormedField.toField Complex
                            (@DenselyNormedField.toNormedField Complex
                              (@RCLike.toDenselyNormedField Complex Complex.instRCLike)))))))
                  (@Semiring.toModule Complex
                    (@DivisionSemiring.toSemiring Complex
                      (@Semifield.toDivisionSemiring Complex
                        (@Field.toSemifield Complex
                          (@NormedField.toField Complex
                            (@DenselyNormedField.toNormedField Complex
                              (@RCLike.toDenselyNormedField Complex Complex.instRCLike))))))))))
          ⋯ ⋯)
        (@Matrix.instStar (Fin n) Complex
          (@InvolutiveStar.toStar Complex
            (@StarAddMonoid.toInvolutiveStar Complex
              (@AddCommMonoid.toAddMonoid Complex
                (@NonUnitalNonAssocSemiring.toAddCommMonoid Complex
                  (@NonUnitalNonAssocRing.toNonUnitalNonAssocSemiring Complex
                    (@NonUnitalNonAssocCommRing.toNonUnitalNonAssocRing Complex
                      (@NonUnitalCommRing.toNonUnitalNonAssocCommRing Complex
                        (@CommRing.toNonUnitalCommRing Complex
                          (@Field.toCommRing Complex
                            (@NormedField.toField Complex
                              (@DenselyNormedField.toNormedField Complex
                                (@RCLike.toDenselyNormedField Complex Complex.instRCLike))))))))))
              (@StarRing.toStarAddMonoid Complex
                (@NonUnitalNonAssocRing.toNonUnitalNonAssocSemiring Complex
                  (@NonUnitalNonAssocCommRing.toNonUnitalNonAssocRing Complex
                    (@NonUnitalCommRing.toNonUnitalNonAssocCommRing Complex
                      (@CommRing.toNonUnitalCommRing Complex
                        (@Field.toCommRing Complex
                          (@NormedField.toField Complex
                            (@DenselyNormedField.toNormedField Complex
                              (@RCLike.toDenselyNormedField Complex Complex.instRCLike))))))))
                (@RCLike.toStarRing Complex Complex.instRCLike)))))
        (@ContinuousLinearMap.instStarId Complex (EuclideanSpace Complex (Fin n)) Complex.instRCLike
          (@PiLp.normedAddCommGroup
            (@OfNat.ofNat ENNReal (nat_lit 2)
              (@instOfNatAtLeastTwo ENNReal (nat_lit 2)
                (@AddMonoidWithOne.toNatCast ENNReal
                  (@AddCommMonoidWithOne.toAddMonoidWithOne ENNReal ENNReal.instAddCommMonoidWithOne))
                PiLp.innerProductSpace._proof_1))
            (Fin n) (fun x => Complex) fact_one_le_two_ennreal (Fin.fintype n) fun i =>
            @NonUnitalNormedRing.toNormedAddCommGroup Complex
              (@NonUnitalNormedCommRing.toNonUnitalNormedRing Complex
                (@NormedCommRing.toNonUnitalNormedCommRing Complex
                  (@NormedField.toNormedCommRing Complex
                    (@DenselyNormedField.toNormedField Complex
                      (@RCLike.toDenselyNormedField Complex Complex.instRCLike))))))
          (@PiLp.innerProductSpace Complex Complex.instRCLike (Fin n) (Fin.fintype n) (fun x => Complex)
            (fun i =>
              @NonUnitalNormedRing.toNormedAddCommGroup Complex
                (@NonUnitalNormedCommRing.toNonUnitalNormedRing Complex
                  (@NormedCommRing.toNonUnitalNormedCommRing Complex
                    (@NormedField.toNormedCommRing Complex
                      (@DenselyNormedField.toNormedField Complex
                        (@RCLike.toDenselyNormedField Complex Complex.instRCLike))))))
            fun i => @RCLike.innerProductSpace Complex Complex.instRCLike)
          ⋯))
      (@Matrix.toEuclideanCLM Complex (Fin n) Complex.instRCLike (Fin.fintype n) (instDecidableEqFin n)) A)
'NLA.MI22.operatorNorm' depends on axioms: [propext, Classical.choice, Quot.sound]
def NLA.MI22.frobeniusSquared : {n : Nat} → NLA.MI22.Mat n → Real :=
fun {n} A =>
  ∑ i,
    ∑ j,
      @DFunLike.coe
        (@MonoidWithZeroHom Complex Real (@instMulZeroOneClassOfSemiring Complex Complex.instSemiring)
          (@instMulZeroOneClassOfSemiring Real Real.semiring))
        Complex (fun x => Real)
        (@MonoidWithZeroHom.funLike Complex Real (@instMulZeroOneClassOfSemiring Complex Complex.instSemiring)
          (@instMulZeroOneClassOfSemiring Real Real.semiring))
        Complex.normSq (A i j)
'NLA.MI22.frobeniusSquared' depends on axioms: [propext, Classical.choice, Quot.sound]
def NLA.MI22.witnessD : NLA.MI22.Mat (@OfNat.ofNat Nat (nat_lit 3) (instOfNatNat (nat_lit 3))) :=
@Matrix.diagonal (Fin (@OfNat.ofNat Nat (nat_lit 3) (instOfNatNat (nat_lit 3)))) Complex
  (instDecidableEqFin (@OfNat.ofNat Nat (nat_lit 3) (instOfNatNat (nat_lit 3)))) Complex.instZero
  (@Matrix.vecCons Complex (@OfNat.ofNat Nat (nat_lit 2) (instOfNatNat (nat_lit 2)))
    (@OfNat.ofNat Complex (nat_lit 16)
      (@instOfNatAtLeastTwo Complex (nat_lit 16) Complex.instNatCast NLA.MI22.witnessD._proof_1))
    (@Matrix.vecCons Complex (@OfNat.ofNat Nat (nat_lit 1) (instOfNatNat (nat_lit 1)))
      (@HDiv.hDiv Complex Complex Complex (@instHDiv Complex (@DivInvMonoid.toDiv Complex Complex.instDivInvMonoid))
        (@OfNat.ofNat Complex (nat_lit 1) (@One.toOfNat1 Complex Complex.instOne))
        (@OfNat.ofNat Complex (nat_lit 16)
          (@instOfNatAtLeastTwo Complex (nat_lit 16) Complex.instNatCast NLA.MI22.witnessD._proof_1)))
      (@Matrix.vecCons Complex (@OfNat.ofNat Nat (nat_lit 0) (instOfNatNat (nat_lit 0)))
        (@OfNat.ofNat Complex (nat_lit 1) (@One.toOfNat1 Complex Complex.instOne)) (@Matrix.vecEmpty Complex))))
'NLA.MI22.witnessD' depends on axioms: [propext, Classical.choice, Quot.sound]
def NLA.MI22.witnessDInv : NLA.MI22.Mat (@OfNat.ofNat Nat (nat_lit 3) (instOfNatNat (nat_lit 3))) :=
@Matrix.diagonal (Fin (@OfNat.ofNat Nat (nat_lit 3) (instOfNatNat (nat_lit 3)))) Complex
  (instDecidableEqFin (@OfNat.ofNat Nat (nat_lit 3) (instOfNatNat (nat_lit 3)))) Complex.instZero
  (@Matrix.vecCons Complex (@OfNat.ofNat Nat (nat_lit 2) (instOfNatNat (nat_lit 2)))
    (@HDiv.hDiv Complex Complex Complex (@instHDiv Complex (@DivInvMonoid.toDiv Complex Complex.instDivInvMonoid))
      (@OfNat.ofNat Complex (nat_lit 1) (@One.toOfNat1 Complex Complex.instOne))
      (@OfNat.ofNat Complex (nat_lit 16)
        (@instOfNatAtLeastTwo Complex (nat_lit 16) Complex.instNatCast NLA.MI22.witnessD._proof_1)))
    (@Matrix.vecCons Complex (@OfNat.ofNat Nat (nat_lit 1) (instOfNatNat (nat_lit 1)))
      (@OfNat.ofNat Complex (nat_lit 16)
        (@instOfNatAtLeastTwo Complex (nat_lit 16) Complex.instNatCast NLA.MI22.witnessD._proof_1))
      (@Matrix.vecCons Complex (@OfNat.ofNat Nat (nat_lit 0) (instOfNatNat (nat_lit 0)))
        (@OfNat.ofNat Complex (nat_lit 1) (@One.toOfNat1 Complex Complex.instOne)) (@Matrix.vecEmpty Complex))))
'NLA.MI22.witnessDInv' depends on axioms: [propext, Classical.choice, Quot.sound]
def NLA.MI22.witnessA : NLA.MI22.Mat (@OfNat.ofNat Nat (nat_lit 3) (instOfNatNat (nat_lit 3))) :=
@HPow.hPow (NLA.MI22.Mat (@OfNat.ofNat Nat (nat_lit 3) (instOfNatNat (nat_lit 3)))) Nat
  (NLA.MI22.Mat (@OfNat.ofNat Nat (nat_lit 3) (instOfNatNat (nat_lit 3))))
  (@instHPow (NLA.MI22.Mat (@OfNat.ofNat Nat (nat_lit 3) (instOfNatNat (nat_lit 3)))) Nat
    (@NPow.toPow (NLA.MI22.Mat (@OfNat.ofNat Nat (nat_lit 3) (instOfNatNat (nat_lit 3))))
      (@Monoid.toNPow (NLA.MI22.Mat (@OfNat.ofNat Nat (nat_lit 3) (instOfNatNat (nat_lit 3))))
        (@Semiring.toMonoid (NLA.MI22.Mat (@OfNat.ofNat Nat (nat_lit 3) (instOfNatNat (nat_lit 3))))
          (@Matrix.semiring (Fin (@OfNat.ofNat Nat (nat_lit 3) (instOfNatNat (nat_lit 3)))) Complex Complex.instSemiring
            (Fin.fintype (@OfNat.ofNat Nat (nat_lit 3) (instOfNatNat (nat_lit 3))))
            (instDecidableEqFin (@OfNat.ofNat Nat (nat_lit 3) (instOfNatNat (nat_lit 3)))))))))
  NLA.MI22.witnessD (@OfNat.ofNat Nat (nat_lit 2) (instOfNatNat (nat_lit 2)))
'NLA.MI22.witnessA' depends on axioms: [propext, Classical.choice, Quot.sound]
def NLA.MI22.witnessT : NLA.MI22.Mat (@OfNat.ofNat Nat (nat_lit 3) (instOfNatNat (nat_lit 3))) :=
@HSMul.hSMul Complex
  (Matrix (Fin (@OfNat.ofNat Nat (nat_lit 3) (instOfNatNat (nat_lit 3))))
    (Fin (@OfNat.ofNat Nat (nat_lit 3) (instOfNatNat (nat_lit 3)))) Complex)
  (NLA.MI22.Mat (@OfNat.ofNat Nat (nat_lit 3) (instOfNatNat (nat_lit 3))))
  (@instHSMul Complex
    (Matrix (Fin (@OfNat.ofNat Nat (nat_lit 3) (instOfNatNat (nat_lit 3))))
      (Fin (@OfNat.ofNat Nat (nat_lit 3) (instOfNatNat (nat_lit 3)))) Complex)
    (@Matrix.smul (Fin (@OfNat.ofNat Nat (nat_lit 3) (instOfNatNat (nat_lit 3))))
      (Fin (@OfNat.ofNat Nat (nat_lit 3) (instOfNatNat (nat_lit 3)))) Complex Complex
      (@instSMulOfMul Complex Complex.instMul)))
  (@HDiv.hDiv Complex Complex Complex (@instHDiv Complex (@DivInvMonoid.toDiv Complex Complex.instDivInvMonoid))
    (@OfNat.ofNat Complex (nat_lit 1) (@One.toOfNat1 Complex Complex.instOne))
    (@OfNat.ofNat Complex (nat_lit 8192)
      (@instOfNatAtLeastTwo Complex (nat_lit 8192) Complex.instNatCast NLA.MI22.witnessT._proof_1)))
  (@DFunLike.coe
    (Equiv
      (Fin (@OfNat.ofNat Nat (nat_lit 3) (instOfNatNat (nat_lit 3))) →
        Fin (@OfNat.ofNat Nat (nat_lit 3) (instOfNatNat (nat_lit 3))) → Complex)
      (Matrix (Fin (@OfNat.ofNat Nat (nat_lit 3) (instOfNatNat (nat_lit 3))))
        (Fin (@OfNat.ofNat Nat (nat_lit 3) (instOfNatNat (nat_lit 3)))) Complex))
    (Fin (@OfNat.ofNat Nat (nat_lit 3) (instOfNatNat (nat_lit 3))) →
      Fin (@OfNat.ofNat Nat (nat_lit 3) (instOfNatNat (nat_lit 3))) → Complex)
    (fun x =>
      Matrix (Fin (@OfNat.ofNat Nat (nat_lit 3) (instOfNatNat (nat_lit 3))))
        (Fin (@OfNat.ofNat Nat (nat_lit 3) (instOfNatNat (nat_lit 3)))) Complex)
    (@EquivLike.toFunLike
      (Equiv
        (Fin (@OfNat.ofNat Nat (nat_lit 3) (instOfNatNat (nat_lit 3))) →
          Fin (@OfNat.ofNat Nat (nat_lit 3) (instOfNatNat (nat_lit 3))) → Complex)
        (Matrix (Fin (@OfNat.ofNat Nat (nat_lit 3) (instOfNatNat (nat_lit 3))))
          (Fin (@OfNat.ofNat Nat (nat_lit 3) (instOfNatNat (nat_lit 3)))) Complex))
      (Fin (@OfNat.ofNat Nat (nat_lit 3) (instOfNatNat (nat_lit 3))) →
        Fin (@OfNat.ofNat Nat (nat_lit 3) (instOfNatNat (nat_lit 3))) → Complex)
      (Matrix (Fin (@OfNat.ofNat Nat (nat_lit 3) (instOfNatNat (nat_lit 3))))
        (Fin (@OfNat.ofNat Nat (nat_lit 3) (instOfNatNat (nat_lit 3)))) Complex)
      (@Equiv.instEquivLike
        (Fin (@OfNat.ofNat Nat (nat_lit 3) (instOfNatNat (nat_lit 3))) →
          Fin (@OfNat.ofNat Nat (nat_lit 3) (instOfNatNat (nat_lit 3))) → Complex)
        (Matrix (Fin (@OfNat.ofNat Nat (nat_lit 3) (instOfNatNat (nat_lit 3))))
          (Fin (@OfNat.ofNat Nat (nat_lit 3) (instOfNatNat (nat_lit 3)))) Complex)))
    (@Matrix.of (Fin (@OfNat.ofNat Nat (nat_lit 3) (instOfNatNat (nat_lit 3))))
      (Fin (@OfNat.ofNat Nat (nat_lit 3) (instOfNatNat (nat_lit 3)))) Complex)
    (@Matrix.vecCons (Fin (@OfNat.ofNat Nat (nat_lit 3) (instOfNatNat (nat_lit 3))) → Complex)
      (@OfNat.ofNat Nat (nat_lit 2) (instOfNatNat (nat_lit 2)))
      (@Matrix.vecCons Complex (@OfNat.ofNat Nat (nat_lit 2) (instOfNatNat (nat_lit 2)))
        (@OfNat.ofNat Complex (nat_lit 4616)
          (@instOfNatAtLeastTwo Complex (nat_lit 4616) Complex.instNatCast NLA.MI22.witnessT._proof_2))
        (@Matrix.vecCons Complex (@OfNat.ofNat Nat (nat_lit 1) (instOfNatNat (nat_lit 1)))
          (@Neg.neg Complex Complex.instNeg
            (@OfNat.ofNat Complex (nat_lit 39)
              (@instOfNatAtLeastTwo Complex (nat_lit 39) Complex.instNatCast NLA.MI22.witnessT._proof_3)))
          (@Matrix.vecCons Complex (@OfNat.ofNat Nat (nat_lit 0) (instOfNatNat (nat_lit 0)))
            (@Neg.neg Complex Complex.instNeg
              (@OfNat.ofNat Complex (nat_lit 1250)
                (@instOfNatAtLeastTwo Complex (nat_lit 1250) Complex.instNatCast NLA.MI22.witnessT._proof_4)))
            (@Matrix.vecEmpty Complex))))
      (@Matrix.vecCons (Fin (@OfNat.ofNat Nat (nat_lit 3) (instOfNatNat (nat_lit 3))) → Complex)
        (@OfNat.ofNat Nat (nat_lit 1) (instOfNatNat (nat_lit 1)))
        (@Matrix.vecCons Complex (@OfNat.ofNat Nat (nat_lit 2) (instOfNatNat (nat_lit 2)))
          (@Neg.neg Complex Complex.instNeg
            (@OfNat.ofNat Complex (nat_lit 39)
              (@instOfNatAtLeastTwo Complex (nat_lit 39) Complex.instNatCast NLA.MI22.witnessT._proof_3)))
          (@Matrix.vecCons Complex (@OfNat.ofNat Nat (nat_lit 1) (instOfNatNat (nat_lit 1)))
            (@OfNat.ofNat Complex (nat_lit 55069)
              (@instOfNatAtLeastTwo Complex (nat_lit 55069) Complex.instNatCast NLA.MI22.witnessT._proof_5))
            (@Matrix.vecCons Complex (@OfNat.ofNat Nat (nat_lit 0) (instOfNatNat (nat_lit 0)))
              (@Neg.neg Complex Complex.instNeg
                (@OfNat.ofNat Complex (nat_lit 1519)
                  (@instOfNatAtLeastTwo Complex (nat_lit 1519) Complex.instNatCast NLA.MI22.witnessT._proof_6)))
              (@Matrix.vecEmpty Complex))))
        (@Matrix.vecCons (Fin (@OfNat.ofNat Nat (nat_lit 3) (instOfNatNat (nat_lit 3))) → Complex)
          (@OfNat.ofNat Nat (nat_lit 0) (instOfNatNat (nat_lit 0)))
          (@Matrix.vecCons Complex (@OfNat.ofNat Nat (nat_lit 2) (instOfNatNat (nat_lit 2)))
            (@Neg.neg Complex Complex.instNeg
              (@OfNat.ofNat Complex (nat_lit 1250)
                (@instOfNatAtLeastTwo Complex (nat_lit 1250) Complex.instNatCast NLA.MI22.witnessT._proof_4)))
            (@Matrix.vecCons Complex (@OfNat.ofNat Nat (nat_lit 1) (instOfNatNat (nat_lit 1)))
              (@Neg.neg Complex Complex.instNeg
                (@OfNat.ofNat Complex (nat_lit 1519)
                  (@instOfNatAtLeastTwo Complex (nat_lit 1519) Complex.instNatCast NLA.MI22.witnessT._proof_6)))
              (@Matrix.vecCons Complex (@OfNat.ofNat Nat (nat_lit 0) (instOfNatNat (nat_lit 0)))
                (@OfNat.ofNat Complex (nat_lit 6499)
                  (@instOfNatAtLeastTwo Complex (nat_lit 6499) Complex.instNatCast NLA.MI22.witnessT._proof_7))
                (@Matrix.vecEmpty Complex))))
          (@Matrix.vecEmpty (Fin (@OfNat.ofNat Nat (nat_lit 3) (instOfNatNat (nat_lit 3))) → Complex))))))
'NLA.MI22.witnessT' depends on axioms: [propext, Classical.choice, Quot.sound]
def NLA.MI22.witnessLDL : NLA.MI22.Mat (@OfNat.ofNat Nat (nat_lit 3) (instOfNatNat (nat_lit 3))) :=
@DFunLike.coe
  (Equiv
    (Fin (@OfNat.ofNat Nat (nat_lit 3) (instOfNatNat (nat_lit 3))) →
      Fin (@OfNat.ofNat Nat (nat_lit 3) (instOfNatNat (nat_lit 3))) → Complex)
    (Matrix (Fin (@OfNat.ofNat Nat (nat_lit 3) (instOfNatNat (nat_lit 3))))
      (Fin (@OfNat.ofNat Nat (nat_lit 3) (instOfNatNat (nat_lit 3)))) Complex))
  (Fin (@OfNat.ofNat Nat (nat_lit 3) (instOfNatNat (nat_lit 3))) →
    Fin (@OfNat.ofNat Nat (nat_lit 3) (instOfNatNat (nat_lit 3))) → Complex)
  (fun x =>
    Matrix (Fin (@OfNat.ofNat Nat (nat_lit 3) (instOfNatNat (nat_lit 3))))
      (Fin (@OfNat.ofNat Nat (nat_lit 3) (instOfNatNat (nat_lit 3)))) Complex)
  (@EquivLike.toFunLike
    (Equiv
      (Fin (@OfNat.ofNat Nat (nat_lit 3) (instOfNatNat (nat_lit 3))) →
        Fin (@OfNat.ofNat Nat (nat_lit 3) (instOfNatNat (nat_lit 3))) → Complex)
      (Matrix (Fin (@OfNat.ofNat Nat (nat_lit 3) (instOfNatNat (nat_lit 3))))
        (Fin (@OfNat.ofNat Nat (nat_lit 3) (instOfNatNat (nat_lit 3)))) Complex))
    (Fin (@OfNat.ofNat Nat (nat_lit 3) (instOfNatNat (nat_lit 3))) →
      Fin (@OfNat.ofNat Nat (nat_lit 3) (instOfNatNat (nat_lit 3))) → Complex)
    (Matrix (Fin (@OfNat.ofNat Nat (nat_lit 3) (instOfNatNat (nat_lit 3))))
      (Fin (@OfNat.ofNat Nat (nat_lit 3) (instOfNatNat (nat_lit 3)))) Complex)
    (@Equiv.instEquivLike
      (Fin (@OfNat.ofNat Nat (nat_lit 3) (instOfNatNat (nat_lit 3))) →
        Fin (@OfNat.ofNat Nat (nat_lit 3) (instOfNatNat (nat_lit 3))) → Complex)
      (Matrix (Fin (@OfNat.ofNat Nat (nat_lit 3) (instOfNatNat (nat_lit 3))))
        (Fin (@OfNat.ofNat Nat (nat_lit 3) (instOfNatNat (nat_lit 3)))) Complex)))
  (@Matrix.of (Fin (@OfNat.ofNat Nat (nat_lit 3) (instOfNatNat (nat_lit 3))))
    (Fin (@OfNat.ofNat Nat (nat_lit 3) (instOfNatNat (nat_lit 3)))) Complex)
  (@Matrix.vecCons (Fin (@OfNat.ofNat Nat (nat_lit 3) (instOfNatNat (nat_lit 3))) → Complex)
    (@OfNat.ofNat Nat (nat_lit 2) (instOfNatNat (nat_lit 2)))
    (@Matrix.vecCons Complex (@OfNat.ofNat Nat (nat_lit 2) (instOfNatNat (nat_lit 2)))
      (@OfNat.ofNat Complex (nat_lit 1) (@One.toOfNat1 Complex Complex.instOne))
      (@Matrix.vecCons Complex (@OfNat.ofNat Nat (nat_lit 1) (instOfNatNat (nat_lit 1)))
        (@OfNat.ofNat Complex (nat_lit 0) (@Zero.toOfNat0 Complex Complex.instZero))
        (@Matrix.vecCons Complex (@OfNat.ofNat Nat (nat_lit 0) (instOfNatNat (nat_lit 0)))
          (@OfNat.ofNat Complex (nat_lit 0) (@Zero.toOfNat0 Complex Complex.instZero)) (@Matrix.vecEmpty Complex))))
    (@Matrix.vecCons (Fin (@OfNat.ofNat Nat (nat_lit 3) (instOfNatNat (nat_lit 3))) → Complex)
      (@OfNat.ofNat Nat (nat_lit 1) (instOfNatNat (nat_lit 1)))
      (@Matrix.vecCons Complex (@OfNat.ofNat Nat (nat_lit 2) (instOfNatNat (nat_lit 2)))
        (@HDiv.hDiv Complex Complex Complex (@instHDiv Complex (@DivInvMonoid.toDiv Complex Complex.instDivInvMonoid))
          (@Neg.neg Complex Complex.instNeg
            (@OfNat.ofNat Complex (nat_lit 39)
              (@instOfNatAtLeastTwo Complex (nat_lit 39) Complex.instNatCast NLA.MI22.witnessT._proof_3)))
          (@OfNat.ofNat Complex (nat_lit 4616)
            (@instOfNatAtLeastTwo Complex (nat_lit 4616) Complex.instNatCast NLA.MI22.witnessT._proof_2)))
        (@Matrix.vecCons Complex (@OfNat.ofNat Nat (nat_lit 1) (instOfNatNat (nat_lit 1)))
          (@OfNat.ofNat Complex (nat_lit 1) (@One.toOfNat1 Complex Complex.instOne))
          (@Matrix.vecCons Complex (@OfNat.ofNat Nat (nat_lit 0) (instOfNatNat (nat_lit 0)))
            (@OfNat.ofNat Complex (nat_lit 0) (@Zero.toOfNat0 Complex Complex.instZero)) (@Matrix.vecEmpty Complex))))
      (@Matrix.vecCons (Fin (@OfNat.ofNat Nat (nat_lit 3) (instOfNatNat (nat_lit 3))) → Complex)
        (@OfNat.ofNat Nat (nat_lit 0) (instOfNatNat (nat_lit 0)))
        (@Matrix.vecCons Complex (@OfNat.ofNat Nat (nat_lit 2) (instOfNatNat (nat_lit 2)))
          (@HDiv.hDiv Complex Complex Complex (@instHDiv Complex (@DivInvMonoid.toDiv Complex Complex.instDivInvMonoid))
            (@Neg.neg Complex Complex.instNeg
              (@OfNat.ofNat Complex (nat_lit 625)
                (@instOfNatAtLeastTwo Complex (nat_lit 625) Complex.instNatCast NLA.MI22.witnessLDL._proof_1)))
            (@OfNat.ofNat Complex (nat_lit 2308)
              (@instOfNatAtLeastTwo Complex (nat_lit 2308) Complex.instNatCast NLA.MI22.witnessLDL._proof_2)))
          (@Matrix.vecCons Complex (@OfNat.ofNat Nat (nat_lit 1) (instOfNatNat (nat_lit 1)))
            (@HDiv.hDiv Complex Complex Complex
              (@instHDiv Complex (@DivInvMonoid.toDiv Complex Complex.instDivInvMonoid))
              (@Neg.neg Complex Complex.instNeg
                (@OfNat.ofNat Complex (nat_lit 7060454)
                  (@instOfNatAtLeastTwo Complex (nat_lit 7060454) Complex.instNatCast NLA.MI22.witnessLDL._proof_3)))
              (@OfNat.ofNat Complex (nat_lit 254196983)
                (@instOfNatAtLeastTwo Complex (nat_lit 254196983) Complex.instNatCast NLA.MI22.witnessLDL._proof_4)))
            (@Matrix.vecCons Complex (@OfNat.ofNat Nat (nat_lit 0) (instOfNatNat (nat_lit 0)))
              (@OfNat.ofNat Complex (nat_lit 1) (@One.toOfNat1 Complex Complex.instOne)) (@Matrix.vecEmpty Complex))))
        (@Matrix.vecEmpty (Fin (@OfNat.ofNat Nat (nat_lit 3) (instOfNatNat (nat_lit 3))) → Complex)))))
'NLA.MI22.witnessLDL' depends on axioms: [propext, Classical.choice, Quot.sound]
def NLA.MI22.witnessPivots : NLA.MI22.Mat (@OfNat.ofNat Nat (nat_lit 3) (instOfNatNat (nat_lit 3))) :=
@Matrix.diagonal (Fin (@OfNat.ofNat Nat (nat_lit 3) (instOfNatNat (nat_lit 3)))) Complex
  (instDecidableEqFin (@OfNat.ofNat Nat (nat_lit 3) (instOfNatNat (nat_lit 3)))) Complex.instZero
  (@Matrix.vecCons Complex (@OfNat.ofNat Nat (nat_lit 2) (instOfNatNat (nat_lit 2)))
    (@HDiv.hDiv Complex Complex Complex (@instHDiv Complex (@DivInvMonoid.toDiv Complex Complex.instDivInvMonoid))
      (@OfNat.ofNat Complex (nat_lit 577)
        (@instOfNatAtLeastTwo Complex (nat_lit 577) Complex.instNatCast NLA.MI22.witnessPivots._proof_1))
      (@OfNat.ofNat Complex (nat_lit 1024)
        (@instOfNatAtLeastTwo Complex (nat_lit 1024) Complex.instNatCast NLA.MI22.witnessPivots._proof_2)))
    (@Matrix.vecCons Complex (@OfNat.ofNat Nat (nat_lit 1) (instOfNatNat (nat_lit 1)))
      (@HDiv.hDiv Complex Complex Complex (@instHDiv Complex (@DivInvMonoid.toDiv Complex Complex.instDivInvMonoid))
        (@OfNat.ofNat Complex (nat_lit 254196983)
          (@instOfNatAtLeastTwo Complex (nat_lit 254196983) Complex.instNatCast NLA.MI22.witnessLDL._proof_4))
        (@OfNat.ofNat Complex (nat_lit 37814272)
          (@instOfNatAtLeastTwo Complex (nat_lit 37814272) Complex.instNatCast NLA.MI22.witnessPivots._proof_3)))
      (@Matrix.vecCons Complex (@OfNat.ofNat Nat (nat_lit 0) (instOfNatNat (nat_lit 0)))
        (@HDiv.hDiv Complex Complex Complex (@instHDiv Complex (@DivInvMonoid.toDiv Complex Complex.instDivInvMonoid))
          (@OfNat.ofNat Complex (nat_lit 1555181999141)
            (@instOfNatAtLeastTwo Complex (nat_lit 1555181999141) Complex.instNatCast NLA.MI22.witnessPivots._proof_4))
          (@OfNat.ofNat Complex (nat_lit 2082381684736)
            (@instOfNatAtLeastTwo Complex (nat_lit 2082381684736) Complex.instNatCast NLA.MI22.witnessPivots._proof_5)))
        (@Matrix.vecEmpty Complex))))
'NLA.MI22.witnessPivots' depends on axioms: [propext, Classical.choice, Quot.sound]
def NLA.MI22.witnessB : NLA.MI22.Mat (@OfNat.ofNat Nat (nat_lit 3) (instOfNatNat (nat_lit 3))) :=
@HMul.hMul
  (Matrix (Fin (@OfNat.ofNat Nat (nat_lit 3) (instOfNatNat (nat_lit 3))))
    (Fin (@OfNat.ofNat Nat (nat_lit 3) (instOfNatNat (nat_lit 3)))) Complex)
  (NLA.MI22.Mat (@OfNat.ofNat Nat (nat_lit 3) (instOfNatNat (nat_lit 3))))
  (Matrix (Fin (@OfNat.ofNat Nat (nat_lit 3) (instOfNatNat (nat_lit 3))))
    (Fin (@OfNat.ofNat Nat (nat_lit 3) (instOfNatNat (nat_lit 3)))) Complex)
  (@Matrix.instHMulOfFintypeOfMulOfAddCommMonoid (Fin (@OfNat.ofNat Nat (nat_lit 3) (instOfNatNat (nat_lit 3))))
    (Fin (@OfNat.ofNat Nat (nat_lit 3) (instOfNatNat (nat_lit 3))))
    (Fin (@OfNat.ofNat Nat (nat_lit 3) (instOfNatNat (nat_lit 3)))) Complex
    (Fin.fintype (@OfNat.ofNat Nat (nat_lit 3) (instOfNatNat (nat_lit 3)))) Complex.instMul Complex.instAddCommMonoid)
  (@HMul.hMul (NLA.MI22.Mat (@OfNat.ofNat Nat (nat_lit 3) (instOfNatNat (nat_lit 3))))
    (NLA.MI22.Mat (@OfNat.ofNat Nat (nat_lit 3) (instOfNatNat (nat_lit 3))))
    (Matrix (Fin (@OfNat.ofNat Nat (nat_lit 3) (instOfNatNat (nat_lit 3))))
      (Fin (@OfNat.ofNat Nat (nat_lit 3) (instOfNatNat (nat_lit 3)))) Complex)
    (@Matrix.instHMulOfFintypeOfMulOfAddCommMonoid (Fin (@OfNat.ofNat Nat (nat_lit 3) (instOfNatNat (nat_lit 3))))
      (Fin (@OfNat.ofNat Nat (nat_lit 3) (instOfNatNat (nat_lit 3))))
      (Fin (@OfNat.ofNat Nat (nat_lit 3) (instOfNatNat (nat_lit 3)))) Complex
      (Fin.fintype (@OfNat.ofNat Nat (nat_lit 3) (instOfNatNat (nat_lit 3)))) Complex.instMul Complex.instAddCommMonoid)
    NLA.MI22.witnessD
    (@HPow.hPow (NLA.MI22.Mat (@OfNat.ofNat Nat (nat_lit 3) (instOfNatNat (nat_lit 3)))) Nat
      (NLA.MI22.Mat (@OfNat.ofNat Nat (nat_lit 3) (instOfNatNat (nat_lit 3))))
      (@instHPow (NLA.MI22.Mat (@OfNat.ofNat Nat (nat_lit 3) (instOfNatNat (nat_lit 3)))) Nat
        (@NPow.toPow (NLA.MI22.Mat (@OfNat.ofNat Nat (nat_lit 3) (instOfNatNat (nat_lit 3))))
          (@Monoid.toNPow (NLA.MI22.Mat (@OfNat.ofNat Nat (nat_lit 3) (instOfNatNat (nat_lit 3))))
            (@Semiring.toMonoid (NLA.MI22.Mat (@OfNat.ofNat Nat (nat_lit 3) (instOfNatNat (nat_lit 3))))
              (@Matrix.semiring (Fin (@OfNat.ofNat Nat (nat_lit 3) (instOfNatNat (nat_lit 3)))) Complex
                Complex.instSemiring (Fin.fintype (@OfNat.ofNat Nat (nat_lit 3) (instOfNatNat (nat_lit 3))))
                (instDecidableEqFin (@OfNat.ofNat Nat (nat_lit 3) (instOfNatNat (nat_lit 3)))))))))
      NLA.MI22.witnessT (@OfNat.ofNat Nat (nat_lit 8) (instOfNatNat (nat_lit 8)))))
  NLA.MI22.witnessD
'NLA.MI22.witnessB' depends on axioms: [propext, Classical.choice, Quot.sound]
def NLA.MI22.witnessAOneEighth : NLA.MI22.Mat (@OfNat.ofNat Nat (nat_lit 3) (instOfNatNat (nat_lit 3))) :=
@Matrix.diagonal (Fin (@OfNat.ofNat Nat (nat_lit 3) (instOfNatNat (nat_lit 3)))) Complex
  (instDecidableEqFin (@OfNat.ofNat Nat (nat_lit 3) (instOfNatNat (nat_lit 3)))) Complex.instZero
  (@Matrix.vecCons Complex (@OfNat.ofNat Nat (nat_lit 2) (instOfNatNat (nat_lit 2)))
    (@OfNat.ofNat Complex (nat_lit 2)
      (@instOfNatAtLeastTwo Complex (nat_lit 2) Complex.instNatCast NLA.MI22.weightedMean._proof_1))
    (@Matrix.vecCons Complex (@OfNat.ofNat Nat (nat_lit 1) (instOfNatNat (nat_lit 1)))
      (@HDiv.hDiv Complex Complex Complex (@instHDiv Complex (@DivInvMonoid.toDiv Complex Complex.instDivInvMonoid))
        (@OfNat.ofNat Complex (nat_lit 1) (@One.toOfNat1 Complex Complex.instOne))
        (@OfNat.ofNat Complex (nat_lit 2)
          (@instOfNatAtLeastTwo Complex (nat_lit 2) Complex.instNatCast NLA.MI22.weightedMean._proof_1)))
      (@Matrix.vecCons Complex (@OfNat.ofNat Nat (nat_lit 0) (instOfNatNat (nat_lit 0)))
        (@OfNat.ofNat Complex (nat_lit 1) (@One.toOfNat1 Complex Complex.instOne)) (@Matrix.vecEmpty Complex))))
'NLA.MI22.witnessAOneEighth' depends on axioms: [propext, Classical.choice, Quot.sound]
def NLA.MI22.witnessAFiveEighths : NLA.MI22.Mat (@OfNat.ofNat Nat (nat_lit 3) (instOfNatNat (nat_lit 3))) :=
@Matrix.diagonal (Fin (@OfNat.ofNat Nat (nat_lit 3) (instOfNatNat (nat_lit 3)))) Complex
  (instDecidableEqFin (@OfNat.ofNat Nat (nat_lit 3) (instOfNatNat (nat_lit 3)))) Complex.instZero
  (@Matrix.vecCons Complex (@OfNat.ofNat Nat (nat_lit 2) (instOfNatNat (nat_lit 2)))
    (@OfNat.ofNat Complex (nat_lit 32)
      (@instOfNatAtLeastTwo Complex (nat_lit 32) Complex.instNatCast NLA.MI22.witnessAFiveEighths._proof_1))
    (@Matrix.vecCons Complex (@OfNat.ofNat Nat (nat_lit 1) (instOfNatNat (nat_lit 1)))
      (@HDiv.hDiv Complex Complex Complex (@instHDiv Complex (@DivInvMonoid.toDiv Complex Complex.instDivInvMonoid))
        (@OfNat.ofNat Complex (nat_lit 1) (@One.toOfNat1 Complex Complex.instOne))
        (@OfNat.ofNat Complex (nat_lit 32)
          (@instOfNatAtLeastTwo Complex (nat_lit 32) Complex.instNatCast NLA.MI22.witnessAFiveEighths._proof_1)))
      (@Matrix.vecCons Complex (@OfNat.ofNat Nat (nat_lit 0) (instOfNatNat (nat_lit 0)))
        (@OfNat.ofNat Complex (nat_lit 1) (@One.toOfNat1 Complex Complex.instOne)) (@Matrix.vecEmpty Complex))))
'NLA.MI22.witnessAFiveEighths' depends on axioms: [propext, Classical.choice, Quot.sound]
def NLA.MI22.witnessRoot : NLA.MI22.Mat (@OfNat.ofNat Nat (nat_lit 3) (instOfNatNat (nat_lit 3))) :=
@NLA.MI22.spectralPower (@OfNat.ofNat Nat (nat_lit 3) (instOfNatNat (nat_lit 3))) NLA.MI22.witnessB
  (@HDiv.hDiv Real Real Real (@instHDiv Real (@DivInvMonoid.toDiv Real Real.instDivInvMonoid))
    (@OfNat.ofNat Real (nat_lit 1) (@One.toOfNat1 Real Real.instOne))
    (@OfNat.ofNat Real (nat_lit 8)
      (@instOfNatAtLeastTwo Real (nat_lit 8) Real.instNatCast NLA.MI22.witnessRoot._proof_1)))
'NLA.MI22.witnessRoot' depends on axioms: [propext, Classical.choice, Quot.sound]
def NLA.MI22.witnessN : NLA.MI22.Mat (@OfNat.ofNat Nat (nat_lit 3) (instOfNatNat (nat_lit 3))) :=
@HMul.hMul
  (Matrix (Fin (@OfNat.ofNat Nat (nat_lit 3) (instOfNatNat (nat_lit 3))))
    (Fin (@OfNat.ofNat Nat (nat_lit 3) (instOfNatNat (nat_lit 3)))) Complex)
  (NLA.MI22.Mat (@OfNat.ofNat Nat (nat_lit 3) (instOfNatNat (nat_lit 3))))
  (Matrix (Fin (@OfNat.ofNat Nat (nat_lit 3) (instOfNatNat (nat_lit 3))))
    (Fin (@OfNat.ofNat Nat (nat_lit 3) (instOfNatNat (nat_lit 3)))) Complex)
  (@Matrix.instHMulOfFintypeOfMulOfAddCommMonoid (Fin (@OfNat.ofNat Nat (nat_lit 3) (instOfNatNat (nat_lit 3))))
    (Fin (@OfNat.ofNat Nat (nat_lit 3) (instOfNatNat (nat_lit 3))))
    (Fin (@OfNat.ofNat Nat (nat_lit 3) (instOfNatNat (nat_lit 3)))) Complex
    (Fin.fintype (@OfNat.ofNat Nat (nat_lit 3) (instOfNatNat (nat_lit 3)))) Complex.instMul Complex.instAddCommMonoid)
  (@HMul.hMul
    (Matrix (Fin (@OfNat.ofNat Nat (nat_lit 3) (instOfNatNat (nat_lit 3))))
      (Fin (@OfNat.ofNat Nat (nat_lit 3) (instOfNatNat (nat_lit 3)))) Complex)
    (NLA.MI22.Mat (@OfNat.ofNat Nat (nat_lit 3) (instOfNatNat (nat_lit 3))))
    (Matrix (Fin (@OfNat.ofNat Nat (nat_lit 3) (instOfNatNat (nat_lit 3))))
      (Fin (@OfNat.ofNat Nat (nat_lit 3) (instOfNatNat (nat_lit 3)))) Complex)
    (@Matrix.instHMulOfFintypeOfMulOfAddCommMonoid (Fin (@OfNat.ofNat Nat (nat_lit 3) (instOfNatNat (nat_lit 3))))
      (Fin (@OfNat.ofNat Nat (nat_lit 3) (instOfNatNat (nat_lit 3))))
      (Fin (@OfNat.ofNat Nat (nat_lit 3) (instOfNatNat (nat_lit 3)))) Complex
      (Fin.fintype (@OfNat.ofNat Nat (nat_lit 3) (instOfNatNat (nat_lit 3)))) Complex.instMul Complex.instAddCommMonoid)
    (@HMul.hMul (NLA.MI22.Mat (@OfNat.ofNat Nat (nat_lit 3) (instOfNatNat (nat_lit 3))))
      (NLA.MI22.Mat (@OfNat.ofNat Nat (nat_lit 3) (instOfNatNat (nat_lit 3))))
      (Matrix (Fin (@OfNat.ofNat Nat (nat_lit 3) (instOfNatNat (nat_lit 3))))
        (Fin (@OfNat.ofNat Nat (nat_lit 3) (instOfNatNat (nat_lit 3)))) Complex)
      (@Matrix.instHMulOfFintypeOfMulOfAddCommMonoid (Fin (@OfNat.ofNat Nat (nat_lit 3) (instOfNatNat (nat_lit 3))))
        (Fin (@OfNat.ofNat Nat (nat_lit 3) (instOfNatNat (nat_lit 3))))
        (Fin (@OfNat.ofNat Nat (nat_lit 3) (instOfNatNat (nat_lit 3)))) Complex
        (Fin.fintype (@OfNat.ofNat Nat (nat_lit 3) (instOfNatNat (nat_lit 3)))) Complex.instMul
        Complex.instAddCommMonoid)
      NLA.MI22.witnessAFiveEighths NLA.MI22.witnessT)
    NLA.MI22.witnessD)
  NLA.MI22.witnessB
'NLA.MI22.witnessN' depends on axioms: [propext, Classical.choice, Quot.sound]
def NLA.MI22.witnessVector : EuclideanSpace Complex (Fin (@OfNat.ofNat Nat (nat_lit 3) (instOfNatNat (nat_lit 3)))) :=
@WithLp.toLp
  (@OfNat.ofNat ENNReal (nat_lit 2)
    (@instOfNatAtLeastTwo ENNReal (nat_lit 2)
      (@AddMonoidWithOne.toNatCast ENNReal
        (@AddCommMonoidWithOne.toAddMonoidWithOne ENNReal ENNReal.instAddCommMonoidWithOne))
      NLA.MI22.weightedMean._proof_1))
  ((i : Fin (@OfNat.ofNat Nat (nat_lit 3) (instOfNatNat (nat_lit 3)))) → (fun x => Complex) i)
  (@Matrix.vecCons Complex (@OfNat.ofNat Nat (nat_lit 2) (instOfNatNat (nat_lit 2)))
    (@OfNat.ofNat Complex (nat_lit 0) (@Zero.toOfNat0 Complex Complex.instZero))
    (@Matrix.vecCons Complex (@OfNat.ofNat Nat (nat_lit 1) (instOfNatNat (nat_lit 1)))
      (@HDiv.hDiv Complex Complex Complex (@instHDiv Complex (@DivInvMonoid.toDiv Complex Complex.instDivInvMonoid))
        (@OfNat.ofNat Complex (nat_lit 4)
          (@instOfNatAtLeastTwo Complex (nat_lit 4) Complex.instNatCast NLA.MI22.witnessVector._proof_1))
        (@OfNat.ofNat Complex (nat_lit 5)
          (@instOfNatAtLeastTwo Complex (nat_lit 5) Complex.instNatCast NLA.MI22.witnessVector._proof_2)))
      (@Matrix.vecCons Complex (@OfNat.ofNat Nat (nat_lit 0) (instOfNatNat (nat_lit 0)))
        (@HDiv.hDiv Complex Complex Complex (@instHDiv Complex (@DivInvMonoid.toDiv Complex Complex.instDivInvMonoid))
          (@Neg.neg Complex Complex.instNeg
            (@OfNat.ofNat Complex (nat_lit 3)
              (@instOfNatAtLeastTwo Complex (nat_lit 3) Complex.instNatCast NLA.MI22.witnessVector._proof_3)))
          (@OfNat.ofNat Complex (nat_lit 5)
            (@instOfNatAtLeastTwo Complex (nat_lit 5) Complex.instNatCast NLA.MI22.witnessVector._proof_2)))
        (@Matrix.vecEmpty Complex))))
'NLA.MI22.witnessVector' depends on axioms: [propext, Classical.choice, Quot.sound]
def NLA.MI22.witnessTestValue : Real :=
(@WithLp.ofLp
    (@OfNat.ofNat ENNReal (nat_lit 2)
      (@instOfNatAtLeastTwo ENNReal (nat_lit 2)
        (@AddMonoidWithOne.toNatCast ENNReal
          (@AddCommMonoidWithOne.toAddMonoidWithOne ENNReal ENNReal.instAddCommMonoidWithOne))
        PiLp.innerProductSpace._proof_1))
    ((i : Fin (@OfNat.ofNat Nat (nat_lit 3) (instOfNatNat (nat_lit 3)))) → (fun x => Complex) i)
    (@DFunLike.coe
      (@ContinuousLinearMap Complex Complex
        (@DivisionSemiring.toSemiring Complex
          (@Semifield.toDivisionSemiring Complex
            (@Field.toSemifield Complex
              (@NormedField.toField Complex
                (@DenselyNormedField.toNormedField Complex
                  (@RCLike.toDenselyNormedField Complex Complex.instRCLike))))))
        (@DivisionSemiring.toSemiring Complex
          (@Semifield.toDivisionSemiring Complex
            (@Field.toSemifield Complex
              (@NormedField.toField Complex
                (@DenselyNormedField.toNormedField Complex
                  (@RCLike.toDenselyNormedField Complex Complex.instRCLike))))))
        (@RingHom.id Complex
          (@Semiring.toNonAssocSemiring Complex
            (@DivisionSemiring.toSemiring Complex
              (@Semifield.toDivisionSemiring Complex
                (@Field.toSemifield Complex
                  (@NormedField.toField Complex
                    (@DenselyNormedField.toNormedField Complex
                      (@RCLike.toDenselyNormedField Complex Complex.instRCLike))))))))
        (EuclideanSpace Complex (Fin (@OfNat.ofNat Nat (nat_lit 3) (instOfNatNat (nat_lit 3)))))
        (@PiLp.topologicalSpace
          (@OfNat.ofNat ENNReal (nat_lit 2)
            (@instOfNatAtLeastTwo ENNReal (nat_lit 2)
              (@AddMonoidWithOne.toNatCast ENNReal
                (@AddCommMonoidWithOne.toAddMonoidWithOne ENNReal ENNReal.instAddCommMonoidWithOne))
              PiLp.innerProductSpace._proof_1))
          (Fin (@OfNat.ofNat Nat (nat_lit 3) (instOfNatNat (nat_lit 3)))) (fun x => Complex) fun i =>
          @UniformSpace.toTopologicalSpace Complex
            (@PseudoMetricSpace.toUniformSpace Complex
              (@SeminormedRing.toPseudoMetricSpace Complex
                (@SeminormedCommRing.toSeminormedRing Complex
                  (@NormedCommRing.toSeminormedCommRing Complex
                    (@NormedField.toNormedCommRing Complex
                      (@DenselyNormedField.toNormedField Complex
                        (@RCLike.toDenselyNormedField Complex Complex.instRCLike))))))))
        (@AddCommGroup.toAddCommMonoid
          (EuclideanSpace Complex (Fin (@OfNat.ofNat Nat (nat_lit 3) (instOfNatNat (nat_lit 3)))))
          (@WithLp.instAddCommGroup
            (@OfNat.ofNat ENNReal (nat_lit 2)
              (@instOfNatAtLeastTwo ENNReal (nat_lit 2)
                (@AddMonoidWithOne.toNatCast ENNReal
                  (@AddCommMonoidWithOne.toAddMonoidWithOne ENNReal ENNReal.instAddCommMonoidWithOne))
                PiLp.innerProductSpace._proof_1))
            ((i : Fin (@OfNat.ofNat Nat (nat_lit 3) (instOfNatNat (nat_lit 3)))) → (fun x => Complex) i)
            (@Pi.addCommGroup (Fin (@OfNat.ofNat Nat (nat_lit 3) (instOfNatNat (nat_lit 3)))) (fun x => Complex)
              fun i =>
              @Ring.toAddCommGroup Complex
                (@DivisionRing.toRing Complex
                  (@Field.toDivisionRing Complex
                    (@NormedField.toField Complex
                      (@DenselyNormedField.toNormedField Complex
                        (@RCLike.toDenselyNormedField Complex Complex.instRCLike))))))))
        (EuclideanSpace Complex (Fin (@OfNat.ofNat Nat (nat_lit 3) (instOfNatNat (nat_lit 3)))))
        (@PiLp.topologicalSpace
          (@OfNat.ofNat ENNReal (nat_lit 2)
            (@instOfNatAtLeastTwo ENNReal (nat_lit 2)
              (@AddMonoidWithOne.toNatCast ENNReal
                (@AddCommMonoidWithOne.toAddMonoidWithOne ENNReal ENNReal.instAddCommMonoidWithOne))
              PiLp.innerProductSpace._proof_1))
          (Fin (@OfNat.ofNat Nat (nat_lit 3) (instOfNatNat (nat_lit 3)))) (fun x => Complex) fun i =>
          @UniformSpace.toTopologicalSpace Complex
            (@PseudoMetricSpace.toUniformSpace Complex
              (@SeminormedRing.toPseudoMetricSpace Complex
                (@SeminormedCommRing.toSeminormedRing Complex
                  (@NormedCommRing.toSeminormedCommRing Complex
                    (@NormedField.toNormedCommRing Complex
                      (@DenselyNormedField.toNormedField Complex
                        (@RCLike.toDenselyNormedField Complex Complex.instRCLike))))))))
        (@AddCommGroup.toAddCommMonoid
          (EuclideanSpace Complex (Fin (@OfNat.ofNat Nat (nat_lit 3) (instOfNatNat (nat_lit 3)))))
          (@WithLp.instAddCommGroup
            (@OfNat.ofNat ENNReal (nat_lit 2)
              (@instOfNatAtLeastTwo ENNReal (nat_lit 2)
                (@AddMonoidWithOne.toNatCast ENNReal
                  (@AddCommMonoidWithOne.toAddMonoidWithOne ENNReal ENNReal.instAddCommMonoidWithOne))
                PiLp.innerProductSpace._proof_1))
            ((i : Fin (@OfNat.ofNat Nat (nat_lit 3) (instOfNatNat (nat_lit 3)))) → (fun x => Complex) i)
            (@Pi.addCommGroup (Fin (@OfNat.ofNat Nat (nat_lit 3) (instOfNatNat (nat_lit 3)))) (fun x => Complex)
              fun i =>
              @Ring.toAddCommGroup Complex
                (@DivisionRing.toRing Complex
                  (@Field.toDivisionRing Complex
                    (@NormedField.toField Complex
                      (@DenselyNormedField.toNormedField Complex
                        (@RCLike.toDenselyNormedField Complex Complex.instRCLike))))))))
        (@WithLp.instModule
          (@OfNat.ofNat ENNReal (nat_lit 2)
            (@instOfNatAtLeastTwo ENNReal (nat_lit 2)
              (@AddMonoidWithOne.toNatCast ENNReal
                (@AddCommMonoidWithOne.toAddMonoidWithOne ENNReal ENNReal.instAddCommMonoidWithOne))
              PiLp.innerProductSpace._proof_1))
          Complex ((i : Fin (@OfNat.ofNat Nat (nat_lit 3) (instOfNatNat (nat_lit 3)))) → (fun x => Complex) i)
          (@DivisionSemiring.toSemiring Complex
            (@Semifield.toDivisionSemiring Complex
              (@Field.toSemifield Complex
                (@NormedField.toField Complex
                  (@DenselyNormedField.toNormedField Complex
                    (@RCLike.toDenselyNormedField Complex Complex.instRCLike))))))
          (@Pi.addCommGroup (Fin (@OfNat.ofNat Nat (nat_lit 3) (instOfNatNat (nat_lit 3)))) (fun x => Complex) fun i =>
            @Ring.toAddCommGroup Complex
              (@DivisionRing.toRing Complex
                (@Field.toDivisionRing Complex
                  (@NormedField.toField Complex
                    (@DenselyNormedField.toNormedField Complex
                      (@RCLike.toDenselyNormedField Complex Complex.instRCLike))))))
          (@Pi.Function.module (Fin (@OfNat.ofNat Nat (nat_lit 3) (instOfNatNat (nat_lit 3)))) Complex Complex
            (@DivisionSemiring.toSemiring Complex
              (@Semifield.toDivisionSemiring Complex
                (@Field.toSemifield Complex
                  (@NormedField.toField Complex
                    (@DenselyNormedField.toNormedField Complex
                      (@RCLike.toDenselyNormedField Complex Complex.instRCLike))))))
            (@Semiring.toAddCommMonoid Complex
              (@Ring.toSemiring Complex
                (@DivisionRing.toRing Complex
                  (@Field.toDivisionRing Complex
                    (@NormedField.toField Complex
                      (@DenselyNormedField.toNormedField Complex
                        (@RCLike.toDenselyNormedField Complex Complex.instRCLike)))))))
            (@Semiring.toModule Complex
              (@DivisionSemiring.toSemiring Complex
                (@Semifield.toDivisionSemiring Complex
                  (@Field.toSemifield Complex
                    (@NormedField.toField Complex
                      (@DenselyNormedField.toNormedField Complex
                        (@RCLike.toDenselyNormedField Complex Complex.instRCLike)))))))))
        (@WithLp.instModule
          (@OfNat.ofNat ENNReal (nat_lit 2)
            (@instOfNatAtLeastTwo ENNReal (nat_lit 2)
              (@AddMonoidWithOne.toNatCast ENNReal
                (@AddCommMonoidWithOne.toAddMonoidWithOne ENNReal ENNReal.instAddCommMonoidWithOne))
              PiLp.innerProductSpace._proof_1))
          Complex ((i : Fin (@OfNat.ofNat Nat (nat_lit 3) (instOfNatNat (nat_lit 3)))) → (fun x => Complex) i)
          (@DivisionSemiring.toSemiring Complex
            (@Semifield.toDivisionSemiring Complex
              (@Field.toSemifield Complex
                (@NormedField.toField Complex
                  (@DenselyNormedField.toNormedField Complex
                    (@RCLike.toDenselyNormedField Complex Complex.instRCLike))))))
          (@Pi.addCommGroup (Fin (@OfNat.ofNat Nat (nat_lit 3) (instOfNatNat (nat_lit 3)))) (fun x => Complex) fun i =>
            @Ring.toAddCommGroup Complex
              (@DivisionRing.toRing Complex
                (@Field.toDivisionRing Complex
                  (@NormedField.toField Complex
                    (@DenselyNormedField.toNormedField Complex
                      (@RCLike.toDenselyNormedField Complex Complex.instRCLike))))))
          (@Pi.Function.module (Fin (@OfNat.ofNat Nat (nat_lit 3) (instOfNatNat (nat_lit 3)))) Complex Complex
            (@DivisionSemiring.toSemiring Complex
              (@Semifield.toDivisionSemiring Complex
                (@Field.toSemifield Complex
                  (@NormedField.toField Complex
                    (@DenselyNormedField.toNormedField Complex
                      (@RCLike.toDenselyNormedField Complex Complex.instRCLike))))))
            (@Semiring.toAddCommMonoid Complex
              (@Ring.toSemiring Complex
                (@DivisionRing.toRing Complex
                  (@Field.toDivisionRing Complex
                    (@NormedField.toField Complex
                      (@DenselyNormedField.toNormedField Complex
                        (@RCLike.toDenselyNormedField Complex Complex.instRCLike)))))))
            (@Semiring.toModule Complex
              (@DivisionSemiring.toSemiring Complex
                (@Semifield.toDivisionSemiring Complex
                  (@Field.toSemifield Complex
                    (@NormedField.toField Complex
                      (@DenselyNormedField.toNormedField Complex
                        (@RCLike.toDenselyNormedField Complex Complex.instRCLike))))))))))
      (EuclideanSpace Complex (Fin (@OfNat.ofNat Nat (nat_lit 3) (instOfNatNat (nat_lit 3)))))
      (fun x => EuclideanSpace Complex (Fin (@OfNat.ofNat Nat (nat_lit 3) (instOfNatNat (nat_lit 3)))))
      (@ContinuousLinearMap.funLike Complex Complex
        (@DivisionSemiring.toSemiring Complex
          (@Semifield.toDivisionSemiring Complex
            (@Field.toSemifield Complex
              (@NormedField.toField Complex
                (@DenselyNormedField.toNormedField Complex
                  (@RCLike.toDenselyNormedField Complex Complex.instRCLike))))))
        (@DivisionSemiring.toSemiring Complex
          (@Semifield.toDivisionSemiring Complex
            (@Field.toSemifield Complex
              (@NormedField.toField Complex
                (@DenselyNormedField.toNormedField Complex
                  (@RCLike.toDenselyNormedField Complex Complex.instRCLike))))))
        (@RingHom.id Complex
          (@Semiring.toNonAssocSemiring Complex
            (@DivisionSemiring.toSemiring Complex
              (@Semifield.toDivisionSemiring Complex
                (@Field.toSemifield Complex
                  (@NormedField.toField Complex
                    (@DenselyNormedField.toNormedField Complex
                      (@RCLike.toDenselyNormedField Complex Complex.instRCLike))))))))
        (EuclideanSpace Complex (Fin (@OfNat.ofNat Nat (nat_lit 3) (instOfNatNat (nat_lit 3)))))
        (@PiLp.topologicalSpace
          (@OfNat.ofNat ENNReal (nat_lit 2)
            (@instOfNatAtLeastTwo ENNReal (nat_lit 2)
              (@AddMonoidWithOne.toNatCast ENNReal
                (@AddCommMonoidWithOne.toAddMonoidWithOne ENNReal ENNReal.instAddCommMonoidWithOne))
              PiLp.innerProductSpace._proof_1))
          (Fin (@OfNat.ofNat Nat (nat_lit 3) (instOfNatNat (nat_lit 3)))) (fun x => Complex) fun i =>
          @UniformSpace.toTopologicalSpace Complex
            (@PseudoMetricSpace.toUniformSpace Complex
              (@SeminormedRing.toPseudoMetricSpace Complex
                (@SeminormedCommRing.toSeminormedRing Complex
                  (@NormedCommRing.toSeminormedCommRing Complex
                    (@NormedField.toNormedCommRing Complex
                      (@DenselyNormedField.toNormedField Complex
                        (@RCLike.toDenselyNormedField Complex Complex.instRCLike))))))))
        (@AddCommGroup.toAddCommMonoid
          (EuclideanSpace Complex (Fin (@OfNat.ofNat Nat (nat_lit 3) (instOfNatNat (nat_lit 3)))))
          (@WithLp.instAddCommGroup
            (@OfNat.ofNat ENNReal (nat_lit 2)
              (@instOfNatAtLeastTwo ENNReal (nat_lit 2)
                (@AddMonoidWithOne.toNatCast ENNReal
                  (@AddCommMonoidWithOne.toAddMonoidWithOne ENNReal ENNReal.instAddCommMonoidWithOne))
                PiLp.innerProductSpace._proof_1))
            ((i : Fin (@OfNat.ofNat Nat (nat_lit 3) (instOfNatNat (nat_lit 3)))) → (fun x => Complex) i)
            (@Pi.addCommGroup (Fin (@OfNat.ofNat Nat (nat_lit 3) (instOfNatNat (nat_lit 3)))) (fun x => Complex)
              fun i =>
              @Ring.toAddCommGroup Complex
                (@DivisionRing.toRing Complex
                  (@Field.toDivisionRing Complex
                    (@NormedField.toField Complex
                      (@DenselyNormedField.toNormedField Complex
                        (@RCLike.toDenselyNormedField Complex Complex.instRCLike))))))))
        (EuclideanSpace Complex (Fin (@OfNat.ofNat Nat (nat_lit 3) (instOfNatNat (nat_lit 3)))))
        (@PiLp.topologicalSpace
          (@OfNat.ofNat ENNReal (nat_lit 2)
            (@instOfNatAtLeastTwo ENNReal (nat_lit 2)
              (@AddMonoidWithOne.toNatCast ENNReal
                (@AddCommMonoidWithOne.toAddMonoidWithOne ENNReal ENNReal.instAddCommMonoidWithOne))
              PiLp.innerProductSpace._proof_1))
          (Fin (@OfNat.ofNat Nat (nat_lit 3) (instOfNatNat (nat_lit 3)))) (fun x => Complex) fun i =>
          @UniformSpace.toTopologicalSpace Complex
            (@PseudoMetricSpace.toUniformSpace Complex
              (@SeminormedRing.toPseudoMetricSpace Complex
                (@SeminormedCommRing.toSeminormedRing Complex
                  (@NormedCommRing.toSeminormedCommRing Complex
                    (@NormedField.toNormedCommRing Complex
                      (@DenselyNormedField.toNormedField Complex
                        (@RCLike.toDenselyNormedField Complex Complex.instRCLike))))))))
        (@AddCommGroup.toAddCommMonoid
          (EuclideanSpace Complex (Fin (@OfNat.ofNat Nat (nat_lit 3) (instOfNatNat (nat_lit 3)))))
          (@WithLp.instAddCommGroup
            (@OfNat.ofNat ENNReal (nat_lit 2)
              (@instOfNatAtLeastTwo ENNReal (nat_lit 2)
                (@AddMonoidWithOne.toNatCast ENNReal
                  (@AddCommMonoidWithOne.toAddMonoidWithOne ENNReal ENNReal.instAddCommMonoidWithOne))
                PiLp.innerProductSpace._proof_1))
            ((i : Fin (@OfNat.ofNat Nat (nat_lit 3) (instOfNatNat (nat_lit 3)))) → (fun x => Complex) i)
            (@Pi.addCommGroup (Fin (@OfNat.ofNat Nat (nat_lit 3) (instOfNatNat (nat_lit 3)))) (fun x => Complex)
              fun i =>
              @Ring.toAddCommGroup Complex
                (@DivisionRing.toRing Complex
                  (@Field.toDivisionRing Complex
                    (@NormedField.toField Complex
                      (@DenselyNormedField.toNormedField Complex
                        (@RCLike.toDenselyNormedField Complex Complex.instRCLike))))))))
        (@WithLp.instModule
          (@OfNat.ofNat ENNReal (nat_lit 2)
            (@instOfNatAtLeastTwo ENNReal (nat_lit 2)
              (@AddMonoidWithOne.toNatCast ENNReal
                (@AddCommMonoidWithOne.toAddMonoidWithOne ENNReal ENNReal.instAddCommMonoidWithOne))
              PiLp.innerProductSpace._proof_1))
          Complex ((i : Fin (@OfNat.ofNat Nat (nat_lit 3) (instOfNatNat (nat_lit 3)))) → (fun x => Complex) i)
          (@DivisionSemiring.toSemiring Complex
            (@Semifield.toDivisionSemiring Complex
              (@Field.toSemifield Complex
                (@NormedField.toField Complex
                  (@DenselyNormedField.toNormedField Complex
                    (@RCLike.toDenselyNormedField Complex Complex.instRCLike))))))
          (@Pi.addCommGroup (Fin (@OfNat.ofNat Nat (nat_lit 3) (instOfNatNat (nat_lit 3)))) (fun x => Complex) fun i =>
            @Ring.toAddCommGroup Complex
              (@DivisionRing.toRing Complex
                (@Field.toDivisionRing Complex
                  (@NormedField.toField Complex
                    (@DenselyNormedField.toNormedField Complex
                      (@RCLike.toDenselyNormedField Complex Complex.instRCLike))))))
          (@Pi.Function.module (Fin (@OfNat.ofNat Nat (nat_lit 3) (instOfNatNat (nat_lit 3)))) Complex Complex
            (@DivisionSemiring.toSemiring Complex
              (@Semifield.toDivisionSemiring Complex
                (@Field.toSemifield Complex
                  (@NormedField.toField Complex
                    (@DenselyNormedField.toNormedField Complex
                      (@RCLike.toDenselyNormedField Complex Complex.instRCLike))))))
            (@Semiring.toAddCommMonoid Complex
              (@Ring.toSemiring Complex
                (@DivisionRing.toRing Complex
                  (@Field.toDivisionRing Complex
                    (@NormedField.toField Complex
                      (@DenselyNormedField.toNormedField Complex
                        (@RCLike.toDenselyNormedField Complex Complex.instRCLike)))))))
            (@Semiring.toModule Complex
              (@DivisionSemiring.toSemiring Complex
                (@Semifield.toDivisionSemiring Complex
                  (@Field.toSemifield Complex
                    (@NormedField.toField Complex
                      (@DenselyNormedField.toNormedField Complex
                        (@RCLike.toDenselyNormedField Complex Complex.instRCLike)))))))))
        (@WithLp.instModule
          (@OfNat.ofNat ENNReal (nat_lit 2)
            (@instOfNatAtLeastTwo ENNReal (nat_lit 2)
              (@AddMonoidWithOne.toNatCast ENNReal
                (@AddCommMonoidWithOne.toAddMonoidWithOne ENNReal ENNReal.instAddCommMonoidWithOne))
              PiLp.innerProductSpace._proof_1))
          Complex ((i : Fin (@OfNat.ofNat Nat (nat_lit 3) (instOfNatNat (nat_lit 3)))) → (fun x => Complex) i)
          (@DivisionSemiring.toSemiring Complex
            (@Semifield.toDivisionSemiring Complex
              (@Field.toSemifield Complex
                (@NormedField.toField Complex
                  (@DenselyNormedField.toNormedField Complex
                    (@RCLike.toDenselyNormedField Complex Complex.instRCLike))))))
          (@Pi.addCommGroup (Fin (@OfNat.ofNat Nat (nat_lit 3) (instOfNatNat (nat_lit 3)))) (fun x => Complex) fun i =>
            @Ring.toAddCommGroup Complex
              (@DivisionRing.toRing Complex
                (@Field.toDivisionRing Complex
                  (@NormedField.toField Complex
                    (@DenselyNormedField.toNormedField Complex
                      (@RCLike.toDenselyNormedField Complex Complex.instRCLike))))))
          (@Pi.Function.module (Fin (@OfNat.ofNat Nat (nat_lit 3) (instOfNatNat (nat_lit 3)))) Complex Complex
            (@DivisionSemiring.toSemiring Complex
              (@Semifield.toDivisionSemiring Complex
                (@Field.toSemifield Complex
                  (@NormedField.toField Complex
                    (@DenselyNormedField.toNormedField Complex
                      (@RCLike.toDenselyNormedField Complex Complex.instRCLike))))))
            (@Semiring.toAddCommMonoid Complex
              (@Ring.toSemiring Complex
                (@DivisionRing.toRing Complex
                  (@Field.toDivisionRing Complex
                    (@NormedField.toField Complex
                      (@DenselyNormedField.toNormedField Complex
                        (@RCLike.toDenselyNormedField Complex Complex.instRCLike)))))))
            (@Semiring.toModule Complex
              (@DivisionSemiring.toSemiring Complex
                (@Semifield.toDivisionSemiring Complex
                  (@Field.toSemifield Complex
                    (@NormedField.toField Complex
                      (@DenselyNormedField.toNormedField Complex
                        (@RCLike.toDenselyNormedField Complex Complex.instRCLike))))))))))
      (@DFunLike.coe
        (@StarAlgEquiv Complex
          (Matrix (Fin (@OfNat.ofNat Nat (nat_lit 3) (instOfNatNat (nat_lit 3))))
            (Fin (@OfNat.ofNat Nat (nat_lit 3) (instOfNatNat (nat_lit 3)))) Complex)
          (@ContinuousLinearMap Complex Complex
            (@DivisionSemiring.toSemiring Complex
              (@Semifield.toDivisionSemiring Complex
                (@Field.toSemifield Complex
                  (@NormedField.toField Complex
                    (@DenselyNormedField.toNormedField Complex
                      (@RCLike.toDenselyNormedField Complex Complex.instRCLike))))))
            (@DivisionSemiring.toSemiring Complex
              (@Semifield.toDivisionSemiring Complex
                (@Field.toSemifield Complex
                  (@NormedField.toField Complex
                    (@DenselyNormedField.toNormedField Complex
                      (@RCLike.toDenselyNormedField Complex Complex.instRCLike))))))
            (@RingHom.id Complex
              (@Semiring.toNonAssocSemiring Complex
                (@DivisionSemiring.toSemiring Complex
                  (@Semifield.toDivisionSemiring Complex
                    (@Field.toSemifield Complex
                      (@NormedField.toField Complex
                        (@DenselyNormedField.toNormedField Complex
                          (@RCLike.toDenselyNormedField Complex Complex.instRCLike))))))))
            (EuclideanSpace Complex (Fin (@OfNat.ofNat Nat (nat_lit 3) (instOfNatNat (nat_lit 3)))))
            (@PiLp.topologicalSpace
              (@OfNat.ofNat ENNReal (nat_lit 2)
                (@instOfNatAtLeastTwo ENNReal (nat_lit 2)
                  (@AddMonoidWithOne.toNatCast ENNReal
                    (@AddCommMonoidWithOne.toAddMonoidWithOne ENNReal ENNReal.instAddCommMonoidWithOne))
                  PiLp.innerProductSpace._proof_1))
              (Fin (@OfNat.ofNat Nat (nat_lit 3) (instOfNatNat (nat_lit 3)))) (fun x => Complex) fun i =>
              @UniformSpace.toTopologicalSpace Complex
                (@PseudoMetricSpace.toUniformSpace Complex
                  (@SeminormedRing.toPseudoMetricSpace Complex
                    (@SeminormedCommRing.toSeminormedRing Complex
                      (@NormedCommRing.toSeminormedCommRing Complex
                        (@NormedField.toNormedCommRing Complex
                          (@DenselyNormedField.toNormedField Complex
                            (@RCLike.toDenselyNormedField Complex Complex.instRCLike))))))))
            (@AddCommGroup.toAddCommMonoid
              (EuclideanSpace Complex (Fin (@OfNat.ofNat Nat (nat_lit 3) (instOfNatNat (nat_lit 3)))))
              (@WithLp.instAddCommGroup
                (@OfNat.ofNat ENNReal (nat_lit 2)
                  (@instOfNatAtLeastTwo ENNReal (nat_lit 2)
                    (@AddMonoidWithOne.toNatCast ENNReal
                      (@AddCommMonoidWithOne.toAddMonoidWithOne ENNReal ENNReal.instAddCommMonoidWithOne))
                    PiLp.innerProductSpace._proof_1))
                ((i : Fin (@OfNat.ofNat Nat (nat_lit 3) (instOfNatNat (nat_lit 3)))) → (fun x => Complex) i)
                (@Pi.addCommGroup (Fin (@OfNat.ofNat Nat (nat_lit 3) (instOfNatNat (nat_lit 3)))) (fun x => Complex)
                  fun i =>
                  @Ring.toAddCommGroup Complex
                    (@DivisionRing.toRing Complex
                      (@Field.toDivisionRing Complex
                        (@NormedField.toField Complex
                          (@DenselyNormedField.toNormedField Complex
                            (@RCLike.toDenselyNormedField Complex Complex.instRCLike))))))))
            (EuclideanSpace Complex (Fin (@OfNat.ofNat Nat (nat_lit 3) (instOfNatNat (nat_lit 3)))))
            (@PiLp.topologicalSpace
              (@OfNat.ofNat ENNReal (nat_lit 2)
                (@instOfNatAtLeastTwo ENNReal (nat_lit 2)
                  (@AddMonoidWithOne.toNatCast ENNReal
                    (@AddCommMonoidWithOne.toAddMonoidWithOne ENNReal ENNReal.instAddCommMonoidWithOne))
                  PiLp.innerProductSpace._proof_1))
              (Fin (@OfNat.ofNat Nat (nat_lit 3) (instOfNatNat (nat_lit 3)))) (fun x => Complex) fun i =>
              @UniformSpace.toTopologicalSpace Complex
                (@PseudoMetricSpace.toUniformSpace Complex
                  (@SeminormedRing.toPseudoMetricSpace Complex
                    (@SeminormedCommRing.toSeminormedRing Complex
                      (@NormedCommRing.toSeminormedCommRing Complex
                        (@NormedField.toNormedCommRing Complex
                          (@DenselyNormedField.toNormedField Complex
                            (@RCLike.toDenselyNormedField Complex Complex.instRCLike))))))))
            (@AddCommGroup.toAddCommMonoid
              (EuclideanSpace Complex (Fin (@OfNat.ofNat Nat (nat_lit 3) (instOfNatNat (nat_lit 3)))))
              (@WithLp.instAddCommGroup
                (@OfNat.ofNat ENNReal (nat_lit 2)
                  (@instOfNatAtLeastTwo ENNReal (nat_lit 2)
                    (@AddMonoidWithOne.toNatCast ENNReal
                      (@AddCommMonoidWithOne.toAddMonoidWithOne ENNReal ENNReal.instAddCommMonoidWithOne))
                    PiLp.innerProductSpace._proof_1))
                ((i : Fin (@OfNat.ofNat Nat (nat_lit 3) (instOfNatNat (nat_lit 3)))) → (fun x => Complex) i)
                (@Pi.addCommGroup (Fin (@OfNat.ofNat Nat (nat_lit 3) (instOfNatNat (nat_lit 3)))) (fun x => Complex)
                  fun i =>
                  @Ring.toAddCommGroup Complex
                    (@DivisionRing.toRing Complex
                      (@Field.toDivisionRing Complex
                        (@NormedField.toField Complex
                          (@DenselyNormedField.toNormedField Complex
                            (@RCLike.toDenselyNormedField Complex Complex.instRCLike))))))))
            (@WithLp.instModule
              (@OfNat.ofNat ENNReal (nat_lit 2)
                (@instOfNatAtLeastTwo ENNReal (nat_lit 2)
                  (@AddMonoidWithOne.toNatCast ENNReal
                    (@AddCommMonoidWithOne.toAddMonoidWithOne ENNReal ENNReal.instAddCommMonoidWithOne))
                  PiLp.innerProductSpace._proof_1))
              Complex ((i : Fin (@OfNat.ofNat Nat (nat_lit 3) (instOfNatNat (nat_lit 3)))) → (fun x => Complex) i)
              (@DivisionSemiring.toSemiring Complex
                (@Semifield.toDivisionSemiring Complex
                  (@Field.toSemifield Complex
                    (@NormedField.toField Complex
                      (@DenselyNormedField.toNormedField Complex
                        (@RCLike.toDenselyNormedField Complex Complex.instRCLike))))))
              (@Pi.addCommGroup (Fin (@OfNat.ofNat Nat (nat_lit 3) (instOfNatNat (nat_lit 3)))) (fun x => Complex)
                fun i =>
                @Ring.toAddCommGroup Complex
                  (@DivisionRing.toRing Complex
                    (@Field.toDivisionRing Complex
                      (@NormedField.toField Complex
                        (@DenselyNormedField.toNormedField Complex
                          (@RCLike.toDenselyNormedField Complex Complex.instRCLike))))))
              (@Pi.Function.module (Fin (@OfNat.ofNat Nat (nat_lit 3) (instOfNatNat (nat_lit 3)))) Complex Complex
                (@DivisionSemiring.toSemiring Complex
                  (@Semifield.toDivisionSemiring Complex
                    (@Field.toSemifield Complex
                      (@NormedField.toField Complex
                        (@DenselyNormedField.toNormedField Complex
                          (@RCLike.toDenselyNormedField Complex Complex.instRCLike))))))
                (@Semiring.toAddCommMonoid Complex
                  (@Ring.toSemiring Complex
                    (@DivisionRing.toRing Complex
                      (@Field.toDivisionRing Complex
                        (@NormedField.toField Complex
                          (@DenselyNormedField.toNormedField Complex
                            (@RCLike.toDenselyNormedField Complex Complex.instRCLike)))))))
                (@Semiring.toModule Complex
                  (@DivisionSemiring.toSemiring Complex
                    (@Semifield.toDivisionSemiring Complex
                      (@Field.toSemifield Complex
                        (@NormedField.toField Complex
                          (@DenselyNormedField.toNormedField Complex
                            (@RCLike.toDenselyNormedField Complex Complex.instRCLike)))))))))
            (@WithLp.instModule
              (@OfNat.ofNat ENNReal (nat_lit 2)
                (@instOfNatAtLeastTwo ENNReal (nat_lit 2)
                  (@AddMonoidWithOne.toNatCast ENNReal
                    (@AddCommMonoidWithOne.toAddMonoidWithOne ENNReal ENNReal.instAddCommMonoidWithOne))
                  PiLp.innerProductSpace._proof_1))
              Complex ((i : Fin (@OfNat.ofNat Nat (nat_lit 3) (instOfNatNat (nat_lit 3)))) → (fun x => Complex) i)
              (@DivisionSemiring.toSemiring Complex
                (@Semifield.toDivisionSemiring Complex
                  (@Field.toSemifield Complex
                    (@NormedField.toField Complex
                      (@DenselyNormedField.toNormedField Complex
                        (@RCLike.toDenselyNormedField Complex Complex.instRCLike))))))
              (@Pi.addCommGroup (Fin (@OfNat.ofNat Nat (nat_lit 3) (instOfNatNat (nat_lit 3)))) (fun x => Complex)
                fun i =>
                @Ring.toAddCommGroup Complex
                  (@DivisionRing.toRing Complex
                    (@Field.toDivisionRing Complex
                      (@NormedField.toField Complex
                        (@DenselyNormedField.toNormedField Complex
                          (@RCLike.toDenselyNormedField Complex Complex.instRCLike))))))
              (@Pi.Function.module (Fin (@OfNat.ofNat Nat (nat_lit 3) (instOfNatNat (nat_lit 3)))) Complex Complex
                (@DivisionSemiring.toSemiring Complex
                  (@Semifield.toDivisionSemiring Complex
                    (@Field.toSemifield Complex
                      (@NormedField.toField Complex
                        (@DenselyNormedField.toNormedField Complex
                          (@RCLike.toDenselyNormedField Complex Complex.instRCLike))))))
                (@Semiring.toAddCommMonoid Complex
                  (@Ring.toSemiring Complex
                    (@DivisionRing.toRing Complex
                      (@Field.toDivisionRing Complex
                        (@NormedField.toField Complex
                          (@DenselyNormedField.toNormedField Complex
                            (@RCLike.toDenselyNormedField Complex Complex.instRCLike)))))))
                (@Semiring.toModule Complex
                  (@DivisionSemiring.toSemiring Complex
                    (@Semifield.toDivisionSemiring Complex
                      (@Field.toSemifield Complex
                        (@NormedField.toField Complex
                          (@DenselyNormedField.toNormedField Complex
                            (@RCLike.toDenselyNormedField Complex Complex.instRCLike))))))))))
          (@Matrix.add (Fin (@OfNat.ofNat Nat (nat_lit 3) (instOfNatNat (nat_lit 3))))
            (Fin (@OfNat.ofNat Nat (nat_lit 3) (instOfNatNat (nat_lit 3)))) Complex
            (@Distrib.toAdd Complex
              (@instDistribOfSemiring Complex
                (@DivisionSemiring.toSemiring Complex
                  (@Semifield.toDivisionSemiring Complex
                    (@Field.toSemifield Complex
                      (@NormedField.toField Complex
                        (@DenselyNormedField.toNormedField Complex
                          (@RCLike.toDenselyNormedField Complex Complex.instRCLike)))))))))
          (@ContinuousLinearMap.add Complex Complex
            (@DivisionSemiring.toSemiring Complex
              (@Semifield.toDivisionSemiring Complex
                (@Field.toSemifield Complex
                  (@NormedField.toField Complex
                    (@DenselyNormedField.toNormedField Complex
                      (@RCLike.toDenselyNormedField Complex Complex.instRCLike))))))
            (@DivisionSemiring.toSemiring Complex
              (@Semifield.toDivisionSemiring Complex
                (@Field.toSemifield Complex
                  (@NormedField.toField Complex
                    (@DenselyNormedField.toNormedField Complex
                      (@RCLike.toDenselyNormedField Complex Complex.instRCLike))))))
            (@RingHom.id Complex
              (@Semiring.toNonAssocSemiring Complex
                (@DivisionSemiring.toSemiring Complex
                  (@Semifield.toDivisionSemiring Complex
                    (@Field.toSemifield Complex
                      (@NormedField.toField Complex
                        (@DenselyNormedField.toNormedField Complex
                          (@RCLike.toDenselyNormedField Complex Complex.instRCLike))))))))
            (EuclideanSpace Complex (Fin (@OfNat.ofNat Nat (nat_lit 3) (instOfNatNat (nat_lit 3)))))
            (@PiLp.topologicalSpace
              (@OfNat.ofNat ENNReal (nat_lit 2)
                (@instOfNatAtLeastTwo ENNReal (nat_lit 2)
                  (@AddMonoidWithOne.toNatCast ENNReal
                    (@AddCommMonoidWithOne.toAddMonoidWithOne ENNReal ENNReal.instAddCommMonoidWithOne))
                  PiLp.innerProductSpace._proof_1))
              (Fin (@OfNat.ofNat Nat (nat_lit 3) (instOfNatNat (nat_lit 3)))) (fun x => Complex) fun i =>
              @UniformSpace.toTopologicalSpace Complex
                (@PseudoMetricSpace.toUniformSpace Complex
                  (@SeminormedRing.toPseudoMetricSpace Complex
                    (@SeminormedCommRing.toSeminormedRing Complex
                      (@NormedCommRing.toSeminormedCommRing Complex
                        (@NormedField.toNormedCommRing Complex
                          (@DenselyNormedField.toNormedField Complex
                            (@RCLike.toDenselyNormedField Complex Complex.instRCLike))))))))
            (@AddCommGroup.toAddCommMonoid
              (EuclideanSpace Complex (Fin (@OfNat.ofNat Nat (nat_lit 3) (instOfNatNat (nat_lit 3)))))
              (@WithLp.instAddCommGroup
                (@OfNat.ofNat ENNReal (nat_lit 2)
                  (@instOfNatAtLeastTwo ENNReal (nat_lit 2)
                    (@AddMonoidWithOne.toNatCast ENNReal
                      (@AddCommMonoidWithOne.toAddMonoidWithOne ENNReal ENNReal.instAddCommMonoidWithOne))
                    PiLp.innerProductSpace._proof_1))
                ((i : Fin (@OfNat.ofNat Nat (nat_lit 3) (instOfNatNat (nat_lit 3)))) → (fun x => Complex) i)
                (@Pi.addCommGroup (Fin (@OfNat.ofNat Nat (nat_lit 3) (instOfNatNat (nat_lit 3)))) (fun x => Complex)
                  fun i =>
                  @Ring.toAddCommGroup Complex
                    (@DivisionRing.toRing Complex
                      (@Field.toDivisionRing Complex
                        (@NormedField.toField Complex
                          (@DenselyNormedField.toNormedField Complex
                            (@RCLike.toDenselyNormedField Complex Complex.instRCLike))))))))
            (EuclideanSpace Complex (Fin (@OfNat.ofNat Nat (nat_lit 3) (instOfNatNat (nat_lit 3)))))
            (@PiLp.topologicalSpace
              (@OfNat.ofNat ENNReal (nat_lit 2)
                (@instOfNatAtLeastTwo ENNReal (nat_lit 2)
                  (@AddMonoidWithOne.toNatCast ENNReal
                    (@AddCommMonoidWithOne.toAddMonoidWithOne ENNReal ENNReal.instAddCommMonoidWithOne))
                  PiLp.innerProductSpace._proof_1))
              (Fin (@OfNat.ofNat Nat (nat_lit 3) (instOfNatNat (nat_lit 3)))) (fun x => Complex) fun i =>
              @UniformSpace.toTopologicalSpace Complex
                (@PseudoMetricSpace.toUniformSpace Complex
                  (@SeminormedRing.toPseudoMetricSpace Complex
                    (@SeminormedCommRing.toSeminormedRing Complex
                      (@NormedCommRing.toSeminormedCommRing Complex
                        (@NormedField.toNormedCommRing Complex
                          (@DenselyNormedField.toNormedField Complex
                            (@RCLike.toDenselyNormedField Complex Complex.instRCLike))))))))
            (@AddCommGroup.toAddCommMonoid
              (EuclideanSpace Complex (Fin (@OfNat.ofNat Nat (nat_lit 3) (instOfNatNat (nat_lit 3)))))
              (@WithLp.instAddCommGroup
                (@OfNat.ofNat ENNReal (nat_lit 2)
                  (@instOfNatAtLeastTwo ENNReal (nat_lit 2)
                    (@AddMonoidWithOne.toNatCast ENNReal
                      (@AddCommMonoidWithOne.toAddMonoidWithOne ENNReal ENNReal.instAddCommMonoidWithOne))
                    PiLp.innerProductSpace._proof_1))
                ((i : Fin (@OfNat.ofNat Nat (nat_lit 3) (instOfNatNat (nat_lit 3)))) → (fun x => Complex) i)
                (@Pi.addCommGroup (Fin (@OfNat.ofNat Nat (nat_lit 3) (instOfNatNat (nat_lit 3)))) (fun x => Complex)
                  fun i =>
                  @Ring.toAddCommGroup Complex
                    (@DivisionRing.toRing Complex
                      (@Field.toDivisionRing Complex
                        (@NormedField.toField Complex
                          (@DenselyNormedField.toNormedField Complex
                            (@RCLike.toDenselyNormedField Complex Complex.instRCLike))))))))
            (@WithLp.instModule
              (@OfNat.ofNat ENNReal (nat_lit 2)
                (@instOfNatAtLeastTwo ENNReal (nat_lit 2)
                  (@AddMonoidWithOne.toNatCast ENNReal
                    (@AddCommMonoidWithOne.toAddMonoidWithOne ENNReal ENNReal.instAddCommMonoidWithOne))
                  PiLp.innerProductSpace._proof_1))
              Complex ((i : Fin (@OfNat.ofNat Nat (nat_lit 3) (instOfNatNat (nat_lit 3)))) → (fun x => Complex) i)
              (@DivisionSemiring.toSemiring Complex
                (@Semifield.toDivisionSemiring Complex
                  (@Field.toSemifield Complex
                    (@NormedField.toField Complex
                      (@DenselyNormedField.toNormedField Complex
                        (@RCLike.toDenselyNormedField Complex Complex.instRCLike))))))
              (@Pi.addCommGroup (Fin (@OfNat.ofNat Nat (nat_lit 3) (instOfNatNat (nat_lit 3)))) (fun x => Complex)
                fun i =>
                @Ring.toAddCommGroup Complex
                  (@DivisionRing.toRing Complex
                    (@Field.toDivisionRing Complex
                      (@NormedField.toField Complex
                        (@DenselyNormedField.toNormedField Complex
                          (@RCLike.toDenselyNormedField Complex Complex.instRCLike))))))
              (@Pi.Function.module (Fin (@OfNat.ofNat Nat (nat_lit 3) (instOfNatNat (nat_lit 3)))) Complex Complex
                (@DivisionSemiring.toSemiring Complex
                  (@Semifield.toDivisionSemiring Complex
                    (@Field.toSemifield Complex
                      (@NormedField.toField Complex
                        (@DenselyNormedField.toNormedField Complex
                          (@RCLike.toDenselyNormedField Complex Complex.instRCLike))))))
                (@Semiring.toAddCommMonoid Complex
                  (@Ring.toSemiring Complex
                    (@DivisionRing.toRing Complex
                      (@Field.toDivisionRing Complex
                        (@NormedField.toField Complex
                          (@DenselyNormedField.toNormedField Complex
                            (@RCLike.toDenselyNormedField Complex Complex.instRCLike)))))))
                (@Semiring.toModule Complex
                  (@DivisionSemiring.toSemiring Complex
                    (@Semifield.toDivisionSemiring Complex
                      (@Field.toSemifield Complex
                        (@NormedField.toField Complex
                          (@DenselyNormedField.toNormedField Complex
                            (@RCLike.toDenselyNormedField Complex Complex.instRCLike)))))))))
            (@WithLp.instModule
              (@OfNat.ofNat ENNReal (nat_lit 2)
                (@instOfNatAtLeastTwo ENNReal (nat_lit 2)
                  (@AddMonoidWithOne.toNatCast ENNReal
                    (@AddCommMonoidWithOne.toAddMonoidWithOne ENNReal ENNReal.instAddCommMonoidWithOne))
                  PiLp.innerProductSpace._proof_1))
              Complex ((i : Fin (@OfNat.ofNat Nat (nat_lit 3) (instOfNatNat (nat_lit 3)))) → (fun x => Complex) i)
              (@DivisionSemiring.toSemiring Complex
                (@Semifield.toDivisionSemiring Complex
                  (@Field.toSemifield Complex
                    (@NormedField.toField Complex
                      (@DenselyNormedField.toNormedField Complex
                        (@RCLike.toDenselyNormedField Complex Complex.instRCLike))))))
              (@Pi.addCommGroup (Fin (@OfNat.ofNat Nat (nat_lit 3) (instOfNatNat (nat_lit 3)))) (fun x => Complex)
                fun i =>
                @Ring.toAddCommGroup Complex
                  (@DivisionRing.toRing Complex
                    (@Field.toDivisionRing Complex
                      (@NormedField.toField Complex
                        (@DenselyNormedField.toNormedField Complex
                          (@RCLike.toDenselyNormedField Complex Complex.instRCLike))))))
              (@Pi.Function.module (Fin (@OfNat.ofNat Nat (nat_lit 3) (instOfNatNat (nat_lit 3)))) Complex Complex
                (@DivisionSemiring.toSemiring Complex
                  (@Semifield.toDivisionSemiring Complex
                    (@Field.toSemifield Complex
                      (@NormedField.toField Complex
                        (@DenselyNormedField.toNormedField Complex
                          (@RCLike.toDenselyNormedField Complex Complex.instRCLike))))))
                (@Semiring.toAddCommMonoid Complex
                  (@Ring.toSemiring Complex
                    (@DivisionRing.toRing Complex
                      (@Field.toDivisionRing Complex
                        (@NormedField.toField Complex
                          (@DenselyNormedField.toNormedField Complex
                            (@RCLike.toDenselyNormedField Complex Complex.instRCLike)))))))
                (@Semiring.toModule Complex
                  (@DivisionSemiring.toSemiring Complex
                    (@Semifield.toDivisionSemiring Complex
                      (@Field.toSemifield Complex
                        (@NormedField.toField Complex
                          (@DenselyNormedField.toNormedField Complex
                            (@RCLike.toDenselyNormedField Complex Complex.instRCLike)))))))))
            NLA.MI22.witnessTestValue._proof_1)
          (@Matrix.instMulOfFintypeOfAddCommMonoid (Fin (@OfNat.ofNat Nat (nat_lit 3) (instOfNatNat (nat_lit 3))))
            Complex (Fin.fintype (@OfNat.ofNat Nat (nat_lit 3) (instOfNatNat (nat_lit 3))))
            (@Distrib.toMul Complex
              (@instDistribOfSemiring Complex
                (@DivisionSemiring.toSemiring Complex
                  (@Semifield.toDivisionSemiring Complex
                    (@Field.toSemifield Complex
                      (@NormedField.toField Complex
                        (@DenselyNormedField.toNormedField Complex
                          (@RCLike.toDenselyNormedField Complex Complex.instRCLike))))))))
            (@Semiring.toAddCommMonoid Complex
              (@DivisionSemiring.toSemiring Complex
                (@Semifield.toDivisionSemiring Complex
                  (@Field.toSemifield Complex
                    (@NormedField.toField Complex
                      (@DenselyNormedField.toNormedField Complex
                        (@RCLike.toDenselyNormedField Complex Complex.instRCLike))))))))
          (@ContinuousLinearMap.instMul Complex
            (@DivisionSemiring.toSemiring Complex
              (@Semifield.toDivisionSemiring Complex
                (@Field.toSemifield Complex
                  (@NormedField.toField Complex
                    (@DenselyNormedField.toNormedField Complex
                      (@RCLike.toDenselyNormedField Complex Complex.instRCLike))))))
            (EuclideanSpace Complex (Fin (@OfNat.ofNat Nat (nat_lit 3) (instOfNatNat (nat_lit 3)))))
            (@PiLp.topologicalSpace
              (@OfNat.ofNat ENNReal (nat_lit 2)
                (@instOfNatAtLeastTwo ENNReal (nat_lit 2)
                  (@AddMonoidWithOne.toNatCast ENNReal
                    (@AddCommMonoidWithOne.toAddMonoidWithOne ENNReal ENNReal.instAddCommMonoidWithOne))
                  PiLp.innerProductSpace._proof_1))
              (Fin (@OfNat.ofNat Nat (nat_lit 3) (instOfNatNat (nat_lit 3)))) (fun x => Complex) fun i =>
              @UniformSpace.toTopologicalSpace Complex
                (@PseudoMetricSpace.toUniformSpace Complex
                  (@SeminormedRing.toPseudoMetricSpace Complex
                    (@SeminormedCommRing.toSeminormedRing Complex
                      (@NormedCommRing.toSeminormedCommRing Complex
                        (@NormedField.toNormedCommRing Complex
                          (@DenselyNormedField.toNormedField Complex
                            (@RCLike.toDenselyNormedField Complex Complex.instRCLike))))))))
            (@AddCommGroup.toAddCommMonoid
              (EuclideanSpace Complex (Fin (@OfNat.ofNat Nat (nat_lit 3) (instOfNatNat (nat_lit 3)))))
              (@WithLp.instAddCommGroup
                (@OfNat.ofNat ENNReal (nat_lit 2)
                  (@instOfNatAtLeastTwo ENNReal (nat_lit 2)
                    (@AddMonoidWithOne.toNatCast ENNReal
                      (@AddCommMonoidWithOne.toAddMonoidWithOne ENNReal ENNReal.instAddCommMonoidWithOne))
                    PiLp.innerProductSpace._proof_1))
                ((i : Fin (@OfNat.ofNat Nat (nat_lit 3) (instOfNatNat (nat_lit 3)))) → (fun x => Complex) i)
                (@Pi.addCommGroup (Fin (@OfNat.ofNat Nat (nat_lit 3) (instOfNatNat (nat_lit 3)))) (fun x => Complex)
                  fun i =>
                  @Ring.toAddCommGroup Complex
                    (@DivisionRing.toRing Complex
                      (@Field.toDivisionRing Complex
                        (@NormedField.toField Complex
                          (@DenselyNormedField.toNormedField Complex
                            (@RCLike.toDenselyNormedField Complex Complex.instRCLike))))))))
            (@WithLp.instModule
              (@OfNat.ofNat ENNReal (nat_lit 2)
                (@instOfNatAtLeastTwo ENNReal (nat_lit 2)
                  (@AddMonoidWithOne.toNatCast ENNReal
                    (@AddCommMonoidWithOne.toAddMonoidWithOne ENNReal ENNReal.instAddCommMonoidWithOne))
                  PiLp.innerProductSpace._proof_1))
              Complex ((i : Fin (@OfNat.ofNat Nat (nat_lit 3) (instOfNatNat (nat_lit 3)))) → (fun x => Complex) i)
              (@DivisionSemiring.toSemiring Complex
                (@Semifield.toDivisionSemiring Complex
                  (@Field.toSemifield Complex
                    (@NormedField.toField Complex
                      (@DenselyNormedField.toNormedField Complex
                        (@RCLike.toDenselyNormedField Complex Complex.instRCLike))))))
              (@Pi.addCommGroup (Fin (@OfNat.ofNat Nat (nat_lit 3) (instOfNatNat (nat_lit 3)))) (fun x => Complex)
                fun i =>
                @Ring.toAddCommGroup Complex
                  (@DivisionRing.toRing Complex
                    (@Field.toDivisionRing Complex
                      (@NormedField.toField Complex
                        (@DenselyNormedField.toNormedField Complex
                          (@RCLike.toDenselyNormedField Complex Complex.instRCLike))))))
              (@Pi.Function.module (Fin (@OfNat.ofNat Nat (nat_lit 3) (instOfNatNat (nat_lit 3)))) Complex Complex
                (@DivisionSemiring.toSemiring Complex
                  (@Semifield.toDivisionSemiring Complex
                    (@Field.toSemifield Complex
                      (@NormedField.toField Complex
                        (@DenselyNormedField.toNormedField Complex
                          (@RCLike.toDenselyNormedField Complex Complex.instRCLike))))))
                (@Semiring.toAddCommMonoid Complex
                  (@Ring.toSemiring Complex
                    (@DivisionRing.toRing Complex
                      (@Field.toDivisionRing Complex
                        (@NormedField.toField Complex
                          (@DenselyNormedField.toNormedField Complex
                            (@RCLike.toDenselyNormedField Complex Complex.instRCLike)))))))
                (@Semiring.toModule Complex
                  (@DivisionSemiring.toSemiring Complex
                    (@Semifield.toDivisionSemiring Complex
                      (@Field.toSemifield Complex
                        (@NormedField.toField Complex
                          (@DenselyNormedField.toNormedField Complex
                            (@RCLike.toDenselyNormedField Complex Complex.instRCLike))))))))))
          (@Matrix.smul (Fin (@OfNat.ofNat Nat (nat_lit 3) (instOfNatNat (nat_lit 3))))
            (Fin (@OfNat.ofNat Nat (nat_lit 3) (instOfNatNat (nat_lit 3)))) Complex Complex
            (@instSMulOfMul Complex
              (@Distrib.toMul Complex
                (@instDistribOfSemiring Complex
                  (@DivisionSemiring.toSemiring Complex
                    (@Semifield.toDivisionSemiring Complex
                      (@Field.toSemifield Complex
                        (@NormedField.toField Complex
                          (@DenselyNormedField.toNormedField Complex
                            (@RCLike.toDenselyNormedField Complex Complex.instRCLike))))))))))
          (@ContinuousLinearMap.instSMul Complex Complex
            (@DivisionSemiring.toSemiring Complex
              (@Semifield.toDivisionSemiring Complex
                (@Field.toSemifield Complex
                  (@NormedField.toField Complex
                    (@DenselyNormedField.toNormedField Complex
                      (@RCLike.toDenselyNormedField Complex Complex.instRCLike))))))
            (@DivisionSemiring.toSemiring Complex
              (@Semifield.toDivisionSemiring Complex
                (@Field.toSemifield Complex
                  (@NormedField.toField Complex
                    (@DenselyNormedField.toNormedField Complex
                      (@RCLike.toDenselyNormedField Complex Complex.instRCLike))))))
            (@RingHom.id Complex
              (@Semiring.toNonAssocSemiring Complex
                (@DivisionSemiring.toSemiring Complex
                  (@Semifield.toDivisionSemiring Complex
                    (@Field.toSemifield Complex
                      (@NormedField.toField Complex
                        (@DenselyNormedField.toNormedField Complex
                          (@RCLike.toDenselyNormedField Complex Complex.instRCLike))))))))
            (EuclideanSpace Complex (Fin (@OfNat.ofNat Nat (nat_lit 3) (instOfNatNat (nat_lit 3)))))
            (@PiLp.topologicalSpace
              (@OfNat.ofNat ENNReal (nat_lit 2)
                (@instOfNatAtLeastTwo ENNReal (nat_lit 2)
                  (@AddMonoidWithOne.toNatCast ENNReal
                    (@AddCommMonoidWithOne.toAddMonoidWithOne ENNReal ENNReal.instAddCommMonoidWithOne))
                  PiLp.innerProductSpace._proof_1))
              (Fin (@OfNat.ofNat Nat (nat_lit 3) (instOfNatNat (nat_lit 3)))) (fun x => Complex) fun i =>
              @UniformSpace.toTopologicalSpace Complex
                (@PseudoMetricSpace.toUniformSpace Complex
                  (@SeminormedRing.toPseudoMetricSpace Complex
                    (@SeminormedCommRing.toSeminormedRing Complex
                      (@NormedCommRing.toSeminormedCommRing Complex
                        (@NormedField.toNormedCommRing Complex
                          (@DenselyNormedField.toNormedField Complex
                            (@RCLike.toDenselyNormedField Complex Complex.instRCLike))))))))
            (@AddCommGroup.toAddCommMonoid
              (EuclideanSpace Complex (Fin (@OfNat.ofNat Nat (nat_lit 3) (instOfNatNat (nat_lit 3)))))
              (@WithLp.instAddCommGroup
                (@OfNat.ofNat ENNReal (nat_lit 2)
                  (@instOfNatAtLeastTwo ENNReal (nat_lit 2)
                    (@AddMonoidWithOne.toNatCast ENNReal
                      (@AddCommMonoidWithOne.toAddMonoidWithOne ENNReal ENNReal.instAddCommMonoidWithOne))
                    PiLp.innerProductSpace._proof_1))
                ((i : Fin (@OfNat.ofNat Nat (nat_lit 3) (instOfNatNat (nat_lit 3)))) → (fun x => Complex) i)
                (@Pi.addCommGroup (Fin (@OfNat.ofNat Nat (nat_lit 3) (instOfNatNat (nat_lit 3)))) (fun x => Complex)
                  fun i =>
                  @Ring.toAddCommGroup Complex
                    (@DivisionRing.toRing Complex
                      (@Field.toDivisionRing Complex
                        (@NormedField.toField Complex
                          (@DenselyNormedField.toNormedField Complex
                            (@RCLike.toDenselyNormedField Complex Complex.instRCLike))))))))
            (EuclideanSpace Complex (Fin (@OfNat.ofNat Nat (nat_lit 3) (instOfNatNat (nat_lit 3)))))
            (@PiLp.topologicalSpace
              (@OfNat.ofNat ENNReal (nat_lit 2)
                (@instOfNatAtLeastTwo ENNReal (nat_lit 2)
                  (@AddMonoidWithOne.toNatCast ENNReal
                    (@AddCommMonoidWithOne.toAddMonoidWithOne ENNReal ENNReal.instAddCommMonoidWithOne))
                  PiLp.innerProductSpace._proof_1))
              (Fin (@OfNat.ofNat Nat (nat_lit 3) (instOfNatNat (nat_lit 3)))) (fun x => Complex) fun i =>
              @UniformSpace.toTopologicalSpace Complex
                (@PseudoMetricSpace.toUniformSpace Complex
                  (@SeminormedRing.toPseudoMetricSpace Complex
                    (@SeminormedCommRing.toSeminormedRing Complex
                      (@NormedCommRing.toSeminormedCommRing Complex
                        (@NormedField.toNormedCommRing Complex
                          (@DenselyNormedField.toNormedField Complex
                            (@RCLike.toDenselyNormedField Complex Complex.instRCLike))))))))
            (@AddCommGroup.toAddCommMonoid
              (EuclideanSpace Complex (Fin (@OfNat.ofNat Nat (nat_lit 3) (instOfNatNat (nat_lit 3)))))
              (@WithLp.instAddCommGroup
                (@OfNat.ofNat ENNReal (nat_lit 2)
                  (@instOfNatAtLeastTwo ENNReal (nat_lit 2)
                    (@AddMonoidWithOne.toNatCast ENNReal
                      (@AddCommMonoidWithOne.toAddMonoidWithOne ENNReal ENNReal.instAddCommMonoidWithOne))
                    PiLp.innerProductSpace._proof_1))
                ((i : Fin (@OfNat.ofNat Nat (nat_lit 3) (instOfNatNat (nat_lit 3)))) → (fun x => Complex) i)
                (@Pi.addCommGroup (Fin (@OfNat.ofNat Nat (nat_lit 3) (instOfNatNat (nat_lit 3)))) (fun x => Complex)
                  fun i =>
                  @Ring.toAddCommGroup Complex
                    (@DivisionRing.toRing Complex
                      (@Field.toDivisionRing Complex
                        (@NormedField.toField Complex
                          (@DenselyNormedField.toNormedField Complex
                            (@RCLike.toDenselyNormedField Complex Complex.instRCLike))))))))
            (@WithLp.instModule
              (@OfNat.ofNat ENNReal (nat_lit 2)
                (@instOfNatAtLeastTwo ENNReal (nat_lit 2)
                  (@AddMonoidWithOne.toNatCast ENNReal
                    (@AddCommMonoidWithOne.toAddMonoidWithOne ENNReal ENNReal.instAddCommMonoidWithOne))
                  PiLp.innerProductSpace._proof_1))
              Complex ((i : Fin (@OfNat.ofNat Nat (nat_lit 3) (instOfNatNat (nat_lit 3)))) → (fun x => Complex) i)
              (@DivisionSemiring.toSemiring Complex
                (@Semifield.toDivisionSemiring Complex
                  (@Field.toSemifield Complex
                    (@NormedField.toField Complex
                      (@DenselyNormedField.toNormedField Complex
                        (@RCLike.toDenselyNormedField Complex Complex.instRCLike))))))
              (@Pi.addCommGroup (Fin (@OfNat.ofNat Nat (nat_lit 3) (instOfNatNat (nat_lit 3)))) (fun x => Complex)
                fun i =>
                @Ring.toAddCommGroup Complex
                  (@DivisionRing.toRing Complex
                    (@Field.toDivisionRing Complex
                      (@NormedField.toField Complex
                        (@DenselyNormedField.toNormedField Complex
                          (@RCLike.toDenselyNormedField Complex Complex.instRCLike))))))
              (@Pi.Function.module (Fin (@OfNat.ofNat Nat (nat_lit 3) (instOfNatNat (nat_lit 3)))) Complex Complex
                (@DivisionSemiring.toSemiring Complex
                  (@Semifield.toDivisionSemiring Complex
                    (@Field.toSemifield Complex
                      (@NormedField.toField Complex
                        (@DenselyNormedField.toNormedField Complex
                          (@RCLike.toDenselyNormedField Complex Complex.instRCLike))))))
                (@Semiring.toAddCommMonoid Complex
                  (@Ring.toSemiring Complex
                    (@DivisionRing.toRing Complex
                      (@Field.toDivisionRing Complex
                        (@NormedField.toField Complex
                          (@DenselyNormedField.toNormedField Complex
                            (@RCLike.toDenselyNormedField Complex Complex.instRCLike)))))))
                (@Semiring.toModule Complex
                  (@DivisionSemiring.toSemiring Complex
                    (@Semifield.toDivisionSemiring Complex
                      (@Field.toSemifield Complex
                        (@NormedField.toField Complex
                          (@DenselyNormedField.toNormedField Complex
                            (@RCLike.toDenselyNormedField Complex Complex.instRCLike)))))))))
            (@WithLp.instModule
              (@OfNat.ofNat ENNReal (nat_lit 2)
                (@instOfNatAtLeastTwo ENNReal (nat_lit 2)
                  (@AddMonoidWithOne.toNatCast ENNReal
                    (@AddCommMonoidWithOne.toAddMonoidWithOne ENNReal ENNReal.instAddCommMonoidWithOne))
                  PiLp.innerProductSpace._proof_1))
              Complex ((i : Fin (@OfNat.ofNat Nat (nat_lit 3) (instOfNatNat (nat_lit 3)))) → (fun x => Complex) i)
              (@DivisionSemiring.toSemiring Complex
                (@Semifield.toDivisionSemiring Complex
                  (@Field.toSemifield Complex
                    (@NormedField.toField Complex
                      (@DenselyNormedField.toNormedField Complex
                        (@RCLike.toDenselyNormedField Complex Complex.instRCLike))))))
              (@Pi.addCommGroup (Fin (@OfNat.ofNat Nat (nat_lit 3) (instOfNatNat (nat_lit 3)))) (fun x => Complex)
                fun i =>
                @Ring.toAddCommGroup Complex
                  (@DivisionRing.toRing Complex
                    (@Field.toDivisionRing Complex
                      (@NormedField.toField Complex
                        (@DenselyNormedField.toNormedField Complex
                          (@RCLike.toDenselyNormedField Complex Complex.instRCLike))))))
              (@Pi.Function.module (Fin (@OfNat.ofNat Nat (nat_lit 3) (instOfNatNat (nat_lit 3)))) Complex Complex
                (@DivisionSemiring.toSemiring Complex
                  (@Semifield.toDivisionSemiring Complex
                    (@Field.toSemifield Complex
                      (@NormedField.toField Complex
                        (@DenselyNormedField.toNormedField Complex
                          (@RCLike.toDenselyNormedField Complex Complex.instRCLike))))))
                (@Semiring.toAddCommMonoid Complex
                  (@Ring.toSemiring Complex
                    (@DivisionRing.toRing Complex
                      (@Field.toDivisionRing Complex
                        (@NormedField.toField Complex
                          (@DenselyNormedField.toNormedField Complex
                            (@RCLike.toDenselyNormedField Complex Complex.instRCLike)))))))
                (@Semiring.toModule Complex
                  (@DivisionSemiring.toSemiring Complex
                    (@Semifield.toDivisionSemiring Complex
                      (@Field.toSemifield Complex
                        (@NormedField.toField Complex
                          (@DenselyNormedField.toNormedField Complex
                            (@RCLike.toDenselyNormedField Complex Complex.instRCLike)))))))))
            Complex
            (@DistribMulAction.toDistribSMul Complex
              (EuclideanSpace Complex (Fin (@OfNat.ofNat Nat (nat_lit 3) (instOfNatNat (nat_lit 3)))))
              (@Semiring.toMonoid Complex
                (@DivisionSemiring.toSemiring Complex
                  (@Semifield.toDivisionSemiring Complex
                    (@Field.toSemifield Complex
                      (@NormedField.toField Complex
                        (@DenselyNormedField.toNormedField Complex
                          (@RCLike.toDenselyNormedField Complex Complex.instRCLike)))))))
              (@SubNegMonoid.toAddMonoid
                (EuclideanSpace Complex (Fin (@OfNat.ofNat Nat (nat_lit 3) (instOfNatNat (nat_lit 3)))))
                (@AddGroup.toSubNegMonoid
                  (EuclideanSpace Complex (Fin (@OfNat.ofNat Nat (nat_lit 3) (instOfNatNat (nat_lit 3)))))
                  (@AddCommGroup.toAddGroup
                    (EuclideanSpace Complex (Fin (@OfNat.ofNat Nat (nat_lit 3) (instOfNatNat (nat_lit 3)))))
                    (@WithLp.instAddCommGroup
                      (@OfNat.ofNat ENNReal (nat_lit 2)
                        (@instOfNatAtLeastTwo ENNReal (nat_lit 2)
                          (@AddMonoidWithOne.toNatCast ENNReal
                            (@AddCommMonoidWithOne.toAddMonoidWithOne ENNReal ENNReal.instAddCommMonoidWithOne))
                          PiLp.innerProductSpace._proof_1))
                      ((i : Fin (@OfNat.ofNat Nat (nat_lit 3) (instOfNatNat (nat_lit 3)))) → (fun x => Complex) i)
                      (@Pi.addCommGroup (Fin (@OfNat.ofNat Nat (nat_lit 3) (instOfNatNat (nat_lit 3))))
                        (fun x => Complex) fun i =>
                        @Ring.toAddCommGroup Complex
                          (@DivisionRing.toRing Complex
                            (@Field.toDivisionRing Complex
                              (@NormedField.toField Complex
                                (@DenselyNormedField.toNormedField Complex
                                  (@RCLike.toDenselyNormedField Complex Complex.instRCLike))))))))))
              (@WithLp.instDistribMulAction
                (@OfNat.ofNat ENNReal (nat_lit 2)
                  (@instOfNatAtLeastTwo ENNReal (nat_lit 2)
                    (@AddMonoidWithOne.toNatCast ENNReal
                      (@AddCommMonoidWithOne.toAddMonoidWithOne ENNReal ENNReal.instAddCommMonoidWithOne))
                    PiLp.innerProductSpace._proof_1))
                Complex ((i : Fin (@OfNat.ofNat Nat (nat_lit 3) (instOfNatNat (nat_lit 3)))) → (fun x => Complex) i)
                (@Semiring.toMonoid Complex
                  (@DivisionSemiring.toSemiring Complex
                    (@Semifield.toDivisionSemiring Complex
                      (@Field.toSemifield Complex
                        (@NormedField.toField Complex
                          (@DenselyNormedField.toNormedField Complex
                            (@RCLike.toDenselyNormedField Complex Complex.instRCLike)))))))
                (@Pi.addCommGroup (Fin (@OfNat.ofNat Nat (nat_lit 3) (instOfNatNat (nat_lit 3)))) (fun x => Complex)
                  fun i =>
                  @Ring.toAddCommGroup Complex
                    (@DivisionRing.toRing Complex
                      (@Field.toDivisionRing Complex
                        (@NormedField.toField Complex
                          (@DenselyNormedField.toNormedField Complex
                            (@RCLike.toDenselyNormedField Complex Complex.instRCLike))))))
                (@Pi.distribMulAction (Fin (@OfNat.ofNat Nat (nat_lit 3) (instOfNatNat (nat_lit 3)))) (fun x => Complex)
                  Complex
                  (@Semiring.toMonoid Complex
                    (@DivisionSemiring.toSemiring Complex
                      (@Semifield.toDivisionSemiring Complex
                        (@Field.toSemifield Complex
                          (@NormedField.toField Complex
                            (@DenselyNormedField.toNormedField Complex
                              (@RCLike.toDenselyNormedField Complex Complex.instRCLike)))))))
                  (fun i =>
                    @SubNegMonoid.toAddMonoid ((fun x => Complex) i)
                      ((fun i =>
                          @AddGroup.toSubNegMonoid ((fun x => Complex) i)
                            ((fun i =>
                                @AddCommGroup.toAddGroup ((fun x => Complex) i)
                                  ((fun i =>
                                      @Ring.toAddCommGroup Complex
                                        (@DivisionRing.toRing Complex
                                          (@Field.toDivisionRing Complex
                                            (@NormedField.toField Complex
                                              (@DenselyNormedField.toNormedField Complex
                                                (@RCLike.toDenselyNormedField Complex Complex.instRCLike))))))
                                    i))
                              i))
                        i))
                  fun i =>
                  @Module.toDistribMulAction Complex Complex
                    (@DivisionSemiring.toSemiring Complex
                      (@Semifield.toDivisionSemiring Complex
                        (@Field.toSemifield Complex
                          (@NormedField.toField Complex
                            (@DenselyNormedField.toNormedField Complex
                              (@RCLike.toDenselyNormedField Complex Complex.instRCLike))))))
                    (@Semiring.toAddCommMonoid Complex
                      (@DivisionSemiring.toSemiring Complex
                        (@Semifield.toDivisionSemiring Complex
                          (@Field.toSemifield Complex
                            (@NormedField.toField Complex
                              (@DenselyNormedField.toNormedField Complex
                                (@RCLike.toDenselyNormedField Complex Complex.instRCLike)))))))
                    (@Semiring.toModule Complex
                      (@DivisionSemiring.toSemiring Complex
                        (@Semifield.toDivisionSemiring Complex
                          (@Field.toSemifield Complex
                            (@NormedField.toField Complex
                              (@DenselyNormedField.toNormedField Complex
                                (@RCLike.toDenselyNormedField Complex Complex.instRCLike))))))))))
            NLA.MI22.witnessTestValue._proof_2 NLA.MI22.witnessTestValue._proof_3)
          (@Matrix.instStar (Fin (@OfNat.ofNat Nat (nat_lit 3) (instOfNatNat (nat_lit 3)))) Complex
            (@InvolutiveStar.toStar Complex
              (@StarAddMonoid.toInvolutiveStar Complex
                (@AddCommMonoid.toAddMonoid Complex
                  (@NonUnitalNonAssocSemiring.toAddCommMonoid Complex
                    (@NonUnitalNonAssocRing.toNonUnitalNonAssocSemiring Complex
                      (@NonUnitalNonAssocCommRing.toNonUnitalNonAssocRing Complex
                        (@NonUnitalCommRing.toNonUnitalNonAssocCommRing Complex
                          (@CommRing.toNonUnitalCommRing Complex
                            (@Field.toCommRing Complex
                              (@NormedField.toField Complex
                                (@DenselyNormedField.toNormedField Complex
                                  (@RCLike.toDenselyNormedField Complex Complex.instRCLike))))))))))
                (@StarRing.toStarAddMonoid Complex
                  (@NonUnitalNonAssocRing.toNonUnitalNonAssocSemiring Complex
                    (@NonUnitalNonAssocCommRing.toNonUnitalNonAssocRing Complex
                      (@NonUnitalCommRing.toNonUnitalNonAssocCommRing Complex
                        (@CommRing.toNonUnitalCommRing Complex
                          (@Field.toCommRing Complex
                            (@NormedField.toField Complex
                              (@DenselyNormedField.toNormedField Complex
                                (@RCLike.toDenselyNormedField Complex Complex.instRCLike))))))))
                  (@RCLike.toStarRing Complex Complex.instRCLike)))))
          (@ContinuousLinearMap.instStarId Complex
            (EuclideanSpace Complex (Fin (@OfNat.ofNat Nat (nat_lit 3) (instOfNatNat (nat_lit 3))))) Complex.instRCLike
            (@PiLp.normedAddCommGroup
              (@OfNat.ofNat ENNReal (nat_lit 2)
                (@instOfNatAtLeastTwo ENNReal (nat_lit 2)
                  (@AddMonoidWithOne.toNatCast ENNReal
                    (@AddCommMonoidWithOne.toAddMonoidWithOne ENNReal ENNReal.instAddCommMonoidWithOne))
                  PiLp.innerProductSpace._proof_1))
              (Fin (@OfNat.ofNat Nat (nat_lit 3) (instOfNatNat (nat_lit 3)))) (fun x => Complex) fact_one_le_two_ennreal
              (Fin.fintype (@OfNat.ofNat Nat (nat_lit 3) (instOfNatNat (nat_lit 3)))) fun i =>
              @NonUnitalNormedRing.toNormedAddCommGroup Complex
                (@NonUnitalNormedCommRing.toNonUnitalNormedRing Complex
                  (@NormedCommRing.toNonUnitalNormedCommRing Complex
                    (@NormedField.toNormedCommRing Complex
                      (@DenselyNormedField.toNormedField Complex
                        (@RCLike.toDenselyNormedField Complex Complex.instRCLike))))))
            (@PiLp.innerProductSpace Complex Complex.instRCLike
              (Fin (@OfNat.ofNat Nat (nat_lit 3) (instOfNatNat (nat_lit 3))))
              (Fin.fintype (@OfNat.ofNat Nat (nat_lit 3) (instOfNatNat (nat_lit 3)))) (fun x => Complex)
              (fun i =>
                @NonUnitalNormedRing.toNormedAddCommGroup Complex
                  (@NonUnitalNormedCommRing.toNonUnitalNormedRing Complex
                    (@NormedCommRing.toNonUnitalNormedCommRing Complex
                      (@NormedField.toNormedCommRing Complex
                        (@DenselyNormedField.toNormedField Complex
                          (@RCLike.toDenselyNormedField Complex Complex.instRCLike))))))
              fun i => @RCLike.innerProductSpace Complex Complex.instRCLike)
            NLA.MI22.witnessTestValue._proof_4))
        (Matrix (Fin (@OfNat.ofNat Nat (nat_lit 3) (instOfNatNat (nat_lit 3))))
          (Fin (@OfNat.ofNat Nat (nat_lit 3) (instOfNatNat (nat_lit 3)))) Complex)
        (fun x =>
          @ContinuousLinearMap Complex Complex
            (@DivisionSemiring.toSemiring Complex
              (@Semifield.toDivisionSemiring Complex
                (@Field.toSemifield Complex
                  (@NormedField.toField Complex
                    (@DenselyNormedField.toNormedField Complex
                      (@RCLike.toDenselyNormedField Complex Complex.instRCLike))))))
            (@DivisionSemiring.toSemiring Complex
              (@Semifield.toDivisionSemiring Complex
                (@Field.toSemifield Complex
                  (@NormedField.toField Complex
                    (@DenselyNormedField.toNormedField Complex
                      (@RCLike.toDenselyNormedField Complex Complex.instRCLike))))))
            (@RingHom.id Complex
              (@Semiring.toNonAssocSemiring Complex
                (@DivisionSemiring.toSemiring Complex
                  (@Semifield.toDivisionSemiring Complex
                    (@Field.toSemifield Complex
                      (@NormedField.toField Complex
                        (@DenselyNormedField.toNormedField Complex
                          (@RCLike.toDenselyNormedField Complex Complex.instRCLike))))))))
            (EuclideanSpace Complex (Fin (@OfNat.ofNat Nat (nat_lit 3) (instOfNatNat (nat_lit 3)))))
            (@PiLp.topologicalSpace
              (@OfNat.ofNat ENNReal (nat_lit 2)
                (@instOfNatAtLeastTwo ENNReal (nat_lit 2)
                  (@AddMonoidWithOne.toNatCast ENNReal
                    (@AddCommMonoidWithOne.toAddMonoidWithOne ENNReal ENNReal.instAddCommMonoidWithOne))
                  PiLp.innerProductSpace._proof_1))
              (Fin (@OfNat.ofNat Nat (nat_lit 3) (instOfNatNat (nat_lit 3)))) (fun x => Complex) fun i =>
              @UniformSpace.toTopologicalSpace Complex
                (@PseudoMetricSpace.toUniformSpace Complex
                  (@SeminormedRing.toPseudoMetricSpace Complex
                    (@SeminormedCommRing.toSeminormedRing Complex
                      (@NormedCommRing.toSeminormedCommRing Complex
                        (@NormedField.toNormedCommRing Complex
                          (@DenselyNormedField.toNormedField Complex
                            (@RCLike.toDenselyNormedField Complex Complex.instRCLike))))))))
            (@AddCommGroup.toAddCommMonoid
              (EuclideanSpace Complex (Fin (@OfNat.ofNat Nat (nat_lit 3) (instOfNatNat (nat_lit 3)))))
              (@WithLp.instAddCommGroup
                (@OfNat.ofNat ENNReal (nat_lit 2)
                  (@instOfNatAtLeastTwo ENNReal (nat_lit 2)
                    (@AddMonoidWithOne.toNatCast ENNReal
                      (@AddCommMonoidWithOne.toAddMonoidWithOne ENNReal ENNReal.instAddCommMonoidWithOne))
                    PiLp.innerProductSpace._proof_1))
                ((i : Fin (@OfNat.ofNat Nat (nat_lit 3) (instOfNatNat (nat_lit 3)))) → (fun x => Complex) i)
                (@Pi.addCommGroup (Fin (@OfNat.ofNat Nat (nat_lit 3) (instOfNatNat (nat_lit 3)))) (fun x => Complex)
                  fun i =>
                  @Ring.toAddCommGroup Complex
                    (@DivisionRing.toRing Complex
                      (@Field.toDivisionRing Complex
                        (@NormedField.toField Complex
                          (@DenselyNormedField.toNormedField Complex
                            (@RCLike.toDenselyNormedField Complex Complex.instRCLike))))))))
            (EuclideanSpace Complex (Fin (@OfNat.ofNat Nat (nat_lit 3) (instOfNatNat (nat_lit 3)))))
            (@PiLp.topologicalSpace
              (@OfNat.ofNat ENNReal (nat_lit 2)
                (@instOfNatAtLeastTwo ENNReal (nat_lit 2)
                  (@AddMonoidWithOne.toNatCast ENNReal
                    (@AddCommMonoidWithOne.toAddMonoidWithOne ENNReal ENNReal.instAddCommMonoidWithOne))
                  PiLp.innerProductSpace._proof_1))
              (Fin (@OfNat.ofNat Nat (nat_lit 3) (instOfNatNat (nat_lit 3)))) (fun x => Complex) fun i =>
              @UniformSpace.toTopologicalSpace Complex
                (@PseudoMetricSpace.toUniformSpace Complex
                  (@SeminormedRing.toPseudoMetricSpace Complex
                    (@SeminormedCommRing.toSeminormedRing Complex
                      (@NormedCommRing.toSeminormedCommRing Complex
                        (@NormedField.toNormedCommRing Complex
                          (@DenselyNormedField.toNormedField Complex
                            (@RCLike.toDenselyNormedField Complex Complex.instRCLike))))))))
            (@AddCommGroup.toAddCommMonoid
              (EuclideanSpace Complex (Fin (@OfNat.ofNat Nat (nat_lit 3) (instOfNatNat (nat_lit 3)))))
              (@WithLp.instAddCommGroup
                (@OfNat.ofNat ENNReal (nat_lit 2)
                  (@instOfNatAtLeastTwo ENNReal (nat_lit 2)
                    (@AddMonoidWithOne.toNatCast ENNReal
                      (@AddCommMonoidWithOne.toAddMonoidWithOne ENNReal ENNReal.instAddCommMonoidWithOne))
                    PiLp.innerProductSpace._proof_1))
                ((i : Fin (@OfNat.ofNat Nat (nat_lit 3) (instOfNatNat (nat_lit 3)))) → (fun x => Complex) i)
                (@Pi.addCommGroup (Fin (@OfNat.ofNat Nat (nat_lit 3) (instOfNatNat (nat_lit 3)))) (fun x => Complex)
                  fun i =>
                  @Ring.toAddCommGroup Complex
                    (@DivisionRing.toRing Complex
                      (@Field.toDivisionRing Complex
                        (@NormedField.toField Complex
                          (@DenselyNormedField.toNormedField Complex
                            (@RCLike.toDenselyNormedField Complex Complex.instRCLike))))))))
            (@WithLp.instModule
              (@OfNat.ofNat ENNReal (nat_lit 2)
                (@instOfNatAtLeastTwo ENNReal (nat_lit 2)
                  (@AddMonoidWithOne.toNatCast ENNReal
                    (@AddCommMonoidWithOne.toAddMonoidWithOne ENNReal ENNReal.instAddCommMonoidWithOne))
                  PiLp.innerProductSpace._proof_1))
              Complex ((i : Fin (@OfNat.ofNat Nat (nat_lit 3) (instOfNatNat (nat_lit 3)))) → (fun x => Complex) i)
              (@DivisionSemiring.toSemiring Complex
                (@Semifield.toDivisionSemiring Complex
                  (@Field.toSemifield Complex
                    (@NormedField.toField Complex
                      (@DenselyNormedField.toNormedField Complex
                        (@RCLike.toDenselyNormedField Complex Complex.instRCLike))))))
              (@Pi.addCommGroup (Fin (@OfNat.ofNat Nat (nat_lit 3) (instOfNatNat (nat_lit 3)))) (fun x => Complex)
                fun i =>
                @Ring.toAddCommGroup Complex
                  (@DivisionRing.toRing Complex
                    (@Field.toDivisionRing Complex
                      (@NormedField.toField Complex
                        (@DenselyNormedField.toNormedField Complex
                          (@RCLike.toDenselyNormedField Complex Complex.instRCLike))))))
              (@Pi.Function.module (Fin (@OfNat.ofNat Nat (nat_lit 3) (instOfNatNat (nat_lit 3)))) Complex Complex
                (@DivisionSemiring.toSemiring Complex
                  (@Semifield.toDivisionSemiring Complex
                    (@Field.toSemifield Complex
                      (@NormedField.toField Complex
                        (@DenselyNormedField.toNormedField Complex
                          (@RCLike.toDenselyNormedField Complex Complex.instRCLike))))))
                (@Semiring.toAddCommMonoid Complex
                  (@Ring.toSemiring Complex
                    (@DivisionRing.toRing Complex
                      (@Field.toDivisionRing Complex
                        (@NormedField.toField Complex
                          (@DenselyNormedField.toNormedField Complex
                            (@RCLike.toDenselyNormedField Complex Complex.instRCLike)))))))
                (@Semiring.toModule Complex
                  (@DivisionSemiring.toSemiring Complex
                    (@Semifield.toDivisionSemiring Complex
                      (@Field.toSemifield Complex
                        (@NormedField.toField Complex
                          (@DenselyNormedField.toNormedField Complex
                            (@RCLike.toDenselyNormedField Complex Complex.instRCLike)))))))))
            (@WithLp.instModule
              (@OfNat.ofNat ENNReal (nat_lit 2)
                (@instOfNatAtLeastTwo ENNReal (nat_lit 2)
                  (@AddMonoidWithOne.toNatCast ENNReal
                    (@AddCommMonoidWithOne.toAddMonoidWithOne ENNReal ENNReal.instAddCommMonoidWithOne))
                  PiLp.innerProductSpace._proof_1))
              Complex ((i : Fin (@OfNat.ofNat Nat (nat_lit 3) (instOfNatNat (nat_lit 3)))) → (fun x => Complex) i)
              (@DivisionSemiring.toSemiring Complex
                (@Semifield.toDivisionSemiring Complex
                  (@Field.toSemifield Complex
                    (@NormedField.toField Complex
                      (@DenselyNormedField.toNormedField Complex
                        (@RCLike.toDenselyNormedField Complex Complex.instRCLike))))))
              (@Pi.addCommGroup (Fin (@OfNat.ofNat Nat (nat_lit 3) (instOfNatNat (nat_lit 3)))) (fun x => Complex)
                fun i =>
                @Ring.toAddCommGroup Complex
                  (@DivisionRing.toRing Complex
                    (@Field.toDivisionRing Complex
                      (@NormedField.toField Complex
                        (@DenselyNormedField.toNormedField Complex
                          (@RCLike.toDenselyNormedField Complex Complex.instRCLike))))))
              (@Pi.Function.module (Fin (@OfNat.ofNat Nat (nat_lit 3) (instOfNatNat (nat_lit 3)))) Complex Complex
                (@DivisionSemiring.toSemiring Complex
                  (@Semifield.toDivisionSemiring Complex
                    (@Field.toSemifield Complex
                      (@NormedField.toField Complex
                        (@DenselyNormedField.toNormedField Complex
                          (@RCLike.toDenselyNormedField Complex Complex.instRCLike))))))
                (@Semiring.toAddCommMonoid Complex
                  (@Ring.toSemiring Complex
                    (@DivisionRing.toRing Complex
                      (@Field.toDivisionRing Complex
                        (@NormedField.toField Complex
                          (@DenselyNormedField.toNormedField Complex
                            (@RCLike.toDenselyNormedField Complex Complex.instRCLike)))))))
                (@Semiring.toModule Complex
                  (@DivisionSemiring.toSemiring Complex
                    (@Semifield.toDivisionSemiring Complex
                      (@Field.toSemifield Complex
                        (@NormedField.toField Complex
                          (@DenselyNormedField.toNormedField Complex
                            (@RCLike.toDenselyNormedField Complex Complex.instRCLike))))))))))
        (@StarAlgEquiv.instFunLike Complex
          (Matrix (Fin (@OfNat.ofNat Nat (nat_lit 3) (instOfNatNat (nat_lit 3))))
            (Fin (@OfNat.ofNat Nat (nat_lit 3) (instOfNatNat (nat_lit 3)))) Complex)
          (@ContinuousLinearMap Complex Complex
            (@DivisionSemiring.toSemiring Complex
              (@Semifield.toDivisionSemiring Complex
                (@Field.toSemifield Complex
                  (@NormedField.toField Complex
                    (@DenselyNormedField.toNormedField Complex
                      (@RCLike.toDenselyNormedField Complex Complex.instRCLike))))))
            (@DivisionSemiring.toSemiring Complex
              (@Semifield.toDivisionSemiring Complex
                (@Field.toSemifield Complex
                  (@NormedField.toField Complex
                    (@DenselyNormedField.toNormedField Complex
                      (@RCLike.toDenselyNormedField Complex Complex.instRCLike))))))
            (@RingHom.id Complex
              (@Semiring.toNonAssocSemiring Complex
                (@DivisionSemiring.toSemiring Complex
                  (@Semifield.toDivisionSemiring Complex
                    (@Field.toSemifield Complex
                      (@NormedField.toField Complex
                        (@DenselyNormedField.toNormedField Complex
                          (@RCLike.toDenselyNormedField Complex Complex.instRCLike))))))))
            (EuclideanSpace Complex (Fin (@OfNat.ofNat Nat (nat_lit 3) (instOfNatNat (nat_lit 3)))))
            (@PiLp.topologicalSpace
              (@OfNat.ofNat ENNReal (nat_lit 2)
                (@instOfNatAtLeastTwo ENNReal (nat_lit 2)
                  (@AddMonoidWithOne.toNatCast ENNReal
                    (@AddCommMonoidWithOne.toAddMonoidWithOne ENNReal ENNReal.instAddCommMonoidWithOne))
                  PiLp.innerProductSpace._proof_1))
              (Fin (@OfNat.ofNat Nat (nat_lit 3) (instOfNatNat (nat_lit 3)))) (fun x => Complex) fun i =>
              @UniformSpace.toTopologicalSpace Complex
                (@PseudoMetricSpace.toUniformSpace Complex
                  (@SeminormedRing.toPseudoMetricSpace Complex
                    (@SeminormedCommRing.toSeminormedRing Complex
                      (@NormedCommRing.toSeminormedCommRing Complex
                        (@NormedField.toNormedCommRing Complex
                          (@DenselyNormedField.toNormedField Complex
                            (@RCLike.toDenselyNormedField Complex Complex.instRCLike))))))))
            (@AddCommGroup.toAddCommMonoid
              (EuclideanSpace Complex (Fin (@OfNat.ofNat Nat (nat_lit 3) (instOfNatNat (nat_lit 3)))))
              (@WithLp.instAddCommGroup
                (@OfNat.ofNat ENNReal (nat_lit 2)
                  (@instOfNatAtLeastTwo ENNReal (nat_lit 2)
                    (@AddMonoidWithOne.toNatCast ENNReal
                      (@AddCommMonoidWithOne.toAddMonoidWithOne ENNReal ENNReal.instAddCommMonoidWithOne))
                    PiLp.innerProductSpace._proof_1))
                ((i : Fin (@OfNat.ofNat Nat (nat_lit 3) (instOfNatNat (nat_lit 3)))) → (fun x => Complex) i)
                (@Pi.addCommGroup (Fin (@OfNat.ofNat Nat (nat_lit 3) (instOfNatNat (nat_lit 3)))) (fun x => Complex)
                  fun i =>
                  @Ring.toAddCommGroup Complex
                    (@DivisionRing.toRing Complex
                      (@Field.toDivisionRing Complex
                        (@NormedField.toField Complex
                          (@DenselyNormedField.toNormedField Complex
                            (@RCLike.toDenselyNormedField Complex Complex.instRCLike))))))))
            (EuclideanSpace Complex (Fin (@OfNat.ofNat Nat (nat_lit 3) (instOfNatNat (nat_lit 3)))))
            (@PiLp.topologicalSpace
              (@OfNat.ofNat ENNReal (nat_lit 2)
                (@instOfNatAtLeastTwo ENNReal (nat_lit 2)
                  (@AddMonoidWithOne.toNatCast ENNReal
                    (@AddCommMonoidWithOne.toAddMonoidWithOne ENNReal ENNReal.instAddCommMonoidWithOne))
                  PiLp.innerProductSpace._proof_1))
              (Fin (@OfNat.ofNat Nat (nat_lit 3) (instOfNatNat (nat_lit 3)))) (fun x => Complex) fun i =>
              @UniformSpace.toTopologicalSpace Complex
                (@PseudoMetricSpace.toUniformSpace Complex
                  (@SeminormedRing.toPseudoMetricSpace Complex
                    (@SeminormedCommRing.toSeminormedRing Complex
                      (@NormedCommRing.toSeminormedCommRing Complex
                        (@NormedField.toNormedCommRing Complex
                          (@DenselyNormedField.toNormedField Complex
                            (@RCLike.toDenselyNormedField Complex Complex.instRCLike))))))))
            (@AddCommGroup.toAddCommMonoid
              (EuclideanSpace Complex (Fin (@OfNat.ofNat Nat (nat_lit 3) (instOfNatNat (nat_lit 3)))))
              (@WithLp.instAddCommGroup
                (@OfNat.ofNat ENNReal (nat_lit 2)
                  (@instOfNatAtLeastTwo ENNReal (nat_lit 2)
                    (@AddMonoidWithOne.toNatCast ENNReal
                      (@AddCommMonoidWithOne.toAddMonoidWithOne ENNReal ENNReal.instAddCommMonoidWithOne))
                    PiLp.innerProductSpace._proof_1))
                ((i : Fin (@OfNat.ofNat Nat (nat_lit 3) (instOfNatNat (nat_lit 3)))) → (fun x => Complex) i)
                (@Pi.addCommGroup (Fin (@OfNat.ofNat Nat (nat_lit 3) (instOfNatNat (nat_lit 3)))) (fun x => Complex)
                  fun i =>
                  @Ring.toAddCommGroup Complex
                    (@DivisionRing.toRing Complex
                      (@Field.toDivisionRing Complex
                        (@NormedField.toField Complex
                          (@DenselyNormedField.toNormedField Complex
                            (@RCLike.toDenselyNormedField Complex Complex.instRCLike))))))))
            (@WithLp.instModule
              (@OfNat.ofNat ENNReal (nat_lit 2)
                (@instOfNatAtLeastTwo ENNReal (nat_lit 2)
                  (@AddMonoidWithOne.toNatCast ENNReal
                    (@AddCommMonoidWithOne.toAddMonoidWithOne ENNReal ENNReal.instAddCommMonoidWithOne))
                  PiLp.innerProductSpace._proof_1))
              Complex ((i : Fin (@OfNat.ofNat Nat (nat_lit 3) (instOfNatNat (nat_lit 3)))) → (fun x => Complex) i)
              (@DivisionSemiring.toSemiring Complex
                (@Semifield.toDivisionSemiring Complex
                  (@Field.toSemifield Complex
                    (@NormedField.toField Complex
                      (@DenselyNormedField.toNormedField Complex
                        (@RCLike.toDenselyNormedField Complex Complex.instRCLike))))))
              (@Pi.addCommGroup (Fin (@OfNat.ofNat Nat (nat_lit 3) (instOfNatNat (nat_lit 3)))) (fun x => Complex)
                fun i =>
                @Ring.toAddCommGroup Complex
                  (@DivisionRing.toRing Complex
                    (@Field.toDivisionRing Complex
                      (@NormedField.toField Complex
                        (@DenselyNormedField.toNormedField Complex
                          (@RCLike.toDenselyNormedField Complex Complex.instRCLike))))))
              (@Pi.Function.module (Fin (@OfNat.ofNat Nat (nat_lit 3) (instOfNatNat (nat_lit 3)))) Complex Complex
                (@DivisionSemiring.toSemiring Complex
                  (@Semifield.toDivisionSemiring Complex
                    (@Field.toSemifield Complex
                      (@NormedField.toField Complex
                        (@DenselyNormedField.toNormedField Complex
                          (@RCLike.toDenselyNormedField Complex Complex.instRCLike))))))
                (@Semiring.toAddCommMonoid Complex
                  (@Ring.toSemiring Complex
                    (@DivisionRing.toRing Complex
                      (@Field.toDivisionRing Complex
                        (@NormedField.toField Complex
                          (@DenselyNormedField.toNormedField Complex
                            (@RCLike.toDenselyNormedField Complex Complex.instRCLike)))))))
                (@Semiring.toModule Complex
                  (@DivisionSemiring.toSemiring Complex
                    (@Semifield.toDivisionSemiring Complex
                      (@Field.toSemifield Complex
                        (@NormedField.toField Complex
                          (@DenselyNormedField.toNormedField Complex
                            (@RCLike.toDenselyNormedField Complex Complex.instRCLike)))))))))
            (@WithLp.instModule
              (@OfNat.ofNat ENNReal (nat_lit 2)
                (@instOfNatAtLeastTwo ENNReal (nat_lit 2)
                  (@AddMonoidWithOne.toNatCast ENNReal
                    (@AddCommMonoidWithOne.toAddMonoidWithOne ENNReal ENNReal.instAddCommMonoidWithOne))
                  PiLp.innerProductSpace._proof_1))
              Complex ((i : Fin (@OfNat.ofNat Nat (nat_lit 3) (instOfNatNat (nat_lit 3)))) → (fun x => Complex) i)
              (@DivisionSemiring.toSemiring Complex
                (@Semifield.toDivisionSemiring Complex
                  (@Field.toSemifield Complex
                    (@NormedField.toField Complex
                      (@DenselyNormedField.toNormedField Complex
                        (@RCLike.toDenselyNormedField Complex Complex.instRCLike))))))
              (@Pi.addCommGroup (Fin (@OfNat.ofNat Nat (nat_lit 3) (instOfNatNat (nat_lit 3)))) (fun x => Complex)
                fun i =>
                @Ring.toAddCommGroup Complex
                  (@DivisionRing.toRing Complex
                    (@Field.toDivisionRing Complex
                      (@NormedField.toField Complex
                        (@DenselyNormedField.toNormedField Complex
                          (@RCLike.toDenselyNormedField Complex Complex.instRCLike))))))
              (@Pi.Function.module (Fin (@OfNat.ofNat Nat (nat_lit 3) (instOfNatNat (nat_lit 3)))) Complex Complex
                (@DivisionSemiring.toSemiring Complex
                  (@Semifield.toDivisionSemiring Complex
                    (@Field.toSemifield Complex
                      (@NormedField.toField Complex
                        (@DenselyNormedField.toNormedField Complex
                          (@RCLike.toDenselyNormedField Complex Complex.instRCLike))))))
                (@Semiring.toAddCommMonoid Complex
                  (@Ring.toSemiring Complex
                    (@DivisionRing.toRing Complex
                      (@Field.toDivisionRing Complex
                        (@NormedField.toField Complex
                          (@DenselyNormedField.toNormedField Complex
                            (@RCLike.toDenselyNormedField Complex Complex.instRCLike)))))))
                (@Semiring.toModule Complex
                  (@DivisionSemiring.toSemiring Complex
                    (@Semifield.toDivisionSemiring Complex
                      (@Field.toSemifield Complex
                        (@NormedField.toField Complex
                          (@DenselyNormedField.toNormedField Complex
                            (@RCLike.toDenselyNormedField Complex Complex.instRCLike))))))))))
          (@Matrix.add (Fin (@OfNat.ofNat Nat (nat_lit 3) (instOfNatNat (nat_lit 3))))
            (Fin (@OfNat.ofNat Nat (nat_lit 3) (instOfNatNat (nat_lit 3)))) Complex
            (@Distrib.toAdd Complex
              (@instDistribOfSemiring Complex
                (@DivisionSemiring.toSemiring Complex
                  (@Semifield.toDivisionSemiring Complex
                    (@Field.toSemifield Complex
                      (@NormedField.toField Complex
                        (@DenselyNormedField.toNormedField Complex
                          (@RCLike.toDenselyNormedField Complex Complex.instRCLike)))))))))
          (@ContinuousLinearMap.add Complex Complex
            (@DivisionSemiring.toSemiring Complex
              (@Semifield.toDivisionSemiring Complex
                (@Field.toSemifield Complex
                  (@NormedField.toField Complex
                    (@DenselyNormedField.toNormedField Complex
                      (@RCLike.toDenselyNormedField Complex Complex.instRCLike))))))
            (@DivisionSemiring.toSemiring Complex
              (@Semifield.toDivisionSemiring Complex
                (@Field.toSemifield Complex
                  (@NormedField.toField Complex
                    (@DenselyNormedField.toNormedField Complex
                      (@RCLike.toDenselyNormedField Complex Complex.instRCLike))))))
            (@RingHom.id Complex
              (@Semiring.toNonAssocSemiring Complex
                (@DivisionSemiring.toSemiring Complex
                  (@Semifield.toDivisionSemiring Complex
                    (@Field.toSemifield Complex
                      (@NormedField.toField Complex
                        (@DenselyNormedField.toNormedField Complex
                          (@RCLike.toDenselyNormedField Complex Complex.instRCLike))))))))
            (EuclideanSpace Complex (Fin (@OfNat.ofNat Nat (nat_lit 3) (instOfNatNat (nat_lit 3)))))
            (@PiLp.topologicalSpace
              (@OfNat.ofNat ENNReal (nat_lit 2)
                (@instOfNatAtLeastTwo ENNReal (nat_lit 2)
                  (@AddMonoidWithOne.toNatCast ENNReal
                    (@AddCommMonoidWithOne.toAddMonoidWithOne ENNReal ENNReal.instAddCommMonoidWithOne))
                  PiLp.innerProductSpace._proof_1))
              (Fin (@OfNat.ofNat Nat (nat_lit 3) (instOfNatNat (nat_lit 3)))) (fun x => Complex) fun i =>
              @UniformSpace.toTopologicalSpace Complex
                (@PseudoMetricSpace.toUniformSpace Complex
                  (@SeminormedRing.toPseudoMetricSpace Complex
                    (@SeminormedCommRing.toSeminormedRing Complex
                      (@NormedCommRing.toSeminormedCommRing Complex
                        (@NormedField.toNormedCommRing Complex
                          (@DenselyNormedField.toNormedField Complex
                            (@RCLike.toDenselyNormedField Complex Complex.instRCLike))))))))
            (@AddCommGroup.toAddCommMonoid
              (EuclideanSpace Complex (Fin (@OfNat.ofNat Nat (nat_lit 3) (instOfNatNat (nat_lit 3)))))
              (@WithLp.instAddCommGroup
                (@OfNat.ofNat ENNReal (nat_lit 2)
                  (@instOfNatAtLeastTwo ENNReal (nat_lit 2)
                    (@AddMonoidWithOne.toNatCast ENNReal
                      (@AddCommMonoidWithOne.toAddMonoidWithOne ENNReal ENNReal.instAddCommMonoidWithOne))
                    PiLp.innerProductSpace._proof_1))
                ((i : Fin (@OfNat.ofNat Nat (nat_lit 3) (instOfNatNat (nat_lit 3)))) → (fun x => Complex) i)
                (@Pi.addCommGroup (Fin (@OfNat.ofNat Nat (nat_lit 3) (instOfNatNat (nat_lit 3)))) (fun x => Complex)
                  fun i =>
                  @Ring.toAddCommGroup Complex
                    (@DivisionRing.toRing Complex
                      (@Field.toDivisionRing Complex
                        (@NormedField.toField Complex
                          (@DenselyNormedField.toNormedField Complex
                            (@RCLike.toDenselyNormedField Complex Complex.instRCLike))))))))
            (EuclideanSpace Complex (Fin (@OfNat.ofNat Nat (nat_lit 3) (instOfNatNat (nat_lit 3)))))
            (@PiLp.topologicalSpace
              (@OfNat.ofNat ENNReal (nat_lit 2)
                (@instOfNatAtLeastTwo ENNReal (nat_lit 2)
                  (@AddMonoidWithOne.toNatCast ENNReal
                    (@AddCommMonoidWithOne.toAddMonoidWithOne ENNReal ENNReal.instAddCommMonoidWithOne))
                  PiLp.innerProductSpace._proof_1))
              (Fin (@OfNat.ofNat Nat (nat_lit 3) (instOfNatNat (nat_lit 3)))) (fun x => Complex) fun i =>
              @UniformSpace.toTopologicalSpace Complex
                (@PseudoMetricSpace.toUniformSpace Complex
                  (@SeminormedRing.toPseudoMetricSpace Complex
                    (@SeminormedCommRing.toSeminormedRing Complex
                      (@NormedCommRing.toSeminormedCommRing Complex
                        (@NormedField.toNormedCommRing Complex
                          (@DenselyNormedField.toNormedField Complex
                            (@RCLike.toDenselyNormedField Complex Complex.instRCLike))))))))
            (@AddCommGroup.toAddCommMonoid
              (EuclideanSpace Complex (Fin (@OfNat.ofNat Nat (nat_lit 3) (instOfNatNat (nat_lit 3)))))
              (@WithLp.instAddCommGroup
                (@OfNat.ofNat ENNReal (nat_lit 2)
                  (@instOfNatAtLeastTwo ENNReal (nat_lit 2)
                    (@AddMonoidWithOne.toNatCast ENNReal
                      (@AddCommMonoidWithOne.toAddMonoidWithOne ENNReal ENNReal.instAddCommMonoidWithOne))
                    PiLp.innerProductSpace._proof_1))
                ((i : Fin (@OfNat.ofNat Nat (nat_lit 3) (instOfNatNat (nat_lit 3)))) → (fun x => Complex) i)
                (@Pi.addCommGroup (Fin (@OfNat.ofNat Nat (nat_lit 3) (instOfNatNat (nat_lit 3)))) (fun x => Complex)
                  fun i =>
                  @Ring.toAddCommGroup Complex
                    (@DivisionRing.toRing Complex
                      (@Field.toDivisionRing Complex
                        (@NormedField.toField Complex
                          (@DenselyNormedField.toNormedField Complex
                            (@RCLike.toDenselyNormedField Complex Complex.instRCLike))))))))
            (@WithLp.instModule
              (@OfNat.ofNat ENNReal (nat_lit 2)
                (@instOfNatAtLeastTwo ENNReal (nat_lit 2)
                  (@AddMonoidWithOne.toNatCast ENNReal
                    (@AddCommMonoidWithOne.toAddMonoidWithOne ENNReal ENNReal.instAddCommMonoidWithOne))
                  PiLp.innerProductSpace._proof_1))
              Complex ((i : Fin (@OfNat.ofNat Nat (nat_lit 3) (instOfNatNat (nat_lit 3)))) → (fun x => Complex) i)
              (@DivisionSemiring.toSemiring Complex
                (@Semifield.toDivisionSemiring Complex
                  (@Field.toSemifield Complex
                    (@NormedField.toField Complex
                      (@DenselyNormedField.toNormedField Complex
                        (@RCLike.toDenselyNormedField Complex Complex.instRCLike))))))
              (@Pi.addCommGroup (Fin (@OfNat.ofNat Nat (nat_lit 3) (instOfNatNat (nat_lit 3)))) (fun x => Complex)
                fun i =>
                @Ring.toAddCommGroup Complex
                  (@DivisionRing.toRing Complex
                    (@Field.toDivisionRing Complex
                      (@NormedField.toField Complex
                        (@DenselyNormedField.toNormedField Complex
                          (@RCLike.toDenselyNormedField Complex Complex.instRCLike))))))
              (@Pi.Function.module (Fin (@OfNat.ofNat Nat (nat_lit 3) (instOfNatNat (nat_lit 3)))) Complex Complex
                (@DivisionSemiring.toSemiring Complex
                  (@Semifield.toDivisionSemiring Complex
                    (@Field.toSemifield Complex
                      (@NormedField.toField Complex
                        (@DenselyNormedField.toNormedField Complex
                          (@RCLike.toDenselyNormedField Complex Complex.instRCLike))))))
                (@Semiring.toAddCommMonoid Complex
                  (@Ring.toSemiring Complex
                    (@DivisionRing.toRing Complex
                      (@Field.toDivisionRing Complex
                        (@NormedField.toField Complex
                          (@DenselyNormedField.toNormedField Complex
                            (@RCLike.toDenselyNormedField Complex Complex.instRCLike)))))))
                (@Semiring.toModule Complex
                  (@DivisionSemiring.toSemiring Complex
                    (@Semifield.toDivisionSemiring Complex
                      (@Field.toSemifield Complex
                        (@NormedField.toField Complex
                          (@DenselyNormedField.toNormedField Complex
                            (@RCLike.toDenselyNormedField Complex Complex.instRCLike)))))))))
            (@WithLp.instModule
              (@OfNat.ofNat ENNReal (nat_lit 2)
                (@instOfNatAtLeastTwo ENNReal (nat_lit 2)
                  (@AddMonoidWithOne.toNatCast ENNReal
                    (@AddCommMonoidWithOne.toAddMonoidWithOne ENNReal ENNReal.instAddCommMonoidWithOne))
                  PiLp.innerProductSpace._proof_1))
              Complex ((i : Fin (@OfNat.ofNat Nat (nat_lit 3) (instOfNatNat (nat_lit 3)))) → (fun x => Complex) i)
              (@DivisionSemiring.toSemiring Complex
                (@Semifield.toDivisionSemiring Complex
                  (@Field.toSemifield Complex
                    (@NormedField.toField Complex
                      (@DenselyNormedField.toNormedField Complex
                        (@RCLike.toDenselyNormedField Complex Complex.instRCLike))))))
              (@Pi.addCommGroup (Fin (@OfNat.ofNat Nat (nat_lit 3) (instOfNatNat (nat_lit 3)))) (fun x => Complex)
                fun i =>
                @Ring.toAddCommGroup Complex
                  (@DivisionRing.toRing Complex
                    (@Field.toDivisionRing Complex
                      (@NormedField.toField Complex
                        (@DenselyNormedField.toNormedField Complex
                          (@RCLike.toDenselyNormedField Complex Complex.instRCLike))))))
              (@Pi.Function.module (Fin (@OfNat.ofNat Nat (nat_lit 3) (instOfNatNat (nat_lit 3)))) Complex Complex
                (@DivisionSemiring.toSemiring Complex
                  (@Semifield.toDivisionSemiring Complex
                    (@Field.toSemifield Complex
                      (@NormedField.toField Complex
                        (@DenselyNormedField.toNormedField Complex
                          (@RCLike.toDenselyNormedField Complex Complex.instRCLike))))))
                (@Semiring.toAddCommMonoid Complex
                  (@Ring.toSemiring Complex
                    (@DivisionRing.toRing Complex
                      (@Field.toDivisionRing Complex
                        (@NormedField.toField Complex
                          (@DenselyNormedField.toNormedField Complex
                            (@RCLike.toDenselyNormedField Complex Complex.instRCLike)))))))
                (@Semiring.toModule Complex
                  (@DivisionSemiring.toSemiring Complex
                    (@Semifield.toDivisionSemiring Complex
                      (@Field.toSemifield Complex
                        (@NormedField.toField Complex
                          (@DenselyNormedField.toNormedField Complex
                            (@RCLike.toDenselyNormedField Complex Complex.instRCLike)))))))))
            NLA.MI22.witnessTestValue._proof_1)
          (@Matrix.instMulOfFintypeOfAddCommMonoid (Fin (@OfNat.ofNat Nat (nat_lit 3) (instOfNatNat (nat_lit 3))))
            Complex (Fin.fintype (@OfNat.ofNat Nat (nat_lit 3) (instOfNatNat (nat_lit 3))))
            (@Distrib.toMul Complex
              (@instDistribOfSemiring Complex
                (@DivisionSemiring.toSemiring Complex
                  (@Semifield.toDivisionSemiring Complex
                    (@Field.toSemifield Complex
                      (@NormedField.toField Complex
                        (@DenselyNormedField.toNormedField Complex
                          (@RCLike.toDenselyNormedField Complex Complex.instRCLike))))))))
            (@Semiring.toAddCommMonoid Complex
              (@DivisionSemiring.toSemiring Complex
                (@Semifield.toDivisionSemiring Complex
                  (@Field.toSemifield Complex
                    (@NormedField.toField Complex
                      (@DenselyNormedField.toNormedField Complex
                        (@RCLike.toDenselyNormedField Complex Complex.instRCLike))))))))
          (@ContinuousLinearMap.instMul Complex
            (@DivisionSemiring.toSemiring Complex
              (@Semifield.toDivisionSemiring Complex
                (@Field.toSemifield Complex
                  (@NormedField.toField Complex
                    (@DenselyNormedField.toNormedField Complex
                      (@RCLike.toDenselyNormedField Complex Complex.instRCLike))))))
            (EuclideanSpace Complex (Fin (@OfNat.ofNat Nat (nat_lit 3) (instOfNatNat (nat_lit 3)))))
            (@PiLp.topologicalSpace
              (@OfNat.ofNat ENNReal (nat_lit 2)
                (@instOfNatAtLeastTwo ENNReal (nat_lit 2)
                  (@AddMonoidWithOne.toNatCast ENNReal
                    (@AddCommMonoidWithOne.toAddMonoidWithOne ENNReal ENNReal.instAddCommMonoidWithOne))
                  PiLp.innerProductSpace._proof_1))
              (Fin (@OfNat.ofNat Nat (nat_lit 3) (instOfNatNat (nat_lit 3)))) (fun x => Complex) fun i =>
              @UniformSpace.toTopologicalSpace Complex
                (@PseudoMetricSpace.toUniformSpace Complex
                  (@SeminormedRing.toPseudoMetricSpace Complex
                    (@SeminormedCommRing.toSeminormedRing Complex
                      (@NormedCommRing.toSeminormedCommRing Complex
                        (@NormedField.toNormedCommRing Complex
                          (@DenselyNormedField.toNormedField Complex
                            (@RCLike.toDenselyNormedField Complex Complex.instRCLike))))))))
            (@AddCommGroup.toAddCommMonoid
              (EuclideanSpace Complex (Fin (@OfNat.ofNat Nat (nat_lit 3) (instOfNatNat (nat_lit 3)))))
              (@WithLp.instAddCommGroup
                (@OfNat.ofNat ENNReal (nat_lit 2)
                  (@instOfNatAtLeastTwo ENNReal (nat_lit 2)
                    (@AddMonoidWithOne.toNatCast ENNReal
                      (@AddCommMonoidWithOne.toAddMonoidWithOne ENNReal ENNReal.instAddCommMonoidWithOne))
                    PiLp.innerProductSpace._proof_1))
                ((i : Fin (@OfNat.ofNat Nat (nat_lit 3) (instOfNatNat (nat_lit 3)))) → (fun x => Complex) i)
                (@Pi.addCommGroup (Fin (@OfNat.ofNat Nat (nat_lit 3) (instOfNatNat (nat_lit 3)))) (fun x => Complex)
                  fun i =>
                  @Ring.toAddCommGroup Complex
                    (@DivisionRing.toRing Complex
                      (@Field.toDivisionRing Complex
                        (@NormedField.toField Complex
                          (@DenselyNormedField.toNormedField Complex
                            (@RCLike.toDenselyNormedField Complex Complex.instRCLike))))))))
            (@WithLp.instModule
              (@OfNat.ofNat ENNReal (nat_lit 2)
                (@instOfNatAtLeastTwo ENNReal (nat_lit 2)
                  (@AddMonoidWithOne.toNatCast ENNReal
                    (@AddCommMonoidWithOne.toAddMonoidWithOne ENNReal ENNReal.instAddCommMonoidWithOne))
                  PiLp.innerProductSpace._proof_1))
              Complex ((i : Fin (@OfNat.ofNat Nat (nat_lit 3) (instOfNatNat (nat_lit 3)))) → (fun x => Complex) i)
              (@DivisionSemiring.toSemiring Complex
                (@Semifield.toDivisionSemiring Complex
                  (@Field.toSemifield Complex
                    (@NormedField.toField Complex
                      (@DenselyNormedField.toNormedField Complex
                        (@RCLike.toDenselyNormedField Complex Complex.instRCLike))))))
              (@Pi.addCommGroup (Fin (@OfNat.ofNat Nat (nat_lit 3) (instOfNatNat (nat_lit 3)))) (fun x => Complex)
                fun i =>
                @Ring.toAddCommGroup Complex
                  (@DivisionRing.toRing Complex
                    (@Field.toDivisionRing Complex
                      (@NormedField.toField Complex
                        (@DenselyNormedField.toNormedField Complex
                          (@RCLike.toDenselyNormedField Complex Complex.instRCLike))))))
              (@Pi.Function.module (Fin (@OfNat.ofNat Nat (nat_lit 3) (instOfNatNat (nat_lit 3)))) Complex Complex
                (@DivisionSemiring.toSemiring Complex
                  (@Semifield.toDivisionSemiring Complex
                    (@Field.toSemifield Complex
                      (@NormedField.toField Complex
                        (@DenselyNormedField.toNormedField Complex
                          (@RCLike.toDenselyNormedField Complex Complex.instRCLike))))))
                (@Semiring.toAddCommMonoid Complex
                  (@Ring.toSemiring Complex
                    (@DivisionRing.toRing Complex
                      (@Field.toDivisionRing Complex
                        (@NormedField.toField Complex
                          (@DenselyNormedField.toNormedField Complex
                            (@RCLike.toDenselyNormedField Complex Complex.instRCLike)))))))
                (@Semiring.toModule Complex
                  (@DivisionSemiring.toSemiring Complex
                    (@Semifield.toDivisionSemiring Complex
                      (@Field.toSemifield Complex
                        (@NormedField.toField Complex
                          (@DenselyNormedField.toNormedField Complex
                            (@RCLike.toDenselyNormedField Complex Complex.instRCLike))))))))))
          (@Matrix.smul (Fin (@OfNat.ofNat Nat (nat_lit 3) (instOfNatNat (nat_lit 3))))
            (Fin (@OfNat.ofNat Nat (nat_lit 3) (instOfNatNat (nat_lit 3)))) Complex ⋯ ⋯)
          ⋯ ⋯ ⋯)
        ⋯ ⋯)
      ⋯)
    ⋯).re
'NLA.MI22.witnessTestValue' depends on axioms: [propext, Classical.choice, Quot.sound]
LinearMap.singularValues_fin.{u_1, u_2, u_3} {𝕜 : Type u_1} [RCLike 𝕜] {E : Type u_2} [NormedAddCommGroup E]
  [@InnerProductSpace 𝕜 E inst✝ (@NormedAddCommGroup.toSeminormedAddCommGroup E inst✝¹)]
  [@FiniteDimensional 𝕜 E
      (@Field.toDivisionRing 𝕜
        (@NormedField.toField 𝕜 (@DenselyNormedField.toNormedField 𝕜 (@RCLike.toDenselyNormedField 𝕜 inst✝))))
      (@NormedAddCommGroup.toAddCommGroup E inst✝¹)
      (@NormedSpace.toModule 𝕜 E (@DenselyNormedField.toNormedField 𝕜 (@RCLike.toDenselyNormedField 𝕜 inst✝))
        (@NormedAddCommGroup.toSeminormedAddCommGroup E inst✝¹)
        (@InnerProductSpace.toNormedSpace 𝕜 E inst✝ (@NormedAddCommGroup.toSeminormedAddCommGroup E inst✝¹) inst✝²))]
  {F : Type u_3} [NormedAddCommGroup F]
  [@InnerProductSpace 𝕜 F inst✝ (@NormedAddCommGroup.toSeminormedAddCommGroup F inst✝³)]
  [@FiniteDimensional 𝕜 F
      (@Field.toDivisionRing 𝕜
        (@NormedField.toField 𝕜 (@DenselyNormedField.toNormedField 𝕜 (@RCLike.toDenselyNormedField 𝕜 inst✝))))
      (@NormedAddCommGroup.toAddCommGroup F inst✝³)
      (@NormedSpace.toModule 𝕜 F (@DenselyNormedField.toNormedField 𝕜 (@RCLike.toDenselyNormedField 𝕜 inst✝))
        (@NormedAddCommGroup.toSeminormedAddCommGroup F inst✝³)
        (@InnerProductSpace.toNormedSpace 𝕜 F inst✝ (@NormedAddCommGroup.toSeminormedAddCommGroup F inst✝³) inst✝⁴))]
  (T :
    @LinearMap 𝕜 𝕜
      (@DivisionSemiring.toSemiring 𝕜
        (@Semifield.toDivisionSemiring 𝕜
          (@Field.toSemifield 𝕜
            (@NormedField.toField 𝕜 (@DenselyNormedField.toNormedField 𝕜 (@RCLike.toDenselyNormedField 𝕜 inst✝))))))
      (@DivisionSemiring.toSemiring 𝕜
        (@Semifield.toDivisionSemiring 𝕜
          (@Field.toSemifield 𝕜
            (@NormedField.toField 𝕜 (@DenselyNormedField.toNormedField 𝕜 (@RCLike.toDenselyNormedField 𝕜 inst✝))))))
      (@RingHom.id 𝕜
        (@Semiring.toNonAssocSemiring 𝕜
          (@DivisionSemiring.toSemiring 𝕜
            (@Semifield.toDivisionSemiring 𝕜
              (@Field.toSemifield 𝕜
                (@NormedField.toField 𝕜
                  (@DenselyNormedField.toNormedField 𝕜 (@RCLike.toDenselyNormedField 𝕜 inst✝))))))))
      E F (@AddCommGroup.toAddCommMonoid E (@NormedAddCommGroup.toAddCommGroup E inst✝¹))
      (@AddCommGroup.toAddCommMonoid F (@NormedAddCommGroup.toAddCommGroup F inst✝³))
      (@NormedSpace.toModule 𝕜 E (@DenselyNormedField.toNormedField 𝕜 (@RCLike.toDenselyNormedField 𝕜 inst✝))
        (@NormedAddCommGroup.toSeminormedAddCommGroup E inst✝¹)
        (@InnerProductSpace.toNormedSpace 𝕜 E inst✝ (@NormedAddCommGroup.toSeminormedAddCommGroup E inst✝¹) inst✝²))
      (@NormedSpace.toModule 𝕜 F (@DenselyNormedField.toNormedField 𝕜 (@RCLike.toDenselyNormedField 𝕜 inst✝))
        (@NormedAddCommGroup.toSeminormedAddCommGroup F inst✝³)
        (@InnerProductSpace.toNormedSpace 𝕜 F inst✝ (@NormedAddCommGroup.toSeminormedAddCommGroup F inst✝³) inst✝⁴)))
  {n : Nat}
  (hn :
    @Eq Nat
      (@Module.finrank 𝕜 E
        (@DivisionSemiring.toSemiring 𝕜
          (@Semifield.toDivisionSemiring 𝕜
            (@Field.toSemifield 𝕜
              (@NormedField.toField 𝕜 (@DenselyNormedField.toNormedField 𝕜 (@RCLike.toDenselyNormedField 𝕜 inst✝))))))
        (@AddCommGroup.toAddCommMonoid E (@NormedAddCommGroup.toAddCommGroup E inst✝¹))
        (@NormedSpace.toModule 𝕜 E (@DenselyNormedField.toNormedField 𝕜 (@RCLike.toDenselyNormedField 𝕜 inst✝))
          (@NormedAddCommGroup.toSeminormedAddCommGroup E inst✝¹)
          (@InnerProductSpace.toNormedSpace 𝕜 E inst✝ (@NormedAddCommGroup.toSeminormedAddCommGroup E inst✝¹) inst✝²)))
      n)
  (i : Fin n) :
  @Eq Real
    (@DFunLike.coe (@Finsupp Nat Real Real.instZero) Nat (fun x => Real) (@Finsupp.instFunLike Nat Real Real.instZero)
      (@LinearMap.singularValues 𝕜 inst✝ E inst✝¹ inst✝² inst✝⁵ F inst✝³ inst✝⁴ inst✝⁶ T) (@Fin.val n i))
    (@LinearMap.IsSymmetric.eigenvalues 𝕜 inst✝ E inst✝¹ inst✝²
        (@LinearMap.comp 𝕜 𝕜 𝕜 E F E
          (@DivisionSemiring.toSemiring 𝕜
            (@Semifield.toDivisionSemiring 𝕜
              (@Field.toSemifield 𝕜
                (@NormedField.toField 𝕜 (@DenselyNormedField.toNormedField 𝕜 (@RCLike.toDenselyNormedField 𝕜 inst✝))))))
          (@DivisionSemiring.toSemiring 𝕜
            (@Semifield.toDivisionSemiring 𝕜
              (@Field.toSemifield 𝕜
                (@NormedField.toField 𝕜 (@DenselyNormedField.toNormedField 𝕜 (@RCLike.toDenselyNormedField 𝕜 inst✝))))))
          (@DivisionSemiring.toSemiring 𝕜
            (@Semifield.toDivisionSemiring 𝕜
              (@Field.toSemifield 𝕜
                (@NormedField.toField 𝕜 (@DenselyNormedField.toNormedField 𝕜 (@RCLike.toDenselyNormedField 𝕜 inst✝))))))
          (@AddCommGroup.toAddCommMonoid E (@NormedAddCommGroup.toAddCommGroup E inst✝¹))
          (@AddCommGroup.toAddCommMonoid F (@NormedAddCommGroup.toAddCommGroup F inst✝³))
          (@AddCommGroup.toAddCommMonoid E (@NormedAddCommGroup.toAddCommGroup E inst✝¹))
          (@NormedSpace.toModule 𝕜 E (@DenselyNormedField.toNormedField 𝕜 (@RCLike.toDenselyNormedField 𝕜 inst✝))
            (@NormedAddCommGroup.toSeminormedAddCommGroup E inst✝¹)
            (@InnerProductSpace.toNormedSpace 𝕜 E inst✝ (@NormedAddCommGroup.toSeminormedAddCommGroup E inst✝¹) inst✝²))
          (@NormedSpace.toModule 𝕜 F (@DenselyNormedField.toNormedField 𝕜 (@RCLike.toDenselyNormedField 𝕜 inst✝))
            (@NormedAddCommGroup.toSeminormedAddCommGroup F inst✝³)
            (@InnerProductSpace.toNormedSpace 𝕜 F inst✝ (@NormedAddCommGroup.toSeminormedAddCommGroup F inst✝³) inst✝⁴))
          (@NormedSpace.toModule 𝕜 E (@DenselyNormedField.toNormedField 𝕜 (@RCLike.toDenselyNormedField 𝕜 inst✝))
            (@NormedAddCommGroup.toSeminormedAddCommGroup E inst✝¹)
            (@InnerProductSpace.toNormedSpace 𝕜 E inst✝ (@NormedAddCommGroup.toSeminormedAddCommGroup E inst✝¹) inst✝²))
          (@RingHom.id 𝕜
            (@Semiring.toNonAssocSemiring 𝕜
              (@DivisionSemiring.toSemiring 𝕜
                (@Semifield.toDivisionSemiring 𝕜
                  (@Field.toSemifield 𝕜
                    (@NormedField.toField 𝕜
                      (@DenselyNormedField.toNormedField 𝕜 (@RCLike.toDenselyNormedField 𝕜 inst✝))))))))
          (@RingHom.id 𝕜
            (@Semiring.toNonAssocSemiring 𝕜
              (@DivisionSemiring.toSemiring 𝕜
                (@Semifield.toDivisionSemiring 𝕜
                  (@Field.toSemifield 𝕜
                    (@NormedField.toField 𝕜
                      (@DenselyNormedField.toNormedField 𝕜 (@RCLike.toDenselyNormedField 𝕜 inst✝))))))))
          (@RingHom.id 𝕜
            (@Semiring.toNonAssocSemiring 𝕜
              (@DivisionSemiring.toSemiring 𝕜
                (@Semifield.toDivisionSemiring 𝕜
                  (@Field.toSemifield 𝕜
                    (@NormedField.toField 𝕜
                      (@DenselyNormedField.toNormedField 𝕜 (@RCLike.toDenselyNormedField 𝕜 inst✝))))))))
          ⋯
          (@DFunLike.coe
            (@LinearEquiv 𝕜 𝕜
              (@DivisionSemiring.toSemiring 𝕜
                (@Semifield.toDivisionSemiring 𝕜
                  (@Field.toSemifield 𝕜
                    (@NormedField.toField 𝕜
                      (@DenselyNormedField.toNormedField 𝕜 (@RCLike.toDenselyNormedField 𝕜 inst✝))))))
              (@DivisionSemiring.toSemiring 𝕜
                (@Semifield.toDivisionSemiring 𝕜
                  (@Field.toSemifield 𝕜
                    (@NormedField.toField 𝕜
                      (@DenselyNormedField.toNormedField 𝕜 (@RCLike.toDenselyNormedField 𝕜 inst✝))))))
              (@starRingEnd 𝕜
                (@Semifield.toCommSemiring 𝕜
                  (@Field.toSemifield 𝕜
                    (@NormedField.toField 𝕜
                      (@DenselyNormedField.toNormedField 𝕜 (@RCLike.toDenselyNormedField 𝕜 inst✝)))))
                (@RCLike.toStarRing 𝕜 inst✝))
              (@starRingEnd 𝕜
                (@Semifield.toCommSemiring 𝕜
                  (@Field.toSemifield 𝕜
                    (@NormedField.toField 𝕜
                      (@DenselyNormedField.toNormedField 𝕜 (@RCLike.toDenselyNormedField 𝕜 inst✝)))))
                (@RCLike.toStarRing 𝕜 inst✝))
              ⋯ ⋯
              (@LinearMap 𝕜 𝕜
                (@DivisionSemiring.toSemiring 𝕜
                  (@Semifield.toDivisionSemiring 𝕜
                    (@Field.toSemifield 𝕜
                      (@NormedField.toField 𝕜
                        (@DenselyNormedField.toNormedField 𝕜 (@RCLike.toDenselyNormedField 𝕜 inst✝))))))
                (@DivisionSemiring.toSemiring 𝕜
                  (@Semifield.toDivisionSemiring 𝕜
                    (@Field.toSemifield 𝕜
                      (@NormedField.toField 𝕜
                        (@DenselyNormedField.toNormedField 𝕜 (@RCLike.toDenselyNormedField 𝕜 inst✝))))))
                (@RingHom.id 𝕜
                  (@Semiring.toNonAssocSemiring 𝕜
                    (@DivisionSemiring.toSemiring 𝕜
                      (@Semifield.toDivisionSemiring 𝕜
                        (@Field.toSemifield 𝕜
                          (@NormedField.toField 𝕜
                            (@DenselyNormedField.toNormedField 𝕜 (@RCLike.toDenselyNormedField 𝕜 inst✝))))))))
                E F (@AddCommGroup.toAddCommMonoid E (@NormedAddCommGroup.toAddCommGroup E inst✝¹))
                (@AddCommGroup.toAddCommMonoid F (@NormedAddCommGroup.toAddCommGroup F inst✝³))
                (@NormedSpace.toModule 𝕜 E (@DenselyNormedField.toNormedField 𝕜 (@RCLike.toDenselyNormedField 𝕜 inst✝))
                  (@NormedAddCommGroup.toSeminormedAddCommGroup E inst✝¹)
                  (@InnerProductSpace.toNormedSpace 𝕜 E inst✝ (@NormedAddCommGroup.toSeminormedAddCommGroup E inst✝¹)
                    inst✝²))
                (@NormedSpace.toModule 𝕜 F (@DenselyNormedField.toNormedField 𝕜 (@RCLike.toDenselyNormedField 𝕜 inst✝))
                  (@NormedAddCommGroup.toSeminormedAddCommGroup F inst✝³)
                  (@InnerProductSpace.toNormedSpace 𝕜 F inst✝ (@NormedAddCommGroup.toSeminormedAddCommGroup F inst✝³)
                    inst✝⁴)))
              (@LinearMap 𝕜 𝕜
                (@DivisionSemiring.toSemiring 𝕜
                  (@Semifield.toDivisionSemiring 𝕜
                    (@Field.toSemifield 𝕜
                      (@NormedField.toField 𝕜
                        (@DenselyNormedField.toNormedField 𝕜 (@RCLike.toDenselyNormedField 𝕜 inst✝))))))
                (@DivisionSemiring.toSemiring 𝕜
                  (@Semifield.toDivisionSemiring 𝕜
                    (@Field.toSemifield 𝕜
                      (@NormedField.toField 𝕜
                        (@DenselyNormedField.toNormedField 𝕜 (@RCLike.toDenselyNormedField 𝕜 inst✝))))))
                (@RingHom.id 𝕜
                  (@Semiring.toNonAssocSemiring 𝕜
                    (@DivisionSemiring.toSemiring 𝕜
                      (@Semifield.toDivisionSemiring 𝕜
                        (@Field.toSemifield 𝕜
                          (@NormedField.toField 𝕜
                            (@DenselyNormedField.toNormedField 𝕜 (@RCLike.toDenselyNormedField 𝕜 inst✝))))))))
                F E (@AddCommGroup.toAddCommMonoid F (@NormedAddCommGroup.toAddCommGroup F inst✝³))
                (@AddCommGroup.toAddCommMonoid E (@NormedAddCommGroup.toAddCommGroup E inst✝¹))
                (@NormedSpace.toModule 𝕜 F (@DenselyNormedField.toNormedField 𝕜 (@RCLike.toDenselyNormedField 𝕜 inst✝))
                  (@NormedAddCommGroup.toSeminormedAddCommGroup F inst✝³)
                  (@InnerProductSpace.toNormedSpace 𝕜 F inst✝ (@NormedAddCommGroup.toSeminormedAddCommGroup F inst✝³)
                    inst✝⁴))
                (@NormedSpace.toModule 𝕜 E (@DenselyNormedField.toNormedField 𝕜 (@RCLike.toDenselyNormedField 𝕜 inst✝))
                  (@NormedAddCommGroup.toSeminormedAddCommGroup E inst✝¹)
                  (@InnerProductSpace.toNormedSpace 𝕜 E inst✝ (@NormedAddCommGroup.toSeminormedAddCommGroup E inst✝¹)
                    inst✝²)))
              (@LinearMap.addCommMonoid 𝕜 𝕜 E F
                (@DivisionSemiring.toSemiring 𝕜
                  (@Semifield.toDivisionSemiring 𝕜
                    (@Field.toSemifield 𝕜
                      (@NormedField.toField 𝕜
                        (@DenselyNormedField.toNormedField 𝕜 (@RCLike.toDenselyNormedField 𝕜 inst✝))))))
                (@DivisionSemiring.toSemiring 𝕜
                  (@Semifield.toDivisionSemiring 𝕜
                    (@Field.toSemifield 𝕜
                      (@NormedField.toField 𝕜
                        (@DenselyNormedField.toNormedField 𝕜 (@RCLike.toDenselyNormedField 𝕜 inst✝))))))
                (@AddCommGroup.toAddCommMonoid E (@NormedAddCommGroup.toAddCommGroup E inst✝¹))
                (@AddCommGroup.toAddCommMonoid F (@NormedAddCommGroup.toAddCommGroup F inst✝³))
                (@NormedSpace.toModule 𝕜 E (@DenselyNormedField.toNormedField 𝕜 (@RCLike.toDenselyNormedField 𝕜 inst✝))
                  (@NormedAddCommGroup.toSeminormedAddCommGroup E inst✝¹)
                  (@InnerProductSpace.toNormedSpace 𝕜 E inst✝ (@NormedAddCommGroup.toSeminormedAddCommGroup E inst✝¹)
                    inst✝²))
                (@NormedSpace.toModule 𝕜 F (@DenselyNormedField.toNormedField 𝕜 (@RCLike.toDenselyNormedField 𝕜 inst✝))
                  (@NormedAddCommGroup.toSeminormedAddCommGroup F inst✝³)
                  (@InnerProductSpace.toNormedSpace 𝕜 F inst✝ (@NormedAddCommGroup.toSeminormedAddCommGroup F inst✝³)
                    inst✝⁴))
                (@RingHom.id 𝕜
                  (@Semiring.toNonAssocSemiring 𝕜
                    (@DivisionSemiring.toSemiring 𝕜
                      (@Semifield.toDivisionSemiring 𝕜
                        (@Field.toSemifield 𝕜
                          (@NormedField.toField 𝕜
                            (@DenselyNormedField.toNormedField 𝕜 (@RCLike.toDenselyNormedField 𝕜 inst✝)))))))))
              (@LinearMap.addCommMonoid 𝕜 𝕜 F E
                (@DivisionSemiring.toSemiring 𝕜
                  (@Semifield.toDivisionSemiring 𝕜
                    (@Field.toSemifield 𝕜
                      (@NormedField.toField 𝕜
                        (@DenselyNormedField.toNormedField 𝕜 (@RCLike.toDenselyNormedField 𝕜 inst✝))))))
                (@DivisionSemiring.toSemiring 𝕜
                  (@Semifield.toDivisionSemiring 𝕜
                    (@Field.toSemifield 𝕜
                      (@NormedField.toField 𝕜
                        (@DenselyNormedField.toNormedField 𝕜 (@RCLike.toDenselyNormedField 𝕜 inst✝))))))
                (@AddCommGroup.toAddCommMonoid F (@NormedAddCommGroup.toAddCommGroup F inst✝³))
                (@AddCommGroup.toAddCommMonoid E (@NormedAddCommGroup.toAddCommGroup E inst✝¹))
                (@NormedSpace.toModule 𝕜 F (@DenselyNormedField.toNormedField 𝕜 (@RCLike.toDenselyNormedField 𝕜 inst✝))
                  (@NormedAddCommGroup.toSeminormedAddCommGroup F inst✝³)
                  (@InnerProductSpace.toNormedSpace 𝕜 F inst✝ (@NormedAddCommGroup.toSeminormedAddCommGroup F inst✝³)
                    inst✝⁴))
                (@NormedSpace.toModule 𝕜 E (@DenselyNormedField.toNormedField 𝕜 (@RCLike.toDenselyNormedField 𝕜 inst✝))
                  (@NormedAddCommGroup.toSeminormedAddCommGroup E inst✝¹)
                  (@InnerProductSpace.toNormedSpace 𝕜 E inst✝ (@NormedAddCommGroup.toSeminormedAddCommGroup E inst✝¹)
                    inst✝²))
                (@RingHom.id 𝕜
                  (@Semiring.toNonAssocSemiring 𝕜
                    (@DivisionSemiring.toSemiring 𝕜
                      (@Semifield.toDivisionSemiring 𝕜
                        (@Field.toSemifield 𝕜
                          (@NormedField.toField 𝕜
                            (@DenselyNormedField.toNormedField 𝕜 (@RCLike.toDenselyNormedField 𝕜 inst✝)))))))))
              (@LinearMap.module 𝕜 𝕜 𝕜 E F
                (@DivisionSemiring.toSemiring 𝕜
                  (@Semifield.toDivisionSemiring 𝕜
                    (@Field.toSemifield 𝕜
                      (@NormedField.toField 𝕜
                        (@DenselyNormedField.toNormedField 𝕜 (@RCLike.toDenselyNormedField 𝕜 inst✝))))))
                (@DivisionSemiring.toSemiring 𝕜
                  (@Semifield.toDivisionSemiring 𝕜
                    (@Field.toSemifield 𝕜
                      (@NormedField.toField 𝕜
                        (@DenselyNormedField.toNormedField 𝕜 (@RCLike.toDenselyNormedField 𝕜 inst✝))))))
                (@AddCommGroup.toAddCommMonoid E (@NormedAddCommGroup.toAddCommGroup E inst✝¹))
                (@AddCommGroup.toAddCommMonoid F (@NormedAddCommGroup.toAddCommGroup F inst✝³))
                (@NormedSpace.toModule 𝕜 E (@DenselyNormedField.toNormedField 𝕜 (@RCLike.toDenselyNormedField 𝕜 inst✝))
                  (@NormedAddCommGroup.toSeminormedAddCommGroup E inst✝¹)
                  (@InnerProductSpace.toNormedSpace 𝕜 E inst✝ (@NormedAddCommGroup.toSeminormedAddCommGroup E inst✝¹)
                    inst✝²))
                (@NormedSpace.toModule 𝕜 F (@DenselyNormedField.toNormedField 𝕜 (@RCLike.toDenselyNormedField 𝕜 inst✝))
                  (@NormedAddCommGroup.toSeminormedAddCommGroup F inst✝³)
                  (@InnerProductSpace.toNormedSpace 𝕜 F inst✝ (@NormedAddCommGroup.toSeminormedAddCommGroup F inst✝³)
                    inst✝⁴))
                (@RingHom.id 𝕜
                  (@Semiring.toNonAssocSemiring 𝕜
                    (@DivisionSemiring.toSemiring 𝕜
                      (@Semifield.toDivisionSemiring 𝕜
                        (@Field.toSemifield 𝕜
                          (@NormedField.toField 𝕜
                            (@DenselyNormedField.toNormedField 𝕜 (@RCLike.toDenselyNormedField 𝕜 inst✝))))))))
                (@DivisionSemiring.toSemiring 𝕜
                  (@Semifield.toDivisionSemiring 𝕜
                    (@Field.toSemifield 𝕜
                      (@NormedField.toField 𝕜
                        (@DenselyNormedField.toNormedField 𝕜 (@RCLike.toDenselyNormedField 𝕜 inst✝))))))
                (@NormedSpace.toModule 𝕜 F (@DenselyNormedField.toNormedField 𝕜 (@RCLike.toDenselyNormedField 𝕜 inst✝))
                  (@NormedAddCommGroup.toSeminormedAddCommGroup F inst✝³)
                  (@InnerProductSpace.toNormedSpace 𝕜 F inst✝ (@NormedAddCommGroup.toSeminormedAddCommGroup F inst✝³)
                    inst✝⁴))
                ⋯)
              (@LinearMap.module 𝕜 𝕜 𝕜 F E
                (@DivisionSemiring.toSemiring 𝕜
                  (@Semifield.toDivisionSemiring 𝕜
                    (@Field.toSemifield 𝕜
                      (@NormedField.toField 𝕜
                        (@DenselyNormedField.toNormedField 𝕜 (@RCLike.toDenselyNormedField 𝕜 inst✝))))))
                (@DivisionSemiring.toSemiring 𝕜
                  (@Semifield.toDivisionSemiring 𝕜
                    (@Field.toSemifield 𝕜
                      (@NormedField.toField 𝕜
                        (@DenselyNormedField.toNormedField 𝕜 (@RCLike.toDenselyNormedField 𝕜 inst✝))))))
                (@AddCommGroup.toAddCommMonoid F (@NormedAddCommGroup.toAddCommGroup F inst✝³))
                (@AddCommGroup.toAddCommMonoid E (@NormedAddCommGroup.toAddCommGroup E inst✝¹))
                (@NormedSpace.toModule 𝕜 F (@DenselyNormedField.toNormedField 𝕜 (@RCLike.toDenselyNormedField 𝕜 inst✝))
                  (@NormedAddCommGroup.toSeminormedAddCommGroup F inst✝³)
                  (@InnerProductSpace.toNormedSpace 𝕜 F inst✝ (@NormedAddCommGroup.toSeminormedAddCommGroup F inst✝³)
                    inst✝⁴))
                (@NormedSpace.toModule 𝕜 E (@DenselyNormedField.toNormedField 𝕜 (@RCLike.toDenselyNormedField 𝕜 inst✝))
                  (@NormedAddCommGroup.toSeminormedAddCommGroup E inst✝¹)
                  (@InnerProductSpace.toNormedSpace 𝕜 E inst✝ (@NormedAddCommGroup.toSeminormedAddCommGroup E inst✝¹)
                    inst✝²))
                (@RingHom.id 𝕜
                  (@Semiring.toNonAssocSemiring 𝕜
                    (@DivisionSemiring.toSemiring 𝕜
                      (@Semifield.toDivisionSemiring 𝕜
                        (@Field.toSemifield 𝕜
                          (@NormedField.toField 𝕜
                            (@DenselyNormedField.toNormedField 𝕜 (@RCLike.toDenselyNormedField 𝕜 inst✝))))))))
                (@DivisionSemiring.toSemiring 𝕜
                  (@Semifield.toDivisionSemiring 𝕜
                    (@Field.toSemifield 𝕜
                      (@NormedField.toField 𝕜
                        (@DenselyNormedField.toNormedField 𝕜 (@RCLike.toDenselyNormedField 𝕜 inst✝))))))
                (@NormedSpace.toModule 𝕜 E (@DenselyNormedField.toNormedField 𝕜 (@RCLike.toDenselyNormedField 𝕜 inst✝))
                  (@NormedAddCommGroup.toSeminormedAddCommGroup E inst✝¹)
                  (@InnerProductSpace.toNormedSpace 𝕜 E inst✝ (@NormedAddCommGroup.toSeminormedAddCommGroup E inst✝¹)
                    inst✝²))
                ⋯))
            (@LinearMap 𝕜 𝕜
              (@DivisionSemiring.toSemiring 𝕜
                (@Semifield.toDivisionSemiring 𝕜
                  (@Field.toSemifield 𝕜
                    (@NormedField.toField 𝕜
                      (@DenselyNormedField.toNormedField 𝕜 (@RCLike.toDenselyNormedField 𝕜 inst✝))))))
              (@DivisionSemiring.toSemiring 𝕜
                (@Semifield.toDivisionSemiring 𝕜
                  (@Field.toSemifield 𝕜
                    (@NormedField.toField 𝕜
                      (@DenselyNormedField.toNormedField 𝕜 (@RCLike.toDenselyNormedField 𝕜 inst✝))))))
              (@RingHom.id 𝕜
                (@Semiring.toNonAssocSemiring 𝕜
                  (@DivisionSemiring.toSemiring 𝕜
                    (@Semifield.toDivisionSemiring 𝕜
                      (@Field.toSemifield 𝕜
                        (@NormedField.toField 𝕜
                          (@DenselyNormedField.toNormedField 𝕜 (@RCLike.toDenselyNormedField 𝕜 inst✝))))))))
              E F (@AddCommGroup.toAddCommMonoid E (@NormedAddCommGroup.toAddCommGroup E inst✝¹))
              (@AddCommGroup.toAddCommMonoid F (@NormedAddCommGroup.toAddCommGroup F inst✝³))
              (@NormedSpace.toModule 𝕜 E (@DenselyNormedField.toNormedField 𝕜 (@RCLike.toDenselyNormedField 𝕜 inst✝))
                (@NormedAddCommGroup.toSeminormedAddCommGroup E inst✝¹)
                (@InnerProductSpace.toNormedSpace 𝕜 E inst✝ (@NormedAddCommGroup.toSeminormedAddCommGroup E inst✝¹)
                  inst✝²))
              (@NormedSpace.toModule 𝕜 F (@DenselyNormedField.toNormedField 𝕜 (@RCLike.toDenselyNormedField 𝕜 inst✝))
                (@NormedAddCommGroup.toSeminormedAddCommGroup F inst✝³)
                (@InnerProductSpace.toNormedSpace 𝕜 F inst✝ (@NormedAddCommGroup.toSeminormedAddCommGroup F inst✝³)
                  inst✝⁴)))
            (fun x =>
              @LinearMap 𝕜 𝕜
                (@DivisionSemiring.toSemiring 𝕜
                  (@Semifield.toDivisionSemiring 𝕜
                    (@Field.toSemifield 𝕜
                      (@NormedField.toField 𝕜
                        (@DenselyNormedField.toNormedField 𝕜 (@RCLike.toDenselyNormedField 𝕜 inst✝))))))
                (@DivisionSemiring.toSemiring 𝕜
                  (@Semifield.toDivisionSemiring 𝕜
                    (@Field.toSemifield 𝕜
                      (@NormedField.toField 𝕜
                        (@DenselyNormedField.toNormedField 𝕜 (@RCLike.toDenselyNormedField 𝕜 inst✝))))))
                (@RingHom.id 𝕜
                  (@Semiring.toNonAssocSemiring 𝕜
                    (@DivisionSemiring.toSemiring 𝕜
                      (@Semifield.toDivisionSemiring 𝕜
                        (@Field.toSemifield 𝕜
                          (@NormedField.toField 𝕜
                            (@DenselyNormedField.toNormedField 𝕜 (@RCLike.toDenselyNormedField 𝕜 inst✝))))))))
                F E (@AddCommGroup.toAddCommMonoid F (@NormedAddCommGroup.toAddCommGroup F inst✝³))
                (@AddCommGroup.toAddCommMonoid E (@NormedAddCommGroup.toAddCommGroup E inst✝¹))
                (@NormedSpace.toModule 𝕜 F (@DenselyNormedField.toNormedField 𝕜 (@RCLike.toDenselyNormedField 𝕜 inst✝))
                  (@NormedAddCommGroup.toSeminormedAddCommGroup F inst✝³)
                  (@InnerProductSpace.toNormedSpace 𝕜 F inst✝ (@NormedAddCommGroup.toSeminormedAddCommGroup F inst✝³)
                    inst✝⁴))
                (@NormedSpace.toModule 𝕜 E (@DenselyNormedField.toNormedField 𝕜 (@RCLike.toDenselyNormedField 𝕜 inst✝))
                  (@NormedAddCommGroup.toSeminormedAddCommGroup E inst✝¹)
                  (@InnerProductSpace.toNormedSpace 𝕜 E inst✝ (@NormedAddCommGroup.toSeminormedAddCommGroup E inst✝¹)
                    inst✝²)))
            (@EquivLike.toFunLike
              (@LinearEquiv 𝕜 𝕜
                (@DivisionSemiring.toSemiring 𝕜
                  (@Semifield.toDivisionSemiring 𝕜
                    (@Field.toSemifield 𝕜
                      (@NormedField.toField 𝕜
                        (@DenselyNormedField.toNormedField 𝕜 (@RCLike.toDenselyNormedField 𝕜 inst✝))))))
                (@DivisionSemiring.toSemiring 𝕜
                  (@Semifield.toDivisionSemiring 𝕜
                    (@Field.toSemifield 𝕜
                      (@NormedField.toField 𝕜
                        (@DenselyNormedField.toNormedField 𝕜 (@RCLike.toDenselyNormedField 𝕜 inst✝))))))
                (@starRingEnd 𝕜
                  (@Semifield.toCommSemiring 𝕜
                    (@Field.toSemifield 𝕜
                      (@NormedField.toField 𝕜
                        (@DenselyNormedField.toNormedField 𝕜 (@RCLike.toDenselyNormedField 𝕜 inst✝)))))
                  (@RCLike.toStarRing 𝕜 inst✝))
                (@starRingEnd 𝕜
                  (@Semifield.toCommSemiring 𝕜
                    (@Field.toSemifield 𝕜
                      (@NormedField.toField 𝕜
                        (@DenselyNormedField.toNormedField 𝕜 (@RCLike.toDenselyNormedField 𝕜 inst✝)))))
                  (@RCLike.toStarRing 𝕜 inst✝))
                ⋯ ⋯
                (@LinearMap 𝕜 𝕜
                  (@DivisionSemiring.toSemiring 𝕜
                    (@Semifield.toDivisionSemiring 𝕜
                      (@Field.toSemifield 𝕜
                        (@NormedField.toField 𝕜
                          (@DenselyNormedField.toNormedField 𝕜 (@RCLike.toDenselyNormedField 𝕜 inst✝))))))
                  (@DivisionSemiring.toSemiring 𝕜
                    (@Semifield.toDivisionSemiring 𝕜
                      (@Field.toSemifield 𝕜
                        (@NormedField.toField 𝕜
                          (@DenselyNormedField.toNormedField 𝕜 (@RCLike.toDenselyNormedField 𝕜 inst✝))))))
                  (@RingHom.id 𝕜
                    (@Semiring.toNonAssocSemiring 𝕜
                      (@DivisionSemiring.toSemiring 𝕜
                        (@Semifield.toDivisionSemiring 𝕜
                          (@Field.toSemifield 𝕜
                            (@NormedField.toField 𝕜
                              (@DenselyNormedField.toNormedField 𝕜 (@RCLike.toDenselyNormedField 𝕜 inst✝))))))))
                  E F (@AddCommGroup.toAddCommMonoid E (@NormedAddCommGroup.toAddCommGroup E inst✝¹))
                  (@AddCommGroup.toAddCommMonoid F (@NormedAddCommGroup.toAddCommGroup F inst✝³))
                  (@NormedSpace.toModule 𝕜 E
                    (@DenselyNormedField.toNormedField 𝕜 (@RCLike.toDenselyNormedField 𝕜 inst✝))
                    (@NormedAddCommGroup.toSeminormedAddCommGroup E inst✝¹)
                    (@InnerProductSpace.toNormedSpace 𝕜 E inst✝ (@NormedAddCommGroup.toSeminormedAddCommGroup E inst✝¹)
                      inst✝²))
                  (@NormedSpace.toModule 𝕜 F
                    (@DenselyNormedField.toNormedField 𝕜 (@RCLike.toDenselyNormedField 𝕜 inst✝))
                    (@NormedAddCommGroup.toSeminormedAddCommGroup F inst✝³)
                    (@InnerProductSpace.toNormedSpace 𝕜 F inst✝ (@NormedAddCommGroup.toSeminormedAddCommGroup F inst✝³)
                      inst✝⁴)))
                (@LinearMap 𝕜 𝕜
                  (@DivisionSemiring.toSemiring 𝕜
                    (@Semifield.toDivisionSemiring 𝕜
                      (@Field.toSemifield 𝕜
                        (@NormedField.toField 𝕜
                          (@DenselyNormedField.toNormedField 𝕜 (@RCLike.toDenselyNormedField 𝕜 inst✝))))))
                  (@DivisionSemiring.toSemiring 𝕜
                    (@Semifield.toDivisionSemiring 𝕜
                      (@Field.toSemifield 𝕜
                        (@NormedField.toField 𝕜
                          (@DenselyNormedField.toNormedField 𝕜 (@RCLike.toDenselyNormedField 𝕜 inst✝))))))
                  (@RingHom.id 𝕜
                    (@Semiring.toNonAssocSemiring 𝕜
                      (@DivisionSemiring.toSemiring 𝕜
                        (@Semifield.toDivisionSemiring 𝕜
                          (@Field.toSemifield 𝕜
                            (@NormedField.toField 𝕜
                              (@DenselyNormedField.toNormedField 𝕜 (@RCLike.toDenselyNormedField 𝕜 inst✝))))))))
                  F E (@AddCommGroup.toAddCommMonoid F (@NormedAddCommGroup.toAddCommGroup F inst✝³))
                  (@AddCommGroup.toAddCommMonoid E (@NormedAddCommGroup.toAddCommGroup E inst✝¹))
                  (@NormedSpace.toModule 𝕜 F
                    (@DenselyNormedField.toNormedField 𝕜 (@RCLike.toDenselyNormedField 𝕜 inst✝))
                    (@NormedAddCommGroup.toSeminormedAddCommGroup F inst✝³)
                    (@InnerProductSpace.toNormedSpace 𝕜 F inst✝ (@NormedAddCommGroup.toSeminormedAddCommGroup F inst✝³)
                      inst✝⁴))
                  (@NormedSpace.toModule 𝕜 E
                    (@DenselyNormedField.toNormedField 𝕜 (@RCLike.toDenselyNormedField 𝕜 inst✝))
                    (@NormedAddCommGroup.toSeminormedAddCommGroup E inst✝¹)
                    (@InnerProductSpace.toNormedSpace 𝕜 E inst✝ (@NormedAddCommGroup.toSeminormedAddCommGroup E inst✝¹)
                      inst✝²)))
                (@LinearMap.addCommMonoid 𝕜 𝕜 E F
                  (@DivisionSemiring.toSemiring 𝕜
                    (@Semifield.toDivisionSemiring 𝕜
                      (@Field.toSemifield 𝕜
                        (@NormedField.toField 𝕜
                          (@DenselyNormedField.toNormedField 𝕜 (@RCLike.toDenselyNormedField 𝕜 inst✝))))))
                  (@DivisionSemiring.toSemiring 𝕜
                    (@Semifield.toDivisionSemiring 𝕜
                      (@Field.toSemifield 𝕜
                        (@NormedField.toField 𝕜
                          (@DenselyNormedField.toNormedField 𝕜 (@RCLike.toDenselyNormedField 𝕜 inst✝))))))
                  (@AddCommGroup.toAddCommMonoid E (@NormedAddCommGroup.toAddCommGroup E inst✝¹))
                  (@AddCommGroup.toAddCommMonoid F (@NormedAddCommGroup.toAddCommGroup F inst✝³))
                  (@NormedSpace.toModule 𝕜 E
                    (@DenselyNormedField.toNormedField 𝕜 (@RCLike.toDenselyNormedField 𝕜 inst✝))
                    (@NormedAddCommGroup.toSeminormedAddCommGroup E inst✝¹)
                    (@InnerProductSpace.toNormedSpace 𝕜 E inst✝ (@NormedAddCommGroup.toSeminormedAddCommGroup E inst✝¹)
                      inst✝²))
                  (@NormedSpace.toModule 𝕜 F
                    (@DenselyNormedField.toNormedField 𝕜 (@RCLike.toDenselyNormedField 𝕜 inst✝))
                    (@NormedAddCommGroup.toSeminormedAddCommGroup F inst✝³)
                    (@InnerProductSpace.toNormedSpace 𝕜 F inst✝ (@NormedAddCommGroup.toSeminormedAddCommGroup F inst✝³)
                      inst✝⁴))
                  (@RingHom.id 𝕜
                    (@Semiring.toNonAssocSemiring 𝕜
                      (@DivisionSemiring.toSemiring 𝕜
                        (@Semifield.toDivisionSemiring 𝕜
                          (@Field.toSemifield 𝕜
                            (@NormedField.toField 𝕜
                              (@DenselyNormedField.toNormedField 𝕜 (@RCLike.toDenselyNormedField 𝕜 inst✝)))))))))
                (@LinearMap.addCommMonoid 𝕜 𝕜 F E
                  (@DivisionSemiring.toSemiring 𝕜
                    (@Semifield.toDivisionSemiring 𝕜
                      (@Field.toSemifield 𝕜
                        (@NormedField.toField 𝕜
                          (@DenselyNormedField.toNormedField 𝕜 (@RCLike.toDenselyNormedField 𝕜 inst✝))))))
                  (@DivisionSemiring.toSemiring 𝕜
                    (@Semifield.toDivisionSemiring 𝕜
                      (@Field.toSemifield 𝕜
                        (@NormedField.toField 𝕜
                          (@DenselyNormedField.toNormedField 𝕜 (@RCLike.toDenselyNormedField 𝕜 inst✝))))))
                  (@AddCommGroup.toAddCommMonoid F (@NormedAddCommGroup.toAddCommGroup F inst✝³))
                  (@AddCommGroup.toAddCommMonoid E (@NormedAddCommGroup.toAddCommGroup E inst✝¹))
                  (@NormedSpace.toModule 𝕜 F
                    (@DenselyNormedField.toNormedField 𝕜 (@RCLike.toDenselyNormedField 𝕜 inst✝))
                    (@NormedAddCommGroup.toSeminormedAddCommGroup F inst✝³)
                    (@InnerProductSpace.toNormedSpace 𝕜 F inst✝ (@NormedAddCommGroup.toSeminormedAddCommGroup F inst✝³)
                      inst✝⁴))
                  (@NormedSpace.toModule 𝕜 E
                    (@DenselyNormedField.toNormedField 𝕜 (@RCLike.toDenselyNormedField 𝕜 inst✝))
                    (@NormedAddCommGroup.toSeminormedAddCommGroup E inst✝¹)
                    (@InnerProductSpace.toNormedSpace 𝕜 E inst✝ (@NormedAddCommGroup.toSeminormedAddCommGroup E inst✝¹)
                      inst✝²))
                  (@RingHom.id 𝕜
                    (@Semiring.toNonAssocSemiring 𝕜
                      (@DivisionSemiring.toSemiring 𝕜
                        (@Semifield.toDivisionSemiring 𝕜
                          (@Field.toSemifield 𝕜
                            (@NormedField.toField 𝕜
                              (@DenselyNormedField.toNormedField 𝕜 (@RCLike.toDenselyNormedField 𝕜 inst✝)))))))))
                (@LinearMap.module 𝕜 𝕜 𝕜 E F
                  (@DivisionSemiring.toSemiring 𝕜
                    (@Semifield.toDivisionSemiring 𝕜
                      (@Field.toSemifield 𝕜
                        (@NormedField.toField 𝕜
                          (@DenselyNormedField.toNormedField 𝕜 (@RCLike.toDenselyNormedField 𝕜 inst✝))))))
                  (@DivisionSemiring.toSemiring 𝕜
                    (@Semifield.toDivisionSemiring 𝕜
                      (@Field.toSemifield 𝕜
                        (@NormedField.toField 𝕜
                          (@DenselyNormedField.toNormedField 𝕜 (@RCLike.toDenselyNormedField 𝕜 inst✝))))))
                  (@AddCommGroup.toAddCommMonoid E (@NormedAddCommGroup.toAddCommGroup E inst✝¹))
                  (@AddCommGroup.toAddCommMonoid F (@NormedAddCommGroup.toAddCommGroup F inst✝³))
                  (@NormedSpace.toModule 𝕜 E
                    (@DenselyNormedField.toNormedField 𝕜 (@RCLike.toDenselyNormedField 𝕜 inst✝))
                    (@NormedAddCommGroup.toSeminormedAddCommGroup E inst✝¹)
                    (@InnerProductSpace.toNormedSpace 𝕜 E inst✝ (@NormedAddCommGroup.toSeminormedAddCommGroup E inst✝¹)
                      inst✝²))
                  (@NormedSpace.toModule 𝕜 F
                    (@DenselyNormedField.toNormedField 𝕜 (@RCLike.toDenselyNormedField 𝕜 inst✝))
                    (@NormedAddCommGroup.toSeminormedAddCommGroup F inst✝³)
                    (@InnerProductSpace.toNormedSpace 𝕜 F inst✝ (@NormedAddCommGroup.toSeminormedAddCommGroup F inst✝³)
                      inst✝⁴))
                  (@RingHom.id 𝕜
                    (@Semiring.toNonAssocSemiring 𝕜
                      (@DivisionSemiring.toSemiring 𝕜
                        (@Semifield.toDivisionSemiring 𝕜
                          (@Field.toSemifield 𝕜
                            (@NormedField.toField 𝕜
                              (@DenselyNormedField.toNormedField 𝕜 (@RCLike.toDenselyNormedField 𝕜 inst✝))))))))
                  (@DivisionSemiring.toSemiring 𝕜
                    (@Semifield.toDivisionSemiring 𝕜
                      (@Field.toSemifield 𝕜
                        (@NormedField.toField 𝕜
                          (@DenselyNormedField.toNormedField 𝕜 (@RCLike.toDenselyNormedField 𝕜 inst✝))))))
                  (@NormedSpace.toModule 𝕜 F
                    (@DenselyNormedField.toNormedField 𝕜 (@RCLike.toDenselyNormedField 𝕜 inst✝))
                    (@NormedAddCommGroup.toSeminormedAddCommGroup F inst✝³)
                    (@InnerProductSpace.toNormedSpace 𝕜 F inst✝ (@NormedAddCommGroup.toSeminormedAddCommGroup F inst✝³)
                      inst✝⁴))
                  ⋯)
                (@LinearMap.module 𝕜 𝕜 𝕜 F E
                  (@DivisionSemiring.toSemiring 𝕜
                    (@Semifield.toDivisionSemiring 𝕜
                      (@Field.toSemifield 𝕜
                        (@NormedField.toField 𝕜
                          (@DenselyNormedField.toNormedField 𝕜 (@RCLike.toDenselyNormedField 𝕜 inst✝))))))
                  (@DivisionSemiring.toSemiring 𝕜
                    (@Semifield.toDivisionSemiring 𝕜
                      (@Field.toSemifield 𝕜
                        (@NormedField.toField 𝕜
                          (@DenselyNormedField.toNormedField 𝕜 (@RCLike.toDenselyNormedField 𝕜 inst✝))))))
                  (@AddCommGroup.toAddCommMonoid F (@NormedAddCommGroup.toAddCommGroup F inst✝³))
                  (@AddCommGroup.toAddCommMonoid E (@NormedAddCommGroup.toAddCommGroup E inst✝¹))
                  (@NormedSpace.toModule 𝕜 F
                    (@DenselyNormedField.toNormedField 𝕜 (@RCLike.toDenselyNormedField 𝕜 inst✝))
                    (@NormedAddCommGroup.toSeminormedAddCommGroup F inst✝³)
                    (@InnerProductSpace.toNormedSpace 𝕜 F inst✝ (@NormedAddCommGroup.toSeminormedAddCommGroup F inst✝³)
                      inst✝⁴))
                  (@NormedSpace.toModule 𝕜 E
                    (@DenselyNormedField.toNormedField 𝕜 (@RCLike.toDenselyNormedField 𝕜 inst✝))
                    (@NormedAddCommGroup.toSeminormedAddCommGroup E inst✝¹)
                    (@InnerProductSpace.toNormedSpace 𝕜 E inst✝ (@NormedAddCommGroup.toSeminormedAddCommGroup E inst✝¹)
                      inst✝²))
                  (@RingHom.id 𝕜
                    (@Semiring.toNonAssocSemiring 𝕜
                      (@DivisionSemiring.toSemiring 𝕜
                        (@Semifield.toDivisionSemiring 𝕜
                          (@Field.toSemifield 𝕜
                            (@NormedField.toField 𝕜
                              (@DenselyNormedField.toNormedField 𝕜 (@RCLike.toDenselyNormedField 𝕜 inst✝))))))))
                  (@DivisionSemiring.toSemiring 𝕜
                    (@Semifield.toDivisionSemiring 𝕜
                      (@Field.toSemifield 𝕜
                        (@NormedField.toField 𝕜
                          (@DenselyNormedField.toNormedField 𝕜 (@RCLike.toDenselyNormedField 𝕜 inst✝))))))
                  (@NormedSpace.toModule 𝕜 E
                    (@DenselyNormedField.toNormedField 𝕜 (@RCLike.toDenselyNormedField 𝕜 inst✝))
                    (@NormedAddCommGroup.toSeminormedAddCommGroup E inst✝¹)
                    (@InnerProductSpace.toNormedSpace 𝕜 E inst✝ (@NormedAddCommGroup.toSeminormedAddCommGroup E inst✝¹)
                      inst✝²))
                  ⋯))
              (@LinearMap 𝕜 𝕜
                (@DivisionSemiring.toSemiring 𝕜
                  (@Semifield.toDivisionSemiring 𝕜
                    (@Field.toSemifield 𝕜
                      (@NormedField.toField 𝕜
                        (@DenselyNormedField.toNormedField 𝕜 (@RCLike.toDenselyNormedField 𝕜 inst✝))))))
                (@DivisionSemiring.toSemiring 𝕜
                  (@Semifield.toDivisionSemiring 𝕜
                    (@Field.toSemifield 𝕜
                      (@NormedField.toField 𝕜
                        (@DenselyNormedField.toNormedField 𝕜 (@RCLike.toDenselyNormedField 𝕜 inst✝))))))
                (@RingHom.id 𝕜
                  (@Semiring.toNonAssocSemiring 𝕜
                    (@DivisionSemiring.toSemiring 𝕜
                      (@Semifield.toDivisionSemiring 𝕜
                        (@Field.toSemifield 𝕜
                          (@NormedField.toField 𝕜
                            (@DenselyNormedField.toNormedField 𝕜 (@RCLike.toDenselyNormedField 𝕜 inst✝))))))))
                E F (@AddCommGroup.toAddCommMonoid E (@NormedAddCommGroup.toAddCommGroup E inst✝¹))
                (@AddCommGroup.toAddCommMonoid F (@NormedAddCommGroup.toAddCommGroup F inst✝³))
                (@NormedSpace.toModule 𝕜 E (@DenselyNormedField.toNormedField 𝕜 (@RCLike.toDenselyNormedField 𝕜 inst✝))
                  (@NormedAddCommGroup.toSeminormedAddCommGroup E inst✝¹)
                  (@InnerProductSpace.toNormedSpace 𝕜 E inst✝ (@NormedAddCommGroup.toSeminormedAddCommGroup E inst✝¹)
                    inst✝²))
                (@NormedSpace.toModule 𝕜 F (@DenselyNormedField.toNormedField 𝕜 (@RCLike.toDenselyNormedField 𝕜 inst✝))
                  (@NormedAddCommGroup.toSeminormedAddCommGroup F inst✝³)
                  (@InnerProductSpace.toNormedSpace 𝕜 F inst✝ (@NormedAddCommGroup.toSeminormedAddCommGroup F inst✝³)
                    inst✝⁴)))
              (@LinearMap 𝕜 𝕜
                (@DivisionSemiring.toSemiring 𝕜
                  (@Semifield.toDivisionSemiring 𝕜
                    (@Field.toSemifield 𝕜
                      (@NormedField.toField 𝕜
                        (@DenselyNormedField.toNormedField 𝕜 (@RCLike.toDenselyNormedField 𝕜 inst✝))))))
                (@DivisionSemiring.toSemiring 𝕜
                  (@Semifield.toDivisionSemiring 𝕜
                    (@Field.toSemifield 𝕜
                      (@NormedField.toField 𝕜
                        (@DenselyNormedField.toNormedField 𝕜 (@RCLike.toDenselyNormedField 𝕜 inst✝))))))
                (@RingHom.id 𝕜
                  (@Semiring.toNonAssocSemiring 𝕜
                    (@DivisionSemiring.toSemiring 𝕜
                      (@Semifield.toDivisionSemiring 𝕜
                        (@Field.toSemifield 𝕜
                          (@NormedField.toField 𝕜
                            (@DenselyNormedField.toNormedField 𝕜 (@RCLike.toDenselyNormedField 𝕜 inst✝))))))))
                F E (@AddCommGroup.toAddCommMonoid F (@NormedAddCommGroup.toAddCommGroup F inst✝³))
                (@AddCommGroup.toAddCommMonoid E (@NormedAddCommGroup.toAddCommGroup E inst✝¹))
                (@NormedSpace.toModule 𝕜 F (@DenselyNormedField.toNormedField 𝕜 (@RCLike.toDenselyNormedField 𝕜 inst✝))
                  (@NormedAddCommGroup.toSeminormedAddCommGroup F inst✝³)
                  (@InnerProductSpace.toNormedSpace 𝕜 F inst✝ (@NormedAddCommGroup.toSeminormedAddCommGroup F inst✝³)
                    inst✝⁴))
                (@NormedSpace.toModule 𝕜 E (@DenselyNormedField.toNormedField 𝕜 (@RCLike.toDenselyNormedField 𝕜 inst✝))
                  (@NormedAddCommGroup.toSeminormedAddCommGroup E inst✝¹)
                  (@InnerProductSpace.toNormedSpace 𝕜 E inst✝ (@NormedAddCommGroup.toSeminormedAddCommGroup E inst✝¹)
                    inst✝²)))
              (@DFinsupp.instEquivLikeLinearEquiv 𝕜 𝕜
                (@DivisionSemiring.toSemiring 𝕜
                  (@Semifield.toDivisionSemiring 𝕜
                    (@Field.toSemifield 𝕜
                      (@NormedField.toField 𝕜
                        (@DenselyNormedField.toNormedField 𝕜 (@RCLike.toDenselyNormedField 𝕜 inst✝))))))
                (@DivisionSemiring.toSemiring 𝕜
                  (@Semifield.toDivisionSemiring 𝕜
                    (@Field.toSemifield 𝕜
                      (@NormedField.toField 𝕜
                        (@DenselyNormedField.toNormedField 𝕜 (@RCLike.toDenselyNormedField 𝕜 inst✝))))))
                (@starRingEnd 𝕜
                  (@Semifield.toCommSemiring 𝕜
                    (@Field.toSemifield 𝕜
                      (@NormedField.toField 𝕜
                        (@DenselyNormedField.toNormedField 𝕜 (@RCLike.toDenselyNormedField 𝕜 inst✝)))))
                  (@RCLike.toStarRing 𝕜 inst✝))
                (@starRingEnd 𝕜
                  (@Semifield.toCommSemiring 𝕜
                    (@Field.toSemifield 𝕜
                      (@NormedField.toField 𝕜
                        (@DenselyNormedField.toNormedField 𝕜 (@RCLike.toDenselyNormedField 𝕜 inst✝)))))
                  (@RCLike.toStarRing 𝕜 inst✝))
                ⋯ ⋯
                (@LinearMap 𝕜 𝕜
                  (@DivisionSemiring.toSemiring 𝕜
                    (@Semifield.toDivisionSemiring 𝕜
                      (@Field.toSemifield 𝕜
                        (@NormedField.toField 𝕜
                          (@DenselyNormedField.toNormedField 𝕜 (@RCLike.toDenselyNormedField 𝕜 inst✝))))))
                  (@DivisionSemiring.toSemiring 𝕜
                    (@Semifield.toDivisionSemiring 𝕜
                      (@Field.toSemifield 𝕜
                        (@NormedField.toField 𝕜
                          (@DenselyNormedField.toNormedField 𝕜 (@RCLike.toDenselyNormedField 𝕜 inst✝))))))
                  (@RingHom.id 𝕜
                    (@Semiring.toNonAssocSemiring 𝕜
                      (@DivisionSemiring.toSemiring 𝕜
                        (@Semifield.toDivisionSemiring 𝕜
                          (@Field.toSemifield 𝕜
                            (@NormedField.toField 𝕜
                              (@DenselyNormedField.toNormedField 𝕜 (@RCLike.toDenselyNormedField 𝕜 inst✝))))))))
                  E F (@AddCommGroup.toAddCommMonoid E (@NormedAddCommGroup.toAddCommGroup E inst✝¹))
                  (@AddCommGroup.toAddCommMonoid F (@NormedAddCommGroup.toAddCommGroup F inst✝³))
                  (@NormedSpace.toModule 𝕜 E
                    (@DenselyNormedField.toNormedField 𝕜 (@RCLike.toDenselyNormedField 𝕜 inst✝))
                    (@NormedAddCommGroup.toSeminormedAddCommGroup E inst✝¹)
                    (@InnerProductSpace.toNormedSpace 𝕜 E inst✝ (@NormedAddCommGroup.toSeminormedAddCommGroup E inst✝¹)
                      inst✝²))
                  (@NormedSpace.toModule 𝕜 F
                    (@DenselyNormedField.toNormedField 𝕜 (@RCLike.toDenselyNormedField 𝕜 inst✝))
                    (@NormedAddCommGroup.toSeminormedAddCommGroup F inst✝³)
                    (@InnerProductSpace.toNormedSpace 𝕜 F inst✝ (@NormedAddCommGroup.toSeminormedAddCommGroup F inst✝³)
                      inst✝⁴)))
                (@LinearMap 𝕜 𝕜
                  (@DivisionSemiring.toSemiring 𝕜
                    (@Semifield.toDivisionSemiring 𝕜
                      (@Field.toSemifield 𝕜
                        (@NormedField.toField 𝕜
                          (@DenselyNormedField.toNormedField 𝕜 (@RCLike.toDenselyNormedField 𝕜 inst✝))))))
                  (@DivisionSemiring.toSemiring 𝕜
                    (@Semifield.toDivisionSemiring 𝕜
                      (@Field.toSemifield 𝕜
                        (@NormedField.toField 𝕜
                          (@DenselyNormedField.toNormedField 𝕜 (@RCLike.toDenselyNormedField 𝕜 inst✝))))))
                  (@RingHom.id 𝕜
                    (@Semiring.toNonAssocSemiring 𝕜
                      (@DivisionSemiring.toSemiring 𝕜
                        (@Semifield.toDivisionSemiring 𝕜
                          (@Field.toSemifield 𝕜
                            (@NormedField.toField 𝕜
                              (@DenselyNormedField.toNormedField 𝕜 (@RCLike.toDenselyNormedField 𝕜 inst✝))))))))
                  F E (@AddCommGroup.toAddCommMonoid F (@NormedAddCommGroup.toAddCommGroup F inst✝³))
                  (@AddCommGroup.toAddCommMonoid E (@NormedAddCommGroup.toAddCommGroup E inst✝¹))
                  (@NormedSpace.toModule 𝕜 F
                    (@DenselyNormedField.toNormedField 𝕜 (@RCLike.toDenselyNormedField 𝕜 inst✝))
                    (@NormedAddCommGroup.toSeminormedAddCommGroup F inst✝³)
                    (@InnerProductSpace.toNormedSpace 𝕜 F inst✝ (@NormedAddCommGroup.toSeminormedAddCommGroup F inst✝³)
                      inst✝⁴))
                  (@NormedSpace.toModule 𝕜 E
                    (@DenselyNormedField.toNormedField 𝕜 (@RCLike.toDenselyNormedField 𝕜 inst✝))
                    (@NormedAddCommGroup.toSeminormedAddCommGroup E inst✝¹)
                    (@InnerProductSpace.toNormedSpace 𝕜 E inst✝ (@NormedAddCommGroup.toSeminormedAddCommGroup E inst✝¹)
                      inst✝²)))
                (@LinearMap.addCommMonoid 𝕜 𝕜 E F
                  (@DivisionSemiring.toSemiring 𝕜
                    (@Semifield.toDivisionSemiring 𝕜
                      (@Field.toSemifield 𝕜
                        (@NormedField.toField 𝕜
                          (@DenselyNormedField.toNormedField 𝕜 (@RCLike.toDenselyNormedField 𝕜 inst✝))))))
                  (@DivisionSemiring.toSemiring 𝕜
                    (@Semifield.toDivisionSemiring 𝕜
                      (@Field.toSemifield 𝕜
                        (@NormedField.toField 𝕜
                          (@DenselyNormedField.toNormedField 𝕜 (@RCLike.toDenselyNormedField 𝕜 inst✝))))))
                  (@AddCommGroup.toAddCommMonoid E (@NormedAddCommGroup.toAddCommGroup E inst✝¹))
                  (@AddCommGroup.toAddCommMonoid F (@NormedAddCommGroup.toAddCommGroup F inst✝³))
                  (@NormedSpace.toModule 𝕜 E
                    (@DenselyNormedField.toNormedField 𝕜 (@RCLike.toDenselyNormedField 𝕜 inst✝))
                    (@NormedAddCommGroup.toSeminormedAddCommGroup E inst✝¹)
                    (@InnerProductSpace.toNormedSpace 𝕜 E inst✝ (@NormedAddCommGroup.toSeminormedAddCommGroup E inst✝¹)
                      inst✝²))
                  (@NormedSpace.toModule 𝕜 F
                    (@DenselyNormedField.toNormedField 𝕜 (@RCLike.toDenselyNormedField 𝕜 inst✝))
                    (@NormedAddCommGroup.toSeminormedAddCommGroup F inst✝³)
                    (@InnerProductSpace.toNormedSpace 𝕜 F inst✝ (@NormedAddCommGroup.toSeminormedAddCommGroup F inst✝³)
                      inst✝⁴))
                  (@RingHom.id 𝕜
                    (@Semiring.toNonAssocSemiring 𝕜
                      (@DivisionSemiring.toSemiring 𝕜
                        (@Semifield.toDivisionSemiring 𝕜
                          (@Field.toSemifield 𝕜
                            (@NormedField.toField 𝕜
                              (@DenselyNormedField.toNormedField 𝕜 (@RCLike.toDenselyNormedField 𝕜 inst✝)))))))))
                (@LinearMap.addCommMonoid 𝕜 𝕜 F E
                  (@DivisionSemiring.toSemiring 𝕜
                    (@Semifield.toDivisionSemiring 𝕜
                      (@Field.toSemifield 𝕜
                        (@NormedField.toField 𝕜
                          (@DenselyNormedField.toNormedField 𝕜 (@RCLike.toDenselyNormedField 𝕜 inst✝))))))
                  (@DivisionSemiring.toSemiring 𝕜
                    (@Semifield.toDivisionSemiring 𝕜
                      (@Field.toSemifield 𝕜
                        (@NormedField.toField 𝕜
                          (@DenselyNormedField.toNormedField 𝕜 (@RCLike.toDenselyNormedField 𝕜 inst✝))))))
                  (@AddCommGroup.toAddCommMonoid F (@NormedAddCommGroup.toAddCommGroup F inst✝³))
                  (@AddCommGroup.toAddCommMonoid E (@NormedAddCommGroup.toAddCommGroup E inst✝¹))
                  (@NormedSpace.toModule 𝕜 F
                    (@DenselyNormedField.toNormedField 𝕜 (@RCLike.toDenselyNormedField 𝕜 inst✝))
                    (@NormedAddCommGroup.toSeminormedAddCommGroup F inst✝³)
                    (@InnerProductSpace.toNormedSpace 𝕜 F inst✝ (@NormedAddCommGroup.toSeminormedAddCommGroup F inst✝³)
                      inst✝⁴))
                  (@NormedSpace.toModule 𝕜 E
                    (@DenselyNormedField.toNormedField 𝕜 (@RCLike.toDenselyNormedField 𝕜 inst✝))
                    (@NormedAddCommGroup.toSeminormedAddCommGroup E inst✝¹)
                    (@InnerProductSpace.toNormedSpace 𝕜 E inst✝ (@NormedAddCommGroup.toSeminormedAddCommGroup E inst✝¹)
                      inst✝²))
                  (@RingHom.id 𝕜
                    (@Semiring.toNonAssocSemiring 𝕜
                      (@DivisionSemiring.toSemiring 𝕜
                        (@Semifield.toDivisionSemiring 𝕜
                          (@Field.toSemifield 𝕜
                            (@NormedField.toField 𝕜
                              (@DenselyNormedField.toNormedField 𝕜 (@RCLike.toDenselyNormedField 𝕜 inst✝)))))))))
                (@LinearMap.module 𝕜 𝕜 𝕜 E F
                  (@DivisionSemiring.toSemiring 𝕜
                    (@Semifield.toDivisionSemiring 𝕜
                      (@Field.toSemifield 𝕜
                        (@NormedField.toField 𝕜
                          (@DenselyNormedField.toNormedField 𝕜 (@RCLike.toDenselyNormedField 𝕜 inst✝))))))
                  (@DivisionSemiring.toSemiring 𝕜
                    (@Semifield.toDivisionSemiring 𝕜
                      (@Field.toSemifield 𝕜
                        (@NormedField.toField 𝕜
                          (@DenselyNormedField.toNormedField 𝕜 (@RCLike.toDenselyNormedField 𝕜 inst✝))))))
                  (@AddCommGroup.toAddCommMonoid E (@NormedAddCommGroup.toAddCommGroup E inst✝¹))
                  (@AddCommGroup.toAddCommMonoid F (@NormedAddCommGroup.toAddCommGroup F inst✝³))
                  (@NormedSpace.toModule 𝕜 E
                    (@DenselyNormedField.toNormedField 𝕜 (@RCLike.toDenselyNormedField 𝕜 inst✝))
                    (@NormedAddCommGroup.toSeminormedAddCommGroup E inst✝¹)
                    (@InnerProductSpace.toNormedSpace 𝕜 E inst✝ (@NormedAddCommGroup.toSeminormedAddCommGroup E inst✝¹)
                      inst✝²))
                  (@NormedSpace.toModule 𝕜 F
                    (@DenselyNormedField.toNormedField 𝕜 (@RCLike.toDenselyNormedField 𝕜 inst✝))
                    (@NormedAddCommGroup.toSeminormedAddCommGroup F inst✝³)
                    (@InnerProductSpace.toNormedSpace 𝕜 F inst✝ (@NormedAddCommGroup.toSeminormedAddCommGroup F inst✝³)
                      inst✝⁴))
                  (@RingHom.id 𝕜
                    (@Semiring.toNonAssocSemiring 𝕜
                      (@DivisionSemiring.toSemiring 𝕜
                        (@Semifield.toDivisionSemiring 𝕜
                          (@Field.toSemifield 𝕜
                            (@NormedField.toField 𝕜
                              (@DenselyNormedField.toNormedField 𝕜 (@RCLike.toDenselyNormedField 𝕜 inst✝))))))))
                  (@DivisionSemiring.toSemiring 𝕜
                    (@Semifield.toDivisionSemiring 𝕜
                      (@Field.toSemifield 𝕜
                        (@NormedField.toField 𝕜
                          (@DenselyNormedField.toNormedField 𝕜 (@RCLike.toDenselyNormedField 𝕜 inst✝))))))
                  (@NormedSpace.toModule 𝕜 F
                    (@DenselyNormedField.toNormedField 𝕜 (@RCLike.toDenselyNormedField 𝕜 inst✝))
                    (@NormedAddCommGroup.toSeminormedAddCommGroup F inst✝³)
                    (@InnerProductSpace.toNormedSpace 𝕜 F inst✝ (@NormedAddCommGroup.toSeminormedAddCommGroup F inst✝³)
                      inst✝⁴))
                  ⋯)
                (@LinearMap.module 𝕜 𝕜 𝕜 F E
                  (@DivisionSemiring.toSemiring 𝕜
                    (@Semifield.toDivisionSemiring 𝕜
                      (@Field.toSemifield 𝕜
                        (@NormedField.toField 𝕜
                          (@DenselyNormedField.toNormedField 𝕜 (@RCLike.toDenselyNormedField 𝕜 inst✝))))))
                  (@DivisionSemiring.toSemiring 𝕜
                    (@Semifield.toDivisionSemiring 𝕜
                      (@Field.toSemifield 𝕜
                        (@NormedField.toField 𝕜
                          (@DenselyNormedField.toNormedField 𝕜 (@RCLike.toDenselyNormedField 𝕜 inst✝))))))
                  (@AddCommGroup.toAddCommMonoid F (@NormedAddCommGroup.toAddCommGroup F inst✝³))
                  (@AddCommGroup.toAddCommMonoid E (@NormedAddCommGroup.toAddCommGroup E inst✝¹))
                  (@NormedSpace.toModule 𝕜 F
                    (@DenselyNormedField.toNormedField 𝕜 (@RCLike.toDenselyNormedField 𝕜 inst✝))
                    (@NormedAddCommGroup.toSeminormedAddCommGroup F inst✝³)
                    (@InnerProductSpace.toNormedSpace 𝕜 F inst✝ (@NormedAddCommGroup.toSeminormedAddCommGroup F inst✝³)
                      inst✝⁴))
                  (@NormedSpace.toModule 𝕜 E
                    (@DenselyNormedField.toNormedField 𝕜 (@RCLike.toDenselyNormedField 𝕜 inst✝))
                    (@NormedAddCommGroup.toSeminormedAddCommGroup E inst✝¹)
                    (@InnerProductSpace.toNormedSpace 𝕜 E inst✝ (@NormedAddCommGroup.toSeminormedAddCommGroup E inst✝¹)
                      inst✝²))
                  (@RingHom.id 𝕜
                    (@Semiring.toNonAssocSemiring 𝕜
                      (@DivisionSemiring.toSemiring 𝕜
                        (@Semifield.toDivisionSemiring 𝕜
                          (@Field.toSemifield 𝕜
                            (@NormedField.toField 𝕜
                              (@DenselyNormedField.toNormedField 𝕜 (@RCLike.toDenselyNormedField 𝕜 inst✝))))))))
                  (@DivisionSemiring.toSemiring 𝕜
                    (@Semifield.toDivisionSemiring 𝕜
                      (@Field.toSemifield 𝕜
                        (@NormedField.toField 𝕜
                          (@DenselyNormedField.toNormedField 𝕜 (@RCLike.toDenselyNormedField 𝕜 inst✝))))))
                  (@NormedSpace.toModule 𝕜 E
                    (@DenselyNormedField.toNormedField 𝕜 (@RCLike.toDenselyNormedField 𝕜 inst✝))
                    (@NormedAddCommGroup.toSeminormedAddCommGroup E inst✝¹)
                    (@InnerProductSpace.toNormedSpace 𝕜 E inst✝ (@NormedAddCommGroup.toSeminormedAddCommGroup E inst✝¹)
                      inst✝²))
                  ⋯)))
            (@LinearMap.adjoint 𝕜 E F inst✝ inst✝¹ inst✝³ inst✝² inst✝⁴ inst✝⁵ inst✝⁶) T)
          T)
        inst✝⁵ n ⋯ hn i).sqrt
LinearMap.singularValues_antitone.{u_1, u_2, u_3} {𝕜 : Type u_1} [RCLike 𝕜] {E : Type u_2} [NormedAddCommGroup E]
  [@InnerProductSpace 𝕜 E inst✝ (@NormedAddCommGroup.toSeminormedAddCommGroup E inst✝¹)]
  [@FiniteDimensional 𝕜 E
      (@Field.toDivisionRing 𝕜
        (@NormedField.toField 𝕜 (@DenselyNormedField.toNormedField 𝕜 (@RCLike.toDenselyNormedField 𝕜 inst✝))))
      (@NormedAddCommGroup.toAddCommGroup E inst✝¹)
      (@NormedSpace.toModule 𝕜 E (@DenselyNormedField.toNormedField 𝕜 (@RCLike.toDenselyNormedField 𝕜 inst✝))
        (@NormedAddCommGroup.toSeminormedAddCommGroup E inst✝¹)
        (@InnerProductSpace.toNormedSpace 𝕜 E inst✝ (@NormedAddCommGroup.toSeminormedAddCommGroup E inst✝¹) inst✝²))]
  {F : Type u_3} [NormedAddCommGroup F]
  [@InnerProductSpace 𝕜 F inst✝ (@NormedAddCommGroup.toSeminormedAddCommGroup F inst✝³)]
  [@FiniteDimensional 𝕜 F
      (@Field.toDivisionRing 𝕜
        (@NormedField.toField 𝕜 (@DenselyNormedField.toNormedField 𝕜 (@RCLike.toDenselyNormedField 𝕜 inst✝))))
      (@NormedAddCommGroup.toAddCommGroup F inst✝³)
      (@NormedSpace.toModule 𝕜 F (@DenselyNormedField.toNormedField 𝕜 (@RCLike.toDenselyNormedField 𝕜 inst✝))
        (@NormedAddCommGroup.toSeminormedAddCommGroup F inst✝³)
        (@InnerProductSpace.toNormedSpace 𝕜 F inst✝ (@NormedAddCommGroup.toSeminormedAddCommGroup F inst✝³) inst✝⁴))]
  (T :
    @LinearMap 𝕜 𝕜
      (@DivisionSemiring.toSemiring 𝕜
        (@Semifield.toDivisionSemiring 𝕜
          (@Field.toSemifield 𝕜
            (@NormedField.toField 𝕜 (@DenselyNormedField.toNormedField 𝕜 (@RCLike.toDenselyNormedField 𝕜 inst✝))))))
      (@DivisionSemiring.toSemiring 𝕜
        (@Semifield.toDivisionSemiring 𝕜
          (@Field.toSemifield 𝕜
            (@NormedField.toField 𝕜 (@DenselyNormedField.toNormedField 𝕜 (@RCLike.toDenselyNormedField 𝕜 inst✝))))))
      (@RingHom.id 𝕜
        (@Semiring.toNonAssocSemiring 𝕜
          (@DivisionSemiring.toSemiring 𝕜
            (@Semifield.toDivisionSemiring 𝕜
              (@Field.toSemifield 𝕜
                (@NormedField.toField 𝕜
                  (@DenselyNormedField.toNormedField 𝕜 (@RCLike.toDenselyNormedField 𝕜 inst✝))))))))
      E F (@AddCommGroup.toAddCommMonoid E (@NormedAddCommGroup.toAddCommGroup E inst✝¹))
      (@AddCommGroup.toAddCommMonoid F (@NormedAddCommGroup.toAddCommGroup F inst✝³))
      (@NormedSpace.toModule 𝕜 E (@DenselyNormedField.toNormedField 𝕜 (@RCLike.toDenselyNormedField 𝕜 inst✝))
        (@NormedAddCommGroup.toSeminormedAddCommGroup E inst✝¹)
        (@InnerProductSpace.toNormedSpace 𝕜 E inst✝ (@NormedAddCommGroup.toSeminormedAddCommGroup E inst✝¹) inst✝²))
      (@NormedSpace.toModule 𝕜 F (@DenselyNormedField.toNormedField 𝕜 (@RCLike.toDenselyNormedField 𝕜 inst✝))
        (@NormedAddCommGroup.toSeminormedAddCommGroup F inst✝³)
        (@InnerProductSpace.toNormedSpace 𝕜 F inst✝ (@NormedAddCommGroup.toSeminormedAddCommGroup F inst✝³) inst✝⁴))) :
  @Antitone Nat Real Nat.instPreorder Real.instPreorder
    (@DFunLike.coe (@Finsupp Nat Real Real.instZero) Nat (fun x => Real) (@Finsupp.instFunLike Nat Real Real.instZero)
      (@LinearMap.singularValues 𝕜 inst✝ E inst✝¹ inst✝² inst✝⁵ F inst✝³ inst✝⁴ inst✝⁶ T))
LinearMap.singularValues_of_finrank_le.{u_1, u_2, u_3} {𝕜 : Type u_1} [RCLike 𝕜] {E : Type u_2} [NormedAddCommGroup E]
  [@InnerProductSpace 𝕜 E inst✝ (@NormedAddCommGroup.toSeminormedAddCommGroup E inst✝¹)]
  [@FiniteDimensional 𝕜 E
      (@Field.toDivisionRing 𝕜
        (@NormedField.toField 𝕜 (@DenselyNormedField.toNormedField 𝕜 (@RCLike.toDenselyNormedField 𝕜 inst✝))))
      (@NormedAddCommGroup.toAddCommGroup E inst✝¹)
      (@NormedSpace.toModule 𝕜 E (@DenselyNormedField.toNormedField 𝕜 (@RCLike.toDenselyNormedField 𝕜 inst✝))
        (@NormedAddCommGroup.toSeminormedAddCommGroup E inst✝¹)
        (@InnerProductSpace.toNormedSpace 𝕜 E inst✝ (@NormedAddCommGroup.toSeminormedAddCommGroup E inst✝¹) inst✝²))]
  {F : Type u_3} [NormedAddCommGroup F]
  [@InnerProductSpace 𝕜 F inst✝ (@NormedAddCommGroup.toSeminormedAddCommGroup F inst✝³)]
  [@FiniteDimensional 𝕜 F
      (@Field.toDivisionRing 𝕜
        (@NormedField.toField 𝕜 (@DenselyNormedField.toNormedField 𝕜 (@RCLike.toDenselyNormedField 𝕜 inst✝))))
      (@NormedAddCommGroup.toAddCommGroup F inst✝³)
      (@NormedSpace.toModule 𝕜 F (@DenselyNormedField.toNormedField 𝕜 (@RCLike.toDenselyNormedField 𝕜 inst✝))
        (@NormedAddCommGroup.toSeminormedAddCommGroup F inst✝³)
        (@InnerProductSpace.toNormedSpace 𝕜 F inst✝ (@NormedAddCommGroup.toSeminormedAddCommGroup F inst✝³) inst✝⁴))]
  (T :
    @LinearMap 𝕜 𝕜
      (@DivisionSemiring.toSemiring 𝕜
        (@Semifield.toDivisionSemiring 𝕜
          (@Field.toSemifield 𝕜
            (@NormedField.toField 𝕜 (@DenselyNormedField.toNormedField 𝕜 (@RCLike.toDenselyNormedField 𝕜 inst✝))))))
      (@DivisionSemiring.toSemiring 𝕜
        (@Semifield.toDivisionSemiring 𝕜
          (@Field.toSemifield 𝕜
            (@NormedField.toField 𝕜 (@DenselyNormedField.toNormedField 𝕜 (@RCLike.toDenselyNormedField 𝕜 inst✝))))))
      (@RingHom.id 𝕜
        (@Semiring.toNonAssocSemiring 𝕜
          (@DivisionSemiring.toSemiring 𝕜
            (@Semifield.toDivisionSemiring 𝕜
              (@Field.toSemifield 𝕜
                (@NormedField.toField 𝕜
                  (@DenselyNormedField.toNormedField 𝕜 (@RCLike.toDenselyNormedField 𝕜 inst✝))))))))
      E F (@AddCommGroup.toAddCommMonoid E (@NormedAddCommGroup.toAddCommGroup E inst✝¹))
      (@AddCommGroup.toAddCommMonoid F (@NormedAddCommGroup.toAddCommGroup F inst✝³))
      (@NormedSpace.toModule 𝕜 E (@DenselyNormedField.toNormedField 𝕜 (@RCLike.toDenselyNormedField 𝕜 inst✝))
        (@NormedAddCommGroup.toSeminormedAddCommGroup E inst✝¹)
        (@InnerProductSpace.toNormedSpace 𝕜 E inst✝ (@NormedAddCommGroup.toSeminormedAddCommGroup E inst✝¹) inst✝²))
      (@NormedSpace.toModule 𝕜 F (@DenselyNormedField.toNormedField 𝕜 (@RCLike.toDenselyNormedField 𝕜 inst✝))
        (@NormedAddCommGroup.toSeminormedAddCommGroup F inst✝³)
        (@InnerProductSpace.toNormedSpace 𝕜 F inst✝ (@NormedAddCommGroup.toSeminormedAddCommGroup F inst✝³) inst✝⁴)))
  {i : Nat}
  (hi :
    @LE.le Nat instLENat
      (@Module.finrank 𝕜 E
        (@DivisionSemiring.toSemiring 𝕜
          (@Semifield.toDivisionSemiring 𝕜
            (@Field.toSemifield 𝕜
              (@NormedField.toField 𝕜 (@DenselyNormedField.toNormedField 𝕜 (@RCLike.toDenselyNormedField 𝕜 inst✝))))))
        (@AddCommGroup.toAddCommMonoid E (@NormedAddCommGroup.toAddCommGroup E inst✝¹))
        (@NormedSpace.toModule 𝕜 E (@DenselyNormedField.toNormedField 𝕜 (@RCLike.toDenselyNormedField 𝕜 inst✝))
          (@NormedAddCommGroup.toSeminormedAddCommGroup E inst✝¹)
          (@InnerProductSpace.toNormedSpace 𝕜 E inst✝ (@NormedAddCommGroup.toSeminormedAddCommGroup E inst✝¹) inst✝²)))
      i) :
  @Eq Real
    (@DFunLike.coe (@Finsupp Nat Real Real.instZero) Nat (fun x => Real) (@Finsupp.instFunLike Nat Real Real.instZero)
      (@LinearMap.singularValues 𝕜 inst✝ E inst✝¹ inst✝² inst✝⁵ F inst✝³ inst✝⁴ inst✝⁶ T) i)
    (@OfNat.ofNat Real (nat_lit 0) (@Zero.toOfNat0 Real Real.instZero))
Matrix.toEuclideanCLM.{u_1, u_3} {𝕜 : Type u_1} {n : Type u_3} [RCLike 𝕜] [Fintype n] [DecidableEq n] :
  @StarAlgEquiv 𝕜 (Matrix n n 𝕜)
    (@ContinuousLinearMap 𝕜 𝕜
      (@DivisionSemiring.toSemiring 𝕜
        (@Semifield.toDivisionSemiring 𝕜
          (@Field.toSemifield 𝕜
            (@NormedField.toField 𝕜 (@DenselyNormedField.toNormedField 𝕜 (@RCLike.toDenselyNormedField 𝕜 inst✝))))))
      (@DivisionSemiring.toSemiring 𝕜
        (@Semifield.toDivisionSemiring 𝕜
          (@Field.toSemifield 𝕜
            (@NormedField.toField 𝕜 (@DenselyNormedField.toNormedField 𝕜 (@RCLike.toDenselyNormedField 𝕜 inst✝))))))
      (@RingHom.id 𝕜
        (@Semiring.toNonAssocSemiring 𝕜
          (@DivisionSemiring.toSemiring 𝕜
            (@Semifield.toDivisionSemiring 𝕜
              (@Field.toSemifield 𝕜
                (@NormedField.toField 𝕜
                  (@DenselyNormedField.toNormedField 𝕜 (@RCLike.toDenselyNormedField 𝕜 inst✝))))))))
      (EuclideanSpace 𝕜 n)
      (@PiLp.topologicalSpace
        (@OfNat.ofNat ENNReal (nat_lit 2)
          (@instOfNatAtLeastTwo ENNReal (nat_lit 2)
            (@AddMonoidWithOne.toNatCast ENNReal
              (@AddCommMonoidWithOne.toAddMonoidWithOne ENNReal ENNReal.instAddCommMonoidWithOne))
            PiLp.innerProductSpace._proof_1))
        n (fun x => 𝕜) fun i =>
        @UniformSpace.toTopologicalSpace 𝕜
          (@PseudoMetricSpace.toUniformSpace 𝕜
            (@SeminormedRing.toPseudoMetricSpace 𝕜
              (@SeminormedCommRing.toSeminormedRing 𝕜
                (@NormedCommRing.toSeminormedCommRing 𝕜
                  (@NormedField.toNormedCommRing 𝕜
                    (@DenselyNormedField.toNormedField 𝕜 (@RCLike.toDenselyNormedField 𝕜 inst✝))))))))
      (@AddCommGroup.toAddCommMonoid (EuclideanSpace 𝕜 n)
        (@WithLp.instAddCommGroup
          (@OfNat.ofNat ENNReal (nat_lit 2)
            (@instOfNatAtLeastTwo ENNReal (nat_lit 2)
              (@AddMonoidWithOne.toNatCast ENNReal
                (@AddCommMonoidWithOne.toAddMonoidWithOne ENNReal ENNReal.instAddCommMonoidWithOne))
              PiLp.innerProductSpace._proof_1))
          ((i : n) → (fun x => 𝕜) i)
          (@Pi.addCommGroup n (fun x => 𝕜) fun i =>
            @Ring.toAddCommGroup 𝕜
              (@DivisionRing.toRing 𝕜
                (@Field.toDivisionRing 𝕜
                  (@NormedField.toField 𝕜
                    (@DenselyNormedField.toNormedField 𝕜 (@RCLike.toDenselyNormedField 𝕜 inst✝))))))))
      (EuclideanSpace 𝕜 n)
      (@PiLp.topologicalSpace
        (@OfNat.ofNat ENNReal (nat_lit 2)
          (@instOfNatAtLeastTwo ENNReal (nat_lit 2)
            (@AddMonoidWithOne.toNatCast ENNReal
              (@AddCommMonoidWithOne.toAddMonoidWithOne ENNReal ENNReal.instAddCommMonoidWithOne))
            PiLp.innerProductSpace._proof_1))
        n (fun x => 𝕜) fun i =>
        @UniformSpace.toTopologicalSpace 𝕜
          (@PseudoMetricSpace.toUniformSpace 𝕜
            (@SeminormedRing.toPseudoMetricSpace 𝕜
              (@SeminormedCommRing.toSeminormedRing 𝕜
                (@NormedCommRing.toSeminormedCommRing 𝕜
                  (@NormedField.toNormedCommRing 𝕜
                    (@DenselyNormedField.toNormedField 𝕜 (@RCLike.toDenselyNormedField 𝕜 inst✝))))))))
      (@AddCommGroup.toAddCommMonoid (EuclideanSpace 𝕜 n)
        (@WithLp.instAddCommGroup
          (@OfNat.ofNat ENNReal (nat_lit 2)
            (@instOfNatAtLeastTwo ENNReal (nat_lit 2)
              (@AddMonoidWithOne.toNatCast ENNReal
                (@AddCommMonoidWithOne.toAddMonoidWithOne ENNReal ENNReal.instAddCommMonoidWithOne))
              PiLp.innerProductSpace._proof_1))
          ((i : n) → (fun x => 𝕜) i)
          (@Pi.addCommGroup n (fun x => 𝕜) fun i =>
            @Ring.toAddCommGroup 𝕜
              (@DivisionRing.toRing 𝕜
                (@Field.toDivisionRing 𝕜
                  (@NormedField.toField 𝕜
                    (@DenselyNormedField.toNormedField 𝕜 (@RCLike.toDenselyNormedField 𝕜 inst✝))))))))
      (@WithLp.instModule
        (@OfNat.ofNat ENNReal (nat_lit 2)
          (@instOfNatAtLeastTwo ENNReal (nat_lit 2)
            (@AddMonoidWithOne.toNatCast ENNReal
              (@AddCommMonoidWithOne.toAddMonoidWithOne ENNReal ENNReal.instAddCommMonoidWithOne))
            PiLp.innerProductSpace._proof_1))
        𝕜 ((i : n) → (fun x => 𝕜) i)
        (@DivisionSemiring.toSemiring 𝕜
          (@Semifield.toDivisionSemiring 𝕜
            (@Field.toSemifield 𝕜
              (@NormedField.toField 𝕜 (@DenselyNormedField.toNormedField 𝕜 (@RCLike.toDenselyNormedField 𝕜 inst✝))))))
        (@Pi.addCommGroup n (fun x => 𝕜) fun i =>
          @Ring.toAddCommGroup 𝕜
            (@DivisionRing.toRing 𝕜
              (@Field.toDivisionRing 𝕜
                (@NormedField.toField 𝕜 (@DenselyNormedField.toNormedField 𝕜 (@RCLike.toDenselyNormedField 𝕜 inst✝))))))
        (@Pi.Function.module n 𝕜 𝕜
          (@DivisionSemiring.toSemiring 𝕜
            (@Semifield.toDivisionSemiring 𝕜
              (@Field.toSemifield 𝕜
                (@NormedField.toField 𝕜 (@DenselyNormedField.toNormedField 𝕜 (@RCLike.toDenselyNormedField 𝕜 inst✝))))))
          (@Semiring.toAddCommMonoid 𝕜
            (@Ring.toSemiring 𝕜
              (@DivisionRing.toRing 𝕜
                (@Field.toDivisionRing 𝕜
                  (@NormedField.toField 𝕜
                    (@DenselyNormedField.toNormedField 𝕜 (@RCLike.toDenselyNormedField 𝕜 inst✝)))))))
          (@Semiring.toModule 𝕜
            (@DivisionSemiring.toSemiring 𝕜
              (@Semifield.toDivisionSemiring 𝕜
                (@Field.toSemifield 𝕜
                  (@NormedField.toField 𝕜
                    (@DenselyNormedField.toNormedField 𝕜 (@RCLike.toDenselyNormedField 𝕜 inst✝)))))))))
      (@WithLp.instModule
        (@OfNat.ofNat ENNReal (nat_lit 2)
          (@instOfNatAtLeastTwo ENNReal (nat_lit 2)
            (@AddMonoidWithOne.toNatCast ENNReal
              (@AddCommMonoidWithOne.toAddMonoidWithOne ENNReal ENNReal.instAddCommMonoidWithOne))
            PiLp.innerProductSpace._proof_1))
        𝕜 ((i : n) → (fun x => 𝕜) i)
        (@DivisionSemiring.toSemiring 𝕜
          (@Semifield.toDivisionSemiring 𝕜
            (@Field.toSemifield 𝕜
              (@NormedField.toField 𝕜 (@DenselyNormedField.toNormedField 𝕜 (@RCLike.toDenselyNormedField 𝕜 inst✝))))))
        (@Pi.addCommGroup n (fun x => 𝕜) fun i =>
          @Ring.toAddCommGroup 𝕜
            (@DivisionRing.toRing 𝕜
              (@Field.toDivisionRing 𝕜
                (@NormedField.toField 𝕜 (@DenselyNormedField.toNormedField 𝕜 (@RCLike.toDenselyNormedField 𝕜 inst✝))))))
        (@Pi.Function.module n 𝕜 𝕜
          (@DivisionSemiring.toSemiring 𝕜
            (@Semifield.toDivisionSemiring 𝕜
              (@Field.toSemifield 𝕜
                (@NormedField.toField 𝕜 (@DenselyNormedField.toNormedField 𝕜 (@RCLike.toDenselyNormedField 𝕜 inst✝))))))
          (@Semiring.toAddCommMonoid 𝕜
            (@Ring.toSemiring 𝕜
              (@DivisionRing.toRing 𝕜
                (@Field.toDivisionRing 𝕜
                  (@NormedField.toField 𝕜
                    (@DenselyNormedField.toNormedField 𝕜 (@RCLike.toDenselyNormedField 𝕜 inst✝)))))))
          (@Semiring.toModule 𝕜
            (@DivisionSemiring.toSemiring 𝕜
              (@Semifield.toDivisionSemiring 𝕜
                (@Field.toSemifield 𝕜
                  (@NormedField.toField 𝕜
                    (@DenselyNormedField.toNormedField 𝕜 (@RCLike.toDenselyNormedField 𝕜 inst✝))))))))))
    (@Matrix.add n n 𝕜
      (@Distrib.toAdd 𝕜
        (@instDistribOfSemiring 𝕜
          (@DivisionSemiring.toSemiring 𝕜
            (@Semifield.toDivisionSemiring 𝕜
              (@Field.toSemifield 𝕜
                (@NormedField.toField 𝕜
                  (@DenselyNormedField.toNormedField 𝕜 (@RCLike.toDenselyNormedField 𝕜 inst✝)))))))))
    (@ContinuousLinearMap.add 𝕜 𝕜
      (@DivisionSemiring.toSemiring 𝕜
        (@Semifield.toDivisionSemiring 𝕜
          (@Field.toSemifield 𝕜
            (@NormedField.toField 𝕜 (@DenselyNormedField.toNormedField 𝕜 (@RCLike.toDenselyNormedField 𝕜 inst✝))))))
      (@DivisionSemiring.toSemiring 𝕜
        (@Semifield.toDivisionSemiring 𝕜
          (@Field.toSemifield 𝕜
            (@NormedField.toField 𝕜 (@DenselyNormedField.toNormedField 𝕜 (@RCLike.toDenselyNormedField 𝕜 inst✝))))))
      (@RingHom.id 𝕜
        (@Semiring.toNonAssocSemiring 𝕜
          (@DivisionSemiring.toSemiring 𝕜
            (@Semifield.toDivisionSemiring 𝕜
              (@Field.toSemifield 𝕜
                (@NormedField.toField 𝕜
                  (@DenselyNormedField.toNormedField 𝕜 (@RCLike.toDenselyNormedField 𝕜 inst✝))))))))
      (EuclideanSpace 𝕜 n)
      (@PiLp.topologicalSpace
        (@OfNat.ofNat ENNReal (nat_lit 2)
          (@instOfNatAtLeastTwo ENNReal (nat_lit 2)
            (@AddMonoidWithOne.toNatCast ENNReal
              (@AddCommMonoidWithOne.toAddMonoidWithOne ENNReal ENNReal.instAddCommMonoidWithOne))
            PiLp.innerProductSpace._proof_1))
        n (fun x => 𝕜) fun i =>
        @UniformSpace.toTopologicalSpace 𝕜
          (@PseudoMetricSpace.toUniformSpace 𝕜
            (@SeminormedRing.toPseudoMetricSpace 𝕜
              (@SeminormedCommRing.toSeminormedRing 𝕜
                (@NormedCommRing.toSeminormedCommRing 𝕜
                  (@NormedField.toNormedCommRing 𝕜
                    (@DenselyNormedField.toNormedField 𝕜 (@RCLike.toDenselyNormedField 𝕜 inst✝))))))))
      (@AddCommGroup.toAddCommMonoid (EuclideanSpace 𝕜 n)
        (@WithLp.instAddCommGroup
          (@OfNat.ofNat ENNReal (nat_lit 2)
            (@instOfNatAtLeastTwo ENNReal (nat_lit 2)
              (@AddMonoidWithOne.toNatCast ENNReal
                (@AddCommMonoidWithOne.toAddMonoidWithOne ENNReal ENNReal.instAddCommMonoidWithOne))
              PiLp.innerProductSpace._proof_1))
          ((i : n) → (fun x => 𝕜) i)
          (@Pi.addCommGroup n (fun x => 𝕜) fun i =>
            @Ring.toAddCommGroup 𝕜
              (@DivisionRing.toRing 𝕜
                (@Field.toDivisionRing 𝕜
                  (@NormedField.toField 𝕜
                    (@DenselyNormedField.toNormedField 𝕜 (@RCLike.toDenselyNormedField 𝕜 inst✝))))))))
      (EuclideanSpace 𝕜 n)
      (@PiLp.topologicalSpace
        (@OfNat.ofNat ENNReal (nat_lit 2)
          (@instOfNatAtLeastTwo ENNReal (nat_lit 2)
            (@AddMonoidWithOne.toNatCast ENNReal
              (@AddCommMonoidWithOne.toAddMonoidWithOne ENNReal ENNReal.instAddCommMonoidWithOne))
            PiLp.innerProductSpace._proof_1))
        n (fun x => 𝕜) fun i =>
        @UniformSpace.toTopologicalSpace 𝕜
          (@PseudoMetricSpace.toUniformSpace 𝕜
            (@SeminormedRing.toPseudoMetricSpace 𝕜
              (@SeminormedCommRing.toSeminormedRing 𝕜
                (@NormedCommRing.toSeminormedCommRing 𝕜
                  (@NormedField.toNormedCommRing 𝕜
                    (@DenselyNormedField.toNormedField 𝕜 (@RCLike.toDenselyNormedField 𝕜 inst✝))))))))
      (@AddCommGroup.toAddCommMonoid (EuclideanSpace 𝕜 n)
        (@WithLp.instAddCommGroup
          (@OfNat.ofNat ENNReal (nat_lit 2)
            (@instOfNatAtLeastTwo ENNReal (nat_lit 2)
              (@AddMonoidWithOne.toNatCast ENNReal
                (@AddCommMonoidWithOne.toAddMonoidWithOne ENNReal ENNReal.instAddCommMonoidWithOne))
              PiLp.innerProductSpace._proof_1))
          ((i : n) → (fun x => 𝕜) i)
          (@Pi.addCommGroup n (fun x => 𝕜) fun i =>
            @Ring.toAddCommGroup 𝕜
              (@DivisionRing.toRing 𝕜
                (@Field.toDivisionRing 𝕜
                  (@NormedField.toField 𝕜
                    (@DenselyNormedField.toNormedField 𝕜 (@RCLike.toDenselyNormedField 𝕜 inst✝))))))))
      (@WithLp.instModule
        (@OfNat.ofNat ENNReal (nat_lit 2)
          (@instOfNatAtLeastTwo ENNReal (nat_lit 2)
            (@AddMonoidWithOne.toNatCast ENNReal
              (@AddCommMonoidWithOne.toAddMonoidWithOne ENNReal ENNReal.instAddCommMonoidWithOne))
            PiLp.innerProductSpace._proof_1))
        𝕜 ((i : n) → (fun x => 𝕜) i)
        (@DivisionSemiring.toSemiring 𝕜
          (@Semifield.toDivisionSemiring 𝕜
            (@Field.toSemifield 𝕜
              (@NormedField.toField 𝕜 (@DenselyNormedField.toNormedField 𝕜 (@RCLike.toDenselyNormedField 𝕜 inst✝))))))
        (@Pi.addCommGroup n (fun x => 𝕜) fun i =>
          @Ring.toAddCommGroup 𝕜
            (@DivisionRing.toRing 𝕜
              (@Field.toDivisionRing 𝕜
                (@NormedField.toField 𝕜 (@DenselyNormedField.toNormedField 𝕜 (@RCLike.toDenselyNormedField 𝕜 inst✝))))))
        (@Pi.Function.module n 𝕜 𝕜
          (@DivisionSemiring.toSemiring 𝕜
            (@Semifield.toDivisionSemiring 𝕜
              (@Field.toSemifield 𝕜
                (@NormedField.toField 𝕜 (@DenselyNormedField.toNormedField 𝕜 (@RCLike.toDenselyNormedField 𝕜 inst✝))))))
          (@Semiring.toAddCommMonoid 𝕜
            (@Ring.toSemiring 𝕜
              (@DivisionRing.toRing 𝕜
                (@Field.toDivisionRing 𝕜
                  (@NormedField.toField 𝕜
                    (@DenselyNormedField.toNormedField 𝕜 (@RCLike.toDenselyNormedField 𝕜 inst✝)))))))
          (@Semiring.toModule 𝕜
            (@DivisionSemiring.toSemiring 𝕜
              (@Semifield.toDivisionSemiring 𝕜
                (@Field.toSemifield 𝕜
                  (@NormedField.toField 𝕜
                    (@DenselyNormedField.toNormedField 𝕜 (@RCLike.toDenselyNormedField 𝕜 inst✝)))))))))
      (@WithLp.instModule
        (@OfNat.ofNat ENNReal (nat_lit 2)
          (@instOfNatAtLeastTwo ENNReal (nat_lit 2)
            (@AddMonoidWithOne.toNatCast ENNReal
              (@AddCommMonoidWithOne.toAddMonoidWithOne ENNReal ENNReal.instAddCommMonoidWithOne))
            PiLp.innerProductSpace._proof_1))
        𝕜 ((i : n) → (fun x => 𝕜) i)
        (@DivisionSemiring.toSemiring 𝕜
          (@Semifield.toDivisionSemiring 𝕜
            (@Field.toSemifield 𝕜
              (@NormedField.toField 𝕜 (@DenselyNormedField.toNormedField 𝕜 (@RCLike.toDenselyNormedField 𝕜 inst✝))))))
        (@Pi.addCommGroup n (fun x => 𝕜) fun i =>
          @Ring.toAddCommGroup 𝕜
            (@DivisionRing.toRing 𝕜
              (@Field.toDivisionRing 𝕜
                (@NormedField.toField 𝕜 (@DenselyNormedField.toNormedField 𝕜 (@RCLike.toDenselyNormedField 𝕜 inst✝))))))
        (@Pi.Function.module n 𝕜 𝕜
          (@DivisionSemiring.toSemiring 𝕜
            (@Semifield.toDivisionSemiring 𝕜
              (@Field.toSemifield 𝕜
                (@NormedField.toField 𝕜 (@DenselyNormedField.toNormedField 𝕜 (@RCLike.toDenselyNormedField 𝕜 inst✝))))))
          (@Semiring.toAddCommMonoid 𝕜
            (@Ring.toSemiring 𝕜
              (@DivisionRing.toRing 𝕜
                (@Field.toDivisionRing 𝕜
                  (@NormedField.toField 𝕜
                    (@DenselyNormedField.toNormedField 𝕜 (@RCLike.toDenselyNormedField 𝕜 inst✝)))))))
          (@Semiring.toModule 𝕜
            (@DivisionSemiring.toSemiring 𝕜
              (@Semifield.toDivisionSemiring 𝕜
                (@Field.toSemifield 𝕜
                  (@NormedField.toField 𝕜
                    (@DenselyNormedField.toNormedField 𝕜 (@RCLike.toDenselyNormedField 𝕜 inst✝)))))))))
      ⋯)
    (@Matrix.instMulOfFintypeOfAddCommMonoid n 𝕜 inst✝¹
      (@Distrib.toMul 𝕜
        (@instDistribOfSemiring 𝕜
          (@DivisionSemiring.toSemiring 𝕜
            (@Semifield.toDivisionSemiring 𝕜
              (@Field.toSemifield 𝕜
                (@NormedField.toField 𝕜
                  (@DenselyNormedField.toNormedField 𝕜 (@RCLike.toDenselyNormedField 𝕜 inst✝))))))))
      (@Semiring.toAddCommMonoid 𝕜
        (@DivisionSemiring.toSemiring 𝕜
          (@Semifield.toDivisionSemiring 𝕜
            (@Field.toSemifield 𝕜
              (@NormedField.toField 𝕜 (@DenselyNormedField.toNormedField 𝕜 (@RCLike.toDenselyNormedField 𝕜 inst✝))))))))
    (@ContinuousLinearMap.instMul 𝕜
      (@DivisionSemiring.toSemiring 𝕜
        (@Semifield.toDivisionSemiring 𝕜
          (@Field.toSemifield 𝕜
            (@NormedField.toField 𝕜 (@DenselyNormedField.toNormedField 𝕜 (@RCLike.toDenselyNormedField 𝕜 inst✝))))))
      (EuclideanSpace 𝕜 n)
      (@PiLp.topologicalSpace
        (@OfNat.ofNat ENNReal (nat_lit 2)
          (@instOfNatAtLeastTwo ENNReal (nat_lit 2)
            (@AddMonoidWithOne.toNatCast ENNReal
              (@AddCommMonoidWithOne.toAddMonoidWithOne ENNReal ENNReal.instAddCommMonoidWithOne))
            PiLp.innerProductSpace._proof_1))
        n (fun x => 𝕜) fun i =>
        @UniformSpace.toTopologicalSpace 𝕜
          (@PseudoMetricSpace.toUniformSpace 𝕜
            (@SeminormedRing.toPseudoMetricSpace 𝕜
              (@SeminormedCommRing.toSeminormedRing 𝕜
                (@NormedCommRing.toSeminormedCommRing 𝕜
                  (@NormedField.toNormedCommRing 𝕜
                    (@DenselyNormedField.toNormedField 𝕜 (@RCLike.toDenselyNormedField 𝕜 inst✝))))))))
      (@AddCommGroup.toAddCommMonoid (EuclideanSpace 𝕜 n)
        (@WithLp.instAddCommGroup
          (@OfNat.ofNat ENNReal (nat_lit 2)
            (@instOfNatAtLeastTwo ENNReal (nat_lit 2)
              (@AddMonoidWithOne.toNatCast ENNReal
                (@AddCommMonoidWithOne.toAddMonoidWithOne ENNReal ENNReal.instAddCommMonoidWithOne))
              PiLp.innerProductSpace._proof_1))
          ((i : n) → (fun x => 𝕜) i)
          (@Pi.addCommGroup n (fun x => 𝕜) fun i =>
            @Ring.toAddCommGroup 𝕜
              (@DivisionRing.toRing 𝕜
                (@Field.toDivisionRing 𝕜
                  (@NormedField.toField 𝕜
                    (@DenselyNormedField.toNormedField 𝕜 (@RCLike.toDenselyNormedField 𝕜 inst✝))))))))
      (@WithLp.instModule
        (@OfNat.ofNat ENNReal (nat_lit 2)
          (@instOfNatAtLeastTwo ENNReal (nat_lit 2)
            (@AddMonoidWithOne.toNatCast ENNReal
              (@AddCommMonoidWithOne.toAddMonoidWithOne ENNReal ENNReal.instAddCommMonoidWithOne))
            PiLp.innerProductSpace._proof_1))
        𝕜 ((i : n) → (fun x => 𝕜) i)
        (@DivisionSemiring.toSemiring 𝕜
          (@Semifield.toDivisionSemiring 𝕜
            (@Field.toSemifield 𝕜
              (@NormedField.toField 𝕜 (@DenselyNormedField.toNormedField 𝕜 (@RCLike.toDenselyNormedField 𝕜 inst✝))))))
        (@Pi.addCommGroup n (fun x => 𝕜) fun i =>
          @Ring.toAddCommGroup 𝕜
            (@DivisionRing.toRing 𝕜
              (@Field.toDivisionRing 𝕜
                (@NormedField.toField 𝕜 (@DenselyNormedField.toNormedField 𝕜 (@RCLike.toDenselyNormedField 𝕜 inst✝))))))
        (@Pi.Function.module n 𝕜 𝕜
          (@DivisionSemiring.toSemiring 𝕜
            (@Semifield.toDivisionSemiring 𝕜
              (@Field.toSemifield 𝕜
                (@NormedField.toField 𝕜 (@DenselyNormedField.toNormedField 𝕜 (@RCLike.toDenselyNormedField 𝕜 inst✝))))))
          (@Semiring.toAddCommMonoid 𝕜
            (@Ring.toSemiring 𝕜
              (@DivisionRing.toRing 𝕜
                (@Field.toDivisionRing 𝕜
                  (@NormedField.toField 𝕜
                    (@DenselyNormedField.toNormedField 𝕜 (@RCLike.toDenselyNormedField 𝕜 inst✝)))))))
          (@Semiring.toModule 𝕜
            (@DivisionSemiring.toSemiring 𝕜
              (@Semifield.toDivisionSemiring 𝕜
                (@Field.toSemifield 𝕜
                  (@NormedField.toField 𝕜
                    (@DenselyNormedField.toNormedField 𝕜 (@RCLike.toDenselyNormedField 𝕜 inst✝))))))))))
    (@Matrix.smul n n 𝕜 𝕜
      (@instSMulOfMul 𝕜
        (@Distrib.toMul 𝕜
          (@instDistribOfSemiring 𝕜
            (@DivisionSemiring.toSemiring 𝕜
              (@Semifield.toDivisionSemiring 𝕜
                (@Field.toSemifield 𝕜
                  (@NormedField.toField 𝕜
                    (@DenselyNormedField.toNormedField 𝕜 (@RCLike.toDenselyNormedField 𝕜 inst✝))))))))))
    (@ContinuousLinearMap.instSMul 𝕜 𝕜
      (@DivisionSemiring.toSemiring 𝕜
        (@Semifield.toDivisionSemiring 𝕜
          (@Field.toSemifield 𝕜
            (@NormedField.toField 𝕜 (@DenselyNormedField.toNormedField 𝕜 (@RCLike.toDenselyNormedField 𝕜 inst✝))))))
      (@DivisionSemiring.toSemiring 𝕜
        (@Semifield.toDivisionSemiring 𝕜
          (@Field.toSemifield 𝕜
            (@NormedField.toField 𝕜 (@DenselyNormedField.toNormedField 𝕜 (@RCLike.toDenselyNormedField 𝕜 inst✝))))))
      (@RingHom.id 𝕜
        (@Semiring.toNonAssocSemiring 𝕜
          (@DivisionSemiring.toSemiring 𝕜
            (@Semifield.toDivisionSemiring 𝕜
              (@Field.toSemifield 𝕜
                (@NormedField.toField 𝕜
                  (@DenselyNormedField.toNormedField 𝕜 (@RCLike.toDenselyNormedField 𝕜 inst✝))))))))
      (EuclideanSpace 𝕜 n)
      (@PiLp.topologicalSpace
        (@OfNat.ofNat ENNReal (nat_lit 2)
          (@instOfNatAtLeastTwo ENNReal (nat_lit 2)
            (@AddMonoidWithOne.toNatCast ENNReal
              (@AddCommMonoidWithOne.toAddMonoidWithOne ENNReal ENNReal.instAddCommMonoidWithOne))
            PiLp.innerProductSpace._proof_1))
        n (fun x => 𝕜) fun i =>
        @UniformSpace.toTopologicalSpace 𝕜
          (@PseudoMetricSpace.toUniformSpace 𝕜
            (@SeminormedRing.toPseudoMetricSpace 𝕜
              (@SeminormedCommRing.toSeminormedRing 𝕜
                (@NormedCommRing.toSeminormedCommRing 𝕜
                  (@NormedField.toNormedCommRing 𝕜
                    (@DenselyNormedField.toNormedField 𝕜 (@RCLike.toDenselyNormedField 𝕜 inst✝))))))))
      (@AddCommGroup.toAddCommMonoid (EuclideanSpace 𝕜 n)
        (@WithLp.instAddCommGroup
          (@OfNat.ofNat ENNReal (nat_lit 2)
            (@instOfNatAtLeastTwo ENNReal (nat_lit 2)
              (@AddMonoidWithOne.toNatCast ENNReal
                (@AddCommMonoidWithOne.toAddMonoidWithOne ENNReal ENNReal.instAddCommMonoidWithOne))
              PiLp.innerProductSpace._proof_1))
          ((i : n) → (fun x => 𝕜) i)
          (@Pi.addCommGroup n (fun x => 𝕜) fun i =>
            @Ring.toAddCommGroup 𝕜
              (@DivisionRing.toRing 𝕜
                (@Field.toDivisionRing 𝕜
                  (@NormedField.toField 𝕜
                    (@DenselyNormedField.toNormedField 𝕜 (@RCLike.toDenselyNormedField 𝕜 inst✝))))))))
      (EuclideanSpace 𝕜 n)
      (@PiLp.topologicalSpace
        (@OfNat.ofNat ENNReal (nat_lit 2)
          (@instOfNatAtLeastTwo ENNReal (nat_lit 2)
            (@AddMonoidWithOne.toNatCast ENNReal
              (@AddCommMonoidWithOne.toAddMonoidWithOne ENNReal ENNReal.instAddCommMonoidWithOne))
            PiLp.innerProductSpace._proof_1))
        n (fun x => 𝕜) fun i =>
        @UniformSpace.toTopologicalSpace 𝕜
          (@PseudoMetricSpace.toUniformSpace 𝕜
            (@SeminormedRing.toPseudoMetricSpace 𝕜
              (@SeminormedCommRing.toSeminormedRing 𝕜
                (@NormedCommRing.toSeminormedCommRing 𝕜
                  (@NormedField.toNormedCommRing 𝕜
                    (@DenselyNormedField.toNormedField 𝕜 (@RCLike.toDenselyNormedField 𝕜 inst✝))))))))
      (@AddCommGroup.toAddCommMonoid (EuclideanSpace 𝕜 n)
        (@WithLp.instAddCommGroup
          (@OfNat.ofNat ENNReal (nat_lit 2)
            (@instOfNatAtLeastTwo ENNReal (nat_lit 2)
              (@AddMonoidWithOne.toNatCast ENNReal
                (@AddCommMonoidWithOne.toAddMonoidWithOne ENNReal ENNReal.instAddCommMonoidWithOne))
              PiLp.innerProductSpace._proof_1))
          ((i : n) → (fun x => 𝕜) i)
          (@Pi.addCommGroup n (fun x => 𝕜) fun i =>
            @Ring.toAddCommGroup 𝕜
              (@DivisionRing.toRing 𝕜
                (@Field.toDivisionRing 𝕜
                  (@NormedField.toField 𝕜
                    (@DenselyNormedField.toNormedField 𝕜 (@RCLike.toDenselyNormedField 𝕜 inst✝))))))))
      (@WithLp.instModule
        (@OfNat.ofNat ENNReal (nat_lit 2)
          (@instOfNatAtLeastTwo ENNReal (nat_lit 2)
            (@AddMonoidWithOne.toNatCast ENNReal
              (@AddCommMonoidWithOne.toAddMonoidWithOne ENNReal ENNReal.instAddCommMonoidWithOne))
            PiLp.innerProductSpace._proof_1))
        𝕜 ((i : n) → (fun x => 𝕜) i)
        (@DivisionSemiring.toSemiring 𝕜
          (@Semifield.toDivisionSemiring 𝕜
            (@Field.toSemifield 𝕜
              (@NormedField.toField 𝕜 (@DenselyNormedField.toNormedField 𝕜 (@RCLike.toDenselyNormedField 𝕜 inst✝))))))
        (@Pi.addCommGroup n (fun x => 𝕜) fun i =>
          @Ring.toAddCommGroup 𝕜
            (@DivisionRing.toRing 𝕜
              (@Field.toDivisionRing 𝕜
                (@NormedField.toField 𝕜 (@DenselyNormedField.toNormedField 𝕜 (@RCLike.toDenselyNormedField 𝕜 inst✝))))))
        (@Pi.Function.module n 𝕜 𝕜
          (@DivisionSemiring.toSemiring 𝕜
            (@Semifield.toDivisionSemiring 𝕜
              (@Field.toSemifield 𝕜
                (@NormedField.toField 𝕜 (@DenselyNormedField.toNormedField 𝕜 (@RCLike.toDenselyNormedField 𝕜 inst✝))))))
          (@Semiring.toAddCommMonoid 𝕜
            (@Ring.toSemiring 𝕜
              (@DivisionRing.toRing 𝕜
                (@Field.toDivisionRing 𝕜
                  (@NormedField.toField 𝕜
                    (@DenselyNormedField.toNormedField 𝕜 (@RCLike.toDenselyNormedField 𝕜 inst✝)))))))
          (@Semiring.toModule 𝕜
            (@DivisionSemiring.toSemiring 𝕜
              (@Semifield.toDivisionSemiring 𝕜
                (@Field.toSemifield 𝕜
                  (@NormedField.toField 𝕜
                    (@DenselyNormedField.toNormedField 𝕜 (@RCLike.toDenselyNormedField 𝕜 inst✝)))))))))
      (@WithLp.instModule
        (@OfNat.ofNat ENNReal (nat_lit 2)
          (@instOfNatAtLeastTwo ENNReal (nat_lit 2)
            (@AddMonoidWithOne.toNatCast ENNReal
              (@AddCommMonoidWithOne.toAddMonoidWithOne ENNReal ENNReal.instAddCommMonoidWithOne))
            PiLp.innerProductSpace._proof_1))
        𝕜 ((i : n) → (fun x => 𝕜) i)
        (@DivisionSemiring.toSemiring 𝕜
          (@Semifield.toDivisionSemiring 𝕜
            (@Field.toSemifield 𝕜
              (@NormedField.toField 𝕜 (@DenselyNormedField.toNormedField 𝕜 (@RCLike.toDenselyNormedField 𝕜 inst✝))))))
        (@Pi.addCommGroup n (fun x => 𝕜) fun i =>
          @Ring.toAddCommGroup 𝕜
            (@DivisionRing.toRing 𝕜
              (@Field.toDivisionRing 𝕜
                (@NormedField.toField 𝕜 (@DenselyNormedField.toNormedField 𝕜 (@RCLike.toDenselyNormedField 𝕜 inst✝))))))
        (@Pi.Function.module n 𝕜 𝕜
          (@DivisionSemiring.toSemiring 𝕜
            (@Semifield.toDivisionSemiring 𝕜
              (@Field.toSemifield 𝕜
                (@NormedField.toField 𝕜 (@DenselyNormedField.toNormedField 𝕜 (@RCLike.toDenselyNormedField 𝕜 inst✝))))))
          (@Semiring.toAddCommMonoid 𝕜
            (@Ring.toSemiring 𝕜
              (@DivisionRing.toRing 𝕜
                (@Field.toDivisionRing 𝕜
                  (@NormedField.toField 𝕜
                    (@DenselyNormedField.toNormedField 𝕜 (@RCLike.toDenselyNormedField 𝕜 inst✝)))))))
          (@Semiring.toModule 𝕜
            (@DivisionSemiring.toSemiring 𝕜
              (@Semifield.toDivisionSemiring 𝕜
                (@Field.toSemifield 𝕜
                  (@NormedField.toField 𝕜
                    (@DenselyNormedField.toNormedField 𝕜 (@RCLike.toDenselyNormedField 𝕜 inst✝)))))))))
      𝕜
      (@DistribMulAction.toDistribSMul 𝕜 (EuclideanSpace 𝕜 n)
        (@Semiring.toMonoid 𝕜
          (@DivisionSemiring.toSemiring 𝕜
            (@Semifield.toDivisionSemiring 𝕜
              (@Field.toSemifield 𝕜
                (@NormedField.toField 𝕜
                  (@DenselyNormedField.toNormedField 𝕜 (@RCLike.toDenselyNormedField 𝕜 inst✝)))))))
        (@SubNegMonoid.toAddMonoid (EuclideanSpace 𝕜 n)
          (@AddGroup.toSubNegMonoid (EuclideanSpace 𝕜 n)
            (@AddCommGroup.toAddGroup (EuclideanSpace 𝕜 n)
              (@WithLp.instAddCommGroup
                (@OfNat.ofNat ENNReal (nat_lit 2)
                  (@instOfNatAtLeastTwo ENNReal (nat_lit 2)
                    (@AddMonoidWithOne.toNatCast ENNReal
                      (@AddCommMonoidWithOne.toAddMonoidWithOne ENNReal ENNReal.instAddCommMonoidWithOne))
                    PiLp.innerProductSpace._proof_1))
                ((i : n) → (fun x => 𝕜) i)
                (@Pi.addCommGroup n (fun x => 𝕜) fun i =>
                  @Ring.toAddCommGroup 𝕜
                    (@DivisionRing.toRing 𝕜
                      (@Field.toDivisionRing 𝕜
                        (@NormedField.toField 𝕜
                          (@DenselyNormedField.toNormedField 𝕜 (@RCLike.toDenselyNormedField 𝕜 inst✝))))))))))
        (@WithLp.instDistribMulAction
          (@OfNat.ofNat ENNReal (nat_lit 2)
            (@instOfNatAtLeastTwo ENNReal (nat_lit 2)
              (@AddMonoidWithOne.toNatCast ENNReal
                (@AddCommMonoidWithOne.toAddMonoidWithOne ENNReal ENNReal.instAddCommMonoidWithOne))
              PiLp.innerProductSpace._proof_1))
          𝕜 ((i : n) → (fun x => 𝕜) i)
          (@Semiring.toMonoid 𝕜
            (@DivisionSemiring.toSemiring 𝕜
              (@Semifield.toDivisionSemiring 𝕜
                (@Field.toSemifield 𝕜
                  (@NormedField.toField 𝕜
                    (@DenselyNormedField.toNormedField 𝕜 (@RCLike.toDenselyNormedField 𝕜 inst✝)))))))
          (@Pi.addCommGroup n (fun x => 𝕜) fun i =>
            @Ring.toAddCommGroup 𝕜
              (@DivisionRing.toRing 𝕜
                (@Field.toDivisionRing 𝕜
                  (@NormedField.toField 𝕜
                    (@DenselyNormedField.toNormedField 𝕜 (@RCLike.toDenselyNormedField 𝕜 inst✝))))))
          (@Pi.distribMulAction n (fun x => 𝕜) 𝕜
            (@Semiring.toMonoid 𝕜
              (@DivisionSemiring.toSemiring 𝕜
                (@Semifield.toDivisionSemiring 𝕜
                  (@Field.toSemifield 𝕜
                    (@NormedField.toField 𝕜
                      (@DenselyNormedField.toNormedField 𝕜 (@RCLike.toDenselyNormedField 𝕜 inst✝)))))))
            (fun i =>
              @SubNegMonoid.toAddMonoid ((fun x => 𝕜) i)
                ((fun i =>
                    @AddGroup.toSubNegMonoid ((fun x => 𝕜) i)
                      ((fun i =>
                          @AddCommGroup.toAddGroup ((fun x => 𝕜) i)
                            ((fun i =>
                                @Ring.toAddCommGroup 𝕜
                                  (@DivisionRing.toRing 𝕜
                                    (@Field.toDivisionRing 𝕜
                                      (@NormedField.toField 𝕜
                                        (@DenselyNormedField.toNormedField 𝕜 (@RCLike.toDenselyNormedField 𝕜 inst✝))))))
                              i))
                        i))
                  i))
            fun i =>
            @Module.toDistribMulAction 𝕜 𝕜
              (@DivisionSemiring.toSemiring 𝕜
                (@Semifield.toDivisionSemiring 𝕜
                  (@Field.toSemifield 𝕜
                    (@NormedField.toField 𝕜
                      (@DenselyNormedField.toNormedField 𝕜 (@RCLike.toDenselyNormedField 𝕜 inst✝))))))
              (@Semiring.toAddCommMonoid 𝕜
                (@DivisionSemiring.toSemiring 𝕜
                  (@Semifield.toDivisionSemiring 𝕜
                    (@Field.toSemifield 𝕜
                      (@NormedField.toField 𝕜
                        (@DenselyNormedField.toNormedField 𝕜 (@RCLike.toDenselyNormedField 𝕜 inst✝)))))))
              (@Semiring.toModule 𝕜
                (@DivisionSemiring.toSemiring 𝕜
                  (@Semifield.toDivisionSemiring 𝕜
                    (@Field.toSemifield 𝕜
                      (@NormedField.toField 𝕜
                        (@DenselyNormedField.toNormedField 𝕜 (@RCLike.toDenselyNormedField 𝕜 inst✝))))))))))
      ⋯ ⋯)
    (@Matrix.instStar n 𝕜
      (@InvolutiveStar.toStar 𝕜
        (@StarAddMonoid.toInvolutiveStar 𝕜
          (@AddCommMonoid.toAddMonoid 𝕜
            (@NonUnitalNonAssocSemiring.toAddCommMonoid 𝕜
              (@NonUnitalNonAssocRing.toNonUnitalNonAssocSemiring 𝕜
                (@NonUnitalNonAssocCommRing.toNonUnitalNonAssocRing 𝕜
                  (@NonUnitalCommRing.toNonUnitalNonAssocCommRing 𝕜
                    (@CommRing.toNonUnitalCommRing 𝕜
                      (@Field.toCommRing 𝕜
                        (@NormedField.toField 𝕜
                          (@DenselyNormedField.toNormedField 𝕜 (@RCLike.toDenselyNormedField 𝕜 inst✝))))))))))
          (@StarRing.toStarAddMonoid 𝕜
            (@NonUnitalNonAssocRing.toNonUnitalNonAssocSemiring 𝕜
              (@NonUnitalNonAssocCommRing.toNonUnitalNonAssocRing 𝕜
                (@NonUnitalCommRing.toNonUnitalNonAssocCommRing 𝕜
                  (@CommRing.toNonUnitalCommRing 𝕜
                    (@Field.toCommRing 𝕜
                      (@NormedField.toField 𝕜
                        (@DenselyNormedField.toNormedField 𝕜 (@RCLike.toDenselyNormedField 𝕜 inst✝))))))))
            (@RCLike.toStarRing 𝕜 inst✝)))))
    (@ContinuousLinearMap.instStarId 𝕜 (EuclideanSpace 𝕜 n) inst✝
      (@PiLp.normedAddCommGroup
        (@OfNat.ofNat ENNReal (nat_lit 2)
          (@instOfNatAtLeastTwo ENNReal (nat_lit 2)
            (@AddMonoidWithOne.toNatCast ENNReal
              (@AddCommMonoidWithOne.toAddMonoidWithOne ENNReal ENNReal.instAddCommMonoidWithOne))
            PiLp.innerProductSpace._proof_1))
        n (fun x => 𝕜) fact_one_le_two_ennreal inst✝¹ fun i =>
        @NonUnitalNormedRing.toNormedAddCommGroup 𝕜
          (@NonUnitalNormedCommRing.toNonUnitalNormedRing 𝕜
            (@NormedCommRing.toNonUnitalNormedCommRing 𝕜
              (@NormedField.toNormedCommRing 𝕜
                (@DenselyNormedField.toNormedField 𝕜 (@RCLike.toDenselyNormedField 𝕜 inst✝))))))
      (@PiLp.innerProductSpace 𝕜 inst✝ n inst✝¹ (fun x => 𝕜)
        (fun i =>
          @NonUnitalNormedRing.toNormedAddCommGroup 𝕜
            (@NonUnitalNormedCommRing.toNonUnitalNormedRing 𝕜
              (@NormedCommRing.toNonUnitalNormedCommRing 𝕜
                (@NormedField.toNormedCommRing 𝕜
                  (@DenselyNormedField.toNormedField 𝕜 (@RCLike.toDenselyNormedField 𝕜 inst✝))))))
        fun i => @RCLike.innerProductSpace 𝕜 inst✝)
      ⋯)
