CONTRACT_TYPE_DIRECT NLA.KE04.real_matrix_semantics: [Nat,
 NLA.KE04.Mat,
 NLA.KE04.Rect,
 And,
 Iff,
 Matrix.IsHermitian,
 Real,
 Fin,
 InvolutiveStar.toStar,
 StarAddMonoid.toInvolutiveStar,
 AddCommMonoid.toAddMonoid,
 NonUnitalNonAssocSemiring.toAddCommMonoid,
 NonUnitalNonAssocRing.toNonUnitalNonAssocSemiring,
 NonUnitalNonAssocCommRing.toNonUnitalNonAssocRing,
 NonUnitalCommRing.toNonUnitalNonAssocCommRing,
 CommRing.toNonUnitalCommRing,
 Real.commRing,
 StarRing.toStarAddMonoid,
 instStarRingReal,
 Eq,
 Matrix,
 Matrix.transpose,
 NLA.KE04.Vec,
 WithLp.ofLp,
 OfNat.ofNat,
 ENNReal,
 instOfNatAtLeastTwo,
 AddMonoidWithOne.toNatCast,
 AddCommMonoidWithOne.toAddMonoidWithOne,
 ENNReal.instAddCommMonoidWithOne,
 PiLp.innerProductSpace._proof_1,
 DFunLike.coe,
 LinearMap,
 Real.semiring,
 RingHom.id,
 Semiring.toNonAssocSemiring,
 AddCommGroup.toAddCommMonoid,
 WithLp.instAddCommGroup,
 Pi.addCommGroup,
 Real.instAddCommGroup,
 WithLp.instModule,
 Pi.Function.module,
 Semiring.toAddCommMonoid,
 Ring.toSemiring,
 Real.instRing,
 Semiring.toModule,
 LinearMap.instFunLike,
 NLA.KE04.act,
 Finset.sum,
 Real.instAddCommMonoid,
 Finset.univ,
 Fin.fintype,
 HMul.hMul,
 instHMul,
 Real.instMul,
 Matrix.instHMulOfFintypeOfMulOfAddCommMonoid,
 One.toOfNat1,
 Matrix.one,
 instDecidableEqFin,
 Real.instZero,
 Real.instOne,
 Orthonormal,
 Real.instRCLike,
 PiLp.seminormedAddCommGroup,
 fact_one_le_two_ennreal,
 NonUnitalSeminormedRing.toSeminormedAddCommGroup,
 NonUnitalSeminormedCommRing.toNonUnitalSeminormedRing,
 SeminormedCommRing.toNonUnitalSeminormedCommRing,
 NormedCommRing.toSeminormedCommRing,
 Real.normedCommRing,
 PiLp.innerProductSpace,
 Real.normedAddCommGroup,
 RCLike.toInnerProductSpaceReal,
 NLA.KE04.column]
CONTRACT_ADMITTED NLA.KE04.real_matrix_semantics: [propext, sorryAx, Classical.choice, Quot.sound]
CONTRACT_TYPE_DIRECT NLA.KE04.krylov_range_semantics: [Nat,
 NLA.KE04.Mat,
 NLA.KE04.Rect,
 And,
 Eq,
 Submodule,
 Real,
 NLA.KE04.Vec,
 Real.semiring,
 AddCommGroup.toAddCommMonoid,
 WithLp.instAddCommGroup,
 OfNat.ofNat,
 ENNReal,
 instOfNatAtLeastTwo,
 AddMonoidWithOne.toNatCast,
 AddCommMonoidWithOne.toAddMonoidWithOne,
 ENNReal.instAddCommMonoidWithOne,
 PiLp.innerProductSpace._proof_1,
 Fin,
 Pi.addCommGroup,
 Real.instAddCommGroup,
 WithLp.instModule,
 Pi.Function.module,
 Semiring.toAddCommMonoid,
 Ring.toSemiring,
 Real.instRing,
 Semiring.toModule,
 NLA.KE04.krylov,
 LinearMap.range,
 Prod,
 Pi.addCommMonoid,
 Real.instAddCommMonoid,
 RingHom.id,
 Semiring.toNonAssocSemiring,
 RingHomSurjective.ids,
 NLA.KE04.krylovCombination,
 Iff,
 Membership.mem,
 SetLike.instMembership,
 Submodule.setLike,
 Exists,
 Finset.sum,
 Finset.univ,
 instFintypeProd,
 Fin.fintype,
 HSMul.hSMul,
 instHSMul,
 WithLp.instSMul,
 Function.hasSMul,
 instSMulOfMul,
 Real.instMul,
 NLA.KE04.column,
 HMul.hMul,
 Matrix,
 Matrix.instHMulOfFintypeOfMulOfAddCommMonoid,
 HPow.hPow,
 instHPow,
 NPow.toPow,
 Monoid.toNPow,
 Semiring.toMonoid,
 Matrix.semiring,
 instDecidableEqFin,
 Fin.val,
 Prod.fst,
 Prod.snd,
 LE.le,
 instLENat,
 Module.finrank,
 Subtype,
 Submodule.addCommMonoid,
 Submodule.module,
 instHMul,
 instMulNat]
CONTRACT_ADMITTED NLA.KE04.krylov_range_semantics: [propext, sorryAx, Classical.choice, Quot.sound]
CONTRACT_TYPE_DIRECT NLA.KE04.krylov_nesting_and_shift: [Nat,
 NLA.KE04.Mat,
 NLA.KE04.Rect,
 And,
 Eq,
 Submodule,
 Real,
 NLA.KE04.Vec,
 Real.semiring,
 AddCommGroup.toAddCommMonoid,
 WithLp.instAddCommGroup,
 OfNat.ofNat,
 ENNReal,
 instOfNatAtLeastTwo,
 AddMonoidWithOne.toNatCast,
 AddCommMonoidWithOne.toAddMonoidWithOne,
 ENNReal.instAddCommMonoidWithOne,
 PiLp.innerProductSpace._proof_1,
 Fin,
 Pi.addCommGroup,
 Real.instAddCommGroup,
 WithLp.instModule,
 Pi.Function.module,
 Semiring.toAddCommMonoid,
 Ring.toSemiring,
 Real.instRing,
 Semiring.toModule,
 NLA.KE04.krylov,
 instOfNatNat,
 Bot.bot,
 Submodule.instBot,
 Monotone,
 Nat.instPreorder,
 PartialOrder.toPreorder,
 Submodule.instPartialOrder,
 Membership.mem,
 SetLike.instMembership,
 Submodule.setLike,
 HAdd.hAdd,
 instHAdd,
 instAddNat,
 DFunLike.coe,
 LinearMap,
 RingHom.id,
 Semiring.toNonAssocSemiring,
 LinearMap.instFunLike,
 NLA.KE04.act]
CONTRACT_ADMITTED NLA.KE04.krylov_nesting_and_shift: [propext, sorryAx, Classical.choice, Quot.sound]
CONTRACT_TYPE_DIRECT NLA.KE04.fullBlockDimension_iff_independent: [Nat,
 NLA.KE04.Mat,
 NLA.KE04.Rect,
 And,
 Iff,
 NLA.KE04.FullBlockDimension,
 LinearIndependent,
 Prod,
 Fin,
 Real,
 NLA.KE04.Vec,
 NLA.KE04.krylovColumns,
 Real.semiring,
 AddCommGroup.toAddCommMonoid,
 WithLp.instAddCommGroup,
 OfNat.ofNat,
 ENNReal,
 instOfNatAtLeastTwo,
 AddMonoidWithOne.toNatCast,
 AddCommMonoidWithOne.toAddMonoidWithOne,
 ENNReal.instAddCommMonoidWithOne,
 PiLp.innerProductSpace._proof_1,
 Pi.addCommGroup,
 Real.instAddCommGroup,
 WithLp.instModule,
 Pi.Function.module,
 Semiring.toAddCommMonoid,
 Ring.toSemiring,
 Real.instRing,
 Semiring.toModule,
 NLA.KE04.FullColumnRank,
 instOfNatNat]
CONTRACT_ADMITTED NLA.KE04.fullBlockDimension_iff_independent: [propext, sorryAx, Classical.choice, Quot.sound]
CONTRACT_TYPE_DIRECT NLA.KE04.fullBlockDimension_prefix: [Nat,
 NLA.KE04.Mat,
 NLA.KE04.Rect,
 NLA.KE04.FullBlockDimension,
 LE.le,
 instLENat,
 And,
 Function.Injective,
 Prod,
 Fin,
 Real,
 NLA.KE04.Vec,
 DFunLike.coe,
 LinearMap,
 Real.semiring,
 RingHom.id,
 Semiring.toNonAssocSemiring,
 Pi.addCommMonoid,
 Real.instAddCommMonoid,
 AddCommGroup.toAddCommMonoid,
 WithLp.instAddCommGroup,
 OfNat.ofNat,
 ENNReal,
 instOfNatAtLeastTwo,
 AddMonoidWithOne.toNatCast,
 AddCommMonoidWithOne.toAddMonoidWithOne,
 ENNReal.instAddCommMonoidWithOne,
 PiLp.innerProductSpace._proof_1,
 Pi.addCommGroup,
 Real.instAddCommGroup,
 Pi.Function.module,
 Semiring.toModule,
 WithLp.instModule,
 Semiring.toAddCommMonoid,
 Ring.toSemiring,
 Real.instRing,
 LinearMap.instFunLike,
 NLA.KE04.krylovCombination]
CONTRACT_ADMITTED NLA.KE04.fullBlockDimension_prefix: [propext, sorryAx, Classical.choice, Quot.sound]
CONTRACT_TYPE_DIRECT NLA.KE04.lastFullBlockIteration_exists: [Nat,
 LT.lt,
 instLTNat,
 OfNat.ofNat,
 instOfNatNat,
 NLA.KE04.Mat,
 NLA.KE04.Rect,
 NLA.KE04.FullColumnRank,
 Exists,
 And,
 LE.le,
 instLENat,
 NLA.KE04.LastFullBlockIteration]
CONTRACT_ADMITTED NLA.KE04.lastFullBlockIteration_exists: [propext, sorryAx, Classical.choice, Quot.sound]
CONTRACT_TYPE_DIRECT NLA.KE04.krylovBasis_exists: [Nat,
 NLA.KE04.Mat,
 NLA.KE04.Rect,
 NLA.KE04.FullBlockDimension,
 Exists,
 HMul.hMul,
 instHMul,
 instMulNat,
 NLA.KE04.IsKrylovBasis]
CONTRACT_ADMITTED NLA.KE04.krylovBasis_exists: [propext, sorryAx, Classical.choice, Quot.sound]
CONTRACT_TYPE_DIRECT NLA.KE04.frameProjection_semantics: [Nat,
 NLA.KE04.Rect,
 Eq,
 Matrix,
 Fin,
 Real,
 HMul.hMul,
 Matrix.instHMulOfFintypeOfMulOfAddCommMonoid,
 Fin.fintype,
 Real.instMul,
 Real.instAddCommMonoid,
 Matrix.transpose,
 OfNat.ofNat,
 One.toOfNat1,
 Matrix.one,
 instDecidableEqFin,
 Real.instZero,
 Real.instOne,
 And,
 Matrix.IsHermitian,
 InvolutiveStar.toStar,
 StarAddMonoid.toInvolutiveStar,
 AddCommMonoid.toAddMonoid,
 NonUnitalNonAssocSemiring.toAddCommMonoid,
 NonUnitalNonAssocRing.toNonUnitalNonAssocSemiring,
 NonUnitalNonAssocCommRing.toNonUnitalNonAssocRing,
 NonUnitalCommRing.toNonUnitalNonAssocCommRing,
 CommRing.toNonUnitalCommRing,
 Real.commRing,
 StarRing.toStarAddMonoid,
 instStarRingReal,
 NLA.KE04.frameProjection,
 NLA.KE04.Mat,
 NLA.KE04.Vec,
 Iff,
 Membership.mem,
 Submodule,
 Real.semiring,
 AddCommGroup.toAddCommMonoid,
 WithLp.instAddCommGroup,
 ENNReal,
 instOfNatAtLeastTwo,
 AddMonoidWithOne.toNatCast,
 AddCommMonoidWithOne.toAddMonoidWithOne,
 ENNReal.instAddCommMonoidWithOne,
 PiLp.innerProductSpace._proof_1,
 Pi.addCommGroup,
 Real.instAddCommGroup,
 WithLp.instModule,
 Pi.Function.module,
 Semiring.toAddCommMonoid,
 Ring.toSemiring,
 Real.instRing,
 Semiring.toModule,
 SetLike.instMembership,
 Submodule.setLike,
 NLA.KE04.columnSpace,
 DFunLike.coe,
 LinearMap,
 RingHom.id,
 Semiring.toNonAssocSemiring,
 LinearMap.instFunLike,
 NLA.KE04.act,
 Inner.inner,
 InnerProductSpace.toInner,
 Real.instRCLike,
 PiLp.seminormedAddCommGroup,
 Nat.instAtLeastTwoHAddOfNat,
 instOfNatNat,
 Nat.instNeZeroSucc,
 fact_one_le_two_ennreal,
 NormedAddCommGroup.toSeminormedAddCommGroup,
 Real.normedAddCommGroup,
 PiLp.innerProductSpace,
 RCLike.toInnerProductSpaceReal,
 HSub.hSub,
 instHSub,
 SubNegMonoid.toSub,
 AddGroup.toSubNegMonoid,
 AddCommGroup.toAddGroup,
 Zero.toOfNat0]
CONTRACT_ADMITTED NLA.KE04.frameProjection_semantics: [propext, sorryAx, Classical.choice, Quot.sound]
CONTRACT_TYPE_DIRECT NLA.KE04.compression_semantics: [Nat,
 NLA.KE04.Mat,
 Matrix.IsHermitian,
 Real,
 Fin,
 InvolutiveStar.toStar,
 StarAddMonoid.toInvolutiveStar,
 AddCommMonoid.toAddMonoid,
 NonUnitalNonAssocSemiring.toAddCommMonoid,
 NonUnitalNonAssocRing.toNonUnitalNonAssocSemiring,
 NonUnitalNonAssocCommRing.toNonUnitalNonAssocRing,
 NonUnitalCommRing.toNonUnitalNonAssocCommRing,
 CommRing.toNonUnitalCommRing,
 Real.commRing,
 StarRing.toStarAddMonoid,
 instStarRingReal,
 NLA.KE04.Rect,
 Eq,
 Matrix,
 HMul.hMul,
 Matrix.instHMulOfFintypeOfMulOfAddCommMonoid,
 Fin.fintype,
 Real.instMul,
 Real.instAddCommMonoid,
 Matrix.transpose,
 OfNat.ofNat,
 One.toOfNat1,
 Matrix.one,
 instDecidableEqFin,
 Real.instZero,
 Real.instOne,
 And,
 NLA.KE04.compression,
 NLA.KE04.Vec,
 Membership.mem,
 Submodule,
 Real.semiring,
 AddCommGroup.toAddCommMonoid,
 WithLp.instAddCommGroup,
 ENNReal,
 instOfNatAtLeastTwo,
 AddMonoidWithOne.toNatCast,
 AddCommMonoidWithOne.toAddMonoidWithOne,
 ENNReal.instAddCommMonoidWithOne,
 PiLp.innerProductSpace._proof_1,
 Pi.addCommGroup,
 Real.instAddCommGroup,
 WithLp.instModule,
 Pi.Function.module,
 Semiring.toAddCommMonoid,
 Ring.toSemiring,
 Real.instRing,
 Semiring.toModule,
 SetLike.instMembership,
 Submodule.setLike,
 NLA.KE04.columnSpace,
 DFunLike.coe,
 LinearMap,
 RingHom.id,
 Semiring.toNonAssocSemiring,
 LinearMap.instFunLike,
 NLA.KE04.act,
 NLA.KE04.frameProjection]
CONTRACT_ADMITTED NLA.KE04.compression_semantics: [propext, sorryAx, Classical.choice, Quot.sound]
CONTRACT_TYPE_DIRECT NLA.KE04.orderedSpectrum_semantics: [Nat,
 NLA.KE04.Mat,
 Matrix.IsHermitian,
 Real,
 Fin,
 InvolutiveStar.toStar,
 StarAddMonoid.toInvolutiveStar,
 AddCommMonoid.toAddMonoid,
 NonUnitalNonAssocSemiring.toAddCommMonoid,
 NonUnitalNonAssocRing.toNonUnitalNonAssocSemiring,
 NonUnitalNonAssocCommRing.toNonUnitalNonAssocRing,
 NonUnitalCommRing.toNonUnitalNonAssocCommRing,
 CommRing.toNonUnitalCommRing,
 Real.commRing,
 StarRing.toStarAddMonoid,
 instStarRingReal,
 And,
 Monotone,
 PartialOrder.toPreorder,
 Fin.instPartialOrder,
 Real.instPreorder,
 NLA.KE04.orderedEigenvalues,
 Eq,
 NLA.KE04.Vec,
 DFunLike.coe,
 LinearMap,
 Real.semiring,
 RingHom.id,
 Semiring.toNonAssocSemiring,
 AddCommGroup.toAddCommMonoid,
 WithLp.instAddCommGroup,
 OfNat.ofNat,
 ENNReal,
 instOfNatAtLeastTwo,
 AddMonoidWithOne.toNatCast,
 AddCommMonoidWithOne.toAddMonoidWithOne,
 ENNReal.instAddCommMonoidWithOne,
 PiLp.innerProductSpace._proof_1,
 Pi.addCommGroup,
 Real.instAddCommGroup,
 WithLp.instModule,
 Pi.Function.module,
 Semiring.toAddCommMonoid,
 Ring.toSemiring,
 Real.instRing,
 Semiring.toModule,
 LinearMap.instFunLike,
 NLA.KE04.act,
 OrthonormalBasis,
 Real.instRCLike,
 PiLp.normedAddCommGroup,
 fact_one_le_two_ennreal,
 Fin.fintype,
 Real.normedAddCommGroup,
 PiLp.innerProductSpace,
 RCLike.toInnerProductSpaceReal,
 OrthonormalBasis.instFunLike,
 NLA.KE04.orderedEigenbasis,
 HSMul.hSMul,
 instHSMul,
 WithLp.instSMul,
 Function.hasSMul,
 instSMulOfMul,
 Real.instMul,
 Multiset,
 Polynomial.roots,
 Real.instIsDomain,
 Matrix.charpoly,
 instDecidableEqFin,
 Multiset.map,
 Finset.val,
 Finset.univ,
 LT.lt,
 instLTNat,
 NLA.KE04.eigenvalueAt,
 Fin.mk]
CONTRACT_ADMITTED NLA.KE04.orderedSpectrum_semantics: [propext, sorryAx, Classical.choice, Quot.sound]
CONTRACT_TYPE_DIRECT NLA.KE04.compression_basis_independent: [Nat,
 NLA.KE04.Mat,
 Matrix.IsHermitian,
 Real,
 Fin,
 InvolutiveStar.toStar,
 StarAddMonoid.toInvolutiveStar,
 AddCommMonoid.toAddMonoid,
 NonUnitalNonAssocSemiring.toAddCommMonoid,
 NonUnitalNonAssocRing.toNonUnitalNonAssocSemiring,
 NonUnitalNonAssocCommRing.toNonUnitalNonAssocRing,
 NonUnitalCommRing.toNonUnitalNonAssocCommRing,
 CommRing.toNonUnitalCommRing,
 Real.commRing,
 StarRing.toStarAddMonoid,
 instStarRingReal,
 NLA.KE04.Rect,
 Eq,
 Matrix,
 HMul.hMul,
 Matrix.instHMulOfFintypeOfMulOfAddCommMonoid,
 Fin.fintype,
 Real.instMul,
 Real.instAddCommMonoid,
 Matrix.transpose,
 OfNat.ofNat,
 One.toOfNat1,
 Matrix.one,
 instDecidableEqFin,
 Real.instZero,
 Real.instOne,
 Submodule,
 NLA.KE04.Vec,
 Real.semiring,
 AddCommGroup.toAddCommMonoid,
 WithLp.instAddCommGroup,
 ENNReal,
 instOfNatAtLeastTwo,
 AddMonoidWithOne.toNatCast,
 AddCommMonoidWithOne.toAddMonoidWithOne,
 ENNReal.instAddCommMonoidWithOne,
 PiLp.innerProductSpace._proof_1,
 Pi.addCommGroup,
 Real.instAddCommGroup,
 WithLp.instModule,
 Pi.Function.module,
 Semiring.toAddCommMonoid,
 Ring.toSemiring,
 Real.instRing,
 Semiring.toModule,
 NLA.KE04.columnSpace,
 And,
 Exists,
 NLA.KE04.compression,
 Polynomial,
 CommSemiring.toSemiring,
 CommRing.toCommSemiring,
 Matrix.charpoly,
 NLA.KE04.ritzValues]
CONTRACT_ADMITTED NLA.KE04.compression_basis_independent: [propext, sorryAx, Classical.choice, Quot.sound]
CONTRACT_TYPE_DIRECT NLA.KE04.interval_index_validity: [Nat,
 LE.le,
 instLENat,
 OfNat.ofNat,
 instOfNatNat,
 HMul.hMul,
 instHMul,
 instMulNat,
 HSub.hSub,
 instHSub,
 instSubNat,
 And,
 LT.lt,
 instLTNat,
 HAdd.hAdd,
 instHAdd,
 instAddNat]
CONTRACT_ADMITTED NLA.KE04.interval_index_validity: [sorryAx]
CONTRACT_TYPE_DIRECT NLA.KE04.quadratic_semantics: [Nat,
 NLA.KE04.Mat,
 Real,
 And,
 Polynomial.Monic,
 Real.semiring,
 NLA.KE04.monicQuadratic,
 Eq,
 Polynomial.natDegree,
 OfNat.ofNat,
 instOfNatNat,
 NLA.KE04.quadraticMatrix,
 DFunLike.coe,
 AlgHom,
 Polynomial,
 CommSemiring.toSemiring,
 Real.instCommSemiring,
 Polynomial.semiring,
 Matrix.semiring,
 Fin,
 Fin.fintype,
 instDecidableEqFin,
 Polynomial.algebraOfAlgebra,
 Algebra.id,
 Matrix.instAlgebra,
 AlgHom.funLike,
 Polynomial.aeval,
 HAdd.hAdd,
 instHAdd,
 Matrix.add,
 Real.instAdd,
 HSub.hSub,
 instHSub,
 Matrix.sub,
 Real.instSub,
 HPow.hPow,
 instHPow,
 NPow.toPow,
 Monoid.toNPow,
 Semiring.toMonoid,
 HSMul.hSMul,
 instHSMul,
 Matrix.smul,
 instSMulOfMul,
 Real.instMul,
 HMul.hMul,
 instHMul,
 One.toOfNat1,
 Matrix.one,
 Real.instZero,
 Real.instOne]
CONTRACT_ADMITTED NLA.KE04.quadratic_semantics: [propext, sorryAx, Classical.choice, Quot.sound]
CONTRACT_TYPE_DIRECT NLA.KE04.spectral_gap_quadratic_psd: [Nat,
 NLA.KE04.Mat,
 Matrix.IsHermitian,
 Real,
 Fin,
 InvolutiveStar.toStar,
 StarAddMonoid.toInvolutiveStar,
 AddCommMonoid.toAddMonoid,
 NonUnitalNonAssocSemiring.toAddCommMonoid,
 NonUnitalNonAssocRing.toNonUnitalNonAssocSemiring,
 NonUnitalNonAssocCommRing.toNonUnitalNonAssocRing,
 NonUnitalCommRing.toNonUnitalNonAssocCommRing,
 CommRing.toNonUnitalCommRing,
 Real.commRing,
 StarRing.toStarAddMonoid,
 instStarRingReal,
 LE.le,
 Real.instLE,
 Not,
 And,
 LT.lt,
 Real.instLT,
 NLA.KE04.orderedEigenvalues,
 Matrix.PosSemidef,
 Real.instRing,
 Real.partialOrder,
 NLA.KE04.quadraticMatrix]
CONTRACT_ADMITTED NLA.KE04.spectral_gap_quadratic_psd: [propext, sorryAx, Classical.choice, Quot.sound]
CONTRACT_TYPE_DIRECT NLA.KE04.spectral_window_subspace: [Nat,
 NLA.KE04.Mat,
 Matrix.IsHermitian,
 Real,
 Fin,
 InvolutiveStar.toStar,
 StarAddMonoid.toInvolutiveStar,
 AddCommMonoid.toAddMonoid,
 NonUnitalNonAssocSemiring.toAddCommMonoid,
 NonUnitalNonAssocRing.toNonUnitalNonAssocSemiring,
 NonUnitalNonAssocCommRing.toNonUnitalNonAssocRing,
 NonUnitalCommRing.toNonUnitalNonAssocCommRing,
 CommRing.toNonUnitalCommRing,
 Real.commRing,
 StarRing.toStarAddMonoid,
 instStarRingReal,
 NLA.KE04.Rect,
 Eq,
 Matrix,
 HMul.hMul,
 Matrix.instHMulOfFintypeOfMulOfAddCommMonoid,
 Fin.fintype,
 Real.instMul,
 Real.instAddCommMonoid,
 Matrix.transpose,
 OfNat.ofNat,
 One.toOfNat1,
 Matrix.one,
 instDecidableEqFin,
 Real.instZero,
 Real.instOne,
 LT.lt,
 instLTNat,
 HAdd.hAdd,
 instHAdd,
 instAddNat,
 Exists,
 Submodule,
 NLA.KE04.Vec,
 Real.semiring,
 AddCommGroup.toAddCommMonoid,
 WithLp.instAddCommGroup,
 ENNReal,
 instOfNatAtLeastTwo,
 AddMonoidWithOne.toNatCast,
 AddCommMonoidWithOne.toAddMonoidWithOne,
 ENNReal.instAddCommMonoidWithOne,
 PiLp.innerProductSpace._proof_1,
 Pi.addCommGroup,
 Real.instAddCommGroup,
 WithLp.instModule,
 Pi.Function.module,
 Semiring.toAddCommMonoid,
 Ring.toSemiring,
 Real.instRing,
 Semiring.toModule,
 And,
 LE.le,
 Preorder.toLE,
 PartialOrder.toPreorder,
 Submodule.instPartialOrder,
 NLA.KE04.columnSpace,
 Module.finrank,
 Subtype,
 Membership.mem,
 SetLike.instMembership,
 Submodule.setLike,
 Submodule.addCommMonoid,
 Submodule.module,
 instOfNatNat,
 Real.instLE,
 NLA.KE04.form,
 NLA.KE04.compressedQuadratic,
 NLA.KE04.ritzValueAt,
 Zero.toOfNat0]
CONTRACT_ADMITTED NLA.KE04.spectral_window_subspace: [propext, sorryAx, Classical.choice, Quot.sound]
CONTRACT_TYPE_DIRECT NLA.KE04.krylov_intersection_nonzero: [Nat,
 NLA.KE04.Mat,
 NLA.KE04.Rect,
 LE.le,
 instLENat,
 OfNat.ofNat,
 instOfNatNat,
 NLA.KE04.FullBlockDimension,
 HSub.hSub,
 instHSub,
 instSubNat,
 Submodule,
 Real,
 NLA.KE04.Vec,
 Real.semiring,
 AddCommGroup.toAddCommMonoid,
 WithLp.instAddCommGroup,
 ENNReal,
 instOfNatAtLeastTwo,
 AddMonoidWithOne.toNatCast,
 AddCommMonoidWithOne.toAddMonoidWithOne,
 ENNReal.instAddCommMonoidWithOne,
 PiLp.innerProductSpace._proof_1,
 Fin,
 Pi.addCommGroup,
 Real.instAddCommGroup,
 WithLp.instModule,
 Pi.Function.module,
 Semiring.toAddCommMonoid,
 Ring.toSemiring,
 Real.instRing,
 Semiring.toModule,
 Preorder.toLE,
 PartialOrder.toPreorder,
 Submodule.instPartialOrder,
 NLA.KE04.krylov,
 Eq,
 Module.finrank,
 Subtype,
 Membership.mem,
 SetLike.instMembership,
 Submodule.setLike,
 Submodule.addCommMonoid,
 Submodule.module,
 HAdd.hAdd,
 instHAdd,
 instAddNat,
 Exists,
 And,
 Ne,
 Zero.toOfNat0,
 NegZeroClass.toZero,
 SubNegZeroMonoid.toNegZeroClass,
 SubtractionMonoid.toSubNegZeroMonoid,
 SubtractionCommMonoid.toSubtractionMonoid,
 AddCommGroup.toDivisionAddCommMonoid]
CONTRACT_ADMITTED NLA.KE04.krylov_intersection_nonzero: [propext, sorryAx, Classical.choice, Quot.sound]
CONTRACT_TYPE_DIRECT NLA.KE04.psd_zero_form_iff_kernel: [Nat,
 NLA.KE04.Mat,
 Matrix.PosSemidef,
 Fin,
 Real,
 Real.instRing,
 Real.partialOrder,
 instStarRingReal,
 NLA.KE04.Vec,
 Iff,
 Eq,
 NLA.KE04.form,
 OfNat.ofNat,
 Zero.toOfNat0,
 Real.instZero,
 DFunLike.coe,
 LinearMap,
 Real.semiring,
 RingHom.id,
 Semiring.toNonAssocSemiring,
 AddCommGroup.toAddCommMonoid,
 WithLp.instAddCommGroup,
 ENNReal,
 instOfNatAtLeastTwo,
 AddMonoidWithOne.toNatCast,
 AddCommMonoidWithOne.toAddMonoidWithOne,
 ENNReal.instAddCommMonoidWithOne,
 PiLp.innerProductSpace._proof_1,
 Pi.addCommGroup,
 Real.instAddCommGroup,
 WithLp.instModule,
 Pi.Function.module,
 Semiring.toAddCommMonoid,
 Ring.toSemiring,
 Semiring.toModule,
 LinearMap.instFunLike,
 NLA.KE04.act,
 NegZeroClass.toZero,
 SubNegZeroMonoid.toNegZeroClass,
 SubtractionMonoid.toSubNegZeroMonoid,
 SubtractionCommMonoid.toSubtractionMonoid,
 AddCommGroup.toDivisionAddCommMonoid]
CONTRACT_ADMITTED NLA.KE04.psd_zero_form_iff_kernel: [propext, sorryAx, Classical.choice, Quot.sound]
CONTRACT_TYPE_DIRECT NLA.KE04.compressedQuadratic_semantics: [Nat,
 NLA.KE04.Mat,
 NLA.KE04.Rect,
 Real,
 And,
 NLA.KE04.Vec,
 Eq,
 NLA.KE04.form,
 NLA.KE04.compressedQuadratic,
 NLA.KE04.quadraticMatrix,
 NLA.KE04.compression,
 DFunLike.coe,
 LinearMap,
 Real.semiring,
 RingHom.id,
 Semiring.toNonAssocSemiring,
 AddCommGroup.toAddCommMonoid,
 WithLp.instAddCommGroup,
 OfNat.ofNat,
 ENNReal,
 instOfNatAtLeastTwo,
 AddMonoidWithOne.toNatCast,
 AddCommMonoidWithOne.toAddMonoidWithOne,
 ENNReal.instAddCommMonoidWithOne,
 PiLp.innerProductSpace._proof_1,
 Fin,
 Pi.addCommGroup,
 Real.instAddCommGroup,
 WithLp.instModule,
 Pi.Function.module,
 Semiring.toAddCommMonoid,
 Ring.toSemiring,
 Real.instRing,
 Semiring.toModule,
 LinearMap.instFunLike,
 NLA.KE04.act,
 Matrix.transpose,
 Matrix.PosSemidef,
 Real.partialOrder,
 instStarRingReal]
CONTRACT_ADMITTED NLA.KE04.compressedQuadratic_semantics: [propext, sorryAx, Classical.choice, Quot.sound]
CONTRACT_TYPE_DIRECT NLA.KE04.quadratic_forms_agree: [Nat,
 NLA.KE04.Mat,
 Matrix.IsHermitian,
 Real,
 Fin,
 InvolutiveStar.toStar,
 StarAddMonoid.toInvolutiveStar,
 AddCommMonoid.toAddMonoid,
 NonUnitalNonAssocSemiring.toAddCommMonoid,
 NonUnitalNonAssocRing.toNonUnitalNonAssocSemiring,
 NonUnitalNonAssocCommRing.toNonUnitalNonAssocRing,
 NonUnitalCommRing.toNonUnitalNonAssocCommRing,
 CommRing.toNonUnitalCommRing,
 Real.commRing,
 StarRing.toStarAddMonoid,
 instStarRingReal,
 NLA.KE04.Rect,
 LE.le,
 instLENat,
 OfNat.ofNat,
 instOfNatNat,
 LT.lt,
 instLTNat,
 HMul.hMul,
 instHMul,
 instMulNat,
 NLA.KE04.IsKrylovBasis,
 NLA.KE04.Vec,
 Membership.mem,
 Submodule,
 Real.semiring,
 AddCommGroup.toAddCommMonoid,
 WithLp.instAddCommGroup,
 ENNReal,
 instOfNatAtLeastTwo,
 AddMonoidWithOne.toNatCast,
 AddCommMonoidWithOne.toAddMonoidWithOne,
 ENNReal.instAddCommMonoidWithOne,
 PiLp.innerProductSpace._proof_1,
 Pi.addCommGroup,
 Real.instAddCommGroup,
 WithLp.instModule,
 Pi.Function.module,
 Semiring.toAddCommMonoid,
 Ring.toSemiring,
 Real.instRing,
 Semiring.toModule,
 SetLike.instMembership,
 Submodule.setLike,
 NLA.KE04.krylov,
 HSub.hSub,
 instHSub,
 instSubNat,
 Eq,
 NLA.KE04.form,
 NLA.KE04.compressedQuadratic]
CONTRACT_ADMITTED NLA.KE04.quadratic_forms_agree: [propext, sorryAx, Classical.choice, Quot.sound]
CONTRACT_TYPE_DIRECT NLA.KE04.later_quadratic_identity: [Nat,
 NLA.KE04.Mat,
 NLA.KE04.Rect,
 LE.le,
 instLENat,
 OfNat.ofNat,
 instOfNatNat,
 LT.lt,
 instLTNat,
 HMul.hMul,
 instHMul,
 instMulNat,
 NLA.KE04.IsKrylovBasis,
 NLA.KE04.Vec,
 Membership.mem,
 Submodule,
 Real,
 Real.semiring,
 AddCommGroup.toAddCommMonoid,
 WithLp.instAddCommGroup,
 ENNReal,
 instOfNatAtLeastTwo,
 AddMonoidWithOne.toNatCast,
 AddCommMonoidWithOne.toAddMonoidWithOne,
 ENNReal.instAddCommMonoidWithOne,
 PiLp.innerProductSpace._proof_1,
 Fin,
 Pi.addCommGroup,
 Real.instAddCommGroup,
 WithLp.instModule,
 Pi.Function.module,
 Semiring.toAddCommMonoid,
 Ring.toSemiring,
 Real.instRing,
 Semiring.toModule,
 SetLike.instMembership,
 Submodule.setLike,
 NLA.KE04.krylov,
 HSub.hSub,
 instHSub,
 instSubNat,
 Eq,
 DFunLike.coe,
 LinearMap,
 RingHom.id,
 Semiring.toNonAssocSemiring,
 LinearMap.instFunLike,
 NLA.KE04.act,
 NLA.KE04.compressedQuadratic,
 NLA.KE04.quadraticMatrix]
CONTRACT_ADMITTED NLA.KE04.later_quadratic_identity: [propext, sorryAx, Classical.choice, Quot.sound]
CONTRACT_TYPE_DIRECT NLA.KE04.fullRank_quadratic_nonannihilation: [Nat,
 NLA.KE04.Mat,
 NLA.KE04.Rect,
 LE.le,
 instLENat,
 OfNat.ofNat,
 instOfNatNat,
 NLA.KE04.FullBlockDimension,
 HAdd.hAdd,
 instHAdd,
 instAddNat,
 NLA.KE04.Vec,
 Membership.mem,
 Submodule,
 Real,
 Real.semiring,
 AddCommGroup.toAddCommMonoid,
 WithLp.instAddCommGroup,
 ENNReal,
 instOfNatAtLeastTwo,
 AddMonoidWithOne.toNatCast,
 AddCommMonoidWithOne.toAddMonoidWithOne,
 ENNReal.instAddCommMonoidWithOne,
 PiLp.innerProductSpace._proof_1,
 Fin,
 Pi.addCommGroup,
 Real.instAddCommGroup,
 WithLp.instModule,
 Pi.Function.module,
 Semiring.toAddCommMonoid,
 Ring.toSemiring,
 Real.instRing,
 Semiring.toModule,
 SetLike.instMembership,
 Submodule.setLike,
 NLA.KE04.krylov,
 HSub.hSub,
 instHSub,
 instSubNat,
 Ne,
 Zero.toOfNat0,
 NegZeroClass.toZero,
 SubNegZeroMonoid.toNegZeroClass,
 SubtractionMonoid.toSubNegZeroMonoid,
 SubtractionCommMonoid.toSubtractionMonoid,
 AddCommGroup.toDivisionAddCommMonoid,
 DFunLike.coe,
 LinearMap,
 RingHom.id,
 Semiring.toNonAssocSemiring,
 LinearMap.instFunLike,
 NLA.KE04.act,
 NLA.KE04.quadraticMatrix]
CONTRACT_ADMITTED NLA.KE04.fullRank_quadratic_nonannihilation: [propext, sorryAx, Classical.choice, Quot.sound]
CONTRACT_TYPE_DIRECT NLA.KE04.strictIntervalOccupancy: [NLA.KE04.FullPrefixBlockLanczosClaim]
CONTRACT_ADMITTED NLA.KE04.strictIntervalOccupancy: [propext, sorryAx, Classical.choice, Quot.sound]
CONTRACT_TYPE_DIRECT NLA.KE04.fullPrefix_implies_canonical: [NLA.KE04.FullPrefixBlockLanczosClaim,
 NLA.KE04.BlockLanczosConjecture]
CONTRACT_ADMITTED NLA.KE04.fullPrefix_implies_canonical: [propext, sorryAx, Classical.choice, Quot.sound]
CONTRACT_TYPE_DIRECT NLA.KE04.blockLanczosConjecture: [NLA.KE04.BlockLanczosConjecture]
CONTRACT_ADMITTED NLA.KE04.blockLanczosConjecture: [propext, sorryAx, Classical.choice, Quot.sound]
CONTRACT_INSPECTION_COMPLETE 24
theorem NLA.KE04.real_matrix_semantics : ∀ {n m : Nat} (A : NLA.KE04.Mat n) (M : NLA.KE04.Rect n m),
  And
    (Iff
      (@Matrix.IsHermitian.{0, 0} Real (Fin n)
        (@InvolutiveStar.toStar.{0} Real
          (@StarAddMonoid.toInvolutiveStar.{0} Real
            (@AddCommMonoid.toAddMonoid.{0} Real
              (@NonUnitalNonAssocSemiring.toAddCommMonoid.{0} Real
                (@NonUnitalNonAssocRing.toNonUnitalNonAssocSemiring.{0} Real
                  (@NonUnitalNonAssocCommRing.toNonUnitalNonAssocRing.{0} Real
                    (@NonUnitalCommRing.toNonUnitalNonAssocCommRing.{0} Real
                      (@CommRing.toNonUnitalCommRing.{0} Real Real.commRing))))))
            (@StarRing.toStarAddMonoid.{0} Real
              (@NonUnitalNonAssocRing.toNonUnitalNonAssocSemiring.{0} Real
                (@NonUnitalNonAssocCommRing.toNonUnitalNonAssocRing.{0} Real
                  (@NonUnitalCommRing.toNonUnitalNonAssocCommRing.{0} Real
                    (@CommRing.toNonUnitalCommRing.{0} Real Real.commRing))))
              instStarRingReal)))
        A)
      (@Eq.{1} (Matrix.{0, 0, 0} (Fin n) (Fin n) Real) (@Matrix.transpose.{0, 0, 0} (Fin n) (Fin n) Real A) A))
    (And
      (∀ (x : NLA.KE04.Vec m) (i : Fin n),
        @Eq.{1} ((fun (x : Fin n) => Real) i)
          (@WithLp.ofLp.{0}
            (@OfNat.ofNat.{0} ENNReal (nat_lit 2)
              (@instOfNatAtLeastTwo.{0} ENNReal (nat_lit 2)
                (@AddMonoidWithOne.toNatCast.{0} ENNReal
                  (@AddCommMonoidWithOne.toAddMonoidWithOne.{0} ENNReal ENNReal.instAddCommMonoidWithOne))
                PiLp.innerProductSpace._proof_1))
            ((i : Fin n) → (fun (x : Fin n) => Real) i)
            (@DFunLike.coe.{1, 1, 1}
              (@LinearMap.{0, 0, 0, 0} Real Real Real.semiring Real.semiring
                (@RingHom.id.{0} Real (@Semiring.toNonAssocSemiring.{0} Real Real.semiring)) (NLA.KE04.Vec m)
                (NLA.KE04.Vec n)
                (@AddCommGroup.toAddCommMonoid.{0} (NLA.KE04.Vec m)
                  (@WithLp.instAddCommGroup.{0}
                    (@OfNat.ofNat.{0} ENNReal (nat_lit 2)
                      (@instOfNatAtLeastTwo.{0} ENNReal (nat_lit 2)
                        (@AddMonoidWithOne.toNatCast.{0} ENNReal
                          (@AddCommMonoidWithOne.toAddMonoidWithOne.{0} ENNReal ENNReal.instAddCommMonoidWithOne))
                        PiLp.innerProductSpace._proof_1))
                    ((i : Fin m) → (fun (x : Fin m) => Real) i)
                    (@Pi.addCommGroup.{0, 0} (Fin m) (fun (x : Fin m) => Real) fun (i : Fin m) =>
                      Real.instAddCommGroup)))
                (@AddCommGroup.toAddCommMonoid.{0} (NLA.KE04.Vec n)
                  (@WithLp.instAddCommGroup.{0}
                    (@OfNat.ofNat.{0} ENNReal (nat_lit 2)
                      (@instOfNatAtLeastTwo.{0} ENNReal (nat_lit 2)
                        (@AddMonoidWithOne.toNatCast.{0} ENNReal
                          (@AddCommMonoidWithOne.toAddMonoidWithOne.{0} ENNReal ENNReal.instAddCommMonoidWithOne))
                        PiLp.innerProductSpace._proof_1))
                    ((i : Fin n) → (fun (x : Fin n) => Real) i)
                    (@Pi.addCommGroup.{0, 0} (Fin n) (fun (x : Fin n) => Real) fun (i : Fin n) =>
                      Real.instAddCommGroup)))
                (@WithLp.instModule.{0, 0}
                  (@OfNat.ofNat.{0} ENNReal (nat_lit 2)
                    (@instOfNatAtLeastTwo.{0} ENNReal (nat_lit 2)
                      (@AddMonoidWithOne.toNatCast.{0} ENNReal
                        (@AddCommMonoidWithOne.toAddMonoidWithOne.{0} ENNReal ENNReal.instAddCommMonoidWithOne))
                      PiLp.innerProductSpace._proof_1))
                  Real ((i : Fin m) → (fun (x : Fin m) => Real) i) Real.semiring
                  (@Pi.addCommGroup.{0, 0} (Fin m) (fun (x : Fin m) => Real) fun (i : Fin m) => Real.instAddCommGroup)
                  (@Pi.Function.module.{0, 0, 0} (Fin m) Real Real Real.semiring
                    (@Semiring.toAddCommMonoid.{0} Real (@Ring.toSemiring.{0} Real Real.instRing))
                    (@Semiring.toModule.{0} Real Real.semiring)))
                (@WithLp.instModule.{0, 0}
                  (@OfNat.ofNat.{0} ENNReal (nat_lit 2)
                    (@instOfNatAtLeastTwo.{0} ENNReal (nat_lit 2)
                      (@AddMonoidWithOne.toNatCast.{0} ENNReal
                        (@AddCommMonoidWithOne.toAddMonoidWithOne.{0} ENNReal ENNReal.instAddCommMonoidWithOne))
                      PiLp.innerProductSpace._proof_1))
                  Real ((i : Fin n) → (fun (x : Fin n) => Real) i) Real.semiring
                  (@Pi.addCommGroup.{0, 0} (Fin n) (fun (x : Fin n) => Real) fun (i : Fin n) => Real.instAddCommGroup)
                  (@Pi.Function.module.{0, 0, 0} (Fin n) Real Real Real.semiring
                    (@Semiring.toAddCommMonoid.{0} Real (@Ring.toSemiring.{0} Real Real.instRing))
                    (@Semiring.toModule.{0} Real Real.semiring))))
              (NLA.KE04.Vec m) (fun (x : NLA.KE04.Vec m) => NLA.KE04.Vec n)
              (@LinearMap.instFunLike.{0, 0, 0, 0} Real Real (NLA.KE04.Vec m) (NLA.KE04.Vec n) Real.semiring
                Real.semiring
                (@AddCommGroup.toAddCommMonoid.{0} (NLA.KE04.Vec m)
                  (@WithLp.instAddCommGroup.{0}
                    (@OfNat.ofNat.{0} ENNReal (nat_lit 2)
                      (@instOfNatAtLeastTwo.{0} ENNReal (nat_lit 2)
                        (@AddMonoidWithOne.toNatCast.{0} ENNReal
                          (@AddCommMonoidWithOne.toAddMonoidWithOne.{0} ENNReal ENNReal.instAddCommMonoidWithOne))
                        PiLp.innerProductSpace._proof_1))
                    ((i : Fin m) → (fun (x : Fin m) => Real) i)
                    (@Pi.addCommGroup.{0, 0} (Fin m) (fun (x : Fin m) => Real) fun (i : Fin m) =>
                      Real.instAddCommGroup)))
                (@AddCommGroup.toAddCommMonoid.{0} (NLA.KE04.Vec n)
                  (@WithLp.instAddCommGroup.{0}
                    (@OfNat.ofNat.{0} ENNReal (nat_lit 2)
                      (@instOfNatAtLeastTwo.{0} ENNReal (nat_lit 2)
                        (@AddMonoidWithOne.toNatCast.{0} ENNReal
                          (@AddCommMonoidWithOne.toAddMonoidWithOne.{0} ENNReal ENNReal.instAddCommMonoidWithOne))
                        PiLp.innerProductSpace._proof_1))
                    ((i : Fin n) → (fun (x : Fin n) => Real) i)
                    (@Pi.addCommGroup.{0, 0} (Fin n) (fun (x : Fin n) => Real) fun (i : Fin n) =>
                      Real.instAddCommGroup)))
                (@WithLp.instModule.{0, 0}
                  (@OfNat.ofNat.{0} ENNReal (nat_lit 2)
                    (@instOfNatAtLeastTwo.{0} ENNReal (nat_lit 2)
                      (@AddMonoidWithOne.toNatCast.{0} ENNReal
                        (@AddCommMonoidWithOne.toAddMonoidWithOne.{0} ENNReal ENNReal.instAddCommMonoidWithOne))
                      PiLp.innerProductSpace._proof_1))
                  Real ((i : Fin m) → (fun (x : Fin m) => Real) i) Real.semiring
                  (@Pi.addCommGroup.{0, 0} (Fin m) (fun (x : Fin m) => Real) fun (i : Fin m) => Real.instAddCommGroup)
                  (@Pi.Function.module.{0, 0, 0} (Fin m) Real Real Real.semiring
                    (@Semiring.toAddCommMonoid.{0} Real (@Ring.toSemiring.{0} Real Real.instRing))
                    (@Semiring.toModule.{0} Real Real.semiring)))
                (@WithLp.instModule.{0, 0}
                  (@OfNat.ofNat.{0} ENNReal (nat_lit 2)
                    (@instOfNatAtLeastTwo.{0} ENNReal (nat_lit 2)
                      (@AddMonoidWithOne.toNatCast.{0} ENNReal
                        (@AddCommMonoidWithOne.toAddMonoidWithOne.{0} ENNReal ENNReal.instAddCommMonoidWithOne))
                      PiLp.innerProductSpace._proof_1))
                  Real ((i : Fin n) → (fun (x : Fin n) => Real) i) Real.semiring
                  (@Pi.addCommGroup.{0, 0} (Fin n) (fun (x : Fin n) => Real) fun (i : Fin n) => Real.instAddCommGroup)
                  (@Pi.Function.module.{0, 0, 0} (Fin n) Real Real Real.semiring
                    (@Semiring.toAddCommMonoid.{0} Real (@Ring.toSemiring.{0} Real Real.instRing))
                    (@Semiring.toModule.{0} Real Real.semiring)))
                (@RingHom.id.{0} Real (@Semiring.toNonAssocSemiring.{0} Real Real.semiring)))
              (@NLA.KE04.act n m M) x)
            i)
          (@Finset.sum.{0, 0} (Fin m) Real Real.instAddCommMonoid (@Finset.univ.{0} (Fin m) (Fin.fintype m))
            fun (j : Fin m) =>
            @HMul.hMul.{0, 0, 0} Real ((fun (x : Fin m) => Real) j) Real (@instHMul.{0} Real Real.instMul) (M i j)
              (@WithLp.ofLp.{0}
                (@OfNat.ofNat.{0} ENNReal (nat_lit 2)
                  (@instOfNatAtLeastTwo.{0} ENNReal (nat_lit 2)
                    (@AddMonoidWithOne.toNatCast.{0} ENNReal
                      (@AddCommMonoidWithOne.toAddMonoidWithOne.{0} ENNReal ENNReal.instAddCommMonoidWithOne))
                    PiLp.innerProductSpace._proof_1))
                ((i : Fin m) → (fun (x : Fin m) => Real) i) x j)))
      (Iff
        (@Eq.{1} (Matrix.{0, 0, 0} (Fin m) (Fin m) Real)
          (@HMul.hMul.{0, 0, 0} (Matrix.{0, 0, 0} (Fin m) (Fin n) Real) (NLA.KE04.Rect n m)
            (Matrix.{0, 0, 0} (Fin m) (Fin m) Real)
            (@Matrix.instHMulOfFintypeOfMulOfAddCommMonoid.{0, 0, 0, 0} (Fin m) (Fin n) (Fin m) Real (Fin.fintype n)
              Real.instMul Real.instAddCommMonoid)
            (@Matrix.transpose.{0, 0, 0} (Fin n) (Fin m) Real M) M)
          (@OfNat.ofNat.{0} (Matrix.{0, 0, 0} (Fin m) (Fin m) Real) (nat_lit 1)
            (@One.toOfNat1.{0} (Matrix.{0, 0, 0} (Fin m) (Fin m) Real)
              (@Matrix.one.{0, 0} (Fin m) Real (instDecidableEqFin m) Real.instZero Real.instOne))))
        (@Orthonormal.{0, 0, 0} Real (NLA.KE04.Vec n) Real.instRCLike
          (@PiLp.seminormedAddCommGroup.{0, 0}
            (@OfNat.ofNat.{0} ENNReal (nat_lit 2)
              (@instOfNatAtLeastTwo.{0} ENNReal (nat_lit 2)
                (@AddMonoidWithOne.toNatCast.{0} ENNReal
                  (@AddCommMonoidWithOne.toAddMonoidWithOne.{0} ENNReal ENNReal.instAddCommMonoidWithOne))
                PiLp.innerProductSpace._proof_1))
            (Fin n) (fun (x : Fin n) => Real) fact_one_le_two_ennreal (Fin.fintype n) fun (i : Fin n) =>
            @NonUnitalSeminormedRing.toSeminormedAddCommGroup.{0} Real
              (@NonUnitalSeminormedCommRing.toNonUnitalSeminormedRing.{0} Real
                (@SeminormedCommRing.toNonUnitalSeminormedCommRing.{0} Real
                  (@NormedCommRing.toSeminormedCommRing.{0} Real Real.normedCommRing))))
          (@PiLp.innerProductSpace.{0, 0, 0} Real Real.instRCLike (Fin n) (Fin.fintype n) (fun (x : Fin n) => Real)
            (fun (i : Fin n) => Real.normedAddCommGroup) fun (i : Fin n) =>
            @RCLike.toInnerProductSpaceReal.{0} Real Real.instRCLike)
          (Fin m) (@NLA.KE04.column n m M)))) :=
fun {n m : Nat} (A : NLA.KE04.Mat n) (M : NLA.KE04.Rect n m) =>
  sorryAx.{0}
    (∀ (tag : Lean.Name),
      And
        (Iff
          (@Matrix.IsHermitian.{0, 0} Real (Fin n)
            (@InvolutiveStar.toStar.{0} Real
              (@StarAddMonoid.toInvolutiveStar.{0} Real
                (@AddCommMonoid.toAddMonoid.{0} Real
                  (@NonUnitalNonAssocSemiring.toAddCommMonoid.{0} Real
                    (@NonUnitalNonAssocRing.toNonUnitalNonAssocSemiring.{0} Real
                      (@NonUnitalNonAssocCommRing.toNonUnitalNonAssocRing.{0} Real
                        (@NonUnitalCommRing.toNonUnitalNonAssocCommRing.{0} Real
                          (@CommRing.toNonUnitalCommRing.{0} Real Real.commRing))))))
                (@StarRing.toStarAddMonoid.{0} Real
                  (@NonUnitalNonAssocRing.toNonUnitalNonAssocSemiring.{0} Real
                    (@NonUnitalNonAssocCommRing.toNonUnitalNonAssocRing.{0} Real
                      (@NonUnitalCommRing.toNonUnitalNonAssocCommRing.{0} Real
                        (@CommRing.toNonUnitalCommRing.{0} Real Real.commRing))))
                  instStarRingReal)))
            A)
          (@Eq.{1} (Matrix.{0, 0, 0} (Fin n) (Fin n) Real) (@Matrix.transpose.{0, 0, 0} (Fin n) (Fin n) Real A) A))
        (And
          (∀ (x : NLA.KE04.Vec m) (i : Fin n),
            @Eq.{1} ((fun (x : Fin n) => Real) i)
              (@WithLp.ofLp.{0}
                (@OfNat.ofNat.{0} ENNReal (nat_lit 2)
                  (@instOfNatAtLeastTwo.{0} ENNReal (nat_lit 2)
                    (@AddMonoidWithOne.toNatCast.{0} ENNReal
                      (@AddCommMonoidWithOne.toAddMonoidWithOne.{0} ENNReal ENNReal.instAddCommMonoidWithOne))
                    PiLp.innerProductSpace._proof_1))
                ((i : Fin n) → (fun (x : Fin n) => Real) i)
                (@DFunLike.coe.{1, 1, 1}
                  (@LinearMap.{0, 0, 0, 0} Real Real Real.semiring Real.semiring
                    (@RingHom.id.{0} Real (@Semiring.toNonAssocSemiring.{0} Real Real.semiring)) (NLA.KE04.Vec m)
                    (NLA.KE04.Vec n)
                    (@AddCommGroup.toAddCommMonoid.{0} (NLA.KE04.Vec m)
                      (@WithLp.instAddCommGroup.{0}
                        (@OfNat.ofNat.{0} ENNReal (nat_lit 2)
                          (@instOfNatAtLeastTwo.{0} ENNReal (nat_lit 2)
                            (@AddMonoidWithOne.toNatCast.{0} ENNReal
                              (@AddCommMonoidWithOne.toAddMonoidWithOne.{0} ENNReal ENNReal.instAddCommMonoidWithOne))
                            PiLp.innerProductSpace._proof_1))
                        ((i : Fin m) → (fun (x : Fin m) => Real) i)
                        (@Pi.addCommGroup.{0, 0} (Fin m) (fun (x : Fin m) => Real) fun (i : Fin m) =>
                          Real.instAddCommGroup)))
                    (@AddCommGroup.toAddCommMonoid.{0} (NLA.KE04.Vec n)
                      (@WithLp.instAddCommGroup.{0}
                        (@OfNat.ofNat.{0} ENNReal (nat_lit 2)
                          (@instOfNatAtLeastTwo.{0} ENNReal (nat_lit 2)
                            (@AddMonoidWithOne.toNatCast.{0} ENNReal
                              (@AddCommMonoidWithOne.toAddMonoidWithOne.{0} ENNReal ENNReal.instAddCommMonoidWithOne))
                            PiLp.innerProductSpace._proof_1))
                        ((i : Fin n) → (fun (x : Fin n) => Real) i)
                        (@Pi.addCommGroup.{0, 0} (Fin n) (fun (x : Fin n) => Real) fun (i : Fin n) =>
                          Real.instAddCommGroup)))
                    (@WithLp.instModule.{0, 0}
                      (@OfNat.ofNat.{0} ENNReal (nat_lit 2)
                        (@instOfNatAtLeastTwo.{0} ENNReal (nat_lit 2)
                          (@AddMonoidWithOne.toNatCast.{0} ENNReal
                            (@AddCommMonoidWithOne.toAddMonoidWithOne.{0} ENNReal ENNReal.instAddCommMonoidWithOne))
                          PiLp.innerProductSpace._proof_1))
                      Real ((i : Fin m) → (fun (x : Fin m) => Real) i) Real.semiring
                      (@Pi.addCommGroup.{0, 0} (Fin m) (fun (x : Fin m) => Real) fun (i : Fin m) =>
                        Real.instAddCommGroup)
                      (@Pi.Function.module.{0, 0, 0} (Fin m) Real Real Real.semiring
                        (@Semiring.toAddCommMonoid.{0} Real (@Ring.toSemiring.{0} Real Real.instRing))
                        (@Semiring.toModule.{0} Real Real.semiring)))
                    (@WithLp.instModule.{0, 0}
                      (@OfNat.ofNat.{0} ENNReal (nat_lit 2)
                        (@instOfNatAtLeastTwo.{0} ENNReal (nat_lit 2)
                          (@AddMonoidWithOne.toNatCast.{0} ENNReal
                            (@AddCommMonoidWithOne.toAddMonoidWithOne.{0} ENNReal ENNReal.instAddCommMonoidWithOne))
                          PiLp.innerProductSpace._proof_1))
                      Real ((i : Fin n) → (fun (x : Fin n) => Real) i) Real.semiring
                      (@Pi.addCommGroup.{0, 0} (Fin n) (fun (x : Fin n) => Real) fun (i : Fin n) =>
                        Real.instAddCommGroup)
                      (@Pi.Function.module.{0, 0, 0} (Fin n) Real Real Real.semiring
                        (@Semiring.toAddCommMonoid.{0} Real (@Ring.toSemiring.{0} Real Real.instRing))
                        (@Semiring.toModule.{0} Real Real.semiring))))
                  (NLA.KE04.Vec m) (fun (x : NLA.KE04.Vec m) => NLA.KE04.Vec n)
                  (@LinearMap.instFunLike.{0, 0, 0, 0} Real Real (NLA.KE04.Vec m) (NLA.KE04.Vec n) Real.semiring
                    Real.semiring
                    (@AddCommGroup.toAddCommMonoid.{0} (NLA.KE04.Vec m)
                      (@WithLp.instAddCommGroup.{0}
                        (@OfNat.ofNat.{0} ENNReal (nat_lit 2)
                          (@instOfNatAtLeastTwo.{0} ENNReal (nat_lit 2)
                            (@AddMonoidWithOne.toNatCast.{0} ENNReal
                              (@AddCommMonoidWithOne.toAddMonoidWithOne.{0} ENNReal ENNReal.instAddCommMonoidWithOne))
                            PiLp.innerProductSpace._proof_1))
                        ((i : Fin m) → (fun (x : Fin m) => Real) i)
                        (@Pi.addCommGroup.{0, 0} (Fin m) (fun (x : Fin m) => Real) fun (i : Fin m) =>
                          Real.instAddCommGroup)))
                    (@AddCommGroup.toAddCommMonoid.{0} (NLA.KE04.Vec n)
                      (@WithLp.instAddCommGroup.{0}
                        (@OfNat.ofNat.{0} ENNReal (nat_lit 2)
                          (@instOfNatAtLeastTwo.{0} ENNReal (nat_lit 2)
                            (@AddMonoidWithOne.toNatCast.{0} ENNReal
                              (@AddCommMonoidWithOne.toAddMonoidWithOne.{0} ENNReal ENNReal.instAddCommMonoidWithOne))
                            PiLp.innerProductSpace._proof_1))
                        ((i : Fin n) → (fun (x : Fin n) => Real) i)
                        (@Pi.addCommGroup.{0, 0} (Fin n) (fun (x : Fin n) => Real) fun (i : Fin n) =>
                          Real.instAddCommGroup)))
                    (@WithLp.instModule.{0, 0}
                      (@OfNat.ofNat.{0} ENNReal (nat_lit 2)
                        (@instOfNatAtLeastTwo.{0} ENNReal (nat_lit 2)
                          (@AddMonoidWithOne.toNatCast.{0} ENNReal
                            (@AddCommMonoidWithOne.toAddMonoidWithOne.{0} ENNReal ENNReal.instAddCommMonoidWithOne))
                          PiLp.innerProductSpace._proof_1))
                      Real ((i : Fin m) → (fun (x : Fin m) => Real) i) Real.semiring
                      (@Pi.addCommGroup.{0, 0} (Fin m) (fun (x : Fin m) => Real) fun (i : Fin m) =>
                        Real.instAddCommGroup)
                      (@Pi.Function.module.{0, 0, 0} (Fin m) Real Real Real.semiring
                        (@Semiring.toAddCommMonoid.{0} Real (@Ring.toSemiring.{0} Real Real.instRing))
                        (@Semiring.toModule.{0} Real Real.semiring)))
                    (@WithLp.instModule.{0, 0}
                      (@OfNat.ofNat.{0} ENNReal (nat_lit 2)
                        (@instOfNatAtLeastTwo.{0} ENNReal (nat_lit 2)
                          (@AddMonoidWithOne.toNatCast.{0} ENNReal
                            (@AddCommMonoidWithOne.toAddMonoidWithOne.{0} ENNReal ENNReal.instAddCommMonoidWithOne))
                          PiLp.innerProductSpace._proof_1))
                      Real ((i : Fin n) → (fun (x : Fin n) => Real) i) Real.semiring
                      (@Pi.addCommGroup.{0, 0} (Fin n) (fun (x : Fin n) => Real) fun (i : Fin n) =>
                        Real.instAddCommGroup)
                      (@Pi.Function.module.{0, 0, 0} (Fin n) Real Real Real.semiring
                        (@Semiring.toAddCommMonoid.{0} Real (@Ring.toSemiring.{0} Real Real.instRing))
                        (@Semiring.toModule.{0} Real Real.semiring)))
                    (@RingHom.id.{0} Real (@Semiring.toNonAssocSemiring.{0} Real Real.semiring)))
                  (@NLA.KE04.act n m M) x)
                i)
              (@Finset.sum.{0, 0} (Fin m) Real Real.instAddCommMonoid (@Finset.univ.{0} (Fin m) (Fin.fintype m))
                fun (j : Fin m) =>
                @HMul.hMul.{0, 0, 0} Real ((fun (x : Fin m) => Real) j) Real (@instHMul.{0} Real Real.instMul) (M i j)
                  (@WithLp.ofLp.{0}
                    (@OfNat.ofNat.{0} ENNReal (nat_lit 2)
                      (@instOfNatAtLeastTwo.{0} ENNReal (nat_lit 2)
                        (@AddMonoidWithOne.toNatCast.{0} ENNReal
                          (@AddCommMonoidWithOne.toAddMonoidWithOne.{0} ENNReal ENNReal.instAddCommMonoidWithOne))
                        PiLp.innerProductSpace._proof_1))
                    ((i : Fin m) → (fun (x : Fin m) => Real) i) x j)))
          (Iff
            (@Eq.{1} (Matrix.{0, 0, 0} (Fin m) (Fin m) Real)
              (@HMul.hMul.{0, 0, 0} (Matrix.{0, 0, 0} (Fin m) (Fin n) Real) (NLA.KE04.Rect n m)
                (Matrix.{0, 0, 0} (Fin m) (Fin m) Real)
                (@Matrix.instHMulOfFintypeOfMulOfAddCommMonoid.{0, 0, 0, 0} (Fin m) (Fin n) (Fin m) Real (Fin.fintype n)
                  Real.instMul Real.instAddCommMonoid)
                (@Matrix.transpose.{0, 0, 0} (Fin n) (Fin m) Real M) M)
              (@OfNat.ofNat.{0} (Matrix.{0, 0, 0} (Fin m) (Fin m) Real) (nat_lit 1)
                (@One.toOfNat1.{0} (Matrix.{0, 0, 0} (Fin m) (Fin m) Real)
                  (@Matrix.one.{0, 0} (Fin m) Real (instDecidableEqFin m) Real.instZero Real.instOne))))
            (@Orthonormal.{0, 0, 0} Real (NLA.KE04.Vec n) Real.instRCLike
              (@PiLp.seminormedAddCommGroup.{0, 0}
                (@OfNat.ofNat.{0} ENNReal (nat_lit 2)
                  (@instOfNatAtLeastTwo.{0} ENNReal (nat_lit 2)
                    (@AddMonoidWithOne.toNatCast.{0} ENNReal
                      (@AddCommMonoidWithOne.toAddMonoidWithOne.{0} ENNReal ENNReal.instAddCommMonoidWithOne))
                    PiLp.innerProductSpace._proof_1))
                (Fin n) (fun (x : Fin n) => Real) fact_one_le_two_ennreal (Fin.fintype n) fun (i : Fin n) =>
                @NonUnitalSeminormedRing.toSeminormedAddCommGroup.{0} Real
                  (@NonUnitalSeminormedCommRing.toNonUnitalSeminormedRing.{0} Real
                    (@SeminormedCommRing.toNonUnitalSeminormedCommRing.{0} Real
                      (@NormedCommRing.toSeminormedCommRing.{0} Real Real.normedCommRing))))
              (@PiLp.innerProductSpace.{0, 0, 0} Real Real.instRCLike (Fin n) (Fin.fintype n) (fun (x : Fin n) => Real)
                (fun (i : Fin n) => Real.normedAddCommGroup) fun (i : Fin n) =>
                @RCLike.toInnerProductSpaceReal.{0} Real Real.instRCLike)
              (Fin m) (@NLA.KE04.column n m M)))))
    Bool.false
    (Lean.Name.num
      (Lean.Name.str
        (Lean.Name.str
          (Lean.Name.num
            (Lean.Name.str
              (Lean.Name.str
                (Lean.Name.str
                  (Lean.Name.num
                    (Lean.Name.num
                      (Lean.Name.num
                        (Lean.Name.num
                          (Lean.Name.num
                            (Lean.Name.num (Lean.Name.str Lean.Name.anonymous "Challenge")
                              (@OfNat.ofNat.{0} Nat (nat_lit 20) (instOfNatNat (nat_lit 20))))
                            (@OfNat.ofNat.{0} Nat (nat_lit 61) (instOfNatNat (nat_lit 61))))
                          (@OfNat.ofNat.{0} Nat (nat_lit 20) (instOfNatNat (nat_lit 20))))
                        (@OfNat.ofNat.{0} Nat (nat_lit 66) (instOfNatNat (nat_lit 66))))
                      (@OfNat.ofNat.{0} Nat (nat_lit 61) (instOfNatNat (nat_lit 61))))
                    (@OfNat.ofNat.{0} Nat (nat_lit 66) (instOfNatNat (nat_lit 66))))
                  "_sorry")
                "_@")
              "Challenge")
            (@OfNat.ofNat.{0} Nat (nat_lit 2273162893) (instOfNatNat (nat_lit 2273162893))))
          "_hygCtx")
        "_hyg")
      (@OfNat.ofNat.{0} Nat (nat_lit 89) (instOfNatNat (nat_lit 89))))
theorem NLA.KE04.krylov_range_semantics : ∀ {n p : Nat} (A : NLA.KE04.Mat n) (V : NLA.KE04.Rect n p) (ell : Nat),
  And
    (@Eq.{1}
      (@Submodule.{0, 0} Real (NLA.KE04.Vec n) Real.semiring
        (@AddCommGroup.toAddCommMonoid.{0} (NLA.KE04.Vec n)
          (@WithLp.instAddCommGroup.{0}
            (@OfNat.ofNat.{0} ENNReal (nat_lit 2)
              (@instOfNatAtLeastTwo.{0} ENNReal (nat_lit 2)
                (@AddMonoidWithOne.toNatCast.{0} ENNReal
                  (@AddCommMonoidWithOne.toAddMonoidWithOne.{0} ENNReal ENNReal.instAddCommMonoidWithOne))
                PiLp.innerProductSpace._proof_1))
            ((i : Fin n) → (fun (x : Fin n) => Real) i)
            (@Pi.addCommGroup.{0, 0} (Fin n) (fun (x : Fin n) => Real) fun (i : Fin n) => Real.instAddCommGroup)))
        (@WithLp.instModule.{0, 0}
          (@OfNat.ofNat.{0} ENNReal (nat_lit 2)
            (@instOfNatAtLeastTwo.{0} ENNReal (nat_lit 2)
              (@AddMonoidWithOne.toNatCast.{0} ENNReal
                (@AddCommMonoidWithOne.toAddMonoidWithOne.{0} ENNReal ENNReal.instAddCommMonoidWithOne))
              PiLp.innerProductSpace._proof_1))
          Real ((i : Fin n) → (fun (x : Fin n) => Real) i) Real.semiring
          (@Pi.addCommGroup.{0, 0} (Fin n) (fun (x : Fin n) => Real) fun (i : Fin n) => Real.instAddCommGroup)
          (@Pi.Function.module.{0, 0, 0} (Fin n) Real Real Real.semiring
            (@Semiring.toAddCommMonoid.{0} Real (@Ring.toSemiring.{0} Real Real.instRing))
            (@Semiring.toModule.{0} Real Real.semiring))))
      (@NLA.KE04.krylov n p A V ell)
      (@LinearMap.range.{0, 0, 0, 0} Real Real (Prod.{0, 0} (Fin ell) (Fin p) → Real) (NLA.KE04.Vec n) Real.semiring
        Real.semiring
        (@Pi.addCommMonoid.{0, 0} (Prod.{0, 0} (Fin ell) (Fin p)) (fun (a : Prod.{0, 0} (Fin ell) (Fin p)) => Real)
          fun (i : Prod.{0, 0} (Fin ell) (Fin p)) => Real.instAddCommMonoid)
        (@AddCommGroup.toAddCommMonoid.{0} (NLA.KE04.Vec n)
          (@WithLp.instAddCommGroup.{0}
            (@OfNat.ofNat.{0} ENNReal (nat_lit 2)
              (@instOfNatAtLeastTwo.{0} ENNReal (nat_lit 2)
                (@AddMonoidWithOne.toNatCast.{0} ENNReal
                  (@AddCommMonoidWithOne.toAddMonoidWithOne.{0} ENNReal ENNReal.instAddCommMonoidWithOne))
                PiLp.innerProductSpace._proof_1))
            ((i : Fin n) → (fun (x : Fin n) => Real) i)
            (@Pi.addCommGroup.{0, 0} (Fin n) (fun (x : Fin n) => Real) fun (i : Fin n) => Real.instAddCommGroup)))
        (@Pi.Function.module.{0, 0, 0} (Prod.{0, 0} (Fin ell) (Fin p)) Real Real Real.semiring Real.instAddCommMonoid
          (@Semiring.toModule.{0} Real Real.semiring))
        (@WithLp.instModule.{0, 0}
          (@OfNat.ofNat.{0} ENNReal (nat_lit 2)
            (@instOfNatAtLeastTwo.{0} ENNReal (nat_lit 2)
              (@AddMonoidWithOne.toNatCast.{0} ENNReal
                (@AddCommMonoidWithOne.toAddMonoidWithOne.{0} ENNReal ENNReal.instAddCommMonoidWithOne))
              PiLp.innerProductSpace._proof_1))
          Real ((i : Fin n) → (fun (x : Fin n) => Real) i) Real.semiring
          (@Pi.addCommGroup.{0, 0} (Fin n) (fun (x : Fin n) => Real) fun (i : Fin n) => Real.instAddCommGroup)
          (@Pi.Function.module.{0, 0, 0} (Fin n) Real Real Real.semiring
            (@Semiring.toAddCommMonoid.{0} Real (@Ring.toSemiring.{0} Real Real.instRing))
            (@Semiring.toModule.{0} Real Real.semiring)))
        (@RingHom.id.{0} Real (@Semiring.toNonAssocSemiring.{0} Real Real.semiring))
        (@RingHomSurjective.ids.{0} Real Real.semiring) (@NLA.KE04.krylovCombination n p A V ell)))
    (And
      (∀ (x : NLA.KE04.Vec n),
        Iff
          (@Membership.mem.{0, 0} (NLA.KE04.Vec n)
            (@Submodule.{0, 0} Real (NLA.KE04.Vec n) Real.semiring
              (@AddCommGroup.toAddCommMonoid.{0} (NLA.KE04.Vec n)
                (@WithLp.instAddCommGroup.{0}
                  (@OfNat.ofNat.{0} ENNReal (nat_lit 2)
                    (@instOfNatAtLeastTwo.{0} ENNReal (nat_lit 2)
                      (@AddMonoidWithOne.toNatCast.{0} ENNReal
                        (@AddCommMonoidWithOne.toAddMonoidWithOne.{0} ENNReal ENNReal.instAddCommMonoidWithOne))
                      PiLp.innerProductSpace._proof_1))
                  ((i : Fin n) → (fun (x : Fin n) => Real) i)
                  (@Pi.addCommGroup.{0, 0} (Fin n) (fun (x : Fin n) => Real) fun (i : Fin n) => Real.instAddCommGroup)))
              (@WithLp.instModule.{0, 0}
                (@OfNat.ofNat.{0} ENNReal (nat_lit 2)
                  (@instOfNatAtLeastTwo.{0} ENNReal (nat_lit 2)
                    (@AddMonoidWithOne.toNatCast.{0} ENNReal
                      (@AddCommMonoidWithOne.toAddMonoidWithOne.{0} ENNReal ENNReal.instAddCommMonoidWithOne))
                    PiLp.innerProductSpace._proof_1))
                Real ((i : Fin n) → (fun (x : Fin n) => Real) i) Real.semiring
                (@Pi.addCommGroup.{0, 0} (Fin n) (fun (x : Fin n) => Real) fun (i : Fin n) => Real.instAddCommGroup)
                (@Pi.Function.module.{0, 0, 0} (Fin n) Real Real Real.semiring
                  (@Semiring.toAddCommMonoid.{0} Real (@Ring.toSemiring.{0} Real Real.instRing))
                  (@Semiring.toModule.{0} Real Real.semiring))))
            (@SetLike.instMembership.{0, 0}
              (@Submodule.{0, 0} Real (NLA.KE04.Vec n) Real.semiring
                (@AddCommGroup.toAddCommMonoid.{0} (NLA.KE04.Vec n)
                  (@WithLp.instAddCommGroup.{0}
                    (@OfNat.ofNat.{0} ENNReal (nat_lit 2)
                      (@instOfNatAtLeastTwo.{0} ENNReal (nat_lit 2)
                        (@AddMonoidWithOne.toNatCast.{0} ENNReal
                          (@AddCommMonoidWithOne.toAddMonoidWithOne.{0} ENNReal ENNReal.instAddCommMonoidWithOne))
                        PiLp.innerProductSpace._proof_1))
                    ((i : Fin n) → (fun (x : Fin n) => Real) i)
                    (@Pi.addCommGroup.{0, 0} (Fin n) (fun (x : Fin n) => Real) fun (i : Fin n) =>
                      Real.instAddCommGroup)))
                (@WithLp.instModule.{0, 0}
                  (@OfNat.ofNat.{0} ENNReal (nat_lit 2)
                    (@instOfNatAtLeastTwo.{0} ENNReal (nat_lit 2)
                      (@AddMonoidWithOne.toNatCast.{0} ENNReal
                        (@AddCommMonoidWithOne.toAddMonoidWithOne.{0} ENNReal ENNReal.instAddCommMonoidWithOne))
                      PiLp.innerProductSpace._proof_1))
                  Real ((i : Fin n) → (fun (x : Fin n) => Real) i) Real.semiring
                  (@Pi.addCommGroup.{0, 0} (Fin n) (fun (x : Fin n) => Real) fun (i : Fin n) => Real.instAddCommGroup)
                  (@Pi.Function.module.{0, 0, 0} (Fin n) Real Real Real.semiring
                    (@Semiring.toAddCommMonoid.{0} Real (@Ring.toSemiring.{0} Real Real.instRing))
                    (@Semiring.toModule.{0} Real Real.semiring))))
              (NLA.KE04.Vec n)
              (@Submodule.setLike.{0, 0} Real (NLA.KE04.Vec n) Real.semiring
                (@AddCommGroup.toAddCommMonoid.{0} (NLA.KE04.Vec n)
                  (@WithLp.instAddCommGroup.{0}
                    (@OfNat.ofNat.{0} ENNReal (nat_lit 2)
                      (@instOfNatAtLeastTwo.{0} ENNReal (nat_lit 2)
                        (@AddMonoidWithOne.toNatCast.{0} ENNReal
                          (@AddCommMonoidWithOne.toAddMonoidWithOne.{0} ENNReal ENNReal.instAddCommMonoidWithOne))
                        PiLp.innerProductSpace._proof_1))
                    ((i : Fin n) → (fun (x : Fin n) => Real) i)
                    (@Pi.addCommGroup.{0, 0} (Fin n) (fun (x : Fin n) => Real) fun (i : Fin n) =>
                      Real.instAddCommGroup)))
                (@WithLp.instModule.{0, 0}
                  (@OfNat.ofNat.{0} ENNReal (nat_lit 2)
                    (@instOfNatAtLeastTwo.{0} ENNReal (nat_lit 2)
                      (@AddMonoidWithOne.toNatCast.{0} ENNReal
                        (@AddCommMonoidWithOne.toAddMonoidWithOne.{0} ENNReal ENNReal.instAddCommMonoidWithOne))
                      PiLp.innerProductSpace._proof_1))
                  Real ((i : Fin n) → (fun (x : Fin n) => Real) i) Real.semiring
                  (@Pi.addCommGroup.{0, 0} (Fin n) (fun (x : Fin n) => Real) fun (i : Fin n) => Real.instAddCommGroup)
                  (@Pi.Function.module.{0, 0, 0} (Fin n) Real Real Real.semiring
                    (@Semiring.toAddCommMonoid.{0} Real (@Ring.toSemiring.{0} Real Real.instRing))
                    (@Semiring.toModule.{0} Real Real.semiring)))))
            (@NLA.KE04.krylov n p A V ell) x)
          (@Exists.{1} (Prod.{0, 0} (Fin ell) (Fin p) → Real) fun (c : Prod.{0, 0} (Fin ell) (Fin p) → Real) =>
            @Eq.{1} (NLA.KE04.Vec n) x
              (@Finset.sum.{0, 0} (Prod.{0, 0} (Fin ell) (Fin p)) (NLA.KE04.Vec n)
                (@AddCommGroup.toAddCommMonoid.{0} (NLA.KE04.Vec n)
                  (@WithLp.instAddCommGroup.{0}
                    (@OfNat.ofNat.{0} ENNReal (nat_lit 2)
                      (@instOfNatAtLeastTwo.{0} ENNReal (nat_lit 2)
                        (@AddMonoidWithOne.toNatCast.{0} ENNReal
                          (@AddCommMonoidWithOne.toAddMonoidWithOne.{0} ENNReal ENNReal.instAddCommMonoidWithOne))
                        PiLp.innerProductSpace._proof_1))
                    ((i : Fin n) → (fun (x : Fin n) => Real) i)
                    (@Pi.addCommGroup.{0, 0} (Fin n) (fun (x : Fin n) => Real) fun (i : Fin n) =>
                      Real.instAddCommGroup)))
                (@Finset.univ.{0} (Prod.{0, 0} (Fin ell) (Fin p))
                  (@instFintypeProd.{0, 0} (Fin ell) (Fin p) (Fin.fintype ell) (Fin.fintype p)))
                fun (rc : Prod.{0, 0} (Fin ell) (Fin p)) =>
                @HSMul.hSMul.{0, 0, 0} Real (NLA.KE04.Vec n) (NLA.KE04.Vec n)
                  (@instHSMul.{0, 0} Real (NLA.KE04.Vec n)
                    (@WithLp.instSMul.{0, 0}
                      (@OfNat.ofNat.{0} ENNReal (nat_lit 2)
                        (@instOfNatAtLeastTwo.{0} ENNReal (nat_lit 2)
                          (@AddMonoidWithOne.toNatCast.{0} ENNReal
                            (@AddCommMonoidWithOne.toAddMonoidWithOne.{0} ENNReal ENNReal.instAddCommMonoidWithOne))
                          PiLp.innerProductSpace._proof_1))
                      Real ((i : Fin n) → (fun (x : Fin n) => Real) i)
                      (@Function.hasSMul.{0, 0, 0} (Fin n) Real Real (@instSMulOfMul.{0} Real Real.instMul))))
                  (c rc)
                  (@NLA.KE04.column n p
                    (@HMul.hMul.{0, 0, 0} (NLA.KE04.Mat n) (NLA.KE04.Rect n p) (Matrix.{0, 0, 0} (Fin n) (Fin p) Real)
                      (@Matrix.instHMulOfFintypeOfMulOfAddCommMonoid.{0, 0, 0, 0} (Fin n) (Fin n) (Fin p) Real
                        (Fin.fintype n) Real.instMul Real.instAddCommMonoid)
                      (@HPow.hPow.{0, 0, 0} (NLA.KE04.Mat n) Nat (NLA.KE04.Mat n)
                        (@instHPow.{0, 0} (NLA.KE04.Mat n) Nat
                          (@NPow.toPow.{0} (NLA.KE04.Mat n)
                            (@Monoid.toNPow.{0} (NLA.KE04.Mat n)
                              (@Semiring.toMonoid.{0} (NLA.KE04.Mat n)
                                (@Matrix.semiring.{0, 0} (Fin n) Real Real.semiring (Fin.fintype n)
                                  (instDecidableEqFin n))))))
                        A (@Fin.val ell (@Prod.fst.{0, 0} (Fin ell) (Fin p) rc)))
                      V)
                    (@Prod.snd.{0, 0} (Fin ell) (Fin p) rc)))))
      (@LE.le.{0} Nat instLENat
        (@Module.finrank.{0, 0} Real
          (@Subtype.{1} (NLA.KE04.Vec n) fun (x : NLA.KE04.Vec n) =>
            @Membership.mem.{0, 0} (NLA.KE04.Vec n)
              (@Submodule.{0, 0} Real (NLA.KE04.Vec n) Real.semiring
                (@AddCommGroup.toAddCommMonoid.{0} (NLA.KE04.Vec n)
                  (@WithLp.instAddCommGroup.{0}
                    (@OfNat.ofNat.{0} ENNReal (nat_lit 2)
                      (@instOfNatAtLeastTwo.{0} ENNReal (nat_lit 2)
                        (@AddMonoidWithOne.toNatCast.{0} ENNReal
                          (@AddCommMonoidWithOne.toAddMonoidWithOne.{0} ENNReal ENNReal.instAddCommMonoidWithOne))
                        PiLp.innerProductSpace._proof_1))
                    ((i : Fin n) → (fun (x : Fin n) => Real) i)
                    (@Pi.addCommGroup.{0, 0} (Fin n) (fun (x : Fin n) => Real) fun (i : Fin n) =>
                      Real.instAddCommGroup)))
                (@WithLp.instModule.{0, 0}
                  (@OfNat.ofNat.{0} ENNReal (nat_lit 2)
                    (@instOfNatAtLeastTwo.{0} ENNReal (nat_lit 2)
                      (@AddMonoidWithOne.toNatCast.{0} ENNReal
                        (@AddCommMonoidWithOne.toAddMonoidWithOne.{0} ENNReal ENNReal.instAddCommMonoidWithOne))
                      PiLp.innerProductSpace._proof_1))
                  Real ((i : Fin n) → (fun (x : Fin n) => Real) i) Real.semiring
                  (@Pi.addCommGroup.{0, 0} (Fin n) (fun (x : Fin n) => Real) fun (i : Fin n) => Real.instAddCommGroup)
                  (@Pi.Function.module.{0, 0, 0} (Fin n) Real Real Real.semiring
                    (@Semiring.toAddCommMonoid.{0} Real (@Ring.toSemiring.{0} Real Real.instRing))
                    (@Semiring.toModule.{0} Real Real.semiring))))
              (@SetLike.instMembership.{0, 0}
                (@Submodule.{0, 0} Real (NLA.KE04.Vec n) Real.semiring
                  (@AddCommGroup.toAddCommMonoid.{0} (NLA.KE04.Vec n)
                    (@WithLp.instAddCommGroup.{0}
                      (@OfNat.ofNat.{0} ENNReal (nat_lit 2)
                        (@instOfNatAtLeastTwo.{0} ENNReal (nat_lit 2)
                          (@AddMonoidWithOne.toNatCast.{0} ENNReal
                            (@AddCommMonoidWithOne.toAddMonoidWithOne.{0} ENNReal ENNReal.instAddCommMonoidWithOne))
                          PiLp.innerProductSpace._proof_1))
                      ((i : Fin n) → (fun (x : Fin n) => Real) i)
                      (@Pi.addCommGroup.{0, 0} (Fin n) (fun (x : Fin n) => Real) fun (i : Fin n) =>
                        Real.instAddCommGroup)))
                  (@WithLp.instModule.{0, 0}
                    (@OfNat.ofNat.{0} ENNReal (nat_lit 2)
                      (@instOfNatAtLeastTwo.{0} ENNReal (nat_lit 2)
                        (@AddMonoidWithOne.toNatCast.{0} ENNReal
                          (@AddCommMonoidWithOne.toAddMonoidWithOne.{0} ENNReal ENNReal.instAddCommMonoidWithOne))
                        PiLp.innerProductSpace._proof_1))
                    Real ((i : Fin n) → (fun (x : Fin n) => Real) i) Real.semiring
                    (@Pi.addCommGroup.{0, 0} (Fin n) (fun (x : Fin n) => Real) fun (i : Fin n) => Real.instAddCommGroup)
                    (@Pi.Function.module.{0, 0, 0} (Fin n) Real Real Real.semiring
                      (@Semiring.toAddCommMonoid.{0} Real (@Ring.toSemiring.{0} Real Real.instRing))
                      (@Semiring.toModule.{0} Real Real.semiring))))
                (NLA.KE04.Vec n)
                (@Submodule.setLike.{0, 0} Real (NLA.KE04.Vec n) Real.semiring
                  (@AddCommGroup.toAddCommMonoid.{0} (NLA.KE04.Vec n)
                    (@WithLp.instAddCommGroup.{0}
                      (@OfNat.ofNat.{0} ENNReal (nat_lit 2)
                        (@instOfNatAtLeastTwo.{0} ENNReal (nat_lit 2)
                          (@AddMonoidWithOne.toNatCast.{0} ENNReal
                            (@AddCommMonoidWithOne.toAddMonoidWithOne.{0} ENNReal ENNReal.instAddCommMonoidWithOne))
                          PiLp.innerProductSpace._proof_1))
                      ((i : Fin n) → (fun (x : Fin n) => Real) i)
                      (@Pi.addCommGroup.{0, 0} (Fin n) (fun (x : Fin n) => Real) fun (i : Fin n) =>
                        Real.instAddCommGroup)))
                  (@WithLp.instModule.{0, 0}
                    (@OfNat.ofNat.{0} ENNReal (nat_lit 2)
                      (@instOfNatAtLeastTwo.{0} ENNReal (nat_lit 2)
                        (@AddMonoidWithOne.toNatCast.{0} ENNReal
                          (@AddCommMonoidWithOne.toAddMonoidWithOne.{0} ENNReal ENNReal.instAddCommMonoidWithOne))
                        PiLp.innerProductSpace._proof_1))
                    Real ((i : Fin n) → (fun (x : Fin n) => Real) i) Real.semiring
                    (@Pi.addCommGroup.{0, 0} (Fin n) (fun (x : Fin n) => Real) fun (i : Fin n) => Real.instAddCommGroup)
                    (@Pi.Function.module.{0, 0, 0} (Fin n) Real Real Real.semiring
                      (@Semiring.toAddCommMonoid.{0} Real (@Ring.toSemiring.{0} Real Real.instRing))
                      (@Semiring.toModule.{0} Real Real.semiring)))))
              (@NLA.KE04.krylov n p A V ell) x)
          Real.semiring
          (@Submodule.addCommMonoid.{0, 0} Real (NLA.KE04.Vec n) Real.semiring
            (@AddCommGroup.toAddCommMonoid.{0} (NLA.KE04.Vec n)
              (@WithLp.instAddCommGroup.{0}
                (@OfNat.ofNat.{0} ENNReal (nat_lit 2)
                  (@instOfNatAtLeastTwo.{0} ENNReal (nat_lit 2)
                    (@AddMonoidWithOne.toNatCast.{0} ENNReal
                      (@AddCommMonoidWithOne.toAddMonoidWithOne.{0} ENNReal ENNReal.instAddCommMonoidWithOne))
                    PiLp.innerProductSpace._proof_1))
                ((i : Fin n) → (fun (x : Fin n) => Real) i)
                (@Pi.addCommGroup.{0, 0} (Fin n) (fun (x : Fin n) => Real) fun (i : Fin n) => Real.instAddCommGroup)))
            (@WithLp.instModule.{0, 0}
              (@OfNat.ofNat.{0} ENNReal (nat_lit 2)
                (@instOfNatAtLeastTwo.{0} ENNReal (nat_lit 2)
                  (@AddMonoidWithOne.toNatCast.{0} ENNReal
                    (@AddCommMonoidWithOne.toAddMonoidWithOne.{0} ENNReal ENNReal.instAddCommMonoidWithOne))
                  PiLp.innerProductSpace._proof_1))
              Real ((i : Fin n) → (fun (x : Fin n) => Real) i) Real.semiring
              (@Pi.addCommGroup.{0, 0} (Fin n) (fun (x : Fin n) => Real) fun (i : Fin n) => Real.instAddCommGroup)
              (@Pi.Function.module.{0, 0, 0} (Fin n) Real Real Real.semiring
                (@Semiring.toAddCommMonoid.{0} Real (@Ring.toSemiring.{0} Real Real.instRing))
                (@Semiring.toModule.{0} Real Real.semiring)))
            (@NLA.KE04.krylov n p A V ell))
          (@Submodule.module.{0, 0} Real (NLA.KE04.Vec n) Real.semiring
            (@AddCommGroup.toAddCommMonoid.{0} (NLA.KE04.Vec n)
              (@WithLp.instAddCommGroup.{0}
                (@OfNat.ofNat.{0} ENNReal (nat_lit 2)
                  (@instOfNatAtLeastTwo.{0} ENNReal (nat_lit 2)
                    (@AddMonoidWithOne.toNatCast.{0} ENNReal
                      (@AddCommMonoidWithOne.toAddMonoidWithOne.{0} ENNReal ENNReal.instAddCommMonoidWithOne))
                    PiLp.innerProductSpace._proof_1))
                ((i : Fin n) → (fun (x : Fin n) => Real) i)
                (@Pi.addCommGroup.{0, 0} (Fin n) (fun (x : Fin n) => Real) fun (i : Fin n) => Real.instAddCommGroup)))
            (@WithLp.instModule.{0, 0}
              (@OfNat.ofNat.{0} ENNReal (nat_lit 2)
                (@instOfNatAtLeastTwo.{0} ENNReal (nat_lit 2)
                  (@AddMonoidWithOne.toNatCast.{0} ENNReal
                    (@AddCommMonoidWithOne.toAddMonoidWithOne.{0} ENNReal ENNReal.instAddCommMonoidWithOne))
                  PiLp.innerProductSpace._proof_1))
              Real ((i : Fin n) → (fun (x : Fin n) => Real) i) Real.semiring
              (@Pi.addCommGroup.{0, 0} (Fin n) (fun (x : Fin n) => Real) fun (i : Fin n) => Real.instAddCommGroup)
              (@Pi.Function.module.{0, 0, 0} (Fin n) Real Real Real.semiring
                (@Semiring.toAddCommMonoid.{0} Real (@Ring.toSemiring.{0} Real Real.instRing))
                (@Semiring.toModule.{0} Real Real.semiring)))
            (@NLA.KE04.krylov n p A V ell)))
        (@HMul.hMul.{0, 0, 0} Nat Nat Nat (@instHMul.{0} Nat instMulNat) ell p))) :=
fun {n p : Nat} (A : NLA.KE04.Mat n) (V : NLA.KE04.Rect n p) (ell : Nat) =>
  sorryAx.{0}
    (∀ (tag : Lean.Name),
      And
        (@Eq.{1}
          (@Submodule.{0, 0} Real (NLA.KE04.Vec n) Real.semiring
            (@AddCommGroup.toAddCommMonoid.{0} (NLA.KE04.Vec n)
              (@WithLp.instAddCommGroup.{0}
                (@OfNat.ofNat.{0} ENNReal (nat_lit 2)
                  (@instOfNatAtLeastTwo.{0} ENNReal (nat_lit 2)
                    (@AddMonoidWithOne.toNatCast.{0} ENNReal
                      (@AddCommMonoidWithOne.toAddMonoidWithOne.{0} ENNReal ENNReal.instAddCommMonoidWithOne))
                    PiLp.innerProductSpace._proof_1))
                ((i : Fin n) → (fun (x : Fin n) => Real) i)
                (@Pi.addCommGroup.{0, 0} (Fin n) (fun (x : Fin n) => Real) fun (i : Fin n) => Real.instAddCommGroup)))
            (@WithLp.instModule.{0, 0}
              (@OfNat.ofNat.{0} ENNReal (nat_lit 2)
                (@instOfNatAtLeastTwo.{0} ENNReal (nat_lit 2)
                  (@AddMonoidWithOne.toNatCast.{0} ENNReal
                    (@AddCommMonoidWithOne.toAddMonoidWithOne.{0} ENNReal ENNReal.instAddCommMonoidWithOne))
                  PiLp.innerProductSpace._proof_1))
              Real ((i : Fin n) → (fun (x : Fin n) => Real) i) Real.semiring
              (@Pi.addCommGroup.{0, 0} (Fin n) (fun (x : Fin n) => Real) fun (i : Fin n) => Real.instAddCommGroup)
              (@Pi.Function.module.{0, 0, 0} (Fin n) Real Real Real.semiring
                (@Semiring.toAddCommMonoid.{0} Real (@Ring.toSemiring.{0} Real Real.instRing))
                (@Semiring.toModule.{0} Real Real.semiring))))
          (@NLA.KE04.krylov n p A V ell)
          (@LinearMap.range.{0, 0, 0, 0} Real Real (Prod.{0, 0} (Fin ell) (Fin p) → Real) (NLA.KE04.Vec n) Real.semiring
            Real.semiring
            (@Pi.addCommMonoid.{0, 0} (Prod.{0, 0} (Fin ell) (Fin p)) (fun (a : Prod.{0, 0} (Fin ell) (Fin p)) => Real)
              fun (i : Prod.{0, 0} (Fin ell) (Fin p)) => Real.instAddCommMonoid)
            (@AddCommGroup.toAddCommMonoid.{0} (NLA.KE04.Vec n)
              (@WithLp.instAddCommGroup.{0}
                (@OfNat.ofNat.{0} ENNReal (nat_lit 2)
                  (@instOfNatAtLeastTwo.{0} ENNReal (nat_lit 2)
                    (@AddMonoidWithOne.toNatCast.{0} ENNReal
                      (@AddCommMonoidWithOne.toAddMonoidWithOne.{0} ENNReal ENNReal.instAddCommMonoidWithOne))
                    PiLp.innerProductSpace._proof_1))
                ((i : Fin n) → (fun (x : Fin n) => Real) i)
                (@Pi.addCommGroup.{0, 0} (Fin n) (fun (x : Fin n) => Real) fun (i : Fin n) => Real.instAddCommGroup)))
            (@Pi.Function.module.{0, 0, 0} (Prod.{0, 0} (Fin ell) (Fin p)) Real Real Real.semiring
              Real.instAddCommMonoid (@Semiring.toModule.{0} Real Real.semiring))
            (@WithLp.instModule.{0, 0}
              (@OfNat.ofNat.{0} ENNReal (nat_lit 2)
                (@instOfNatAtLeastTwo.{0} ENNReal (nat_lit 2)
                  (@AddMonoidWithOne.toNatCast.{0} ENNReal
                    (@AddCommMonoidWithOne.toAddMonoidWithOne.{0} ENNReal ENNReal.instAddCommMonoidWithOne))
                  PiLp.innerProductSpace._proof_1))
              Real ((i : Fin n) → (fun (x : Fin n) => Real) i) Real.semiring
              (@Pi.addCommGroup.{0, 0} (Fin n) (fun (x : Fin n) => Real) fun (i : Fin n) => Real.instAddCommGroup)
              (@Pi.Function.module.{0, 0, 0} (Fin n) Real Real Real.semiring
                (@Semiring.toAddCommMonoid.{0} Real (@Ring.toSemiring.{0} Real Real.instRing))
                (@Semiring.toModule.{0} Real Real.semiring)))
            (@RingHom.id.{0} Real (@Semiring.toNonAssocSemiring.{0} Real Real.semiring))
            (@RingHomSurjective.ids.{0} Real Real.semiring) (@NLA.KE04.krylovCombination n p A V ell)))
        (And
          (∀ (x : NLA.KE04.Vec n),
            Iff
              (@Membership.mem.{0, 0} (NLA.KE04.Vec n)
                (@Submodule.{0, 0} Real (NLA.KE04.Vec n) Real.semiring
                  (@AddCommGroup.toAddCommMonoid.{0} (NLA.KE04.Vec n)
                    (@WithLp.instAddCommGroup.{0}
                      (@OfNat.ofNat.{0} ENNReal (nat_lit 2)
                        (@instOfNatAtLeastTwo.{0} ENNReal (nat_lit 2)
                          (@AddMonoidWithOne.toNatCast.{0} ENNReal
                            (@AddCommMonoidWithOne.toAddMonoidWithOne.{0} ENNReal ENNReal.instAddCommMonoidWithOne))
                          PiLp.innerProductSpace._proof_1))
                      ((i : Fin n) → (fun (x : Fin n) => Real) i)
                      (@Pi.addCommGroup.{0, 0} (Fin n) (fun (x : Fin n) => Real) fun (i : Fin n) =>
                        Real.instAddCommGroup)))
                  (@WithLp.instModule.{0, 0}
                    (@OfNat.ofNat.{0} ENNReal (nat_lit 2)
                      (@instOfNatAtLeastTwo.{0} ENNReal (nat_lit 2)
                        (@AddMonoidWithOne.toNatCast.{0} ENNReal
                          (@AddCommMonoidWithOne.toAddMonoidWithOne.{0} ENNReal ENNReal.instAddCommMonoidWithOne))
                        PiLp.innerProductSpace._proof_1))
                    Real ((i : Fin n) → (fun (x : Fin n) => Real) i) Real.semiring
                    (@Pi.addCommGroup.{0, 0} (Fin n) (fun (x : Fin n) => Real) fun (i : Fin n) => Real.instAddCommGroup)
                    (@Pi.Function.module.{0, 0, 0} (Fin n) Real Real Real.semiring
                      (@Semiring.toAddCommMonoid.{0} Real (@Ring.toSemiring.{0} Real Real.instRing))
                      (@Semiring.toModule.{0} Real Real.semiring))))
                (@SetLike.instMembership.{0, 0}
                  (@Submodule.{0, 0} Real (NLA.KE04.Vec n) Real.semiring
                    (@AddCommGroup.toAddCommMonoid.{0} (NLA.KE04.Vec n)
                      (@WithLp.instAddCommGroup.{0}
                        (@OfNat.ofNat.{0} ENNReal (nat_lit 2)
                          (@instOfNatAtLeastTwo.{0} ENNReal (nat_lit 2)
                            (@AddMonoidWithOne.toNatCast.{0} ENNReal
                              (@AddCommMonoidWithOne.toAddMonoidWithOne.{0} ENNReal ENNReal.instAddCommMonoidWithOne))
                            PiLp.innerProductSpace._proof_1))
                        ((i : Fin n) → (fun (x : Fin n) => Real) i)
                        (@Pi.addCommGroup.{0, 0} (Fin n) (fun (x : Fin n) => Real) fun (i : Fin n) =>
                          Real.instAddCommGroup)))
                    (@WithLp.instModule.{0, 0}
                      (@OfNat.ofNat.{0} ENNReal (nat_lit 2)
                        (@instOfNatAtLeastTwo.{0} ENNReal (nat_lit 2)
                          (@AddMonoidWithOne.toNatCast.{0} ENNReal
                            (@AddCommMonoidWithOne.toAddMonoidWithOne.{0} ENNReal ENNReal.instAddCommMonoidWithOne))
                          PiLp.innerProductSpace._proof_1))
                      Real ((i : Fin n) → (fun (x : Fin n) => Real) i) Real.semiring
                      (@Pi.addCommGroup.{0, 0} (Fin n) (fun (x : Fin n) => Real) fun (i : Fin n) =>
                        Real.instAddCommGroup)
                      (@Pi.Function.module.{0, 0, 0} (Fin n) Real Real Real.semiring
                        (@Semiring.toAddCommMonoid.{0} Real (@Ring.toSemiring.{0} Real Real.instRing))
                        (@Semiring.toModule.{0} Real Real.semiring))))
                  (NLA.KE04.Vec n)
                  (@Submodule.setLike.{0, 0} Real (NLA.KE04.Vec n) Real.semiring
                    (@AddCommGroup.toAddCommMonoid.{0} (NLA.KE04.Vec n)
                      (@WithLp.instAddCommGroup.{0}
                        (@OfNat.ofNat.{0} ENNReal (nat_lit 2)
                          (@instOfNatAtLeastTwo.{0} ENNReal (nat_lit 2)
                            (@AddMonoidWithOne.toNatCast.{0} ENNReal
                              (@AddCommMonoidWithOne.toAddMonoidWithOne.{0} ENNReal ENNReal.instAddCommMonoidWithOne))
                            PiLp.innerProductSpace._proof_1))
                        ((i : Fin n) → (fun (x : Fin n) => Real) i)
                        (@Pi.addCommGroup.{0, 0} (Fin n) (fun (x : Fin n) => Real) fun (i : Fin n) =>
                          Real.instAddCommGroup)))
                    (@WithLp.instModule.{0, 0}
                      (@OfNat.ofNat.{0} ENNReal (nat_lit 2)
                        (@instOfNatAtLeastTwo.{0} ENNReal (nat_lit 2)
                          (@AddMonoidWithOne.toNatCast.{0} ENNReal
                            (@AddCommMonoidWithOne.toAddMonoidWithOne.{0} ENNReal ENNReal.instAddCommMonoidWithOne))
                          PiLp.innerProductSpace._proof_1))
                      Real ((i : Fin n) → (fun (x : Fin n) => Real) i) Real.semiring
                      (@Pi.addCommGroup.{0, 0} (Fin n) (fun (x : Fin n) => Real) fun (i : Fin n) =>
                        Real.instAddCommGroup)
                      (@Pi.Function.module.{0, 0, 0} (Fin n) Real Real Real.semiring
                        (@Semiring.toAddCommMonoid.{0} Real (@Ring.toSemiring.{0} Real Real.instRing))
                        (@Semiring.toModule.{0} Real Real.semiring)))))
                (@NLA.KE04.krylov n p A V ell) x)
              (@Exists.{1} (Prod.{0, 0} (Fin ell) (Fin p) → Real) fun (c : Prod.{0, 0} (Fin ell) (Fin p) → Real) =>
                @Eq.{1} (NLA.KE04.Vec n) x
                  (@Finset.sum.{0, 0} (Prod.{0, 0} (Fin ell) (Fin p)) (NLA.KE04.Vec n)
                    (@AddCommGroup.toAddCommMonoid.{0} (NLA.KE04.Vec n)
                      (@WithLp.instAddCommGroup.{0}
                        (@OfNat.ofNat.{0} ENNReal (nat_lit 2)
                          (@instOfNatAtLeastTwo.{0} ENNReal (nat_lit 2)
                            (@AddMonoidWithOne.toNatCast.{0} ENNReal
                              (@AddCommMonoidWithOne.toAddMonoidWithOne.{0} ENNReal ENNReal.instAddCommMonoidWithOne))
                            PiLp.innerProductSpace._proof_1))
                        ((i : Fin n) → (fun (x : Fin n) => Real) i)
                        (@Pi.addCommGroup.{0, 0} (Fin n) (fun (x : Fin n) => Real) fun (i : Fin n) =>
                          Real.instAddCommGroup)))
                    (@Finset.univ.{0} (Prod.{0, 0} (Fin ell) (Fin p))
                      (@instFintypeProd.{0, 0} (Fin ell) (Fin p) (Fin.fintype ell) (Fin.fintype p)))
                    fun (rc : Prod.{0, 0} (Fin ell) (Fin p)) =>
                    @HSMul.hSMul.{0, 0, 0} Real (NLA.KE04.Vec n) (NLA.KE04.Vec n)
                      (@instHSMul.{0, 0} Real (NLA.KE04.Vec n)
                        (@WithLp.instSMul.{0, 0}
                          (@OfNat.ofNat.{0} ENNReal (nat_lit 2)
                            (@instOfNatAtLeastTwo.{0} ENNReal (nat_lit 2)
                              (@AddMonoidWithOne.toNatCast.{0} ENNReal
                                (@AddCommMonoidWithOne.toAddMonoidWithOne.{0} ENNReal ENNReal.instAddCommMonoidWithOne))
                              PiLp.innerProductSpace._proof_1))
                          Real ((i : Fin n) → (fun (x : Fin n) => Real) i)
                          (@Function.hasSMul.{0, 0, 0} (Fin n) Real Real (@instSMulOfMul.{0} Real Real.instMul))))
                      (c rc)
                      (@NLA.KE04.column n p
                        (@HMul.hMul.{0, 0, 0} (NLA.KE04.Mat n) (NLA.KE04.Rect n p)
                          (Matrix.{0, 0, 0} (Fin n) (Fin p) Real)
                          (@Matrix.instHMulOfFintypeOfMulOfAddCommMonoid.{0, 0, 0, 0} (Fin n) (Fin n) (Fin p) Real
                            (Fin.fintype n) Real.instMul Real.instAddCommMonoid)
                          (@HPow.hPow.{0, 0, 0} (NLA.KE04.Mat n) Nat (NLA.KE04.Mat n)
                            (@instHPow.{0, 0} (NLA.KE04.Mat n) Nat
                              (@NPow.toPow.{0} (NLA.KE04.Mat n)
                                (@Monoid.toNPow.{0} (NLA.KE04.Mat n)
                                  (@Semiring.toMonoid.{0} (NLA.KE04.Mat n)
                                    (@Matrix.semiring.{0, 0} (Fin n) Real Real.semiring (Fin.fintype n)
                                      (instDecidableEqFin n))))))
                            A (@Fin.val ell (@Prod.fst.{0, 0} (Fin ell) (Fin p) rc)))
                          V)
                        (@Prod.snd.{0, 0} (Fin ell) (Fin p) rc)))))
          (@LE.le.{0} Nat instLENat
            (@Module.finrank.{0, 0} Real
              (@Subtype.{1} (NLA.KE04.Vec n) fun (x : NLA.KE04.Vec n) =>
                @Membership.mem.{0, 0} (NLA.KE04.Vec n)
                  (@Submodule.{0, 0} Real (NLA.KE04.Vec n) Real.semiring
                    (@AddCommGroup.toAddCommMonoid.{0} (NLA.KE04.Vec n)
                      (@WithLp.instAddCommGroup.{0}
                        (@OfNat.ofNat.{0} ENNReal (nat_lit 2)
                          (@instOfNatAtLeastTwo.{0} ENNReal (nat_lit 2)
                            (@AddMonoidWithOne.toNatCast.{0} ENNReal
                              (@AddCommMonoidWithOne.toAddMonoidWithOne.{0} ENNReal ENNReal.instAddCommMonoidWithOne))
                            PiLp.innerProductSpace._proof_1))
                        ((i : Fin n) → (fun (x : Fin n) => Real) i)
                        (@Pi.addCommGroup.{0, 0} (Fin n) (fun (x : Fin n) => Real) fun (i : Fin n) =>
                          Real.instAddCommGroup)))
                    (@WithLp.instModule.{0, 0}
                      (@OfNat.ofNat.{0} ENNReal (nat_lit 2)
                        (@instOfNatAtLeastTwo.{0} ENNReal (nat_lit 2)
                          (@AddMonoidWithOne.toNatCast.{0} ENNReal
                            (@AddCommMonoidWithOne.toAddMonoidWithOne.{0} ENNReal ENNReal.instAddCommMonoidWithOne))
                          PiLp.innerProductSpace._proof_1))
                      Real ((i : Fin n) → (fun (x : Fin n) => Real) i) Real.semiring
                      (@Pi.addCommGroup.{0, 0} (Fin n) (fun (x : Fin n) => Real) fun (i : Fin n) =>
                        Real.instAddCommGroup)
                      (@Pi.Function.module.{0, 0, 0} (Fin n) Real Real Real.semiring
                        (@Semiring.toAddCommMonoid.{0} Real (@Ring.toSemiring.{0} Real Real.instRing))
                        (@Semiring.toModule.{0} Real Real.semiring))))
                  (@SetLike.instMembership.{0, 0}
                    (@Submodule.{0, 0} Real (NLA.KE04.Vec n) Real.semiring
                      (@AddCommGroup.toAddCommMonoid.{0} (NLA.KE04.Vec n)
                        (@WithLp.instAddCommGroup.{0}
                          (@OfNat.ofNat.{0} ENNReal (nat_lit 2)
                            (@instOfNatAtLeastTwo.{0} ENNReal (nat_lit 2)
                              (@AddMonoidWithOne.toNatCast.{0} ENNReal
                                (@AddCommMonoidWithOne.toAddMonoidWithOne.{0} ENNReal ENNReal.instAddCommMonoidWithOne))
                              PiLp.innerProductSpace._proof_1))
                          ((i : Fin n) → (fun (x : Fin n) => Real) i)
                          (@Pi.addCommGroup.{0, 0} (Fin n) (fun (x : Fin n) => Real) fun (i : Fin n) =>
                            Real.instAddCommGroup)))
                      (@WithLp.instModule.{0, 0}
                        (@OfNat.ofNat.{0} ENNReal (nat_lit 2)
                          (@instOfNatAtLeastTwo.{0} ENNReal (nat_lit 2)
                            (@AddMonoidWithOne.toNatCast.{0} ENNReal
                              (@AddCommMonoidWithOne.toAddMonoidWithOne.{0} ENNReal ENNReal.instAddCommMonoidWithOne))
                            PiLp.innerProductSpace._proof_1))
                        Real ((i : Fin n) → (fun (x : Fin n) => Real) i) Real.semiring
                        (@Pi.addCommGroup.{0, 0} (Fin n) (fun (x : Fin n) => Real) fun (i : Fin n) =>
                          Real.instAddCommGroup)
                        (@Pi.Function.module.{0, 0, 0} (Fin n) Real Real Real.semiring
                          (@Semiring.toAddCommMonoid.{0} Real (@Ring.toSemiring.{0} Real Real.instRing))
                          (@Semiring.toModule.{0} Real Real.semiring))))
                    (NLA.KE04.Vec n)
                    (@Submodule.setLike.{0, 0} Real (NLA.KE04.Vec n) Real.semiring
                      (@AddCommGroup.toAddCommMonoid.{0} (NLA.KE04.Vec n)
                        (@WithLp.instAddCommGroup.{0}
                          (@OfNat.ofNat.{0} ENNReal (nat_lit 2)
                            (@instOfNatAtLeastTwo.{0} ENNReal (nat_lit 2)
                              (@AddMonoidWithOne.toNatCast.{0} ENNReal
                                (@AddCommMonoidWithOne.toAddMonoidWithOne.{0} ENNReal ENNReal.instAddCommMonoidWithOne))
                              PiLp.innerProductSpace._proof_1))
                          ((i : Fin n) → (fun (x : Fin n) => Real) i)
                          (@Pi.addCommGroup.{0, 0} (Fin n) (fun (x : Fin n) => Real) fun (i : Fin n) =>
                            Real.instAddCommGroup)))
                      (@WithLp.instModule.{0, 0}
                        (@OfNat.ofNat.{0} ENNReal (nat_lit 2)
                          (@instOfNatAtLeastTwo.{0} ENNReal (nat_lit 2)
                            (@AddMonoidWithOne.toNatCast.{0} ENNReal
                              (@AddCommMonoidWithOne.toAddMonoidWithOne.{0} ENNReal ENNReal.instAddCommMonoidWithOne))
                            PiLp.innerProductSpace._proof_1))
                        Real ((i : Fin n) → (fun (x : Fin n) => Real) i) Real.semiring
                        (@Pi.addCommGroup.{0, 0} (Fin n) (fun (x : Fin n) => Real) fun (i : Fin n) =>
                          Real.instAddCommGroup)
                        (@Pi.Function.module.{0, 0, 0} (Fin n) Real Real Real.semiring
                          (@Semiring.toAddCommMonoid.{0} Real (@Ring.toSemiring.{0} Real Real.instRing))
                          (@Semiring.toModule.{0} Real Real.semiring)))))
                  (@NLA.KE04.krylov n p A V ell) x)
              Real.semiring
              (@Submodule.addCommMonoid.{0, 0} Real (NLA.KE04.Vec n) Real.semiring
                (@AddCommGroup.toAddCommMonoid.{0} (NLA.KE04.Vec n)
                  (@WithLp.instAddCommGroup.{0}
                    (@OfNat.ofNat.{0} ENNReal (nat_lit 2)
                      (@instOfNatAtLeastTwo.{0} ENNReal (nat_lit 2)
                        (@AddMonoidWithOne.toNatCast.{0} ENNReal
                          (@AddCommMonoidWithOne.toAddMonoidWithOne.{0} ENNReal ENNReal.instAddCommMonoidWithOne))
                        PiLp.innerProductSpace._proof_1))
                    ((i : Fin n) → (fun (x : Fin n) => Real) i)
                    (@Pi.addCommGroup.{0, 0} (Fin n) (fun (x : Fin n) => Real) fun (i : Fin n) =>
                      Real.instAddCommGroup)))
                (@WithLp.instModule.{0, 0}
                  (@OfNat.ofNat.{0} ENNReal (nat_lit 2)
                    (@instOfNatAtLeastTwo.{0} ENNReal (nat_lit 2)
                      (@AddMonoidWithOne.toNatCast.{0} ENNReal
                        (@AddCommMonoidWithOne.toAddMonoidWithOne.{0} ENNReal ENNReal.instAddCommMonoidWithOne))
                      PiLp.innerProductSpace._proof_1))
                  Real ((i : Fin n) → (fun (x : Fin n) => Real) i) Real.semiring
                  (@Pi.addCommGroup.{0, 0} (Fin n) (fun (x : Fin n) => Real) fun (i : Fin n) => Real.instAddCommGroup)
                  (@Pi.Function.module.{0, 0, 0} (Fin n) Real Real Real.semiring
                    (@Semiring.toAddCommMonoid.{0} Real (@Ring.toSemiring.{0} Real Real.instRing))
                    (@Semiring.toModule.{0} Real Real.semiring)))
                (@NLA.KE04.krylov n p A V ell))
              (@Submodule.module.{0, 0} Real (NLA.KE04.Vec n) Real.semiring
                (@AddCommGroup.toAddCommMonoid.{0} (NLA.KE04.Vec n)
                  (@WithLp.instAddCommGroup.{0}
                    (@OfNat.ofNat.{0} ENNReal (nat_lit 2)
                      (@instOfNatAtLeastTwo.{0} ENNReal (nat_lit 2)
                        (@AddMonoidWithOne.toNatCast.{0} ENNReal
                          (@AddCommMonoidWithOne.toAddMonoidWithOne.{0} ENNReal ENNReal.instAddCommMonoidWithOne))
                        PiLp.innerProductSpace._proof_1))
                    ((i : Fin n) → (fun (x : Fin n) => Real) i)
                    (@Pi.addCommGroup.{0, 0} (Fin n) (fun (x : Fin n) => Real) fun (i : Fin n) =>
                      Real.instAddCommGroup)))
                (@WithLp.instModule.{0, 0}
                  (@OfNat.ofNat.{0} ENNReal (nat_lit 2)
                    (@instOfNatAtLeastTwo.{0} ENNReal (nat_lit 2)
                      (@AddMonoidWithOne.toNatCast.{0} ENNReal
                        (@AddCommMonoidWithOne.toAddMonoidWithOne.{0} ENNReal ENNReal.instAddCommMonoidWithOne))
                      PiLp.innerProductSpace._proof_1))
                  Real ((i : Fin n) → (fun (x : Fin n) => Real) i) Real.semiring
                  (@Pi.addCommGroup.{0, 0} (Fin n) (fun (x : Fin n) => Real) fun (i : Fin n) => Real.instAddCommGroup)
                  (@Pi.Function.module.{0, 0, 0} (Fin n) Real Real Real.semiring
                    (@Semiring.toAddCommMonoid.{0} Real (@Ring.toSemiring.{0} Real Real.instRing))
                    (@Semiring.toModule.{0} Real Real.semiring)))
                (@NLA.KE04.krylov n p A V ell)))
            (@HMul.hMul.{0, 0, 0} Nat Nat Nat (@instHMul.{0} Nat instMulNat) ell p))))
    Bool.false
    (Lean.Name.num
      (Lean.Name.str
        (Lean.Name.str
          (Lean.Name.num
            (Lean.Name.str
              (Lean.Name.str
                (Lean.Name.str
                  (Lean.Name.num
                    (Lean.Name.num
                      (Lean.Name.num
                        (Lean.Name.num
                          (Lean.Name.num
                            (Lean.Name.num (Lean.Name.str Lean.Name.anonymous "Challenge")
                              (@OfNat.ofNat.{0} Nat (nat_lit 27) (instOfNatNat (nat_lit 27))))
                            (@OfNat.ofNat.{0} Nat (nat_lit 56) (instOfNatNat (nat_lit 56))))
                          (@OfNat.ofNat.{0} Nat (nat_lit 27) (instOfNatNat (nat_lit 27))))
                        (@OfNat.ofNat.{0} Nat (nat_lit 61) (instOfNatNat (nat_lit 61))))
                      (@OfNat.ofNat.{0} Nat (nat_lit 56) (instOfNatNat (nat_lit 56))))
                    (@OfNat.ofNat.{0} Nat (nat_lit 61) (instOfNatNat (nat_lit 61))))
                  "_sorry")
                "_@")
              "Challenge")
            (@OfNat.ofNat.{0} Nat (nat_lit 128082451) (instOfNatNat (nat_lit 128082451))))
          "_hygCtx")
        "_hyg")
      (@OfNat.ofNat.{0} Nat (nat_lit 120) (instOfNatNat (nat_lit 120))))
theorem NLA.KE04.krylov_nesting_and_shift : ∀ {n p : Nat} (A : NLA.KE04.Mat n) (V : NLA.KE04.Rect n p),
  And
    (@Eq.{1}
      (@Submodule.{0, 0} Real (NLA.KE04.Vec n) Real.semiring
        (@AddCommGroup.toAddCommMonoid.{0} (NLA.KE04.Vec n)
          (@WithLp.instAddCommGroup.{0}
            (@OfNat.ofNat.{0} ENNReal (nat_lit 2)
              (@instOfNatAtLeastTwo.{0} ENNReal (nat_lit 2)
                (@AddMonoidWithOne.toNatCast.{0} ENNReal
                  (@AddCommMonoidWithOne.toAddMonoidWithOne.{0} ENNReal ENNReal.instAddCommMonoidWithOne))
                PiLp.innerProductSpace._proof_1))
            ((i : Fin n) → (fun (x : Fin n) => Real) i)
            (@Pi.addCommGroup.{0, 0} (Fin n) (fun (x : Fin n) => Real) fun (i : Fin n) => Real.instAddCommGroup)))
        (@WithLp.instModule.{0, 0}
          (@OfNat.ofNat.{0} ENNReal (nat_lit 2)
            (@instOfNatAtLeastTwo.{0} ENNReal (nat_lit 2)
              (@AddMonoidWithOne.toNatCast.{0} ENNReal
                (@AddCommMonoidWithOne.toAddMonoidWithOne.{0} ENNReal ENNReal.instAddCommMonoidWithOne))
              PiLp.innerProductSpace._proof_1))
          Real ((i : Fin n) → (fun (x : Fin n) => Real) i) Real.semiring
          (@Pi.addCommGroup.{0, 0} (Fin n) (fun (x : Fin n) => Real) fun (i : Fin n) => Real.instAddCommGroup)
          (@Pi.Function.module.{0, 0, 0} (Fin n) Real Real Real.semiring
            (@Semiring.toAddCommMonoid.{0} Real (@Ring.toSemiring.{0} Real Real.instRing))
            (@Semiring.toModule.{0} Real Real.semiring))))
      (@NLA.KE04.krylov n p A V (@OfNat.ofNat.{0} Nat (nat_lit 0) (instOfNatNat (nat_lit 0))))
      (@Bot.bot.{0}
        (@Submodule.{0, 0} Real (NLA.KE04.Vec n) Real.semiring
          (@AddCommGroup.toAddCommMonoid.{0} (NLA.KE04.Vec n)
            (@WithLp.instAddCommGroup.{0}
              (@OfNat.ofNat.{0} ENNReal (nat_lit 2)
                (@instOfNatAtLeastTwo.{0} ENNReal (nat_lit 2)
                  (@AddMonoidWithOne.toNatCast.{0} ENNReal
                    (@AddCommMonoidWithOne.toAddMonoidWithOne.{0} ENNReal ENNReal.instAddCommMonoidWithOne))
                  PiLp.innerProductSpace._proof_1))
              ((i : Fin n) → (fun (x : Fin n) => Real) i)
              (@Pi.addCommGroup.{0, 0} (Fin n) (fun (x : Fin n) => Real) fun (i : Fin n) => Real.instAddCommGroup)))
          (@WithLp.instModule.{0, 0}
            (@OfNat.ofNat.{0} ENNReal (nat_lit 2)
              (@instOfNatAtLeastTwo.{0} ENNReal (nat_lit 2)
                (@AddMonoidWithOne.toNatCast.{0} ENNReal
                  (@AddCommMonoidWithOne.toAddMonoidWithOne.{0} ENNReal ENNReal.instAddCommMonoidWithOne))
                PiLp.innerProductSpace._proof_1))
            Real ((i : Fin n) → (fun (x : Fin n) => Real) i) Real.semiring
            (@Pi.addCommGroup.{0, 0} (Fin n) (fun (x : Fin n) => Real) fun (i : Fin n) => Real.instAddCommGroup)
            (@Pi.Function.module.{0, 0, 0} (Fin n) Real Real Real.semiring
              (@Semiring.toAddCommMonoid.{0} Real (@Ring.toSemiring.{0} Real Real.instRing))
              (@Semiring.toModule.{0} Real Real.semiring))))
        (@Submodule.instBot.{0, 0} Real (NLA.KE04.Vec n) Real.semiring
          (@AddCommGroup.toAddCommMonoid.{0} (NLA.KE04.Vec n)
            (@WithLp.instAddCommGroup.{0}
              (@OfNat.ofNat.{0} ENNReal (nat_lit 2)
                (@instOfNatAtLeastTwo.{0} ENNReal (nat_lit 2)
                  (@AddMonoidWithOne.toNatCast.{0} ENNReal
                    (@AddCommMonoidWithOne.toAddMonoidWithOne.{0} ENNReal ENNReal.instAddCommMonoidWithOne))
                  PiLp.innerProductSpace._proof_1))
              ((i : Fin n) → (fun (x : Fin n) => Real) i)
              (@Pi.addCommGroup.{0, 0} (Fin n) (fun (x : Fin n) => Real) fun (i : Fin n) => Real.instAddCommGroup)))
          (@WithLp.instModule.{0, 0}
            (@OfNat.ofNat.{0} ENNReal (nat_lit 2)
              (@instOfNatAtLeastTwo.{0} ENNReal (nat_lit 2)
                (@AddMonoidWithOne.toNatCast.{0} ENNReal
                  (@AddCommMonoidWithOne.toAddMonoidWithOne.{0} ENNReal ENNReal.instAddCommMonoidWithOne))
                PiLp.innerProductSpace._proof_1))
            Real ((i : Fin n) → (fun (x : Fin n) => Real) i) Real.semiring
            (@Pi.addCommGroup.{0, 0} (Fin n) (fun (x : Fin n) => Real) fun (i : Fin n) => Real.instAddCommGroup)
            (@Pi.Function.module.{0, 0, 0} (Fin n) Real Real Real.semiring
              (@Semiring.toAddCommMonoid.{0} Real (@Ring.toSemiring.{0} Real Real.instRing))
              (@Semiring.toModule.{0} Real Real.semiring))))))
    (And
      (@Monotone.{0, 0} Nat
        (@Submodule.{0, 0} Real (NLA.KE04.Vec n) Real.semiring
          (@AddCommGroup.toAddCommMonoid.{0} (NLA.KE04.Vec n)
            (@WithLp.instAddCommGroup.{0}
              (@OfNat.ofNat.{0} ENNReal (nat_lit 2)
                (@instOfNatAtLeastTwo.{0} ENNReal (nat_lit 2)
                  (@AddMonoidWithOne.toNatCast.{0} ENNReal
                    (@AddCommMonoidWithOne.toAddMonoidWithOne.{0} ENNReal ENNReal.instAddCommMonoidWithOne))
                  PiLp.innerProductSpace._proof_1))
              ((i : Fin n) → (fun (x : Fin n) => Real) i)
              (@Pi.addCommGroup.{0, 0} (Fin n) (fun (x : Fin n) => Real) fun (i : Fin n) => Real.instAddCommGroup)))
          (@WithLp.instModule.{0, 0}
            (@OfNat.ofNat.{0} ENNReal (nat_lit 2)
              (@instOfNatAtLeastTwo.{0} ENNReal (nat_lit 2)
                (@AddMonoidWithOne.toNatCast.{0} ENNReal
                  (@AddCommMonoidWithOne.toAddMonoidWithOne.{0} ENNReal ENNReal.instAddCommMonoidWithOne))
                PiLp.innerProductSpace._proof_1))
            Real ((i : Fin n) → (fun (x : Fin n) => Real) i) Real.semiring
            (@Pi.addCommGroup.{0, 0} (Fin n) (fun (x : Fin n) => Real) fun (i : Fin n) => Real.instAddCommGroup)
            (@Pi.Function.module.{0, 0, 0} (Fin n) Real Real Real.semiring
              (@Semiring.toAddCommMonoid.{0} Real (@Ring.toSemiring.{0} Real Real.instRing))
              (@Semiring.toModule.{0} Real Real.semiring))))
        Nat.instPreorder
        (@PartialOrder.toPreorder.{0}
          (@Submodule.{0, 0} Real (NLA.KE04.Vec n) Real.semiring
            (@AddCommGroup.toAddCommMonoid.{0} (NLA.KE04.Vec n)
              (@WithLp.instAddCommGroup.{0}
                (@OfNat.ofNat.{0} ENNReal (nat_lit 2)
                  (@instOfNatAtLeastTwo.{0} ENNReal (nat_lit 2)
                    (@AddMonoidWithOne.toNatCast.{0} ENNReal
                      (@AddCommMonoidWithOne.toAddMonoidWithOne.{0} ENNReal ENNReal.instAddCommMonoidWithOne))
                    PiLp.innerProductSpace._proof_1))
                ((i : Fin n) → (fun (x : Fin n) => Real) i)
                (@Pi.addCommGroup.{0, 0} (Fin n) (fun (x : Fin n) => Real) fun (i : Fin n) => Real.instAddCommGroup)))
            (@WithLp.instModule.{0, 0}
              (@OfNat.ofNat.{0} ENNReal (nat_lit 2)
                (@instOfNatAtLeastTwo.{0} ENNReal (nat_lit 2)
                  (@AddMonoidWithOne.toNatCast.{0} ENNReal
                    (@AddCommMonoidWithOne.toAddMonoidWithOne.{0} ENNReal ENNReal.instAddCommMonoidWithOne))
                  PiLp.innerProductSpace._proof_1))
              Real ((i : Fin n) → (fun (x : Fin n) => Real) i) Real.semiring
              (@Pi.addCommGroup.{0, 0} (Fin n) (fun (x : Fin n) => Real) fun (i : Fin n) => Real.instAddCommGroup)
              (@Pi.Function.module.{0, 0, 0} (Fin n) Real Real Real.semiring
                (@Semiring.toAddCommMonoid.{0} Real (@Ring.toSemiring.{0} Real Real.instRing))
                (@Semiring.toModule.{0} Real Real.semiring))))
          (@Submodule.instPartialOrder.{0, 0} Real (NLA.KE04.Vec n) Real.semiring
            (@AddCommGroup.toAddCommMonoid.{0} (NLA.KE04.Vec n)
              (@WithLp.instAddCommGroup.{0}
                (@OfNat.ofNat.{0} ENNReal (nat_lit 2)
                  (@instOfNatAtLeastTwo.{0} ENNReal (nat_lit 2)
                    (@AddMonoidWithOne.toNatCast.{0} ENNReal
                      (@AddCommMonoidWithOne.toAddMonoidWithOne.{0} ENNReal ENNReal.instAddCommMonoidWithOne))
                    PiLp.innerProductSpace._proof_1))
                ((i : Fin n) → (fun (x : Fin n) => Real) i)
                (@Pi.addCommGroup.{0, 0} (Fin n) (fun (x : Fin n) => Real) fun (i : Fin n) => Real.instAddCommGroup)))
            (@WithLp.instModule.{0, 0}
              (@OfNat.ofNat.{0} ENNReal (nat_lit 2)
                (@instOfNatAtLeastTwo.{0} ENNReal (nat_lit 2)
                  (@AddMonoidWithOne.toNatCast.{0} ENNReal
                    (@AddCommMonoidWithOne.toAddMonoidWithOne.{0} ENNReal ENNReal.instAddCommMonoidWithOne))
                  PiLp.innerProductSpace._proof_1))
              Real ((i : Fin n) → (fun (x : Fin n) => Real) i) Real.semiring
              (@Pi.addCommGroup.{0, 0} (Fin n) (fun (x : Fin n) => Real) fun (i : Fin n) => Real.instAddCommGroup)
              (@Pi.Function.module.{0, 0, 0} (Fin n) Real Real Real.semiring
                (@Semiring.toAddCommMonoid.{0} Real (@Ring.toSemiring.{0} Real Real.instRing))
                (@Semiring.toModule.{0} Real Real.semiring)))))
        (@NLA.KE04.krylov n p A V))
      (∀ (ell : Nat) (x : NLA.KE04.Vec n),
        @Membership.mem.{0, 0} (NLA.KE04.Vec n)
            (@Submodule.{0, 0} Real (NLA.KE04.Vec n) Real.semiring
              (@AddCommGroup.toAddCommMonoid.{0} (NLA.KE04.Vec n)
                (@WithLp.instAddCommGroup.{0}
                  (@OfNat.ofNat.{0} ENNReal (nat_lit 2)
                    (@instOfNatAtLeastTwo.{0} ENNReal (nat_lit 2)
                      (@AddMonoidWithOne.toNatCast.{0} ENNReal
                        (@AddCommMonoidWithOne.toAddMonoidWithOne.{0} ENNReal ENNReal.instAddCommMonoidWithOne))
                      PiLp.innerProductSpace._proof_1))
                  ((i : Fin n) → (fun (x : Fin n) => Real) i)
                  (@Pi.addCommGroup.{0, 0} (Fin n) (fun (x : Fin n) => Real) fun (i : Fin n) => Real.instAddCommGroup)))
              (@WithLp.instModule.{0, 0}
                (@OfNat.ofNat.{0} ENNReal (nat_lit 2)
                  (@instOfNatAtLeastTwo.{0} ENNReal (nat_lit 2)
                    (@AddMonoidWithOne.toNatCast.{0} ENNReal
                      (@AddCommMonoidWithOne.toAddMonoidWithOne.{0} ENNReal ENNReal.instAddCommMonoidWithOne))
                    PiLp.innerProductSpace._proof_1))
                Real ((i : Fin n) → (fun (x : Fin n) => Real) i) Real.semiring
                (@Pi.addCommGroup.{0, 0} (Fin n) (fun (x : Fin n) => Real) fun (i : Fin n) => Real.instAddCommGroup)
                (@Pi.Function.module.{0, 0, 0} (Fin n) Real Real Real.semiring
                  (@Semiring.toAddCommMonoid.{0} Real (@Ring.toSemiring.{0} Real Real.instRing))
                  (@Semiring.toModule.{0} Real Real.semiring))))
            (@SetLike.instMembership.{0, 0}
              (@Submodule.{0, 0} Real (NLA.KE04.Vec n) Real.semiring
                (@AddCommGroup.toAddCommMonoid.{0} (NLA.KE04.Vec n)
                  (@WithLp.instAddCommGroup.{0}
                    (@OfNat.ofNat.{0} ENNReal (nat_lit 2)
                      (@instOfNatAtLeastTwo.{0} ENNReal (nat_lit 2)
                        (@AddMonoidWithOne.toNatCast.{0} ENNReal
                          (@AddCommMonoidWithOne.toAddMonoidWithOne.{0} ENNReal ENNReal.instAddCommMonoidWithOne))
                        PiLp.innerProductSpace._proof_1))
                    ((i : Fin n) → (fun (x : Fin n) => Real) i)
                    (@Pi.addCommGroup.{0, 0} (Fin n) (fun (x : Fin n) => Real) fun (i : Fin n) =>
                      Real.instAddCommGroup)))
                (@WithLp.instModule.{0, 0}
                  (@OfNat.ofNat.{0} ENNReal (nat_lit 2)
                    (@instOfNatAtLeastTwo.{0} ENNReal (nat_lit 2)
                      (@AddMonoidWithOne.toNatCast.{0} ENNReal
                        (@AddCommMonoidWithOne.toAddMonoidWithOne.{0} ENNReal ENNReal.instAddCommMonoidWithOne))
                      PiLp.innerProductSpace._proof_1))
                  Real ((i : Fin n) → (fun (x : Fin n) => Real) i) Real.semiring
                  (@Pi.addCommGroup.{0, 0} (Fin n) (fun (x : Fin n) => Real) fun (i : Fin n) => Real.instAddCommGroup)
                  (@Pi.Function.module.{0, 0, 0} (Fin n) Real Real Real.semiring
                    (@Semiring.toAddCommMonoid.{0} Real (@Ring.toSemiring.{0} Real Real.instRing))
                    (@Semiring.toModule.{0} Real Real.semiring))))
              (NLA.KE04.Vec n)
              (@Submodule.setLike.{0, 0} Real (NLA.KE04.Vec n) Real.semiring
                (@AddCommGroup.toAddCommMonoid.{0} (NLA.KE04.Vec n)
                  (@WithLp.instAddCommGroup.{0}
                    (@OfNat.ofNat.{0} ENNReal (nat_lit 2)
                      (@instOfNatAtLeastTwo.{0} ENNReal (nat_lit 2)
                        (@AddMonoidWithOne.toNatCast.{0} ENNReal
                          (@AddCommMonoidWithOne.toAddMonoidWithOne.{0} ENNReal ENNReal.instAddCommMonoidWithOne))
                        PiLp.innerProductSpace._proof_1))
                    ((i : Fin n) → (fun (x : Fin n) => Real) i)
                    (@Pi.addCommGroup.{0, 0} (Fin n) (fun (x : Fin n) => Real) fun (i : Fin n) =>
                      Real.instAddCommGroup)))
                (@WithLp.instModule.{0, 0}
                  (@OfNat.ofNat.{0} ENNReal (nat_lit 2)
                    (@instOfNatAtLeastTwo.{0} ENNReal (nat_lit 2)
                      (@AddMonoidWithOne.toNatCast.{0} ENNReal
                        (@AddCommMonoidWithOne.toAddMonoidWithOne.{0} ENNReal ENNReal.instAddCommMonoidWithOne))
                      PiLp.innerProductSpace._proof_1))
                  Real ((i : Fin n) → (fun (x : Fin n) => Real) i) Real.semiring
                  (@Pi.addCommGroup.{0, 0} (Fin n) (fun (x : Fin n) => Real) fun (i : Fin n) => Real.instAddCommGroup)
                  (@Pi.Function.module.{0, 0, 0} (Fin n) Real Real Real.semiring
                    (@Semiring.toAddCommMonoid.{0} Real (@Ring.toSemiring.{0} Real Real.instRing))
                    (@Semiring.toModule.{0} Real Real.semiring)))))
            (@NLA.KE04.krylov n p A V ell) x →
          @Membership.mem.{0, 0} (NLA.KE04.Vec n)
            (@Submodule.{0, 0} Real (NLA.KE04.Vec n) Real.semiring
              (@AddCommGroup.toAddCommMonoid.{0} (NLA.KE04.Vec n)
                (@WithLp.instAddCommGroup.{0}
                  (@OfNat.ofNat.{0} ENNReal (nat_lit 2)
                    (@instOfNatAtLeastTwo.{0} ENNReal (nat_lit 2)
                      (@AddMonoidWithOne.toNatCast.{0} ENNReal
                        (@AddCommMonoidWithOne.toAddMonoidWithOne.{0} ENNReal ENNReal.instAddCommMonoidWithOne))
                      PiLp.innerProductSpace._proof_1))
                  ((i : Fin n) → (fun (x : Fin n) => Real) i)
                  (@Pi.addCommGroup.{0, 0} (Fin n) (fun (x : Fin n) => Real) fun (i : Fin n) => Real.instAddCommGroup)))
              (@WithLp.instModule.{0, 0}
                (@OfNat.ofNat.{0} ENNReal (nat_lit 2)
                  (@instOfNatAtLeastTwo.{0} ENNReal (nat_lit 2)
                    (@AddMonoidWithOne.toNatCast.{0} ENNReal
                      (@AddCommMonoidWithOne.toAddMonoidWithOne.{0} ENNReal ENNReal.instAddCommMonoidWithOne))
                    PiLp.innerProductSpace._proof_1))
                Real ((i : Fin n) → (fun (x : Fin n) => Real) i) Real.semiring
                (@Pi.addCommGroup.{0, 0} (Fin n) (fun (x : Fin n) => Real) fun (i : Fin n) => Real.instAddCommGroup)
                (@Pi.Function.module.{0, 0, 0} (Fin n) Real Real Real.semiring
                  (@Semiring.toAddCommMonoid.{0} Real (@Ring.toSemiring.{0} Real Real.instRing))
                  (@Semiring.toModule.{0} Real Real.semiring))))
            (@SetLike.instMembership.{0, 0}
              (@Submodule.{0, 0} Real (NLA.KE04.Vec n) Real.semiring
                (@AddCommGroup.toAddCommMonoid.{0} (NLA.KE04.Vec n)
                  (@WithLp.instAddCommGroup.{0}
                    (@OfNat.ofNat.{0} ENNReal (nat_lit 2)
                      (@instOfNatAtLeastTwo.{0} ENNReal (nat_lit 2)
                        (@AddMonoidWithOne.toNatCast.{0} ENNReal
                          (@AddCommMonoidWithOne.toAddMonoidWithOne.{0} ENNReal ENNReal.instAddCommMonoidWithOne))
                        PiLp.innerProductSpace._proof_1))
                    ((i : Fin n) → (fun (x : Fin n) => Real) i)
                    (@Pi.addCommGroup.{0, 0} (Fin n) (fun (x : Fin n) => Real) fun (i : Fin n) =>
                      Real.instAddCommGroup)))
                (@WithLp.instModule.{0, 0}
                  (@OfNat.ofNat.{0} ENNReal (nat_lit 2)
                    (@instOfNatAtLeastTwo.{0} ENNReal (nat_lit 2)
                      (@AddMonoidWithOne.toNatCast.{0} ENNReal
                        (@AddCommMonoidWithOne.toAddMonoidWithOne.{0} ENNReal ENNReal.instAddCommMonoidWithOne))
                      PiLp.innerProductSpace._proof_1))
                  Real ((i : Fin n) → (fun (x : Fin n) => Real) i) Real.semiring
                  (@Pi.addCommGroup.{0, 0} (Fin n) (fun (x : Fin n) => Real) fun (i : Fin n) => Real.instAddCommGroup)
                  (@Pi.Function.module.{0, 0, 0} (Fin n) Real Real Real.semiring
                    (@Semiring.toAddCommMonoid.{0} Real (@Ring.toSemiring.{0} Real Real.instRing))
                    (@Semiring.toModule.{0} Real Real.semiring))))
              (NLA.KE04.Vec n)
              (@Submodule.setLike.{0, 0} Real (NLA.KE04.Vec n) Real.semiring
                (@AddCommGroup.toAddCommMonoid.{0} (NLA.KE04.Vec n)
                  (@WithLp.instAddCommGroup.{0}
                    (@OfNat.ofNat.{0} ENNReal (nat_lit 2)
                      (@instOfNatAtLeastTwo.{0} ENNReal (nat_lit 2)
                        (@AddMonoidWithOne.toNatCast.{0} ENNReal
                          (@AddCommMonoidWithOne.toAddMonoidWithOne.{0} ENNReal ENNReal.instAddCommMonoidWithOne))
                        PiLp.innerProductSpace._proof_1))
                    ((i : Fin n) → (fun (x : Fin n) => Real) i)
                    (@Pi.addCommGroup.{0, 0} (Fin n) (fun (x : Fin n) => Real) fun (i : Fin n) =>
                      Real.instAddCommGroup)))
                (@WithLp.instModule.{0, 0}
                  (@OfNat.ofNat.{0} ENNReal (nat_lit 2)
                    (@instOfNatAtLeastTwo.{0} ENNReal (nat_lit 2)
                      (@AddMonoidWithOne.toNatCast.{0} ENNReal
                        (@AddCommMonoidWithOne.toAddMonoidWithOne.{0} ENNReal ENNReal.instAddCommMonoidWithOne))
                      PiLp.innerProductSpace._proof_1))
                  Real ((i : Fin n) → (fun (x : Fin n) => Real) i) Real.semiring
                  (@Pi.addCommGroup.{0, 0} (Fin n) (fun (x : Fin n) => Real) fun (i : Fin n) => Real.instAddCommGroup)
                  (@Pi.Function.module.{0, 0, 0} (Fin n) Real Real Real.semiring
                    (@Semiring.toAddCommMonoid.{0} Real (@Ring.toSemiring.{0} Real Real.instRing))
                    (@Semiring.toModule.{0} Real Real.semiring)))))
            (@NLA.KE04.krylov n p A V
              (@HAdd.hAdd.{0, 0, 0} Nat Nat Nat (@instHAdd.{0} Nat instAddNat) ell
                (@OfNat.ofNat.{0} Nat (nat_lit 1) (instOfNatNat (nat_lit 1)))))
            (@DFunLike.coe.{1, 1, 1}
              (@LinearMap.{0, 0, 0, 0} Real Real Real.semiring Real.semiring
                (@RingHom.id.{0} Real (@Semiring.toNonAssocSemiring.{0} Real Real.semiring)) (NLA.KE04.Vec n)
                (NLA.KE04.Vec n)
                (@AddCommGroup.toAddCommMonoid.{0} (NLA.KE04.Vec n)
                  (@WithLp.instAddCommGroup.{0}
                    (@OfNat.ofNat.{0} ENNReal (nat_lit 2)
                      (@instOfNatAtLeastTwo.{0} ENNReal (nat_lit 2)
                        (@AddMonoidWithOne.toNatCast.{0} ENNReal
                          (@AddCommMonoidWithOne.toAddMonoidWithOne.{0} ENNReal ENNReal.instAddCommMonoidWithOne))
                        PiLp.innerProductSpace._proof_1))
                    ((i : Fin n) → (fun (x : Fin n) => Real) i)
                    (@Pi.addCommGroup.{0, 0} (Fin n) (fun (x : Fin n) => Real) fun (i : Fin n) =>
                      Real.instAddCommGroup)))
                (@AddCommGroup.toAddCommMonoid.{0} (NLA.KE04.Vec n)
                  (@WithLp.instAddCommGroup.{0}
                    (@OfNat.ofNat.{0} ENNReal (nat_lit 2)
                      (@instOfNatAtLeastTwo.{0} ENNReal (nat_lit 2)
                        (@AddMonoidWithOne.toNatCast.{0} ENNReal
                          (@AddCommMonoidWithOne.toAddMonoidWithOne.{0} ENNReal ENNReal.instAddCommMonoidWithOne))
                        PiLp.innerProductSpace._proof_1))
                    ((i : Fin n) → (fun (x : Fin n) => Real) i)
                    (@Pi.addCommGroup.{0, 0} (Fin n) (fun (x : Fin n) => Real) fun (i : Fin n) =>
                      Real.instAddCommGroup)))
                (@WithLp.instModule.{0, 0}
                  (@OfNat.ofNat.{0} ENNReal (nat_lit 2)
                    (@instOfNatAtLeastTwo.{0} ENNReal (nat_lit 2)
                      (@AddMonoidWithOne.toNatCast.{0} ENNReal
                        (@AddCommMonoidWithOne.toAddMonoidWithOne.{0} ENNReal ENNReal.instAddCommMonoidWithOne))
                      PiLp.innerProductSpace._proof_1))
                  Real ((i : Fin n) → (fun (x : Fin n) => Real) i) Real.semiring
                  (@Pi.addCommGroup.{0, 0} (Fin n) (fun (x : Fin n) => Real) fun (i : Fin n) => Real.instAddCommGroup)
                  (@Pi.Function.module.{0, 0, 0} (Fin n) Real Real Real.semiring
                    (@Semiring.toAddCommMonoid.{0} Real (@Ring.toSemiring.{0} Real Real.instRing))
                    (@Semiring.toModule.{0} Real Real.semiring)))
                (@WithLp.instModule.{0, 0}
                  (@OfNat.ofNat.{0} ENNReal (nat_lit 2)
                    (@instOfNatAtLeastTwo.{0} ENNReal (nat_lit 2)
                      (@AddMonoidWithOne.toNatCast.{0} ENNReal
                        (@AddCommMonoidWithOne.toAddMonoidWithOne.{0} ENNReal ENNReal.instAddCommMonoidWithOne))
                      PiLp.innerProductSpace._proof_1))
                  Real ((i : Fin n) → (fun (x : Fin n) => Real) i) Real.semiring
                  (@Pi.addCommGroup.{0, 0} (Fin n) (fun (x : Fin n) => Real) fun (i : Fin n) => Real.instAddCommGroup)
                  (@Pi.Function.module.{0, 0, 0} (Fin n) Real Real Real.semiring
                    (@Semiring.toAddCommMonoid.{0} Real (@Ring.toSemiring.{0} Real Real.instRing))
                    (@Semiring.toModule.{0} Real Real.semiring))))
              (NLA.KE04.Vec n) (fun (x : NLA.KE04.Vec n) => NLA.KE04.Vec n)
              (@LinearMap.instFunLike.{0, 0, 0, 0} Real Real (NLA.KE04.Vec n) (NLA.KE04.Vec n) Real.semiring
                Real.semiring
                (@AddCommGroup.toAddCommMonoid.{0} (NLA.KE04.Vec n)
                  (@WithLp.instAddCommGroup.{0}
                    (@OfNat.ofNat.{0} ENNReal (nat_lit 2)
                      (@instOfNatAtLeastTwo.{0} ENNReal (nat_lit 2)
                        (@AddMonoidWithOne.toNatCast.{0} ENNReal
                          (@AddCommMonoidWithOne.toAddMonoidWithOne.{0} ENNReal ENNReal.instAddCommMonoidWithOne))
                        PiLp.innerProductSpace._proof_1))
                    ((i : Fin n) → (fun (x : Fin n) => Real) i)
                    (@Pi.addCommGroup.{0, 0} (Fin n) (fun (x : Fin n) => Real) fun (i : Fin n) =>
                      Real.instAddCommGroup)))
                (@AddCommGroup.toAddCommMonoid.{0} (NLA.KE04.Vec n)
                  (@WithLp.instAddCommGroup.{0}
                    (@OfNat.ofNat.{0} ENNReal (nat_lit 2)
                      (@instOfNatAtLeastTwo.{0} ENNReal (nat_lit 2)
                        (@AddMonoidWithOne.toNatCast.{0} ENNReal
                          (@AddCommMonoidWithOne.toAddMonoidWithOne.{0} ENNReal ENNReal.instAddCommMonoidWithOne))
                        PiLp.innerProductSpace._proof_1))
                    ((i : Fin n) → (fun (x : Fin n) => Real) i)
                    (@Pi.addCommGroup.{0, 0} (Fin n) (fun (x : Fin n) => Real) fun (i : Fin n) =>
                      Real.instAddCommGroup)))
                (@WithLp.instModule.{0, 0}
                  (@OfNat.ofNat.{0} ENNReal (nat_lit 2)
                    (@instOfNatAtLeastTwo.{0} ENNReal (nat_lit 2)
                      (@AddMonoidWithOne.toNatCast.{0} ENNReal
                        (@AddCommMonoidWithOne.toAddMonoidWithOne.{0} ENNReal ENNReal.instAddCommMonoidWithOne))
                      PiLp.innerProductSpace._proof_1))
                  Real ((i : Fin n) → (fun (x : Fin n) => Real) i) Real.semiring
                  (@Pi.addCommGroup.{0, 0} (Fin n) (fun (x : Fin n) => Real) fun (i : Fin n) => Real.instAddCommGroup)
                  (@Pi.Function.module.{0, 0, 0} (Fin n) Real Real Real.semiring
                    (@Semiring.toAddCommMonoid.{0} Real (@Ring.toSemiring.{0} Real Real.instRing))
                    (@Semiring.toModule.{0} Real Real.semiring)))
                (@WithLp.instModule.{0, 0}
                  (@OfNat.ofNat.{0} ENNReal (nat_lit 2)
                    (@instOfNatAtLeastTwo.{0} ENNReal (nat_lit 2)
                      (@AddMonoidWithOne.toNatCast.{0} ENNReal
                        (@AddCommMonoidWithOne.toAddMonoidWithOne.{0} ENNReal ENNReal.instAddCommMonoidWithOne))
                      PiLp.innerProductSpace._proof_1))
                  Real ((i : Fin n) → (fun (x : Fin n) => Real) i) Real.semiring
                  (@Pi.addCommGroup.{0, 0} (Fin n) (fun (x : Fin n) => Real) fun (i : Fin n) => Real.instAddCommGroup)
                  (@Pi.Function.module.{0, 0, 0} (Fin n) Real Real Real.semiring
                    (@Semiring.toAddCommMonoid.{0} Real (@Ring.toSemiring.{0} Real Real.instRing))
                    (@Semiring.toModule.{0} Real Real.semiring)))
                (@RingHom.id.{0} Real (@Semiring.toNonAssocSemiring.{0} Real Real.semiring)))
              (@NLA.KE04.act n n A) x))) :=
fun {n p : Nat} (A : NLA.KE04.Mat n) (V : NLA.KE04.Rect n p) =>
  sorryAx.{0}
    (∀ (tag : Lean.Name),
      And
        (@Eq.{1}
          (@Submodule.{0, 0} Real (NLA.KE04.Vec n) Real.semiring
            (@AddCommGroup.toAddCommMonoid.{0} (NLA.KE04.Vec n)
              (@WithLp.instAddCommGroup.{0}
                (@OfNat.ofNat.{0} ENNReal (nat_lit 2)
                  (@instOfNatAtLeastTwo.{0} ENNReal (nat_lit 2)
                    (@AddMonoidWithOne.toNatCast.{0} ENNReal
                      (@AddCommMonoidWithOne.toAddMonoidWithOne.{0} ENNReal ENNReal.instAddCommMonoidWithOne))
                    PiLp.innerProductSpace._proof_1))
                ((i : Fin n) → (fun (x : Fin n) => Real) i)
                (@Pi.addCommGroup.{0, 0} (Fin n) (fun (x : Fin n) => Real) fun (i : Fin n) => Real.instAddCommGroup)))
            (@WithLp.instModule.{0, 0}
              (@OfNat.ofNat.{0} ENNReal (nat_lit 2)
                (@instOfNatAtLeastTwo.{0} ENNReal (nat_lit 2)
                  (@AddMonoidWithOne.toNatCast.{0} ENNReal
                    (@AddCommMonoidWithOne.toAddMonoidWithOne.{0} ENNReal ENNReal.instAddCommMonoidWithOne))
                  PiLp.innerProductSpace._proof_1))
              Real ((i : Fin n) → (fun (x : Fin n) => Real) i) Real.semiring
              (@Pi.addCommGroup.{0, 0} (Fin n) (fun (x : Fin n) => Real) fun (i : Fin n) => Real.instAddCommGroup)
              (@Pi.Function.module.{0, 0, 0} (Fin n) Real Real Real.semiring
                (@Semiring.toAddCommMonoid.{0} Real (@Ring.toSemiring.{0} Real Real.instRing))
                (@Semiring.toModule.{0} Real Real.semiring))))
          (@NLA.KE04.krylov n p A V (@OfNat.ofNat.{0} Nat (nat_lit 0) (instOfNatNat (nat_lit 0))))
          (@Bot.bot.{0}
            (@Submodule.{0, 0} Real (NLA.KE04.Vec n) Real.semiring
              (@AddCommGroup.toAddCommMonoid.{0} (NLA.KE04.Vec n)
                (@WithLp.instAddCommGroup.{0}
                  (@OfNat.ofNat.{0} ENNReal (nat_lit 2)
                    (@instOfNatAtLeastTwo.{0} ENNReal (nat_lit 2)
                      (@AddMonoidWithOne.toNatCast.{0} ENNReal
                        (@AddCommMonoidWithOne.toAddMonoidWithOne.{0} ENNReal ENNReal.instAddCommMonoidWithOne))
                      PiLp.innerProductSpace._proof_1))
                  ((i : Fin n) → (fun (x : Fin n) => Real) i)
                  (@Pi.addCommGroup.{0, 0} (Fin n) (fun (x : Fin n) => Real) fun (i : Fin n) => Real.instAddCommGroup)))
              (@WithLp.instModule.{0, 0}
                (@OfNat.ofNat.{0} ENNReal (nat_lit 2)
                  (@instOfNatAtLeastTwo.{0} ENNReal (nat_lit 2)
                    (@AddMonoidWithOne.toNatCast.{0} ENNReal
                      (@AddCommMonoidWithOne.toAddMonoidWithOne.{0} ENNReal ENNReal.instAddCommMonoidWithOne))
                    PiLp.innerProductSpace._proof_1))
                Real ((i : Fin n) → (fun (x : Fin n) => Real) i) Real.semiring
                (@Pi.addCommGroup.{0, 0} (Fin n) (fun (x : Fin n) => Real) fun (i : Fin n) => Real.instAddCommGroup)
                (@Pi.Function.module.{0, 0, 0} (Fin n) Real Real Real.semiring
                  (@Semiring.toAddCommMonoid.{0} Real (@Ring.toSemiring.{0} Real Real.instRing))
                  (@Semiring.toModule.{0} Real Real.semiring))))
            (@Submodule.instBot.{0, 0} Real (NLA.KE04.Vec n) Real.semiring
              (@AddCommGroup.toAddCommMonoid.{0} (NLA.KE04.Vec n)
                (@WithLp.instAddCommGroup.{0}
                  (@OfNat.ofNat.{0} ENNReal (nat_lit 2)
                    (@instOfNatAtLeastTwo.{0} ENNReal (nat_lit 2)
                      (@AddMonoidWithOne.toNatCast.{0} ENNReal
                        (@AddCommMonoidWithOne.toAddMonoidWithOne.{0} ENNReal ENNReal.instAddCommMonoidWithOne))
                      PiLp.innerProductSpace._proof_1))
                  ((i : Fin n) → (fun (x : Fin n) => Real) i)
                  (@Pi.addCommGroup.{0, 0} (Fin n) (fun (x : Fin n) => Real) fun (i : Fin n) => Real.instAddCommGroup)))
              (@WithLp.instModule.{0, 0}
                (@OfNat.ofNat.{0} ENNReal (nat_lit 2)
                  (@instOfNatAtLeastTwo.{0} ENNReal (nat_lit 2)
                    (@AddMonoidWithOne.toNatCast.{0} ENNReal
                      (@AddCommMonoidWithOne.toAddMonoidWithOne.{0} ENNReal ENNReal.instAddCommMonoidWithOne))
                    PiLp.innerProductSpace._proof_1))
                Real ((i : Fin n) → (fun (x : Fin n) => Real) i) Real.semiring
                (@Pi.addCommGroup.{0, 0} (Fin n) (fun (x : Fin n) => Real) fun (i : Fin n) => Real.instAddCommGroup)
                (@Pi.Function.module.{0, 0, 0} (Fin n) Real Real Real.semiring
                  (@Semiring.toAddCommMonoid.{0} Real (@Ring.toSemiring.{0} Real Real.instRing))
                  (@Semiring.toModule.{0} Real Real.semiring))))))
        (And
          (@Monotone.{0, 0} Nat
            (@Submodule.{0, 0} Real (NLA.KE04.Vec n) Real.semiring
              (@AddCommGroup.toAddCommMonoid.{0} (NLA.KE04.Vec n)
                (@WithLp.instAddCommGroup.{0}
                  (@OfNat.ofNat.{0} ENNReal (nat_lit 2)
                    (@instOfNatAtLeastTwo.{0} ENNReal (nat_lit 2)
                      (@AddMonoidWithOne.toNatCast.{0} ENNReal
                        (@AddCommMonoidWithOne.toAddMonoidWithOne.{0} ENNReal ENNReal.instAddCommMonoidWithOne))
                      PiLp.innerProductSpace._proof_1))
                  ((i : Fin n) → (fun (x : Fin n) => Real) i)
                  (@Pi.addCommGroup.{0, 0} (Fin n) (fun (x : Fin n) => Real) fun (i : Fin n) => Real.instAddCommGroup)))
              (@WithLp.instModule.{0, 0}
                (@OfNat.ofNat.{0} ENNReal (nat_lit 2)
                  (@instOfNatAtLeastTwo.{0} ENNReal (nat_lit 2)
                    (@AddMonoidWithOne.toNatCast.{0} ENNReal
                      (@AddCommMonoidWithOne.toAddMonoidWithOne.{0} ENNReal ENNReal.instAddCommMonoidWithOne))
                    PiLp.innerProductSpace._proof_1))
                Real ((i : Fin n) → (fun (x : Fin n) => Real) i) Real.semiring
                (@Pi.addCommGroup.{0, 0} (Fin n) (fun (x : Fin n) => Real) fun (i : Fin n) => Real.instAddCommGroup)
                (@Pi.Function.module.{0, 0, 0} (Fin n) Real Real Real.semiring
                  (@Semiring.toAddCommMonoid.{0} Real (@Ring.toSemiring.{0} Real Real.instRing))
                  (@Semiring.toModule.{0} Real Real.semiring))))
            Nat.instPreorder
            (@PartialOrder.toPreorder.{0}
              (@Submodule.{0, 0} Real (NLA.KE04.Vec n) Real.semiring
                (@AddCommGroup.toAddCommMonoid.{0} (NLA.KE04.Vec n)
                  (@WithLp.instAddCommGroup.{0}
                    (@OfNat.ofNat.{0} ENNReal (nat_lit 2)
                      (@instOfNatAtLeastTwo.{0} ENNReal (nat_lit 2)
                        (@AddMonoidWithOne.toNatCast.{0} ENNReal
                          (@AddCommMonoidWithOne.toAddMonoidWithOne.{0} ENNReal ENNReal.instAddCommMonoidWithOne))
                        PiLp.innerProductSpace._proof_1))
                    ((i : Fin n) → (fun (x : Fin n) => Real) i)
                    (@Pi.addCommGroup.{0, 0} (Fin n) (fun (x : Fin n) => Real) fun (i : Fin n) =>
                      Real.instAddCommGroup)))
                (@WithLp.instModule.{0, 0}
                  (@OfNat.ofNat.{0} ENNReal (nat_lit 2)
                    (@instOfNatAtLeastTwo.{0} ENNReal (nat_lit 2)
                      (@AddMonoidWithOne.toNatCast.{0} ENNReal
                        (@AddCommMonoidWithOne.toAddMonoidWithOne.{0} ENNReal ENNReal.instAddCommMonoidWithOne))
                      PiLp.innerProductSpace._proof_1))
                  Real ((i : Fin n) → (fun (x : Fin n) => Real) i) Real.semiring
                  (@Pi.addCommGroup.{0, 0} (Fin n) (fun (x : Fin n) => Real) fun (i : Fin n) => Real.instAddCommGroup)
                  (@Pi.Function.module.{0, 0, 0} (Fin n) Real Real Real.semiring
                    (@Semiring.toAddCommMonoid.{0} Real (@Ring.toSemiring.{0} Real Real.instRing))
                    (@Semiring.toModule.{0} Real Real.semiring))))
              (@Submodule.instPartialOrder.{0, 0} Real (NLA.KE04.Vec n) Real.semiring
                (@AddCommGroup.toAddCommMonoid.{0} (NLA.KE04.Vec n)
                  (@WithLp.instAddCommGroup.{0}
                    (@OfNat.ofNat.{0} ENNReal (nat_lit 2)
                      (@instOfNatAtLeastTwo.{0} ENNReal (nat_lit 2)
                        (@AddMonoidWithOne.toNatCast.{0} ENNReal
                          (@AddCommMonoidWithOne.toAddMonoidWithOne.{0} ENNReal ENNReal.instAddCommMonoidWithOne))
                        PiLp.innerProductSpace._proof_1))
                    ((i : Fin n) → (fun (x : Fin n) => Real) i)
                    (@Pi.addCommGroup.{0, 0} (Fin n) (fun (x : Fin n) => Real) fun (i : Fin n) =>
                      Real.instAddCommGroup)))
                (@WithLp.instModule.{0, 0}
                  (@OfNat.ofNat.{0} ENNReal (nat_lit 2)
                    (@instOfNatAtLeastTwo.{0} ENNReal (nat_lit 2)
                      (@AddMonoidWithOne.toNatCast.{0} ENNReal
                        (@AddCommMonoidWithOne.toAddMonoidWithOne.{0} ENNReal ENNReal.instAddCommMonoidWithOne))
                      PiLp.innerProductSpace._proof_1))
                  Real ((i : Fin n) → (fun (x : Fin n) => Real) i) Real.semiring
                  (@Pi.addCommGroup.{0, 0} (Fin n) (fun (x : Fin n) => Real) fun (i : Fin n) => Real.instAddCommGroup)
                  (@Pi.Function.module.{0, 0, 0} (Fin n) Real Real Real.semiring
                    (@Semiring.toAddCommMonoid.{0} Real (@Ring.toSemiring.{0} Real Real.instRing))
                    (@Semiring.toModule.{0} Real Real.semiring)))))
            (@NLA.KE04.krylov n p A V))
          (∀ (ell : Nat) (x : NLA.KE04.Vec n),
            @Membership.mem.{0, 0} (NLA.KE04.Vec n)
                (@Submodule.{0, 0} Real (NLA.KE04.Vec n) Real.semiring
                  (@AddCommGroup.toAddCommMonoid.{0} (NLA.KE04.Vec n)
                    (@WithLp.instAddCommGroup.{0}
                      (@OfNat.ofNat.{0} ENNReal (nat_lit 2)
                        (@instOfNatAtLeastTwo.{0} ENNReal (nat_lit 2)
                          (@AddMonoidWithOne.toNatCast.{0} ENNReal
                            (@AddCommMonoidWithOne.toAddMonoidWithOne.{0} ENNReal ENNReal.instAddCommMonoidWithOne))
                          PiLp.innerProductSpace._proof_1))
                      ((i : Fin n) → (fun (x : Fin n) => Real) i)
                      (@Pi.addCommGroup.{0, 0} (Fin n) (fun (x : Fin n) => Real) fun (i : Fin n) =>
                        Real.instAddCommGroup)))
                  (@WithLp.instModule.{0, 0}
                    (@OfNat.ofNat.{0} ENNReal (nat_lit 2)
                      (@instOfNatAtLeastTwo.{0} ENNReal (nat_lit 2)
                        (@AddMonoidWithOne.toNatCast.{0} ENNReal
                          (@AddCommMonoidWithOne.toAddMonoidWithOne.{0} ENNReal ENNReal.instAddCommMonoidWithOne))
                        PiLp.innerProductSpace._proof_1))
                    Real ((i : Fin n) → (fun (x : Fin n) => Real) i) Real.semiring
                    (@Pi.addCommGroup.{0, 0} (Fin n) (fun (x : Fin n) => Real) fun (i : Fin n) => Real.instAddCommGroup)
                    (@Pi.Function.module.{0, 0, 0} (Fin n) Real Real Real.semiring
                      (@Semiring.toAddCommMonoid.{0} Real (@Ring.toSemiring.{0} Real Real.instRing))
                      (@Semiring.toModule.{0} Real Real.semiring))))
                (@SetLike.instMembership.{0, 0}
                  (@Submodule.{0, 0} Real (NLA.KE04.Vec n) Real.semiring
                    (@AddCommGroup.toAddCommMonoid.{0} (NLA.KE04.Vec n)
                      (@WithLp.instAddCommGroup.{0}
                        (@OfNat.ofNat.{0} ENNReal (nat_lit 2)
                          (@instOfNatAtLeastTwo.{0} ENNReal (nat_lit 2)
                            (@AddMonoidWithOne.toNatCast.{0} ENNReal
                              (@AddCommMonoidWithOne.toAddMonoidWithOne.{0} ENNReal ENNReal.instAddCommMonoidWithOne))
                            PiLp.innerProductSpace._proof_1))
                        ((i : Fin n) → (fun (x : Fin n) => Real) i)
                        (@Pi.addCommGroup.{0, 0} (Fin n) (fun (x : Fin n) => Real) fun (i : Fin n) =>
                          Real.instAddCommGroup)))
                    (@WithLp.instModule.{0, 0}
                      (@OfNat.ofNat.{0} ENNReal (nat_lit 2)
                        (@instOfNatAtLeastTwo.{0} ENNReal (nat_lit 2)
                          (@AddMonoidWithOne.toNatCast.{0} ENNReal
                            (@AddCommMonoidWithOne.toAddMonoidWithOne.{0} ENNReal ENNReal.instAddCommMonoidWithOne))
                          PiLp.innerProductSpace._proof_1))
                      Real ((i : Fin n) → (fun (x : Fin n) => Real) i) Real.semiring
                      (@Pi.addCommGroup.{0, 0} (Fin n) (fun (x : Fin n) => Real) fun (i : Fin n) =>
                        Real.instAddCommGroup)
                      (@Pi.Function.module.{0, 0, 0} (Fin n) Real Real Real.semiring
                        (@Semiring.toAddCommMonoid.{0} Real (@Ring.toSemiring.{0} Real Real.instRing))
                        (@Semiring.toModule.{0} Real Real.semiring))))
                  (NLA.KE04.Vec n)
                  (@Submodule.setLike.{0, 0} Real (NLA.KE04.Vec n) Real.semiring
                    (@AddCommGroup.toAddCommMonoid.{0} (NLA.KE04.Vec n)
                      (@WithLp.instAddCommGroup.{0}
                        (@OfNat.ofNat.{0} ENNReal (nat_lit 2)
                          (@instOfNatAtLeastTwo.{0} ENNReal (nat_lit 2)
                            (@AddMonoidWithOne.toNatCast.{0} ENNReal
                              (@AddCommMonoidWithOne.toAddMonoidWithOne.{0} ENNReal ENNReal.instAddCommMonoidWithOne))
                            PiLp.innerProductSpace._proof_1))
                        ((i : Fin n) → (fun (x : Fin n) => Real) i)
                        (@Pi.addCommGroup.{0, 0} (Fin n) (fun (x : Fin n) => Real) fun (i : Fin n) =>
                          Real.instAddCommGroup)))
                    (@WithLp.instModule.{0, 0}
                      (@OfNat.ofNat.{0} ENNReal (nat_lit 2)
                        (@instOfNatAtLeastTwo.{0} ENNReal (nat_lit 2)
                          (@AddMonoidWithOne.toNatCast.{0} ENNReal
                            (@AddCommMonoidWithOne.toAddMonoidWithOne.{0} ENNReal ENNReal.instAddCommMonoidWithOne))
                          PiLp.innerProductSpace._proof_1))
                      Real ((i : Fin n) → (fun (x : Fin n) => Real) i) Real.semiring
                      (@Pi.addCommGroup.{0, 0} (Fin n) (fun (x : Fin n) => Real) fun (i : Fin n) =>
                        Real.instAddCommGroup)
                      (@Pi.Function.module.{0, 0, 0} (Fin n) Real Real Real.semiring
                        (@Semiring.toAddCommMonoid.{0} Real (@Ring.toSemiring.{0} Real Real.instRing))
                        (@Semiring.toModule.{0} Real Real.semiring)))))
                (@NLA.KE04.krylov n p A V ell) x →
              @Membership.mem.{0, 0} (NLA.KE04.Vec n)
                (@Submodule.{0, 0} Real (NLA.KE04.Vec n) Real.semiring
                  (@AddCommGroup.toAddCommMonoid.{0} (NLA.KE04.Vec n)
                    (@WithLp.instAddCommGroup.{0}
                      (@OfNat.ofNat.{0} ENNReal (nat_lit 2)
                        (@instOfNatAtLeastTwo.{0} ENNReal (nat_lit 2)
                          (@AddMonoidWithOne.toNatCast.{0} ENNReal
                            (@AddCommMonoidWithOne.toAddMonoidWithOne.{0} ENNReal ENNReal.instAddCommMonoidWithOne))
                          PiLp.innerProductSpace._proof_1))
                      ((i : Fin n) → (fun (x : Fin n) => Real) i)
                      (@Pi.addCommGroup.{0, 0} (Fin n) (fun (x : Fin n) => Real) fun (i : Fin n) =>
                        Real.instAddCommGroup)))
                  (@WithLp.instModule.{0, 0}
                    (@OfNat.ofNat.{0} ENNReal (nat_lit 2)
                      (@instOfNatAtLeastTwo.{0} ENNReal (nat_lit 2)
                        (@AddMonoidWithOne.toNatCast.{0} ENNReal
                          (@AddCommMonoidWithOne.toAddMonoidWithOne.{0} ENNReal ENNReal.instAddCommMonoidWithOne))
                        PiLp.innerProductSpace._proof_1))
                    Real ((i : Fin n) → (fun (x : Fin n) => Real) i) Real.semiring
                    (@Pi.addCommGroup.{0, 0} (Fin n) (fun (x : Fin n) => Real) fun (i : Fin n) => Real.instAddCommGroup)
                    (@Pi.Function.module.{0, 0, 0} (Fin n) Real Real Real.semiring
                      (@Semiring.toAddCommMonoid.{0} Real (@Ring.toSemiring.{0} Real Real.instRing))
                      (@Semiring.toModule.{0} Real Real.semiring))))
                (@SetLike.instMembership.{0, 0}
                  (@Submodule.{0, 0} Real (NLA.KE04.Vec n) Real.semiring
                    (@AddCommGroup.toAddCommMonoid.{0} (NLA.KE04.Vec n)
                      (@WithLp.instAddCommGroup.{0}
                        (@OfNat.ofNat.{0} ENNReal (nat_lit 2)
                          (@instOfNatAtLeastTwo.{0} ENNReal (nat_lit 2)
                            (@AddMonoidWithOne.toNatCast.{0} ENNReal
                              (@AddCommMonoidWithOne.toAddMonoidWithOne.{0} ENNReal ENNReal.instAddCommMonoidWithOne))
                            PiLp.innerProductSpace._proof_1))
                        ((i : Fin n) → (fun (x : Fin n) => Real) i)
                        (@Pi.addCommGroup.{0, 0} (Fin n) (fun (x : Fin n) => Real) fun (i : Fin n) =>
                          Real.instAddCommGroup)))
                    (@WithLp.instModule.{0, 0}
                      (@OfNat.ofNat.{0} ENNReal (nat_lit 2)
                        (@instOfNatAtLeastTwo.{0} ENNReal (nat_lit 2)
                          (@AddMonoidWithOne.toNatCast.{0} ENNReal
                            (@AddCommMonoidWithOne.toAddMonoidWithOne.{0} ENNReal ENNReal.instAddCommMonoidWithOne))
                          PiLp.innerProductSpace._proof_1))
                      Real ((i : Fin n) → (fun (x : Fin n) => Real) i) Real.semiring
                      (@Pi.addCommGroup.{0, 0} (Fin n) (fun (x : Fin n) => Real) fun (i : Fin n) =>
                        Real.instAddCommGroup)
                      (@Pi.Function.module.{0, 0, 0} (Fin n) Real Real Real.semiring
                        (@Semiring.toAddCommMonoid.{0} Real (@Ring.toSemiring.{0} Real Real.instRing))
                        (@Semiring.toModule.{0} Real Real.semiring))))
                  (NLA.KE04.Vec n)
                  (@Submodule.setLike.{0, 0} Real (NLA.KE04.Vec n) Real.semiring
                    (@AddCommGroup.toAddCommMonoid.{0} (NLA.KE04.Vec n)
                      (@WithLp.instAddCommGroup.{0}
                        (@OfNat.ofNat.{0} ENNReal (nat_lit 2)
                          (@instOfNatAtLeastTwo.{0} ENNReal (nat_lit 2)
                            (@AddMonoidWithOne.toNatCast.{0} ENNReal
                              (@AddCommMonoidWithOne.toAddMonoidWithOne.{0} ENNReal ENNReal.instAddCommMonoidWithOne))
                            PiLp.innerProductSpace._proof_1))
                        ((i : Fin n) → (fun (x : Fin n) => Real) i)
                        (@Pi.addCommGroup.{0, 0} (Fin n) (fun (x : Fin n) => Real) fun (i : Fin n) =>
                          Real.instAddCommGroup)))
                    (@WithLp.instModule.{0, 0}
                      (@OfNat.ofNat.{0} ENNReal (nat_lit 2)
                        (@instOfNatAtLeastTwo.{0} ENNReal (nat_lit 2)
                          (@AddMonoidWithOne.toNatCast.{0} ENNReal
                            (@AddCommMonoidWithOne.toAddMonoidWithOne.{0} ENNReal ENNReal.instAddCommMonoidWithOne))
                          PiLp.innerProductSpace._proof_1))
                      Real ((i : Fin n) → (fun (x : Fin n) => Real) i) Real.semiring
                      (@Pi.addCommGroup.{0, 0} (Fin n) (fun (x : Fin n) => Real) fun (i : Fin n) =>
                        Real.instAddCommGroup)
                      (@Pi.Function.module.{0, 0, 0} (Fin n) Real Real Real.semiring
                        (@Semiring.toAddCommMonoid.{0} Real (@Ring.toSemiring.{0} Real Real.instRing))
                        (@Semiring.toModule.{0} Real Real.semiring)))))
                (@NLA.KE04.krylov n p A V
                  (@HAdd.hAdd.{0, 0, 0} Nat Nat Nat (@instHAdd.{0} Nat instAddNat) ell
                    (@OfNat.ofNat.{0} Nat (nat_lit 1) (instOfNatNat (nat_lit 1)))))
                (@DFunLike.coe.{1, 1, 1}
                  (@LinearMap.{0, 0, 0, 0} Real Real Real.semiring Real.semiring
                    (@RingHom.id.{0} Real (@Semiring.toNonAssocSemiring.{0} Real Real.semiring)) (NLA.KE04.Vec n)
                    (NLA.KE04.Vec n)
                    (@AddCommGroup.toAddCommMonoid.{0} (NLA.KE04.Vec n)
                      (@WithLp.instAddCommGroup.{0}
                        (@OfNat.ofNat.{0} ENNReal (nat_lit 2)
                          (@instOfNatAtLeastTwo.{0} ENNReal (nat_lit 2)
                            (@AddMonoidWithOne.toNatCast.{0} ENNReal
                              (@AddCommMonoidWithOne.toAddMonoidWithOne.{0} ENNReal ENNReal.instAddCommMonoidWithOne))
                            PiLp.innerProductSpace._proof_1))
                        ((i : Fin n) → (fun (x : Fin n) => Real) i)
                        (@Pi.addCommGroup.{0, 0} (Fin n) (fun (x : Fin n) => Real) fun (i : Fin n) =>
                          Real.instAddCommGroup)))
                    (@AddCommGroup.toAddCommMonoid.{0} (NLA.KE04.Vec n)
                      (@WithLp.instAddCommGroup.{0}
                        (@OfNat.ofNat.{0} ENNReal (nat_lit 2)
                          (@instOfNatAtLeastTwo.{0} ENNReal (nat_lit 2)
                            (@AddMonoidWithOne.toNatCast.{0} ENNReal
                              (@AddCommMonoidWithOne.toAddMonoidWithOne.{0} ENNReal ENNReal.instAddCommMonoidWithOne))
                            PiLp.innerProductSpace._proof_1))
                        ((i : Fin n) → (fun (x : Fin n) => Real) i)
                        (@Pi.addCommGroup.{0, 0} (Fin n) (fun (x : Fin n) => Real) fun (i : Fin n) =>
                          Real.instAddCommGroup)))
                    (@WithLp.instModule.{0, 0}
                      (@OfNat.ofNat.{0} ENNReal (nat_lit 2)
                        (@instOfNatAtLeastTwo.{0} ENNReal (nat_lit 2)
                          (@AddMonoidWithOne.toNatCast.{0} ENNReal
                            (@AddCommMonoidWithOne.toAddMonoidWithOne.{0} ENNReal ENNReal.instAddCommMonoidWithOne))
                          PiLp.innerProductSpace._proof_1))
                      Real ((i : Fin n) → (fun (x : Fin n) => Real) i) Real.semiring
                      (@Pi.addCommGroup.{0, 0} (Fin n) (fun (x : Fin n) => Real) fun (i : Fin n) =>
                        Real.instAddCommGroup)
                      (@Pi.Function.module.{0, 0, 0} (Fin n) Real Real Real.semiring
                        (@Semiring.toAddCommMonoid.{0} Real (@Ring.toSemiring.{0} Real Real.instRing))
                        (@Semiring.toModule.{0} Real Real.semiring)))
                    (@WithLp.instModule.{0, 0}
                      (@OfNat.ofNat.{0} ENNReal (nat_lit 2)
                        (@instOfNatAtLeastTwo.{0} ENNReal (nat_lit 2)
                          (@AddMonoidWithOne.toNatCast.{0} ENNReal
                            (@AddCommMonoidWithOne.toAddMonoidWithOne.{0} ENNReal ENNReal.instAddCommMonoidWithOne))
                          PiLp.innerProductSpace._proof_1))
                      Real ((i : Fin n) → (fun (x : Fin n) => Real) i) Real.semiring
                      (@Pi.addCommGroup.{0, 0} (Fin n) (fun (x : Fin n) => Real) fun (i : Fin n) =>
                        Real.instAddCommGroup)
                      (@Pi.Function.module.{0, 0, 0} (Fin n) Real Real Real.semiring
                        (@Semiring.toAddCommMonoid.{0} Real (@Ring.toSemiring.{0} Real Real.instRing))
                        (@Semiring.toModule.{0} Real Real.semiring))))
                  (NLA.KE04.Vec n) (fun (x : NLA.KE04.Vec n) => NLA.KE04.Vec n)
                  (@LinearMap.instFunLike.{0, 0, 0, 0} Real Real (NLA.KE04.Vec n) (NLA.KE04.Vec n) Real.semiring
                    Real.semiring
                    (@AddCommGroup.toAddCommMonoid.{0} (NLA.KE04.Vec n)
                      (@WithLp.instAddCommGroup.{0}
                        (@OfNat.ofNat.{0} ENNReal (nat_lit 2)
                          (@instOfNatAtLeastTwo.{0} ENNReal (nat_lit 2)
                            (@AddMonoidWithOne.toNatCast.{0} ENNReal
                              (@AddCommMonoidWithOne.toAddMonoidWithOne.{0} ENNReal ENNReal.instAddCommMonoidWithOne))
                            PiLp.innerProductSpace._proof_1))
                        ((i : Fin n) → (fun (x : Fin n) => Real) i)
                        (@Pi.addCommGroup.{0, 0} (Fin n) (fun (x : Fin n) => Real) fun (i : Fin n) =>
                          Real.instAddCommGroup)))
                    (@AddCommGroup.toAddCommMonoid.{0} (NLA.KE04.Vec n)
                      (@WithLp.instAddCommGroup.{0}
                        (@OfNat.ofNat.{0} ENNReal (nat_lit 2)
                          (@instOfNatAtLeastTwo.{0} ENNReal (nat_lit 2)
                            (@AddMonoidWithOne.toNatCast.{0} ENNReal
                              (@AddCommMonoidWithOne.toAddMonoidWithOne.{0} ENNReal ENNReal.instAddCommMonoidWithOne))
                            PiLp.innerProductSpace._proof_1))
                        ((i : Fin n) → (fun (x : Fin n) => Real) i)
                        (@Pi.addCommGroup.{0, 0} (Fin n) (fun (x : Fin n) => Real) fun (i : Fin n) =>
                          Real.instAddCommGroup)))
                    (@WithLp.instModule.{0, 0}
                      (@OfNat.ofNat.{0} ENNReal (nat_lit 2)
                        (@instOfNatAtLeastTwo.{0} ENNReal (nat_lit 2)
                          (@AddMonoidWithOne.toNatCast.{0} ENNReal
                            (@AddCommMonoidWithOne.toAddMonoidWithOne.{0} ENNReal ENNReal.instAddCommMonoidWithOne))
                          PiLp.innerProductSpace._proof_1))
                      Real ((i : Fin n) → (fun (x : Fin n) => Real) i) Real.semiring
                      (@Pi.addCommGroup.{0, 0} (Fin n) (fun (x : Fin n) => Real) fun (i : Fin n) =>
                        Real.instAddCommGroup)
                      (@Pi.Function.module.{0, 0, 0} (Fin n) Real Real Real.semiring
                        (@Semiring.toAddCommMonoid.{0} Real (@Ring.toSemiring.{0} Real Real.instRing))
                        (@Semiring.toModule.{0} Real Real.semiring)))
                    (@WithLp.instModule.{0, 0}
                      (@OfNat.ofNat.{0} ENNReal (nat_lit 2)
                        (@instOfNatAtLeastTwo.{0} ENNReal (nat_lit 2)
                          (@AddMonoidWithOne.toNatCast.{0} ENNReal
                            (@AddCommMonoidWithOne.toAddMonoidWithOne.{0} ENNReal ENNReal.instAddCommMonoidWithOne))
                          PiLp.innerProductSpace._proof_1))
                      Real ((i : Fin n) → (fun (x : Fin n) => Real) i) Real.semiring
                      (@Pi.addCommGroup.{0, 0} (Fin n) (fun (x : Fin n) => Real) fun (i : Fin n) =>
                        Real.instAddCommGroup)
                      (@Pi.Function.module.{0, 0, 0} (Fin n) Real Real Real.semiring
                        (@Semiring.toAddCommMonoid.{0} Real (@Ring.toSemiring.{0} Real Real.instRing))
                        (@Semiring.toModule.{0} Real Real.semiring)))
                    (@RingHom.id.{0} Real (@Semiring.toNonAssocSemiring.{0} Real Real.semiring)))
                  (@NLA.KE04.act n n A) x))))
    Bool.false
    (Lean.Name.num
      (Lean.Name.str
        (Lean.Name.str
          (Lean.Name.num
            (Lean.Name.str
              (Lean.Name.str
                (Lean.Name.str
                  (Lean.Name.num
                    (Lean.Name.num
                      (Lean.Name.num
                        (Lean.Name.num
                          (Lean.Name.num
                            (Lean.Name.num (Lean.Name.str Lean.Name.anonymous "Challenge")
                              (@OfNat.ofNat.{0} Nat (nat_lit 32) (instOfNatNat (nat_lit 32))))
                            (@OfNat.ofNat.{0} Nat (nat_lit 73) (instOfNatNat (nat_lit 73))))
                          (@OfNat.ofNat.{0} Nat (nat_lit 32) (instOfNatNat (nat_lit 32))))
                        (@OfNat.ofNat.{0} Nat (nat_lit 78) (instOfNatNat (nat_lit 78))))
                      (@OfNat.ofNat.{0} Nat (nat_lit 73) (instOfNatNat (nat_lit 73))))
                    (@OfNat.ofNat.{0} Nat (nat_lit 78) (instOfNatNat (nat_lit 78))))
                  "_sorry")
                "_@")
              "Challenge")
            (@OfNat.ofNat.{0} Nat (nat_lit 250392447) (instOfNatNat (nat_lit 250392447))))
          "_hygCtx")
        "_hyg")
      (@OfNat.ofNat.{0} Nat (nat_lit 70) (instOfNatNat (nat_lit 70))))
theorem NLA.KE04.fullBlockDimension_iff_independent : ∀ {n p : Nat} (A : NLA.KE04.Mat n) (V : NLA.KE04.Rect n p)
  (ell : Nat),
  And
    (Iff (@NLA.KE04.FullBlockDimension n p A V ell)
      (@LinearIndependent.{0, 0, 0} (Prod.{0, 0} (Fin ell) (Fin p)) Real (NLA.KE04.Vec n)
        (@NLA.KE04.krylovColumns n p A V ell) Real.semiring
        (@AddCommGroup.toAddCommMonoid.{0} (NLA.KE04.Vec n)
          (@WithLp.instAddCommGroup.{0}
            (@OfNat.ofNat.{0} ENNReal (nat_lit 2)
              (@instOfNatAtLeastTwo.{0} ENNReal (nat_lit 2)
                (@AddMonoidWithOne.toNatCast.{0} ENNReal
                  (@AddCommMonoidWithOne.toAddMonoidWithOne.{0} ENNReal ENNReal.instAddCommMonoidWithOne))
                PiLp.innerProductSpace._proof_1))
            ((i : Fin n) → (fun (x : Fin n) => Real) i)
            (@Pi.addCommGroup.{0, 0} (Fin n) (fun (x : Fin n) => Real) fun (i : Fin n) => Real.instAddCommGroup)))
        (@WithLp.instModule.{0, 0}
          (@OfNat.ofNat.{0} ENNReal (nat_lit 2)
            (@instOfNatAtLeastTwo.{0} ENNReal (nat_lit 2)
              (@AddMonoidWithOne.toNatCast.{0} ENNReal
                (@AddCommMonoidWithOne.toAddMonoidWithOne.{0} ENNReal ENNReal.instAddCommMonoidWithOne))
              PiLp.innerProductSpace._proof_1))
          Real ((i : Fin n) → (fun (x : Fin n) => Real) i) Real.semiring
          (@Pi.addCommGroup.{0, 0} (Fin n) (fun (x : Fin n) => Real) fun (i : Fin n) => Real.instAddCommGroup)
          (@Pi.Function.module.{0, 0, 0} (Fin n) Real Real Real.semiring
            (@Semiring.toAddCommMonoid.{0} Real (@Ring.toSemiring.{0} Real Real.instRing))
            (@Semiring.toModule.{0} Real Real.semiring)))))
    (Iff (@NLA.KE04.FullColumnRank n p V)
      (@NLA.KE04.FullBlockDimension n p A V (@OfNat.ofNat.{0} Nat (nat_lit 1) (instOfNatNat (nat_lit 1))))) :=
fun {n p : Nat} (A : NLA.KE04.Mat n) (V : NLA.KE04.Rect n p) (ell : Nat) =>
  sorryAx.{0}
    (∀ (tag : Lean.Name),
      And
        (Iff (@NLA.KE04.FullBlockDimension n p A V ell)
          (@LinearIndependent.{0, 0, 0} (Prod.{0, 0} (Fin ell) (Fin p)) Real (NLA.KE04.Vec n)
            (@NLA.KE04.krylovColumns n p A V ell) Real.semiring
            (@AddCommGroup.toAddCommMonoid.{0} (NLA.KE04.Vec n)
              (@WithLp.instAddCommGroup.{0}
                (@OfNat.ofNat.{0} ENNReal (nat_lit 2)
                  (@instOfNatAtLeastTwo.{0} ENNReal (nat_lit 2)
                    (@AddMonoidWithOne.toNatCast.{0} ENNReal
                      (@AddCommMonoidWithOne.toAddMonoidWithOne.{0} ENNReal ENNReal.instAddCommMonoidWithOne))
                    PiLp.innerProductSpace._proof_1))
                ((i : Fin n) → (fun (x : Fin n) => Real) i)
                (@Pi.addCommGroup.{0, 0} (Fin n) (fun (x : Fin n) => Real) fun (i : Fin n) => Real.instAddCommGroup)))
            (@WithLp.instModule.{0, 0}
              (@OfNat.ofNat.{0} ENNReal (nat_lit 2)
                (@instOfNatAtLeastTwo.{0} ENNReal (nat_lit 2)
                  (@AddMonoidWithOne.toNatCast.{0} ENNReal
                    (@AddCommMonoidWithOne.toAddMonoidWithOne.{0} ENNReal ENNReal.instAddCommMonoidWithOne))
                  PiLp.innerProductSpace._proof_1))
              Real ((i : Fin n) → (fun (x : Fin n) => Real) i) Real.semiring
              (@Pi.addCommGroup.{0, 0} (Fin n) (fun (x : Fin n) => Real) fun (i : Fin n) => Real.instAddCommGroup)
              (@Pi.Function.module.{0, 0, 0} (Fin n) Real Real Real.semiring
                (@Semiring.toAddCommMonoid.{0} Real (@Ring.toSemiring.{0} Real Real.instRing))
                (@Semiring.toModule.{0} Real Real.semiring)))))
        (Iff (@NLA.KE04.FullColumnRank n p V)
          (@NLA.KE04.FullBlockDimension n p A V (@OfNat.ofNat.{0} Nat (nat_lit 1) (instOfNatNat (nat_lit 1))))))
    Bool.false
    (Lean.Name.num
      (Lean.Name.str
        (Lean.Name.str
          (Lean.Name.num
            (Lean.Name.str
              (Lean.Name.str
                (Lean.Name.str
                  (Lean.Name.num
                    (Lean.Name.num
                      (Lean.Name.num
                        (Lean.Name.num
                          (Lean.Name.num
                            (Lean.Name.num (Lean.Name.str Lean.Name.anonymous "Challenge")
                              (@OfNat.ofNat.{0} Nat (nat_lit 38) (instOfNatNat (nat_lit 38))))
                            (@OfNat.ofNat.{0} Nat (nat_lit 58) (instOfNatNat (nat_lit 58))))
                          (@OfNat.ofNat.{0} Nat (nat_lit 38) (instOfNatNat (nat_lit 38))))
                        (@OfNat.ofNat.{0} Nat (nat_lit 63) (instOfNatNat (nat_lit 63))))
                      (@OfNat.ofNat.{0} Nat (nat_lit 58) (instOfNatNat (nat_lit 58))))
                    (@OfNat.ofNat.{0} Nat (nat_lit 63) (instOfNatNat (nat_lit 63))))
                  "_sorry")
                "_@")
              "Challenge")
            (@OfNat.ofNat.{0} Nat (nat_lit 338848467) (instOfNatNat (nat_lit 338848467))))
          "_hygCtx")
        "_hyg")
      (@OfNat.ofNat.{0} Nat (nat_lit 55) (instOfNatNat (nat_lit 55))))
theorem NLA.KE04.fullBlockDimension_prefix : ∀ {n p : Nat} (A : NLA.KE04.Mat n) (V : NLA.KE04.Rect n p) (s : Nat)
  (hs : @NLA.KE04.FullBlockDimension n p A V s) (ell : Nat),
  @LE.le.{0} Nat instLENat ell s →
    And (@NLA.KE04.FullBlockDimension n p A V ell)
      (@Function.Injective.{1, 1} (Prod.{0, 0} (Fin ell) (Fin p) → Real) (NLA.KE04.Vec n)
        (@DFunLike.coe.{1, 1, 1}
          (@LinearMap.{0, 0, 0, 0} Real Real Real.semiring Real.semiring
            (@RingHom.id.{0} Real (@Semiring.toNonAssocSemiring.{0} Real Real.semiring))
            (Prod.{0, 0} (Fin ell) (Fin p) → Real) (NLA.KE04.Vec n)
            (@Pi.addCommMonoid.{0, 0} (Prod.{0, 0} (Fin ell) (Fin p)) (fun (a : Prod.{0, 0} (Fin ell) (Fin p)) => Real)
              fun (i : Prod.{0, 0} (Fin ell) (Fin p)) => Real.instAddCommMonoid)
            (@AddCommGroup.toAddCommMonoid.{0} (NLA.KE04.Vec n)
              (@WithLp.instAddCommGroup.{0}
                (@OfNat.ofNat.{0} ENNReal (nat_lit 2)
                  (@instOfNatAtLeastTwo.{0} ENNReal (nat_lit 2)
                    (@AddMonoidWithOne.toNatCast.{0} ENNReal
                      (@AddCommMonoidWithOne.toAddMonoidWithOne.{0} ENNReal ENNReal.instAddCommMonoidWithOne))
                    PiLp.innerProductSpace._proof_1))
                ((i : Fin n) → (fun (x : Fin n) => Real) i)
                (@Pi.addCommGroup.{0, 0} (Fin n) (fun (x : Fin n) => Real) fun (i : Fin n) => Real.instAddCommGroup)))
            (@Pi.Function.module.{0, 0, 0} (Prod.{0, 0} (Fin ell) (Fin p)) Real Real Real.semiring
              Real.instAddCommMonoid (@Semiring.toModule.{0} Real Real.semiring))
            (@WithLp.instModule.{0, 0}
              (@OfNat.ofNat.{0} ENNReal (nat_lit 2)
                (@instOfNatAtLeastTwo.{0} ENNReal (nat_lit 2)
                  (@AddMonoidWithOne.toNatCast.{0} ENNReal
                    (@AddCommMonoidWithOne.toAddMonoidWithOne.{0} ENNReal ENNReal.instAddCommMonoidWithOne))
                  PiLp.innerProductSpace._proof_1))
              Real ((i : Fin n) → (fun (x : Fin n) => Real) i) Real.semiring
              (@Pi.addCommGroup.{0, 0} (Fin n) (fun (x : Fin n) => Real) fun (i : Fin n) => Real.instAddCommGroup)
              (@Pi.Function.module.{0, 0, 0} (Fin n) Real Real Real.semiring
                (@Semiring.toAddCommMonoid.{0} Real (@Ring.toSemiring.{0} Real Real.instRing))
                (@Semiring.toModule.{0} Real Real.semiring))))
          (Prod.{0, 0} (Fin ell) (Fin p) → Real) (fun (x : Prod.{0, 0} (Fin ell) (Fin p) → Real) => NLA.KE04.Vec n)
          (@LinearMap.instFunLike.{0, 0, 0, 0} Real Real (Prod.{0, 0} (Fin ell) (Fin p) → Real) (NLA.KE04.Vec n)
            Real.semiring Real.semiring
            (@Pi.addCommMonoid.{0, 0} (Prod.{0, 0} (Fin ell) (Fin p)) (fun (a : Prod.{0, 0} (Fin ell) (Fin p)) => Real)
              fun (i : Prod.{0, 0} (Fin ell) (Fin p)) => Real.instAddCommMonoid)
            (@AddCommGroup.toAddCommMonoid.{0} (NLA.KE04.Vec n)
              (@WithLp.instAddCommGroup.{0}
                (@OfNat.ofNat.{0} ENNReal (nat_lit 2)
                  (@instOfNatAtLeastTwo.{0} ENNReal (nat_lit 2)
                    (@AddMonoidWithOne.toNatCast.{0} ENNReal
                      (@AddCommMonoidWithOne.toAddMonoidWithOne.{0} ENNReal ENNReal.instAddCommMonoidWithOne))
                    PiLp.innerProductSpace._proof_1))
                ((i : Fin n) → (fun (x : Fin n) => Real) i)
                (@Pi.addCommGroup.{0, 0} (Fin n) (fun (x : Fin n) => Real) fun (i : Fin n) => Real.instAddCommGroup)))
            (@Pi.Function.module.{0, 0, 0} (Prod.{0, 0} (Fin ell) (Fin p)) Real Real Real.semiring
              Real.instAddCommMonoid (@Semiring.toModule.{0} Real Real.semiring))
            (@WithLp.instModule.{0, 0}
              (@OfNat.ofNat.{0} ENNReal (nat_lit 2)
                (@instOfNatAtLeastTwo.{0} ENNReal (nat_lit 2)
                  (@AddMonoidWithOne.toNatCast.{0} ENNReal
                    (@AddCommMonoidWithOne.toAddMonoidWithOne.{0} ENNReal ENNReal.instAddCommMonoidWithOne))
                  PiLp.innerProductSpace._proof_1))
              Real ((i : Fin n) → (fun (x : Fin n) => Real) i) Real.semiring
              (@Pi.addCommGroup.{0, 0} (Fin n) (fun (x : Fin n) => Real) fun (i : Fin n) => Real.instAddCommGroup)
              (@Pi.Function.module.{0, 0, 0} (Fin n) Real Real Real.semiring
                (@Semiring.toAddCommMonoid.{0} Real (@Ring.toSemiring.{0} Real Real.instRing))
                (@Semiring.toModule.{0} Real Real.semiring)))
            (@RingHom.id.{0} Real (@Semiring.toNonAssocSemiring.{0} Real Real.semiring)))
          (@NLA.KE04.krylovCombination n p A V ell))) :=
fun {n p : Nat} (A : NLA.KE04.Mat n) (V : NLA.KE04.Rect n p) (s : Nat) (hs : @NLA.KE04.FullBlockDimension n p A V s) =>
  sorryAx.{0}
    (∀ (tag : Lean.Name) (ell : Nat),
      @LE.le.{0} Nat instLENat ell s →
        And (@NLA.KE04.FullBlockDimension n p A V ell)
          (@Function.Injective.{1, 1} (Prod.{0, 0} (Fin ell) (Fin p) → Real) (NLA.KE04.Vec n)
            (@DFunLike.coe.{1, 1, 1}
              (@LinearMap.{0, 0, 0, 0} Real Real Real.semiring Real.semiring
                (@RingHom.id.{0} Real (@Semiring.toNonAssocSemiring.{0} Real Real.semiring))
                (Prod.{0, 0} (Fin ell) (Fin p) → Real) (NLA.KE04.Vec n)
                (@Pi.addCommMonoid.{0, 0} (Prod.{0, 0} (Fin ell) (Fin p))
                  (fun (a : Prod.{0, 0} (Fin ell) (Fin p)) => Real) fun (i : Prod.{0, 0} (Fin ell) (Fin p)) =>
                  Real.instAddCommMonoid)
                (@AddCommGroup.toAddCommMonoid.{0} (NLA.KE04.Vec n)
                  (@WithLp.instAddCommGroup.{0}
                    (@OfNat.ofNat.{0} ENNReal (nat_lit 2)
                      (@instOfNatAtLeastTwo.{0} ENNReal (nat_lit 2)
                        (@AddMonoidWithOne.toNatCast.{0} ENNReal
                          (@AddCommMonoidWithOne.toAddMonoidWithOne.{0} ENNReal ENNReal.instAddCommMonoidWithOne))
                        PiLp.innerProductSpace._proof_1))
                    ((i : Fin n) → (fun (x : Fin n) => Real) i)
                    (@Pi.addCommGroup.{0, 0} (Fin n) (fun (x : Fin n) => Real) fun (i : Fin n) =>
                      Real.instAddCommGroup)))
                (@Pi.Function.module.{0, 0, 0} (Prod.{0, 0} (Fin ell) (Fin p)) Real Real Real.semiring
                  Real.instAddCommMonoid (@Semiring.toModule.{0} Real Real.semiring))
                (@WithLp.instModule.{0, 0}
                  (@OfNat.ofNat.{0} ENNReal (nat_lit 2)
                    (@instOfNatAtLeastTwo.{0} ENNReal (nat_lit 2)
                      (@AddMonoidWithOne.toNatCast.{0} ENNReal
                        (@AddCommMonoidWithOne.toAddMonoidWithOne.{0} ENNReal ENNReal.instAddCommMonoidWithOne))
                      PiLp.innerProductSpace._proof_1))
                  Real ((i : Fin n) → (fun (x : Fin n) => Real) i) Real.semiring
                  (@Pi.addCommGroup.{0, 0} (Fin n) (fun (x : Fin n) => Real) fun (i : Fin n) => Real.instAddCommGroup)
                  (@Pi.Function.module.{0, 0, 0} (Fin n) Real Real Real.semiring
                    (@Semiring.toAddCommMonoid.{0} Real (@Ring.toSemiring.{0} Real Real.instRing))
                    (@Semiring.toModule.{0} Real Real.semiring))))
              (Prod.{0, 0} (Fin ell) (Fin p) → Real) (fun (x : Prod.{0, 0} (Fin ell) (Fin p) → Real) => NLA.KE04.Vec n)
              (@LinearMap.instFunLike.{0, 0, 0, 0} Real Real (Prod.{0, 0} (Fin ell) (Fin p) → Real) (NLA.KE04.Vec n)
                Real.semiring Real.semiring
                (@Pi.addCommMonoid.{0, 0} (Prod.{0, 0} (Fin ell) (Fin p))
                  (fun (a : Prod.{0, 0} (Fin ell) (Fin p)) => Real) fun (i : Prod.{0, 0} (Fin ell) (Fin p)) =>
                  Real.instAddCommMonoid)
                (@AddCommGroup.toAddCommMonoid.{0} (NLA.KE04.Vec n)
                  (@WithLp.instAddCommGroup.{0}
                    (@OfNat.ofNat.{0} ENNReal (nat_lit 2)
                      (@instOfNatAtLeastTwo.{0} ENNReal (nat_lit 2)
                        (@AddMonoidWithOne.toNatCast.{0} ENNReal
                          (@AddCommMonoidWithOne.toAddMonoidWithOne.{0} ENNReal ENNReal.instAddCommMonoidWithOne))
                        PiLp.innerProductSpace._proof_1))
                    ((i : Fin n) → (fun (x : Fin n) => Real) i)
                    (@Pi.addCommGroup.{0, 0} (Fin n) (fun (x : Fin n) => Real) fun (i : Fin n) =>
                      Real.instAddCommGroup)))
                (@Pi.Function.module.{0, 0, 0} (Prod.{0, 0} (Fin ell) (Fin p)) Real Real Real.semiring
                  Real.instAddCommMonoid (@Semiring.toModule.{0} Real Real.semiring))
                (@WithLp.instModule.{0, 0}
                  (@OfNat.ofNat.{0} ENNReal (nat_lit 2)
                    (@instOfNatAtLeastTwo.{0} ENNReal (nat_lit 2)
                      (@AddMonoidWithOne.toNatCast.{0} ENNReal
                        (@AddCommMonoidWithOne.toAddMonoidWithOne.{0} ENNReal ENNReal.instAddCommMonoidWithOne))
                      PiLp.innerProductSpace._proof_1))
                  Real ((i : Fin n) → (fun (x : Fin n) => Real) i) Real.semiring
                  (@Pi.addCommGroup.{0, 0} (Fin n) (fun (x : Fin n) => Real) fun (i : Fin n) => Real.instAddCommGroup)
                  (@Pi.Function.module.{0, 0, 0} (Fin n) Real Real Real.semiring
                    (@Semiring.toAddCommMonoid.{0} Real (@Ring.toSemiring.{0} Real Real.instRing))
                    (@Semiring.toModule.{0} Real Real.semiring)))
                (@RingHom.id.{0} Real (@Semiring.toNonAssocSemiring.{0} Real Real.semiring)))
              (@NLA.KE04.krylovCombination n p A V ell))))
    Bool.false
    (Lean.Name.num
      (Lean.Name.str
        (Lean.Name.str
          (Lean.Name.num
            (Lean.Name.str
              (Lean.Name.str
                (Lean.Name.str
                  (Lean.Name.num
                    (Lean.Name.num
                      (Lean.Name.num
                        (Lean.Name.num
                          (Lean.Name.num
                            (Lean.Name.num (Lean.Name.str Lean.Name.anonymous "Challenge")
                              (@OfNat.ofNat.{0} Nat (nat_lit 44) (instOfNatNat (nat_lit 44))))
                            (@OfNat.ofNat.{0} Nat (nat_lit 59) (instOfNatNat (nat_lit 59))))
                          (@OfNat.ofNat.{0} Nat (nat_lit 44) (instOfNatNat (nat_lit 44))))
                        (@OfNat.ofNat.{0} Nat (nat_lit 64) (instOfNatNat (nat_lit 64))))
                      (@OfNat.ofNat.{0} Nat (nat_lit 59) (instOfNatNat (nat_lit 59))))
                    (@OfNat.ofNat.{0} Nat (nat_lit 64) (instOfNatNat (nat_lit 64))))
                  "_sorry")
                "_@")
              "Challenge")
            (@OfNat.ofNat.{0} Nat (nat_lit 3160123495) (instOfNatNat (nat_lit 3160123495))))
          "_hygCtx")
        "_hyg")
      (@OfNat.ofNat.{0} Nat (nat_lit 50) (instOfNatNat (nat_lit 50))))
theorem NLA.KE04.lastFullBlockIteration_exists : ∀ {n p : Nat}
  (hp : @LT.lt.{0} Nat instLTNat (@OfNat.ofNat.{0} Nat (nat_lit 0) (instOfNatNat (nat_lit 0))) p) (A : NLA.KE04.Mat n)
  (V : NLA.KE04.Rect n p) (hV : @NLA.KE04.FullColumnRank n p V),
  @Exists.{1} Nat fun (s : Nat) =>
    And (@LE.le.{0} Nat instLENat (@OfNat.ofNat.{0} Nat (nat_lit 1) (instOfNatNat (nat_lit 1))) s)
      (@NLA.KE04.LastFullBlockIteration n p A V s) :=
fun {n p : Nat} (hp : @LT.lt.{0} Nat instLTNat (@OfNat.ofNat.{0} Nat (nat_lit 0) (instOfNatNat (nat_lit 0))) p)
    (A : NLA.KE04.Mat n) (V : NLA.KE04.Rect n p) (hV : @NLA.KE04.FullColumnRank n p V) =>
  sorryAx.{0}
    (∀ (tag : Lean.Name),
      @Exists.{1} Nat fun (s : Nat) =>
        And (@LE.le.{0} Nat instLENat (@OfNat.ofNat.{0} Nat (nat_lit 1) (instOfNatNat (nat_lit 1))) s)
          (@NLA.KE04.LastFullBlockIteration n p A V s))
    Bool.false
    (Lean.Name.num
      (Lean.Name.str
        (Lean.Name.str
          (Lean.Name.num
            (Lean.Name.str
              (Lean.Name.str
                (Lean.Name.str
                  (Lean.Name.num
                    (Lean.Name.num
                      (Lean.Name.num
                        (Lean.Name.num
                          (Lean.Name.num
                            (Lean.Name.num (Lean.Name.str Lean.Name.anonymous "Challenge")
                              (@OfNat.ofNat.{0} Nat (nat_lit 49) (instOfNatNat (nat_lit 49))))
                            (@OfNat.ofNat.{0} Nat (nat_lit 52) (instOfNatNat (nat_lit 52))))
                          (@OfNat.ofNat.{0} Nat (nat_lit 49) (instOfNatNat (nat_lit 49))))
                        (@OfNat.ofNat.{0} Nat (nat_lit 57) (instOfNatNat (nat_lit 57))))
                      (@OfNat.ofNat.{0} Nat (nat_lit 52) (instOfNatNat (nat_lit 52))))
                    (@OfNat.ofNat.{0} Nat (nat_lit 57) (instOfNatNat (nat_lit 57))))
                  "_sorry")
                "_@")
              "Challenge")
            (@OfNat.ofNat.{0} Nat (nat_lit 1197826789) (instOfNatNat (nat_lit 1197826789))))
          "_hygCtx")
        "_hyg")
      (@OfNat.ofNat.{0} Nat (nat_lit 44) (instOfNatNat (nat_lit 44))))
theorem NLA.KE04.krylovBasis_exists : ∀ {n p : Nat} (A : NLA.KE04.Mat n) (V : NLA.KE04.Rect n p) (ell : Nat)
  (hfull : @NLA.KE04.FullBlockDimension n p A V ell),
  @Exists.{1} (NLA.KE04.Rect n (@HMul.hMul.{0, 0, 0} Nat Nat Nat (@instHMul.{0} Nat instMulNat) ell p))
    fun (Q : NLA.KE04.Rect n (@HMul.hMul.{0, 0, 0} Nat Nat Nat (@instHMul.{0} Nat instMulNat) ell p)) =>
    @NLA.KE04.IsKrylovBasis n p A V ell Q :=
fun {n p : Nat} (A : NLA.KE04.Mat n) (V : NLA.KE04.Rect n p) (ell : Nat)
    (hfull : @NLA.KE04.FullBlockDimension n p A V ell) =>
  sorryAx.{0}
    (∀ (tag : Lean.Name),
      @Exists.{1} (NLA.KE04.Rect n (@HMul.hMul.{0, 0, 0} Nat Nat Nat (@instHMul.{0} Nat instMulNat) ell p))
        fun (Q : NLA.KE04.Rect n (@HMul.hMul.{0, 0, 0} Nat Nat Nat (@instHMul.{0} Nat instMulNat) ell p)) =>
        @NLA.KE04.IsKrylovBasis n p A V ell Q)
    Bool.false
    (Lean.Name.num
      (Lean.Name.str
        (Lean.Name.str
          (Lean.Name.num
            (Lean.Name.str
              (Lean.Name.str
                (Lean.Name.str
                  (Lean.Name.num
                    (Lean.Name.num
                      (Lean.Name.num
                        (Lean.Name.num
                          (Lean.Name.num
                            (Lean.Name.num (Lean.Name.str Lean.Name.anonymous "Challenge")
                              (@OfNat.ofNat.{0} Nat (nat_lit 54) (instOfNatNat (nat_lit 54))))
                            (@OfNat.ofNat.{0} Nat (nat_lit 58) (instOfNatNat (nat_lit 58))))
                          (@OfNat.ofNat.{0} Nat (nat_lit 54) (instOfNatNat (nat_lit 54))))
                        (@OfNat.ofNat.{0} Nat (nat_lit 63) (instOfNatNat (nat_lit 63))))
                      (@OfNat.ofNat.{0} Nat (nat_lit 58) (instOfNatNat (nat_lit 58))))
                    (@OfNat.ofNat.{0} Nat (nat_lit 63) (instOfNatNat (nat_lit 63))))
                  "_sorry")
                "_@")
              "Challenge")
            (@OfNat.ofNat.{0} Nat (nat_lit 1721312382) (instOfNatNat (nat_lit 1721312382))))
          "_hygCtx")
        "_hyg")
      (@OfNat.ofNat.{0} Nat (nat_lit 47) (instOfNatNat (nat_lit 47))))
theorem NLA.KE04.frameProjection_semantics : ∀ {n m : Nat} (Q : NLA.KE04.Rect n m)
  (hQ :
    @Eq.{1} (Matrix.{0, 0, 0} (Fin m) (Fin m) Real)
      (@HMul.hMul.{0, 0, 0} (Matrix.{0, 0, 0} (Fin m) (Fin n) Real) (NLA.KE04.Rect n m)
        (Matrix.{0, 0, 0} (Fin m) (Fin m) Real)
        (@Matrix.instHMulOfFintypeOfMulOfAddCommMonoid.{0, 0, 0, 0} (Fin m) (Fin n) (Fin m) Real (Fin.fintype n)
          Real.instMul Real.instAddCommMonoid)
        (@Matrix.transpose.{0, 0, 0} (Fin n) (Fin m) Real Q) Q)
      (@OfNat.ofNat.{0} (Matrix.{0, 0, 0} (Fin m) (Fin m) Real) (nat_lit 1)
        (@One.toOfNat1.{0} (Matrix.{0, 0, 0} (Fin m) (Fin m) Real)
          (@Matrix.one.{0, 0} (Fin m) Real (instDecidableEqFin m) Real.instZero Real.instOne)))),
  And
    (@Matrix.IsHermitian.{0, 0} Real (Fin n)
      (@InvolutiveStar.toStar.{0} Real
        (@StarAddMonoid.toInvolutiveStar.{0} Real
          (@AddCommMonoid.toAddMonoid.{0} Real
            (@NonUnitalNonAssocSemiring.toAddCommMonoid.{0} Real
              (@NonUnitalNonAssocRing.toNonUnitalNonAssocSemiring.{0} Real
                (@NonUnitalNonAssocCommRing.toNonUnitalNonAssocRing.{0} Real
                  (@NonUnitalCommRing.toNonUnitalNonAssocCommRing.{0} Real
                    (@CommRing.toNonUnitalCommRing.{0} Real Real.commRing))))))
          (@StarRing.toStarAddMonoid.{0} Real
            (@NonUnitalNonAssocRing.toNonUnitalNonAssocSemiring.{0} Real
              (@NonUnitalNonAssocCommRing.toNonUnitalNonAssocRing.{0} Real
                (@NonUnitalCommRing.toNonUnitalNonAssocCommRing.{0} Real
                  (@CommRing.toNonUnitalCommRing.{0} Real Real.commRing))))
            instStarRingReal)))
      (@NLA.KE04.frameProjection n m Q))
    (And
      (@Eq.{1} (Matrix.{0, 0, 0} (Fin n) (Fin n) Real)
        (@HMul.hMul.{0, 0, 0} (NLA.KE04.Mat n) (NLA.KE04.Mat n) (Matrix.{0, 0, 0} (Fin n) (Fin n) Real)
          (@Matrix.instHMulOfFintypeOfMulOfAddCommMonoid.{0, 0, 0, 0} (Fin n) (Fin n) (Fin n) Real (Fin.fintype n)
            Real.instMul Real.instAddCommMonoid)
          (@NLA.KE04.frameProjection n m Q) (@NLA.KE04.frameProjection n m Q))
        (@NLA.KE04.frameProjection n m Q))
      (And
        (∀ (x : NLA.KE04.Vec n),
          Iff
            (@Membership.mem.{0, 0} (NLA.KE04.Vec n)
              (@Submodule.{0, 0} Real (NLA.KE04.Vec n) Real.semiring
                (@AddCommGroup.toAddCommMonoid.{0} (NLA.KE04.Vec n)
                  (@WithLp.instAddCommGroup.{0}
                    (@OfNat.ofNat.{0} ENNReal (nat_lit 2)
                      (@instOfNatAtLeastTwo.{0} ENNReal (nat_lit 2)
                        (@AddMonoidWithOne.toNatCast.{0} ENNReal
                          (@AddCommMonoidWithOne.toAddMonoidWithOne.{0} ENNReal ENNReal.instAddCommMonoidWithOne))
                        PiLp.innerProductSpace._proof_1))
                    ((i : Fin n) → (fun (x : Fin n) => Real) i)
                    (@Pi.addCommGroup.{0, 0} (Fin n) (fun (x : Fin n) => Real) fun (i : Fin n) =>
                      Real.instAddCommGroup)))
                (@WithLp.instModule.{0, 0}
                  (@OfNat.ofNat.{0} ENNReal (nat_lit 2)
                    (@instOfNatAtLeastTwo.{0} ENNReal (nat_lit 2)
                      (@AddMonoidWithOne.toNatCast.{0} ENNReal
                        (@AddCommMonoidWithOne.toAddMonoidWithOne.{0} ENNReal ENNReal.instAddCommMonoidWithOne))
                      PiLp.innerProductSpace._proof_1))
                  Real ((i : Fin n) → (fun (x : Fin n) => Real) i) Real.semiring
                  (@Pi.addCommGroup.{0, 0} (Fin n) (fun (x : Fin n) => Real) fun (i : Fin n) => Real.instAddCommGroup)
                  (@Pi.Function.module.{0, 0, 0} (Fin n) Real Real Real.semiring
                    (@Semiring.toAddCommMonoid.{0} Real (@Ring.toSemiring.{0} Real Real.instRing))
                    (@Semiring.toModule.{0} Real Real.semiring))))
              (@SetLike.instMembership.{0, 0}
                (@Submodule.{0, 0} Real (NLA.KE04.Vec n) Real.semiring
                  (@AddCommGroup.toAddCommMonoid.{0} (NLA.KE04.Vec n)
                    (@WithLp.instAddCommGroup.{0}
                      (@OfNat.ofNat.{0} ENNReal (nat_lit 2)
                        (@instOfNatAtLeastTwo.{0} ENNReal (nat_lit 2)
                          (@AddMonoidWithOne.toNatCast.{0} ENNReal
                            (@AddCommMonoidWithOne.toAddMonoidWithOne.{0} ENNReal ENNReal.instAddCommMonoidWithOne))
                          PiLp.innerProductSpace._proof_1))
                      ((i : Fin n) → (fun (x : Fin n) => Real) i)
                      (@Pi.addCommGroup.{0, 0} (Fin n) (fun (x : Fin n) => Real) fun (i : Fin n) =>
                        Real.instAddCommGroup)))
                  (@WithLp.instModule.{0, 0}
                    (@OfNat.ofNat.{0} ENNReal (nat_lit 2)
                      (@instOfNatAtLeastTwo.{0} ENNReal (nat_lit 2)
                        (@AddMonoidWithOne.toNatCast.{0} ENNReal
                          (@AddCommMonoidWithOne.toAddMonoidWithOne.{0} ENNReal ENNReal.instAddCommMonoidWithOne))
                        PiLp.innerProductSpace._proof_1))
                    Real ((i : Fin n) → (fun (x : Fin n) => Real) i) Real.semiring
                    (@Pi.addCommGroup.{0, 0} (Fin n) (fun (x : Fin n) => Real) fun (i : Fin n) => Real.instAddCommGroup)
                    (@Pi.Function.module.{0, 0, 0} (Fin n) Real Real Real.semiring
                      (@Semiring.toAddCommMonoid.{0} Real (@Ring.toSemiring.{0} Real Real.instRing))
                      (@Semiring.toModule.{0} Real Real.semiring))))
                (NLA.KE04.Vec n)
                (@Submodule.setLike.{0, 0} Real (NLA.KE04.Vec n) Real.semiring
                  (@AddCommGroup.toAddCommMonoid.{0} (NLA.KE04.Vec n)
                    (@WithLp.instAddCommGroup.{0}
                      (@OfNat.ofNat.{0} ENNReal (nat_lit 2)
                        (@instOfNatAtLeastTwo.{0} ENNReal (nat_lit 2)
                          (@AddMonoidWithOne.toNatCast.{0} ENNReal
                            (@AddCommMonoidWithOne.toAddMonoidWithOne.{0} ENNReal ENNReal.instAddCommMonoidWithOne))
                          PiLp.innerProductSpace._proof_1))
                      ((i : Fin n) → (fun (x : Fin n) => Real) i)
                      (@Pi.addCommGroup.{0, 0} (Fin n) (fun (x : Fin n) => Real) fun (i : Fin n) =>
                        Real.instAddCommGroup)))
                  (@WithLp.instModule.{0, 0}
                    (@OfNat.ofNat.{0} ENNReal (nat_lit 2)
                      (@instOfNatAtLeastTwo.{0} ENNReal (nat_lit 2)
                        (@AddMonoidWithOne.toNatCast.{0} ENNReal
                          (@AddCommMonoidWithOne.toAddMonoidWithOne.{0} ENNReal ENNReal.instAddCommMonoidWithOne))
                        PiLp.innerProductSpace._proof_1))
                    Real ((i : Fin n) → (fun (x : Fin n) => Real) i) Real.semiring
                    (@Pi.addCommGroup.{0, 0} (Fin n) (fun (x : Fin n) => Real) fun (i : Fin n) => Real.instAddCommGroup)
                    (@Pi.Function.module.{0, 0, 0} (Fin n) Real Real Real.semiring
                      (@Semiring.toAddCommMonoid.{0} Real (@Ring.toSemiring.{0} Real Real.instRing))
                      (@Semiring.toModule.{0} Real Real.semiring)))))
              (@NLA.KE04.columnSpace n m Q) x)
            (@Eq.{1} (NLA.KE04.Vec n)
              (@DFunLike.coe.{1, 1, 1}
                (@LinearMap.{0, 0, 0, 0} Real Real Real.semiring Real.semiring
                  (@RingHom.id.{0} Real (@Semiring.toNonAssocSemiring.{0} Real Real.semiring)) (NLA.KE04.Vec n)
                  (NLA.KE04.Vec n)
                  (@AddCommGroup.toAddCommMonoid.{0} (NLA.KE04.Vec n)
                    (@WithLp.instAddCommGroup.{0}
                      (@OfNat.ofNat.{0} ENNReal (nat_lit 2)
                        (@instOfNatAtLeastTwo.{0} ENNReal (nat_lit 2)
                          (@AddMonoidWithOne.toNatCast.{0} ENNReal
                            (@AddCommMonoidWithOne.toAddMonoidWithOne.{0} ENNReal ENNReal.instAddCommMonoidWithOne))
                          PiLp.innerProductSpace._proof_1))
                      ((i : Fin n) → (fun (x : Fin n) => Real) i)
                      (@Pi.addCommGroup.{0, 0} (Fin n) (fun (x : Fin n) => Real) fun (i : Fin n) =>
                        Real.instAddCommGroup)))
                  (@AddCommGroup.toAddCommMonoid.{0} (NLA.KE04.Vec n)
                    (@WithLp.instAddCommGroup.{0}
                      (@OfNat.ofNat.{0} ENNReal (nat_lit 2)
                        (@instOfNatAtLeastTwo.{0} ENNReal (nat_lit 2)
                          (@AddMonoidWithOne.toNatCast.{0} ENNReal
                            (@AddCommMonoidWithOne.toAddMonoidWithOne.{0} ENNReal ENNReal.instAddCommMonoidWithOne))
                          PiLp.innerProductSpace._proof_1))
                      ((i : Fin n) → (fun (x : Fin n) => Real) i)
                      (@Pi.addCommGroup.{0, 0} (Fin n) (fun (x : Fin n) => Real) fun (i : Fin n) =>
                        Real.instAddCommGroup)))
                  (@WithLp.instModule.{0, 0}
                    (@OfNat.ofNat.{0} ENNReal (nat_lit 2)
                      (@instOfNatAtLeastTwo.{0} ENNReal (nat_lit 2)
                        (@AddMonoidWithOne.toNatCast.{0} ENNReal
                          (@AddCommMonoidWithOne.toAddMonoidWithOne.{0} ENNReal ENNReal.instAddCommMonoidWithOne))
                        PiLp.innerProductSpace._proof_1))
                    Real ((i : Fin n) → (fun (x : Fin n) => Real) i) Real.semiring
                    (@Pi.addCommGroup.{0, 0} (Fin n) (fun (x : Fin n) => Real) fun (i : Fin n) => Real.instAddCommGroup)
                    (@Pi.Function.module.{0, 0, 0} (Fin n) Real Real Real.semiring
                      (@Semiring.toAddCommMonoid.{0} Real (@Ring.toSemiring.{0} Real Real.instRing))
                      (@Semiring.toModule.{0} Real Real.semiring)))
                  (@WithLp.instModule.{0, 0}
                    (@OfNat.ofNat.{0} ENNReal (nat_lit 2)
                      (@instOfNatAtLeastTwo.{0} ENNReal (nat_lit 2)
                        (@AddMonoidWithOne.toNatCast.{0} ENNReal
                          (@AddCommMonoidWithOne.toAddMonoidWithOne.{0} ENNReal ENNReal.instAddCommMonoidWithOne))
                        PiLp.innerProductSpace._proof_1))
                    Real ((i : Fin n) → (fun (x : Fin n) => Real) i) Real.semiring
                    (@Pi.addCommGroup.{0, 0} (Fin n) (fun (x : Fin n) => Real) fun (i : Fin n) => Real.instAddCommGroup)
                    (@Pi.Function.module.{0, 0, 0} (Fin n) Real Real Real.semiring
                      (@Semiring.toAddCommMonoid.{0} Real (@Ring.toSemiring.{0} Real Real.instRing))
                      (@Semiring.toModule.{0} Real Real.semiring))))
                (NLA.KE04.Vec n) (fun (x : NLA.KE04.Vec n) => NLA.KE04.Vec n)
                (@LinearMap.instFunLike.{0, 0, 0, 0} Real Real (NLA.KE04.Vec n) (NLA.KE04.Vec n) Real.semiring
                  Real.semiring
                  (@AddCommGroup.toAddCommMonoid.{0} (NLA.KE04.Vec n)
                    (@WithLp.instAddCommGroup.{0}
                      (@OfNat.ofNat.{0} ENNReal (nat_lit 2)
                        (@instOfNatAtLeastTwo.{0} ENNReal (nat_lit 2)
                          (@AddMonoidWithOne.toNatCast.{0} ENNReal
                            (@AddCommMonoidWithOne.toAddMonoidWithOne.{0} ENNReal ENNReal.instAddCommMonoidWithOne))
                          PiLp.innerProductSpace._proof_1))
                      ((i : Fin n) → (fun (x : Fin n) => Real) i)
                      (@Pi.addCommGroup.{0, 0} (Fin n) (fun (x : Fin n) => Real) fun (i : Fin n) =>
                        Real.instAddCommGroup)))
                  (@AddCommGroup.toAddCommMonoid.{0} (NLA.KE04.Vec n)
                    (@WithLp.instAddCommGroup.{0}
                      (@OfNat.ofNat.{0} ENNReal (nat_lit 2)
                        (@instOfNatAtLeastTwo.{0} ENNReal (nat_lit 2)
                          (@AddMonoidWithOne.toNatCast.{0} ENNReal
                            (@AddCommMonoidWithOne.toAddMonoidWithOne.{0} ENNReal ENNReal.instAddCommMonoidWithOne))
                          PiLp.innerProductSpace._proof_1))
                      ((i : Fin n) → (fun (x : Fin n) => Real) i)
                      (@Pi.addCommGroup.{0, 0} (Fin n) (fun (x : Fin n) => Real) fun (i : Fin n) =>
                        Real.instAddCommGroup)))
                  (@WithLp.instModule.{0, 0}
                    (@OfNat.ofNat.{0} ENNReal (nat_lit 2)
                      (@instOfNatAtLeastTwo.{0} ENNReal (nat_lit 2)
                        (@AddMonoidWithOne.toNatCast.{0} ENNReal
                          (@AddCommMonoidWithOne.toAddMonoidWithOne.{0} ENNReal ENNReal.instAddCommMonoidWithOne))
                        PiLp.innerProductSpace._proof_1))
                    Real ((i : Fin n) → (fun (x : Fin n) => Real) i) Real.semiring
                    (@Pi.addCommGroup.{0, 0} (Fin n) (fun (x : Fin n) => Real) fun (i : Fin n) => Real.instAddCommGroup)
                    (@Pi.Function.module.{0, 0, 0} (Fin n) Real Real Real.semiring
                      (@Semiring.toAddCommMonoid.{0} Real (@Ring.toSemiring.{0} Real Real.instRing))
                      (@Semiring.toModule.{0} Real Real.semiring)))
                  (@WithLp.instModule.{0, 0}
                    (@OfNat.ofNat.{0} ENNReal (nat_lit 2)
                      (@instOfNatAtLeastTwo.{0} ENNReal (nat_lit 2)
                        (@AddMonoidWithOne.toNatCast.{0} ENNReal
                          (@AddCommMonoidWithOne.toAddMonoidWithOne.{0} ENNReal ENNReal.instAddCommMonoidWithOne))
                        PiLp.innerProductSpace._proof_1))
                    Real ((i : Fin n) → (fun (x : Fin n) => Real) i) Real.semiring
                    (@Pi.addCommGroup.{0, 0} (Fin n) (fun (x : Fin n) => Real) fun (i : Fin n) => Real.instAddCommGroup)
                    (@Pi.Function.module.{0, 0, 0} (Fin n) Real Real Real.semiring
                      (@Semiring.toAddCommMonoid.{0} Real (@Ring.toSemiring.{0} Real Real.instRing))
                      (@Semiring.toModule.{0} Real Real.semiring)))
                  (@RingHom.id.{0} Real (@Semiring.toNonAssocSemiring.{0} Real Real.semiring)))
                (@NLA.KE04.act n n (@NLA.KE04.frameProjection n m Q)) x)
              x))
        (∀ (x y : NLA.KE04.Vec n),
          @Membership.mem.{0, 0} (NLA.KE04.Vec n)
              (@Submodule.{0, 0} Real (NLA.KE04.Vec n) Real.semiring
                (@AddCommGroup.toAddCommMonoid.{0} (NLA.KE04.Vec n)
                  (@WithLp.instAddCommGroup.{0}
                    (@OfNat.ofNat.{0} ENNReal (nat_lit 2)
                      (@instOfNatAtLeastTwo.{0} ENNReal (nat_lit 2)
                        (@AddMonoidWithOne.toNatCast.{0} ENNReal
                          (@AddCommMonoidWithOne.toAddMonoidWithOne.{0} ENNReal ENNReal.instAddCommMonoidWithOne))
                        PiLp.innerProductSpace._proof_1))
                    ((i : Fin n) → (fun (x : Fin n) => Real) i)
                    (@Pi.addCommGroup.{0, 0} (Fin n) (fun (x : Fin n) => Real) fun (i : Fin n) =>
                      Real.instAddCommGroup)))
                (@WithLp.instModule.{0, 0}
                  (@OfNat.ofNat.{0} ENNReal (nat_lit 2)
                    (@instOfNatAtLeastTwo.{0} ENNReal (nat_lit 2)
                      (@AddMonoidWithOne.toNatCast.{0} ENNReal
                        (@AddCommMonoidWithOne.toAddMonoidWithOne.{0} ENNReal ENNReal.instAddCommMonoidWithOne))
                      PiLp.innerProductSpace._proof_1))
                  Real ((i : Fin n) → (fun (x : Fin n) => Real) i) Real.semiring
                  (@Pi.addCommGroup.{0, 0} (Fin n) (fun (x : Fin n) => Real) fun (i : Fin n) => Real.instAddCommGroup)
                  (@Pi.Function.module.{0, 0, 0} (Fin n) Real Real Real.semiring
                    (@Semiring.toAddCommMonoid.{0} Real (@Ring.toSemiring.{0} Real Real.instRing))
                    (@Semiring.toModule.{0} Real Real.semiring))))
              (@SetLike.instMembership.{0, 0}
                (@Submodule.{0, 0} Real (NLA.KE04.Vec n) Real.semiring
                  (@AddCommGroup.toAddCommMonoid.{0} (NLA.KE04.Vec n)
                    (@WithLp.instAddCommGroup.{0}
                      (@OfNat.ofNat.{0} ENNReal (nat_lit 2)
                        (@instOfNatAtLeastTwo.{0} ENNReal (nat_lit 2)
                          (@AddMonoidWithOne.toNatCast.{0} ENNReal
                            (@AddCommMonoidWithOne.toAddMonoidWithOne.{0} ENNReal ENNReal.instAddCommMonoidWithOne))
                          PiLp.innerProductSpace._proof_1))
                      ((i : Fin n) → (fun (x : Fin n) => Real) i)
                      (@Pi.addCommGroup.{0, 0} (Fin n) (fun (x : Fin n) => Real) fun (i : Fin n) =>
                        Real.instAddCommGroup)))
                  (@WithLp.instModule.{0, 0}
                    (@OfNat.ofNat.{0} ENNReal (nat_lit 2)
                      (@instOfNatAtLeastTwo.{0} ENNReal (nat_lit 2)
                        (@AddMonoidWithOne.toNatCast.{0} ENNReal
                          (@AddCommMonoidWithOne.toAddMonoidWithOne.{0} ENNReal ENNReal.instAddCommMonoidWithOne))
                        PiLp.innerProductSpace._proof_1))
                    Real ((i : Fin n) → (fun (x : Fin n) => Real) i) Real.semiring
                    (@Pi.addCommGroup.{0, 0} (Fin n) (fun (x : Fin n) => Real) fun (i : Fin n) => Real.instAddCommGroup)
                    (@Pi.Function.module.{0, 0, 0} (Fin n) Real Real Real.semiring
                      (@Semiring.toAddCommMonoid.{0} Real (@Ring.toSemiring.{0} Real Real.instRing))
                      (@Semiring.toModule.{0} Real Real.semiring))))
                (NLA.KE04.Vec n)
                (@Submodule.setLike.{0, 0} Real (NLA.KE04.Vec n) Real.semiring
                  (@AddCommGroup.toAddCommMonoid.{0} (NLA.KE04.Vec n)
                    (@WithLp.instAddCommGroup.{0}
                      (@OfNat.ofNat.{0} ENNReal (nat_lit 2)
                        (@instOfNatAtLeastTwo.{0} ENNReal (nat_lit 2)
                          (@AddMonoidWithOne.toNatCast.{0} ENNReal
                            (@AddCommMonoidWithOne.toAddMonoidWithOne.{0} ENNReal ENNReal.instAddCommMonoidWithOne))
                          PiLp.innerProductSpace._proof_1))
                      ((i : Fin n) → (fun (x : Fin n) => Real) i)
                      (@Pi.addCommGroup.{0, 0} (Fin n) (fun (x : Fin n) => Real) fun (i : Fin n) =>
                        Real.instAddCommGroup)))
                  (@WithLp.instModule.{0, 0}
                    (@OfNat.ofNat.{0} ENNReal (nat_lit 2)
                      (@instOfNatAtLeastTwo.{0} ENNReal (nat_lit 2)
                        (@AddMonoidWithOne.toNatCast.{0} ENNReal
                          (@AddCommMonoidWithOne.toAddMonoidWithOne.{0} ENNReal ENNReal.instAddCommMonoidWithOne))
                        PiLp.innerProductSpace._proof_1))
                    Real ((i : Fin n) → (fun (x : Fin n) => Real) i) Real.semiring
                    (@Pi.addCommGroup.{0, 0} (Fin n) (fun (x : Fin n) => Real) fun (i : Fin n) => Real.instAddCommGroup)
                    (@Pi.Function.module.{0, 0, 0} (Fin n) Real Real Real.semiring
                      (@Semiring.toAddCommMonoid.{0} Real (@Ring.toSemiring.{0} Real Real.instRing))
                      (@Semiring.toModule.{0} Real Real.semiring)))))
              (@NLA.KE04.columnSpace n m Q) y →
            @Eq.{1} Real
              (@Inner.inner.{0, 0} Real (NLA.KE04.Vec n)
                (@InnerProductSpace.toInner.{0, 0} Real (NLA.KE04.Vec n) Real.instRCLike
                  (@PiLp.seminormedAddCommGroup.{0, 0}
                    (@OfNat.ofNat.{0} ENNReal (nat_lit 2)
                      (@instOfNatAtLeastTwo.{0} ENNReal (nat_lit 2)
                        (@AddMonoidWithOne.toNatCast.{0} ENNReal
                          (@AddCommMonoidWithOne.toAddMonoidWithOne.{0} ENNReal ENNReal.instAddCommMonoidWithOne))
                        (@Nat.instAtLeastTwoHAddOfNat (@OfNat.ofNat.{0} Nat (nat_lit 1) (instOfNatNat (nat_lit 1)))
                          (@Nat.instNeZeroSucc (@OfNat.ofNat.{0} Nat (nat_lit 0) (instOfNatNat (nat_lit 0)))))))
                    (Fin n) (fun (x : Fin n) => Real) fact_one_le_two_ennreal (Fin.fintype n) fun (i : Fin n) =>
                    @NormedAddCommGroup.toSeminormedAddCommGroup.{0} Real Real.normedAddCommGroup)
                  (@PiLp.innerProductSpace.{0, 0, 0} Real Real.instRCLike (Fin n) (Fin.fintype n)
                    (fun (x : Fin n) => Real) (fun (i : Fin n) => Real.normedAddCommGroup) fun (i : Fin n) =>
                    @RCLike.toInnerProductSpaceReal.{0} Real Real.instRCLike))
                y
                (@HSub.hSub.{0, 0, 0} (NLA.KE04.Vec n) (NLA.KE04.Vec n) (NLA.KE04.Vec n)
                  (@instHSub.{0} (NLA.KE04.Vec n)
                    (@SubNegMonoid.toSub.{0} (NLA.KE04.Vec n)
                      (@AddGroup.toSubNegMonoid.{0} (NLA.KE04.Vec n)
                        (@AddCommGroup.toAddGroup.{0} (NLA.KE04.Vec n)
                          (@WithLp.instAddCommGroup.{0}
                            (@OfNat.ofNat.{0} ENNReal (nat_lit 2)
                              (@instOfNatAtLeastTwo.{0} ENNReal (nat_lit 2)
                                (@AddMonoidWithOne.toNatCast.{0} ENNReal
                                  (@AddCommMonoidWithOne.toAddMonoidWithOne.{0} ENNReal
                                    ENNReal.instAddCommMonoidWithOne))
                                PiLp.innerProductSpace._proof_1))
                            ((i : Fin n) → (fun (x : Fin n) => Real) i)
                            (@Pi.addCommGroup.{0, 0} (Fin n) (fun (x : Fin n) => Real) fun (i : Fin n) =>
                              Real.instAddCommGroup))))))
                  x
                  (@DFunLike.coe.{1, 1, 1}
                    (@LinearMap.{0, 0, 0, 0} Real Real Real.semiring Real.semiring
                      (@RingHom.id.{0} Real (@Semiring.toNonAssocSemiring.{0} Real Real.semiring)) (NLA.KE04.Vec n)
                      (NLA.KE04.Vec n)
                      (@AddCommGroup.toAddCommMonoid.{0} (NLA.KE04.Vec n)
                        (@WithLp.instAddCommGroup.{0}
                          (@OfNat.ofNat.{0} ENNReal (nat_lit 2)
                            (@instOfNatAtLeastTwo.{0} ENNReal (nat_lit 2)
                              (@AddMonoidWithOne.toNatCast.{0} ENNReal
                                (@AddCommMonoidWithOne.toAddMonoidWithOne.{0} ENNReal ENNReal.instAddCommMonoidWithOne))
                              PiLp.innerProductSpace._proof_1))
                          ((i : Fin n) → (fun (x : Fin n) => Real) i)
                          (@Pi.addCommGroup.{0, 0} (Fin n) (fun (x : Fin n) => Real) fun (i : Fin n) =>
                            Real.instAddCommGroup)))
                      (@AddCommGroup.toAddCommMonoid.{0} (NLA.KE04.Vec n)
                        (@WithLp.instAddCommGroup.{0}
                          (@OfNat.ofNat.{0} ENNReal (nat_lit 2)
                            (@instOfNatAtLeastTwo.{0} ENNReal (nat_lit 2)
                              (@AddMonoidWithOne.toNatCast.{0} ENNReal
                                (@AddCommMonoidWithOne.toAddMonoidWithOne.{0} ENNReal ENNReal.instAddCommMonoidWithOne))
                              PiLp.innerProductSpace._proof_1))
                          ((i : Fin n) → (fun (x : Fin n) => Real) i)
                          (@Pi.addCommGroup.{0, 0} (Fin n) (fun (x : Fin n) => Real) fun (i : Fin n) =>
                            Real.instAddCommGroup)))
                      (@WithLp.instModule.{0, 0}
                        (@OfNat.ofNat.{0} ENNReal (nat_lit 2)
                          (@instOfNatAtLeastTwo.{0} ENNReal (nat_lit 2)
                            (@AddMonoidWithOne.toNatCast.{0} ENNReal
                              (@AddCommMonoidWithOne.toAddMonoidWithOne.{0} ENNReal ENNReal.instAddCommMonoidWithOne))
                            PiLp.innerProductSpace._proof_1))
                        Real ((i : Fin n) → (fun (x : Fin n) => Real) i) Real.semiring
                        (@Pi.addCommGroup.{0, 0} (Fin n) (fun (x : Fin n) => Real) fun (i : Fin n) =>
                          Real.instAddCommGroup)
                        (@Pi.Function.module.{0, 0, 0} (Fin n) Real Real Real.semiring
                          (@Semiring.toAddCommMonoid.{0} Real (@Ring.toSemiring.{0} Real Real.instRing))
                          (@Semiring.toModule.{0} Real Real.semiring)))
                      (@WithLp.instModule.{0, 0}
                        (@OfNat.ofNat.{0} ENNReal (nat_lit 2)
                          (@instOfNatAtLeastTwo.{0} ENNReal (nat_lit 2)
                            (@AddMonoidWithOne.toNatCast.{0} ENNReal
                              (@AddCommMonoidWithOne.toAddMonoidWithOne.{0} ENNReal ENNReal.instAddCommMonoidWithOne))
                            PiLp.innerProductSpace._proof_1))
                        Real ((i : Fin n) → (fun (x : Fin n) => Real) i) Real.semiring
                        (@Pi.addCommGroup.{0, 0} (Fin n) (fun (x : Fin n) => Real) fun (i : Fin n) =>
                          Real.instAddCommGroup)
                        (@Pi.Function.module.{0, 0, 0} (Fin n) Real Real Real.semiring
                          (@Semiring.toAddCommMonoid.{0} Real (@Ring.toSemiring.{0} Real Real.instRing))
                          (@Semiring.toModule.{0} Real Real.semiring))))
                    (NLA.KE04.Vec n) (fun (x : NLA.KE04.Vec n) => NLA.KE04.Vec n)
                    (@LinearMap.instFunLike.{0, 0, 0, 0} Real Real (NLA.KE04.Vec n) (NLA.KE04.Vec n) Real.semiring
                      Real.semiring
                      (@AddCommGroup.toAddCommMonoid.{0} (NLA.KE04.Vec n)
                        (@WithLp.instAddCommGroup.{0}
                          (@OfNat.ofNat.{0} ENNReal (nat_lit 2)
                            (@instOfNatAtLeastTwo.{0} ENNReal (nat_lit 2)
                              (@AddMonoidWithOne.toNatCast.{0} ENNReal
                                (@AddCommMonoidWithOne.toAddMonoidWithOne.{0} ENNReal ENNReal.instAddCommMonoidWithOne))
                              PiLp.innerProductSpace._proof_1))
                          ((i : Fin n) → (fun (x : Fin n) => Real) i)
                          (@Pi.addCommGroup.{0, 0} (Fin n) (fun (x : Fin n) => Real) fun (i : Fin n) =>
                            Real.instAddCommGroup)))
                      (@AddCommGroup.toAddCommMonoid.{0} (NLA.KE04.Vec n)
                        (@WithLp.instAddCommGroup.{0}
                          (@OfNat.ofNat.{0} ENNReal (nat_lit 2)
                            (@instOfNatAtLeastTwo.{0} ENNReal (nat_lit 2)
                              (@AddMonoidWithOne.toNatCast.{0} ENNReal
                                (@AddCommMonoidWithOne.toAddMonoidWithOne.{0} ENNReal ENNReal.instAddCommMonoidWithOne))
                              PiLp.innerProductSpace._proof_1))
                          ((i : Fin n) → (fun (x : Fin n) => Real) i)
                          (@Pi.addCommGroup.{0, 0} (Fin n) (fun (x : Fin n) => Real) fun (i : Fin n) =>
                            Real.instAddCommGroup)))
                      (@WithLp.instModule.{0, 0}
                        (@OfNat.ofNat.{0} ENNReal (nat_lit 2)
                          (@instOfNatAtLeastTwo.{0} ENNReal (nat_lit 2)
                            (@AddMonoidWithOne.toNatCast.{0} ENNReal
                              (@AddCommMonoidWithOne.toAddMonoidWithOne.{0} ENNReal ENNReal.instAddCommMonoidWithOne))
                            PiLp.innerProductSpace._proof_1))
                        Real ((i : Fin n) → (fun (x : Fin n) => Real) i) Real.semiring
                        (@Pi.addCommGroup.{0, 0} (Fin n) (fun (x : Fin n) => Real) fun (i : Fin n) =>
                          Real.instAddCommGroup)
                        (@Pi.Function.module.{0, 0, 0} (Fin n) Real Real Real.semiring
                          (@Semiring.toAddCommMonoid.{0} Real (@Ring.toSemiring.{0} Real Real.instRing))
                          (@Semiring.toModule.{0} Real Real.semiring)))
                      (@WithLp.instModule.{0, 0}
                        (@OfNat.ofNat.{0} ENNReal (nat_lit 2)
                          (@instOfNatAtLeastTwo.{0} ENNReal (nat_lit 2)
                            (@AddMonoidWithOne.toNatCast.{0} ENNReal
                              (@AddCommMonoidWithOne.toAddMonoidWithOne.{0} ENNReal ENNReal.instAddCommMonoidWithOne))
                            PiLp.innerProductSpace._proof_1))
                        Real ((i : Fin n) → (fun (x : Fin n) => Real) i) Real.semiring
                        (@Pi.addCommGroup.{0, 0} (Fin n) (fun (x : Fin n) => Real) fun (i : Fin n) =>
                          Real.instAddCommGroup)
                        (@Pi.Function.module.{0, 0, 0} (Fin n) Real Real Real.semiring
                          (@Semiring.toAddCommMonoid.{0} Real (@Ring.toSemiring.{0} Real Real.instRing))
                          (@Semiring.toModule.{0} Real Real.semiring)))
                      (@RingHom.id.{0} Real (@Semiring.toNonAssocSemiring.{0} Real Real.semiring)))
                    (@NLA.KE04.act n n (@NLA.KE04.frameProjection n m Q)) x)))
              (@OfNat.ofNat.{0} Real (nat_lit 0) (@Zero.toOfNat0.{0} Real Real.instZero))))) :=
fun {n m : Nat} (Q : NLA.KE04.Rect n m)
    (hQ :
      @Eq.{1} (Matrix.{0, 0, 0} (Fin m) (Fin m) Real)
        (@HMul.hMul.{0, 0, 0} (Matrix.{0, 0, 0} (Fin m) (Fin n) Real) (NLA.KE04.Rect n m)
          (Matrix.{0, 0, 0} (Fin m) (Fin m) Real)
          (@Matrix.instHMulOfFintypeOfMulOfAddCommMonoid.{0, 0, 0, 0} (Fin m) (Fin n) (Fin m) Real (Fin.fintype n)
            Real.instMul Real.instAddCommMonoid)
          (@Matrix.transpose.{0, 0, 0} (Fin n) (Fin m) Real Q) Q)
        (@OfNat.ofNat.{0} (Matrix.{0, 0, 0} (Fin m) (Fin m) Real) (nat_lit 1)
          (@One.toOfNat1.{0} (Matrix.{0, 0, 0} (Fin m) (Fin m) Real)
            (@Matrix.one.{0, 0} (Fin m) Real (instDecidableEqFin m) Real.instZero Real.instOne)))) =>
  sorryAx.{0}
    (∀ (tag : Lean.Name),
      And
        (@Matrix.IsHermitian.{0, 0} Real (Fin n)
          (@InvolutiveStar.toStar.{0} Real
            (@StarAddMonoid.toInvolutiveStar.{0} Real
              (@AddCommMonoid.toAddMonoid.{0} Real
                (@NonUnitalNonAssocSemiring.toAddCommMonoid.{0} Real
                  (@NonUnitalNonAssocRing.toNonUnitalNonAssocSemiring.{0} Real
                    (@NonUnitalNonAssocCommRing.toNonUnitalNonAssocRing.{0} Real
                      (@NonUnitalCommRing.toNonUnitalNonAssocCommRing.{0} Real
                        (@CommRing.toNonUnitalCommRing.{0} Real Real.commRing))))))
              (@StarRing.toStarAddMonoid.{0} Real
                (@NonUnitalNonAssocRing.toNonUnitalNonAssocSemiring.{0} Real
                  (@NonUnitalNonAssocCommRing.toNonUnitalNonAssocRing.{0} Real
                    (@NonUnitalCommRing.toNonUnitalNonAssocCommRing.{0} Real
                      (@CommRing.toNonUnitalCommRing.{0} Real Real.commRing))))
                instStarRingReal)))
          (@NLA.KE04.frameProjection n m Q))
        (And
          (@Eq.{1} (Matrix.{0, 0, 0} (Fin n) (Fin n) Real)
            (@HMul.hMul.{0, 0, 0} (NLA.KE04.Mat n) (NLA.KE04.Mat n) (Matrix.{0, 0, 0} (Fin n) (Fin n) Real)
              (@Matrix.instHMulOfFintypeOfMulOfAddCommMonoid.{0, 0, 0, 0} (Fin n) (Fin n) (Fin n) Real (Fin.fintype n)
                Real.instMul Real.instAddCommMonoid)
              (@NLA.KE04.frameProjection n m Q) (@NLA.KE04.frameProjection n m Q))
            (@NLA.KE04.frameProjection n m Q))
          (And
            (∀ (x : NLA.KE04.Vec n),
              Iff
                (@Membership.mem.{0, 0} (NLA.KE04.Vec n)
                  (@Submodule.{0, 0} Real (NLA.KE04.Vec n) Real.semiring
                    (@AddCommGroup.toAddCommMonoid.{0} (NLA.KE04.Vec n)
                      (@WithLp.instAddCommGroup.{0}
                        (@OfNat.ofNat.{0} ENNReal (nat_lit 2)
                          (@instOfNatAtLeastTwo.{0} ENNReal (nat_lit 2)
                            (@AddMonoidWithOne.toNatCast.{0} ENNReal
                              (@AddCommMonoidWithOne.toAddMonoidWithOne.{0} ENNReal ENNReal.instAddCommMonoidWithOne))
                            PiLp.innerProductSpace._proof_1))
                        ((i : Fin n) → (fun (x : Fin n) => Real) i)
                        (@Pi.addCommGroup.{0, 0} (Fin n) (fun (x : Fin n) => Real) fun (i : Fin n) =>
                          Real.instAddCommGroup)))
                    (@WithLp.instModule.{0, 0}
                      (@OfNat.ofNat.{0} ENNReal (nat_lit 2)
                        (@instOfNatAtLeastTwo.{0} ENNReal (nat_lit 2)
                          (@AddMonoidWithOne.toNatCast.{0} ENNReal
                            (@AddCommMonoidWithOne.toAddMonoidWithOne.{0} ENNReal ENNReal.instAddCommMonoidWithOne))
                          PiLp.innerProductSpace._proof_1))
                      Real ((i : Fin n) → (fun (x : Fin n) => Real) i) Real.semiring
                      (@Pi.addCommGroup.{0, 0} (Fin n) (fun (x : Fin n) => Real) fun (i : Fin n) =>
                        Real.instAddCommGroup)
                      (@Pi.Function.module.{0, 0, 0} (Fin n) Real Real Real.semiring
                        (@Semiring.toAddCommMonoid.{0} Real (@Ring.toSemiring.{0} Real Real.instRing))
                        (@Semiring.toModule.{0} Real Real.semiring))))
                  (@SetLike.instMembership.{0, 0}
                    (@Submodule.{0, 0} Real (NLA.KE04.Vec n) Real.semiring
                      (@AddCommGroup.toAddCommMonoid.{0} (NLA.KE04.Vec n)
                        (@WithLp.instAddCommGroup.{0}
                          (@OfNat.ofNat.{0} ENNReal (nat_lit 2)
                            (@instOfNatAtLeastTwo.{0} ENNReal (nat_lit 2)
                              (@AddMonoidWithOne.toNatCast.{0} ENNReal
                                (@AddCommMonoidWithOne.toAddMonoidWithOne.{0} ENNReal ENNReal.instAddCommMonoidWithOne))
                              PiLp.innerProductSpace._proof_1))
                          ((i : Fin n) → (fun (x : Fin n) => Real) i)
                          (@Pi.addCommGroup.{0, 0} (Fin n) (fun (x : Fin n) => Real) fun (i : Fin n) =>
                            Real.instAddCommGroup)))
                      (@WithLp.instModule.{0, 0}
                        (@OfNat.ofNat.{0} ENNReal (nat_lit 2)
                          (@instOfNatAtLeastTwo.{0} ENNReal (nat_lit 2)
                            (@AddMonoidWithOne.toNatCast.{0} ENNReal
                              (@AddCommMonoidWithOne.toAddMonoidWithOne.{0} ENNReal ENNReal.instAddCommMonoidWithOne))
                            PiLp.innerProductSpace._proof_1))
                        Real ((i : Fin n) → (fun (x : Fin n) => Real) i) Real.semiring
                        (@Pi.addCommGroup.{0, 0} (Fin n) (fun (x : Fin n) => Real) fun (i : Fin n) =>
                          Real.instAddCommGroup)
                        (@Pi.Function.module.{0, 0, 0} (Fin n) Real Real Real.semiring
                          (@Semiring.toAddCommMonoid.{0} Real (@Ring.toSemiring.{0} Real Real.instRing))
                          (@Semiring.toModule.{0} Real Real.semiring))))
                    (NLA.KE04.Vec n)
                    (@Submodule.setLike.{0, 0} Real (NLA.KE04.Vec n) Real.semiring
                      (@AddCommGroup.toAddCommMonoid.{0} (NLA.KE04.Vec n)
                        (@WithLp.instAddCommGroup.{0}
                          (@OfNat.ofNat.{0} ENNReal (nat_lit 2)
                            (@instOfNatAtLeastTwo.{0} ENNReal (nat_lit 2)
                              (@AddMonoidWithOne.toNatCast.{0} ENNReal
                                (@AddCommMonoidWithOne.toAddMonoidWithOne.{0} ENNReal ENNReal.instAddCommMonoidWithOne))
                              PiLp.innerProductSpace._proof_1))
                          ((i : Fin n) → (fun (x : Fin n) => Real) i)
                          (@Pi.addCommGroup.{0, 0} (Fin n) (fun (x : Fin n) => Real) fun (i : Fin n) =>
                            Real.instAddCommGroup)))
                      (@WithLp.instModule.{0, 0}
                        (@OfNat.ofNat.{0} ENNReal (nat_lit 2)
                          (@instOfNatAtLeastTwo.{0} ENNReal (nat_lit 2)
                            (@AddMonoidWithOne.toNatCast.{0} ENNReal
                              (@AddCommMonoidWithOne.toAddMonoidWithOne.{0} ENNReal ENNReal.instAddCommMonoidWithOne))
                            PiLp.innerProductSpace._proof_1))
                        Real ((i : Fin n) → (fun (x : Fin n) => Real) i) Real.semiring
                        (@Pi.addCommGroup.{0, 0} (Fin n) (fun (x : Fin n) => Real) fun (i : Fin n) =>
                          Real.instAddCommGroup)
                        (@Pi.Function.module.{0, 0, 0} (Fin n) Real Real Real.semiring
                          (@Semiring.toAddCommMonoid.{0} Real (@Ring.toSemiring.{0} Real Real.instRing))
                          (@Semiring.toModule.{0} Real Real.semiring)))))
                  (@NLA.KE04.columnSpace n m Q) x)
                (@Eq.{1} (NLA.KE04.Vec n)
                  (@DFunLike.coe.{1, 1, 1}
                    (@LinearMap.{0, 0, 0, 0} Real Real Real.semiring Real.semiring
                      (@RingHom.id.{0} Real (@Semiring.toNonAssocSemiring.{0} Real Real.semiring)) (NLA.KE04.Vec n)
                      (NLA.KE04.Vec n)
                      (@AddCommGroup.toAddCommMonoid.{0} (NLA.KE04.Vec n)
                        (@WithLp.instAddCommGroup.{0}
                          (@OfNat.ofNat.{0} ENNReal (nat_lit 2)
                            (@instOfNatAtLeastTwo.{0} ENNReal (nat_lit 2)
                              (@AddMonoidWithOne.toNatCast.{0} ENNReal
                                (@AddCommMonoidWithOne.toAddMonoidWithOne.{0} ENNReal ENNReal.instAddCommMonoidWithOne))
                              PiLp.innerProductSpace._proof_1))
                          ((i : Fin n) → (fun (x : Fin n) => Real) i)
                          (@Pi.addCommGroup.{0, 0} (Fin n) (fun (x : Fin n) => Real) fun (i : Fin n) =>
                            Real.instAddCommGroup)))
                      (@AddCommGroup.toAddCommMonoid.{0} (NLA.KE04.Vec n)
                        (@WithLp.instAddCommGroup.{0}
                          (@OfNat.ofNat.{0} ENNReal (nat_lit 2)
                            (@instOfNatAtLeastTwo.{0} ENNReal (nat_lit 2)
                              (@AddMonoidWithOne.toNatCast.{0} ENNReal
                                (@AddCommMonoidWithOne.toAddMonoidWithOne.{0} ENNReal ENNReal.instAddCommMonoidWithOne))
                              PiLp.innerProductSpace._proof_1))
                          ((i : Fin n) → (fun (x : Fin n) => Real) i)
                          (@Pi.addCommGroup.{0, 0} (Fin n) (fun (x : Fin n) => Real) fun (i : Fin n) =>
                            Real.instAddCommGroup)))
                      (@WithLp.instModule.{0, 0}
                        (@OfNat.ofNat.{0} ENNReal (nat_lit 2)
                          (@instOfNatAtLeastTwo.{0} ENNReal (nat_lit 2)
                            (@AddMonoidWithOne.toNatCast.{0} ENNReal
                              (@AddCommMonoidWithOne.toAddMonoidWithOne.{0} ENNReal ENNReal.instAddCommMonoidWithOne))
                            PiLp.innerProductSpace._proof_1))
                        Real ((i : Fin n) → (fun (x : Fin n) => Real) i) Real.semiring
                        (@Pi.addCommGroup.{0, 0} (Fin n) (fun (x : Fin n) => Real) fun (i : Fin n) =>
                          Real.instAddCommGroup)
                        (@Pi.Function.module.{0, 0, 0} (Fin n) Real Real Real.semiring
                          (@Semiring.toAddCommMonoid.{0} Real (@Ring.toSemiring.{0} Real Real.instRing))
                          (@Semiring.toModule.{0} Real Real.semiring)))
                      (@WithLp.instModule.{0, 0}
                        (@OfNat.ofNat.{0} ENNReal (nat_lit 2)
                          (@instOfNatAtLeastTwo.{0} ENNReal (nat_lit 2)
                            (@AddMonoidWithOne.toNatCast.{0} ENNReal
                              (@AddCommMonoidWithOne.toAddMonoidWithOne.{0} ENNReal ENNReal.instAddCommMonoidWithOne))
                            PiLp.innerProductSpace._proof_1))
                        Real ((i : Fin n) → (fun (x : Fin n) => Real) i) Real.semiring
                        (@Pi.addCommGroup.{0, 0} (Fin n) (fun (x : Fin n) => Real) fun (i : Fin n) =>
                          Real.instAddCommGroup)
                        (@Pi.Function.module.{0, 0, 0} (Fin n) Real Real Real.semiring
                          (@Semiring.toAddCommMonoid.{0} Real (@Ring.toSemiring.{0} Real Real.instRing))
                          (@Semiring.toModule.{0} Real Real.semiring))))
                    (NLA.KE04.Vec n) (fun (x : NLA.KE04.Vec n) => NLA.KE04.Vec n)
                    (@LinearMap.instFunLike.{0, 0, 0, 0} Real Real (NLA.KE04.Vec n) (NLA.KE04.Vec n) Real.semiring
                      Real.semiring
                      (@AddCommGroup.toAddCommMonoid.{0} (NLA.KE04.Vec n)
                        (@WithLp.instAddCommGroup.{0}
                          (@OfNat.ofNat.{0} ENNReal (nat_lit 2)
                            (@instOfNatAtLeastTwo.{0} ENNReal (nat_lit 2)
                              (@AddMonoidWithOne.toNatCast.{0} ENNReal
                                (@AddCommMonoidWithOne.toAddMonoidWithOne.{0} ENNReal ENNReal.instAddCommMonoidWithOne))
                              PiLp.innerProductSpace._proof_1))
                          ((i : Fin n) → (fun (x : Fin n) => Real) i)
                          (@Pi.addCommGroup.{0, 0} (Fin n) (fun (x : Fin n) => Real) fun (i : Fin n) =>
                            Real.instAddCommGroup)))
                      (@AddCommGroup.toAddCommMonoid.{0} (NLA.KE04.Vec n)
                        (@WithLp.instAddCommGroup.{0}
                          (@OfNat.ofNat.{0} ENNReal (nat_lit 2)
                            (@instOfNatAtLeastTwo.{0} ENNReal (nat_lit 2)
                              (@AddMonoidWithOne.toNatCast.{0} ENNReal
                                (@AddCommMonoidWithOne.toAddMonoidWithOne.{0} ENNReal ENNReal.instAddCommMonoidWithOne))
                              PiLp.innerProductSpace._proof_1))
                          ((i : Fin n) → (fun (x : Fin n) => Real) i)
                          (@Pi.addCommGroup.{0, 0} (Fin n) (fun (x : Fin n) => Real) fun (i : Fin n) =>
                            Real.instAddCommGroup)))
                      (@WithLp.instModule.{0, 0}
                        (@OfNat.ofNat.{0} ENNReal (nat_lit 2)
                          (@instOfNatAtLeastTwo.{0} ENNReal (nat_lit 2)
                            (@AddMonoidWithOne.toNatCast.{0} ENNReal
                              (@AddCommMonoidWithOne.toAddMonoidWithOne.{0} ENNReal ENNReal.instAddCommMonoidWithOne))
                            PiLp.innerProductSpace._proof_1))
                        Real ((i : Fin n) → (fun (x : Fin n) => Real) i) Real.semiring
                        (@Pi.addCommGroup.{0, 0} (Fin n) (fun (x : Fin n) => Real) fun (i : Fin n) =>
                          Real.instAddCommGroup)
                        (@Pi.Function.module.{0, 0, 0} (Fin n) Real Real Real.semiring
                          (@Semiring.toAddCommMonoid.{0} Real (@Ring.toSemiring.{0} Real Real.instRing))
                          (@Semiring.toModule.{0} Real Real.semiring)))
                      (@WithLp.instModule.{0, 0}
                        (@OfNat.ofNat.{0} ENNReal (nat_lit 2)
                          (@instOfNatAtLeastTwo.{0} ENNReal (nat_lit 2)
                            (@AddMonoidWithOne.toNatCast.{0} ENNReal
                              (@AddCommMonoidWithOne.toAddMonoidWithOne.{0} ENNReal ENNReal.instAddCommMonoidWithOne))
                            PiLp.innerProductSpace._proof_1))
                        Real ((i : Fin n) → (fun (x : Fin n) => Real) i) Real.semiring
                        (@Pi.addCommGroup.{0, 0} (Fin n) (fun (x : Fin n) => Real) fun (i : Fin n) =>
                          Real.instAddCommGroup)
                        (@Pi.Function.module.{0, 0, 0} (Fin n) Real Real Real.semiring
                          (@Semiring.toAddCommMonoid.{0} Real (@Ring.toSemiring.{0} Real Real.instRing))
                          (@Semiring.toModule.{0} Real Real.semiring)))
                      (@RingHom.id.{0} Real (@Semiring.toNonAssocSemiring.{0} Real Real.semiring)))
                    (@NLA.KE04.act n n (@NLA.KE04.frameProjection n m Q)) x)
                  x))
            (∀ (x y : NLA.KE04.Vec n),
              @Membership.mem.{0, 0} (NLA.KE04.Vec n)
                  (@Submodule.{0, 0} Real (NLA.KE04.Vec n) Real.semiring
                    (@AddCommGroup.toAddCommMonoid.{0} (NLA.KE04.Vec n)
                      (@WithLp.instAddCommGroup.{0}
                        (@OfNat.ofNat.{0} ENNReal (nat_lit 2)
                          (@instOfNatAtLeastTwo.{0} ENNReal (nat_lit 2)
                            (@AddMonoidWithOne.toNatCast.{0} ENNReal
                              (@AddCommMonoidWithOne.toAddMonoidWithOne.{0} ENNReal ENNReal.instAddCommMonoidWithOne))
                            PiLp.innerProductSpace._proof_1))
                        ((i : Fin n) → (fun (x : Fin n) => Real) i)
                        (@Pi.addCommGroup.{0, 0} (Fin n) (fun (x : Fin n) => Real) fun (i : Fin n) =>
                          Real.instAddCommGroup)))
                    (@WithLp.instModule.{0, 0}
                      (@OfNat.ofNat.{0} ENNReal (nat_lit 2)
                        (@instOfNatAtLeastTwo.{0} ENNReal (nat_lit 2)
                          (@AddMonoidWithOne.toNatCast.{0} ENNReal
                            (@AddCommMonoidWithOne.toAddMonoidWithOne.{0} ENNReal ENNReal.instAddCommMonoidWithOne))
                          PiLp.innerProductSpace._proof_1))
                      Real ((i : Fin n) → (fun (x : Fin n) => Real) i) Real.semiring
                      (@Pi.addCommGroup.{0, 0} (Fin n) (fun (x : Fin n) => Real) fun (i : Fin n) =>
                        Real.instAddCommGroup)
                      (@Pi.Function.module.{0, 0, 0} (Fin n) Real Real Real.semiring
                        (@Semiring.toAddCommMonoid.{0} Real (@Ring.toSemiring.{0} Real Real.instRing))
                        (@Semiring.toModule.{0} Real Real.semiring))))
                  (@SetLike.instMembership.{0, 0}
                    (@Submodule.{0, 0} Real (NLA.KE04.Vec n) Real.semiring
                      (@AddCommGroup.toAddCommMonoid.{0} (NLA.KE04.Vec n)
                        (@WithLp.instAddCommGroup.{0}
                          (@OfNat.ofNat.{0} ENNReal (nat_lit 2)
                            (@instOfNatAtLeastTwo.{0} ENNReal (nat_lit 2)
                              (@AddMonoidWithOne.toNatCast.{0} ENNReal
                                (@AddCommMonoidWithOne.toAddMonoidWithOne.{0} ENNReal ENNReal.instAddCommMonoidWithOne))
                              PiLp.innerProductSpace._proof_1))
                          ((i : Fin n) → (fun (x : Fin n) => Real) i)
                          (@Pi.addCommGroup.{0, 0} (Fin n) (fun (x : Fin n) => Real) fun (i : Fin n) =>
                            Real.instAddCommGroup)))
                      (@WithLp.instModule.{0, 0}
                        (@OfNat.ofNat.{0} ENNReal (nat_lit 2)
                          (@instOfNatAtLeastTwo.{0} ENNReal (nat_lit 2)
                            (@AddMonoidWithOne.toNatCast.{0} ENNReal
                              (@AddCommMonoidWithOne.toAddMonoidWithOne.{0} ENNReal ENNReal.instAddCommMonoidWithOne))
                            PiLp.innerProductSpace._proof_1))
                        Real ((i : Fin n) → (fun (x : Fin n) => Real) i) Real.semiring
                        (@Pi.addCommGroup.{0, 0} (Fin n) (fun (x : Fin n) => Real) fun (i : Fin n) =>
                          Real.instAddCommGroup)
                        (@Pi.Function.module.{0, 0, 0} (Fin n) Real Real Real.semiring
                          (@Semiring.toAddCommMonoid.{0} Real (@Ring.toSemiring.{0} Real Real.instRing))
                          (@Semiring.toModule.{0} Real Real.semiring))))
                    (NLA.KE04.Vec n)
                    (@Submodule.setLike.{0, 0} Real (NLA.KE04.Vec n) Real.semiring
                      (@AddCommGroup.toAddCommMonoid.{0} (NLA.KE04.Vec n)
                        (@WithLp.instAddCommGroup.{0}
                          (@OfNat.ofNat.{0} ENNReal (nat_lit 2)
                            (@instOfNatAtLeastTwo.{0} ENNReal (nat_lit 2)
                              (@AddMonoidWithOne.toNatCast.{0} ENNReal
                                (@AddCommMonoidWithOne.toAddMonoidWithOne.{0} ENNReal ENNReal.instAddCommMonoidWithOne))
                              PiLp.innerProductSpace._proof_1))
                          ((i : Fin n) → (fun (x : Fin n) => Real) i)
                          (@Pi.addCommGroup.{0, 0} (Fin n) (fun (x : Fin n) => Real) fun (i : Fin n) =>
                            Real.instAddCommGroup)))
                      (@WithLp.instModule.{0, 0}
                        (@OfNat.ofNat.{0} ENNReal (nat_lit 2)
                          (@instOfNatAtLeastTwo.{0} ENNReal (nat_lit 2)
                            (@AddMonoidWithOne.toNatCast.{0} ENNReal
                              (@AddCommMonoidWithOne.toAddMonoidWithOne.{0} ENNReal ENNReal.instAddCommMonoidWithOne))
                            PiLp.innerProductSpace._proof_1))
                        Real ((i : Fin n) → (fun (x : Fin n) => Real) i) Real.semiring
                        (@Pi.addCommGroup.{0, 0} (Fin n) (fun (x : Fin n) => Real) fun (i : Fin n) =>
                          Real.instAddCommGroup)
                        (@Pi.Function.module.{0, 0, 0} (Fin n) Real Real Real.semiring
                          (@Semiring.toAddCommMonoid.{0} Real (@Ring.toSemiring.{0} Real Real.instRing))
                          (@Semiring.toModule.{0} Real Real.semiring)))))
                  (@NLA.KE04.columnSpace n m Q) y →
                @Eq.{1} Real
                  (@Inner.inner.{0, 0} Real (NLA.KE04.Vec n)
                    (@InnerProductSpace.toInner.{0, 0} Real (NLA.KE04.Vec n) Real.instRCLike
                      (@PiLp.seminormedAddCommGroup.{0, 0}
                        (@OfNat.ofNat.{0} ENNReal (nat_lit 2)
                          (@instOfNatAtLeastTwo.{0} ENNReal (nat_lit 2)
                            (@AddMonoidWithOne.toNatCast.{0} ENNReal
                              (@AddCommMonoidWithOne.toAddMonoidWithOne.{0} ENNReal ENNReal.instAddCommMonoidWithOne))
                            (@Nat.instAtLeastTwoHAddOfNat (@OfNat.ofNat.{0} Nat (nat_lit 1) (instOfNatNat (nat_lit 1)))
                              (@Nat.instNeZeroSucc (@OfNat.ofNat.{0} Nat (nat_lit 0) (instOfNatNat (nat_lit 0)))))))
                        (Fin n) (fun (x : Fin n) => Real) fact_one_le_two_ennreal (Fin.fintype n) fun (i : Fin n) =>
                        @NormedAddCommGroup.toSeminormedAddCommGroup.{0} Real Real.normedAddCommGroup)
                      (@PiLp.innerProductSpace.{0, 0, 0} Real Real.instRCLike (Fin n) (Fin.fintype n)
                        (fun (x : Fin n) => Real) (fun (i : Fin n) => Real.normedAddCommGroup) fun (i : Fin n) =>
                        @RCLike.toInnerProductSpaceReal.{0} Real Real.instRCLike))
                    y
                    (@HSub.hSub.{0, 0, 0} (NLA.KE04.Vec n) (NLA.KE04.Vec n) (NLA.KE04.Vec n)
                      (@instHSub.{0} (NLA.KE04.Vec n)
                        (@SubNegMonoid.toSub.{0} (NLA.KE04.Vec n)
                          (@AddGroup.toSubNegMonoid.{0} (NLA.KE04.Vec n)
                            (@AddCommGroup.toAddGroup.{0} (NLA.KE04.Vec n)
                              (@WithLp.instAddCommGroup.{0}
                                (@OfNat.ofNat.{0} ENNReal (nat_lit 2)
                                  (@instOfNatAtLeastTwo.{0} ENNReal (nat_lit 2)
                                    (@AddMonoidWithOne.toNatCast.{0} ENNReal
                                      (@AddCommMonoidWithOne.toAddMonoidWithOne.{0} ENNReal
                                        ENNReal.instAddCommMonoidWithOne))
                                    PiLp.innerProductSpace._proof_1))
                                ((i : Fin n) → (fun (x : Fin n) => Real) i)
                                (@Pi.addCommGroup.{0, 0} (Fin n) (fun (x : Fin n) => Real) fun (i : Fin n) =>
                                  Real.instAddCommGroup))))))
                      x
                      (@DFunLike.coe.{1, 1, 1}
                        (@LinearMap.{0, 0, 0, 0} Real Real Real.semiring Real.semiring
                          (@RingHom.id.{0} Real (@Semiring.toNonAssocSemiring.{0} Real Real.semiring)) (NLA.KE04.Vec n)
                          (NLA.KE04.Vec n)
                          (@AddCommGroup.toAddCommMonoid.{0} (NLA.KE04.Vec n)
                            (@WithLp.instAddCommGroup.{0}
                              (@OfNat.ofNat.{0} ENNReal (nat_lit 2)
                                (@instOfNatAtLeastTwo.{0} ENNReal (nat_lit 2)
                                  (@AddMonoidWithOne.toNatCast.{0} ENNReal
                                    (@AddCommMonoidWithOne.toAddMonoidWithOne.{0} ENNReal
                                      ENNReal.instAddCommMonoidWithOne))
                                  PiLp.innerProductSpace._proof_1))
                              ((i : Fin n) → (fun (x : Fin n) => Real) i)
                              (@Pi.addCommGroup.{0, 0} (Fin n) (fun (x : Fin n) => Real) fun (i : Fin n) =>
                                Real.instAddCommGroup)))
                          (@AddCommGroup.toAddCommMonoid.{0} (NLA.KE04.Vec n)
                            (@WithLp.instAddCommGroup.{0}
                              (@OfNat.ofNat.{0} ENNReal (nat_lit 2)
                                (@instOfNatAtLeastTwo.{0} ENNReal (nat_lit 2)
                                  (@AddMonoidWithOne.toNatCast.{0} ENNReal
                                    (@AddCommMonoidWithOne.toAddMonoidWithOne.{0} ENNReal
                                      ENNReal.instAddCommMonoidWithOne))
                                  PiLp.innerProductSpace._proof_1))
                              ((i : Fin n) → (fun (x : Fin n) => Real) i)
                              (@Pi.addCommGroup.{0, 0} (Fin n) (fun (x : Fin n) => Real) fun (i : Fin n) =>
                                Real.instAddCommGroup)))
                          (@WithLp.instModule.{0, 0}
                            (@OfNat.ofNat.{0} ENNReal (nat_lit 2)
                              (@instOfNatAtLeastTwo.{0} ENNReal (nat_lit 2)
                                (@AddMonoidWithOne.toNatCast.{0} ENNReal
                                  (@AddCommMonoidWithOne.toAddMonoidWithOne.{0} ENNReal
                                    ENNReal.instAddCommMonoidWithOne))
                                PiLp.innerProductSpace._proof_1))
                            Real ((i : Fin n) → (fun (x : Fin n) => Real) i) Real.semiring
                            (@Pi.addCommGroup.{0, 0} (Fin n) (fun (x : Fin n) => Real) fun (i : Fin n) =>
                              Real.instAddCommGroup)
                            (@Pi.Function.module.{0, 0, 0} (Fin n) Real Real Real.semiring
                              (@Semiring.toAddCommMonoid.{0} Real (@Ring.toSemiring.{0} Real Real.instRing))
                              (@Semiring.toModule.{0} Real Real.semiring)))
                          (@WithLp.instModule.{0, 0}
                            (@OfNat.ofNat.{0} ENNReal (nat_lit 2)
                              (@instOfNatAtLeastTwo.{0} ENNReal (nat_lit 2)
                                (@AddMonoidWithOne.toNatCast.{0} ENNReal
                                  (@AddCommMonoidWithOne.toAddMonoidWithOne.{0} ENNReal
                                    ENNReal.instAddCommMonoidWithOne))
                                PiLp.innerProductSpace._proof_1))
                            Real ((i : Fin n) → (fun (x : Fin n) => Real) i) Real.semiring
                            (@Pi.addCommGroup.{0, 0} (Fin n) (fun (x : Fin n) => Real) fun (i : Fin n) =>
                              Real.instAddCommGroup)
                            (@Pi.Function.module.{0, 0, 0} (Fin n) Real Real Real.semiring
                              (@Semiring.toAddCommMonoid.{0} Real (@Ring.toSemiring.{0} Real Real.instRing))
                              (@Semiring.toModule.{0} Real Real.semiring))))
                        (NLA.KE04.Vec n) (fun (x : NLA.KE04.Vec n) => NLA.KE04.Vec n)
                        (@LinearMap.instFunLike.{0, 0, 0, 0} Real Real (NLA.KE04.Vec n) (NLA.KE04.Vec n) Real.semiring
                          Real.semiring
                          (@AddCommGroup.toAddCommMonoid.{0} (NLA.KE04.Vec n)
                            (@WithLp.instAddCommGroup.{0}
                              (@OfNat.ofNat.{0} ENNReal (nat_lit 2)
                                (@instOfNatAtLeastTwo.{0} ENNReal (nat_lit 2)
                                  (@AddMonoidWithOne.toNatCast.{0} ENNReal
                                    (@AddCommMonoidWithOne.toAddMonoidWithOne.{0} ENNReal
                                      ENNReal.instAddCommMonoidWithOne))
                                  PiLp.innerProductSpace._proof_1))
                              ((i : Fin n) → (fun (x : Fin n) => Real) i)
                              (@Pi.addCommGroup.{0, 0} (Fin n) (fun (x : Fin n) => Real) fun (i : Fin n) =>
                                Real.instAddCommGroup)))
                          (@AddCommGroup.toAddCommMonoid.{0} (NLA.KE04.Vec n)
                            (@WithLp.instAddCommGroup.{0}
                              (@OfNat.ofNat.{0} ENNReal (nat_lit 2)
                                (@instOfNatAtLeastTwo.{0} ENNReal (nat_lit 2)
                                  (@AddMonoidWithOne.toNatCast.{0} ENNReal
                                    (@AddCommMonoidWithOne.toAddMonoidWithOne.{0} ENNReal
                                      ENNReal.instAddCommMonoidWithOne))
                                  PiLp.innerProductSpace._proof_1))
                              ((i : Fin n) → (fun (x : Fin n) => Real) i)
                              (@Pi.addCommGroup.{0, 0} (Fin n) (fun (x : Fin n) => Real) fun (i : Fin n) =>
                                Real.instAddCommGroup)))
                          (@WithLp.instModule.{0, 0}
                            (@OfNat.ofNat.{0} ENNReal (nat_lit 2)
                              (@instOfNatAtLeastTwo.{0} ENNReal (nat_lit 2)
                                (@AddMonoidWithOne.toNatCast.{0} ENNReal
                                  (@AddCommMonoidWithOne.toAddMonoidWithOne.{0} ENNReal
                                    ENNReal.instAddCommMonoidWithOne))
                                PiLp.innerProductSpace._proof_1))
                            Real ((i : Fin n) → (fun (x : Fin n) => Real) i) Real.semiring
                            (@Pi.addCommGroup.{0, 0} (Fin n) (fun (x : Fin n) => Real) fun (i : Fin n) =>
                              Real.instAddCommGroup)
                            (@Pi.Function.module.{0, 0, 0} (Fin n) Real Real Real.semiring
                              (@Semiring.toAddCommMonoid.{0} Real (@Ring.toSemiring.{0} Real Real.instRing))
                              (@Semiring.toModule.{0} Real Real.semiring)))
                          (@WithLp.instModule.{0, 0}
                            (@OfNat.ofNat.{0} ENNReal (nat_lit 2)
                              (@instOfNatAtLeastTwo.{0} ENNReal (nat_lit 2)
                                (@AddMonoidWithOne.toNatCast.{0} ENNReal
                                  (@AddCommMonoidWithOne.toAddMonoidWithOne.{0} ENNReal
                                    ENNReal.instAddCommMonoidWithOne))
                                PiLp.innerProductSpace._proof_1))
                            Real ((i : Fin n) → (fun (x : Fin n) => Real) i) Real.semiring
                            (@Pi.addCommGroup.{0, 0} (Fin n) (fun (x : Fin n) => Real) fun (i : Fin n) =>
                              Real.instAddCommGroup)
                            (@Pi.Function.module.{0, 0, 0} (Fin n) Real Real Real.semiring
                              (@Semiring.toAddCommMonoid.{0} Real (@Ring.toSemiring.{0} Real Real.instRing))
                              (@Semiring.toModule.{0} Real Real.semiring)))
                          (@RingHom.id.{0} Real (@Semiring.toNonAssocSemiring.{0} Real Real.semiring)))
                        (@NLA.KE04.act n n (@NLA.KE04.frameProjection n m Q)) x)))
                  (@OfNat.ofNat.{0} Real (nat_lit 0) (@Zero.toOfNat0.{0} Real Real.instZero))))))
    Bool.false
    (Lean.Name.num
      (Lean.Name.str
        (Lean.Name.str
          (Lean.Name.num
            (Lean.Name.str
              (Lean.Name.str
                (Lean.Name.str
                  (Lean.Name.num
                    (Lean.Name.num
                      (Lean.Name.num
                        (Lean.Name.num
                          (Lean.Name.num
                            (Lean.Name.num (Lean.Name.str Lean.Name.anonymous "Challenge")
                              (@OfNat.ofNat.{0} Nat (nat_lit 63) (instOfNatNat (nat_lit 63))))
                            (@OfNat.ofNat.{0} Nat (nat_lit 60) (instOfNatNat (nat_lit 60))))
                          (@OfNat.ofNat.{0} Nat (nat_lit 63) (instOfNatNat (nat_lit 63))))
                        (@OfNat.ofNat.{0} Nat (nat_lit 65) (instOfNatNat (nat_lit 65))))
                      (@OfNat.ofNat.{0} Nat (nat_lit 60) (instOfNatNat (nat_lit 60))))
                    (@OfNat.ofNat.{0} Nat (nat_lit 65) (instOfNatNat (nat_lit 65))))
                  "_sorry")
                "_@")
              "Challenge")
            (@OfNat.ofNat.{0} Nat (nat_lit 593618682) (instOfNatNat (nat_lit 593618682))))
          "_hygCtx")
        "_hyg")
      (@OfNat.ofNat.{0} Nat (nat_lit 106) (instOfNatNat (nat_lit 106))))
theorem NLA.KE04.compression_semantics : ∀ {n m : Nat} (A : NLA.KE04.Mat n)
  (hA :
    @Matrix.IsHermitian.{0, 0} Real (Fin n)
      (@InvolutiveStar.toStar.{0} Real
        (@StarAddMonoid.toInvolutiveStar.{0} Real
          (@AddCommMonoid.toAddMonoid.{0} Real
            (@NonUnitalNonAssocSemiring.toAddCommMonoid.{0} Real
              (@NonUnitalNonAssocRing.toNonUnitalNonAssocSemiring.{0} Real
                (@NonUnitalNonAssocCommRing.toNonUnitalNonAssocRing.{0} Real
                  (@NonUnitalCommRing.toNonUnitalNonAssocCommRing.{0} Real
                    (@CommRing.toNonUnitalCommRing.{0} Real Real.commRing))))))
          (@StarRing.toStarAddMonoid.{0} Real
            (@NonUnitalNonAssocRing.toNonUnitalNonAssocSemiring.{0} Real
              (@NonUnitalNonAssocCommRing.toNonUnitalNonAssocRing.{0} Real
                (@NonUnitalCommRing.toNonUnitalNonAssocCommRing.{0} Real
                  (@CommRing.toNonUnitalCommRing.{0} Real Real.commRing))))
            instStarRingReal)))
      A)
  (Q : NLA.KE04.Rect n m)
  (hQ :
    @Eq.{1} (Matrix.{0, 0, 0} (Fin m) (Fin m) Real)
      (@HMul.hMul.{0, 0, 0} (Matrix.{0, 0, 0} (Fin m) (Fin n) Real) (NLA.KE04.Rect n m)
        (Matrix.{0, 0, 0} (Fin m) (Fin m) Real)
        (@Matrix.instHMulOfFintypeOfMulOfAddCommMonoid.{0, 0, 0, 0} (Fin m) (Fin n) (Fin m) Real (Fin.fintype n)
          Real.instMul Real.instAddCommMonoid)
        (@Matrix.transpose.{0, 0, 0} (Fin n) (Fin m) Real Q) Q)
      (@OfNat.ofNat.{0} (Matrix.{0, 0, 0} (Fin m) (Fin m) Real) (nat_lit 1)
        (@One.toOfNat1.{0} (Matrix.{0, 0, 0} (Fin m) (Fin m) Real)
          (@Matrix.one.{0, 0} (Fin m) Real (instDecidableEqFin m) Real.instZero Real.instOne)))),
  And
    (@Eq.{1} (NLA.KE04.Mat m) (@NLA.KE04.compression n m A Q)
      (@HMul.hMul.{0, 0, 0} (Matrix.{0, 0, 0} (Fin m) (Fin n) Real) (NLA.KE04.Rect n m)
        (Matrix.{0, 0, 0} (Fin m) (Fin m) Real)
        (@Matrix.instHMulOfFintypeOfMulOfAddCommMonoid.{0, 0, 0, 0} (Fin m) (Fin n) (Fin m) Real (Fin.fintype n)
          Real.instMul Real.instAddCommMonoid)
        (@HMul.hMul.{0, 0, 0} (Matrix.{0, 0, 0} (Fin m) (Fin n) Real) (NLA.KE04.Mat n)
          (Matrix.{0, 0, 0} (Fin m) (Fin n) Real)
          (@Matrix.instHMulOfFintypeOfMulOfAddCommMonoid.{0, 0, 0, 0} (Fin m) (Fin n) (Fin n) Real (Fin.fintype n)
            Real.instMul Real.instAddCommMonoid)
          (@Matrix.transpose.{0, 0, 0} (Fin n) (Fin m) Real Q) A)
        Q))
    (And
      (@Matrix.IsHermitian.{0, 0} Real (Fin m)
        (@InvolutiveStar.toStar.{0} Real
          (@StarAddMonoid.toInvolutiveStar.{0} Real
            (@AddCommMonoid.toAddMonoid.{0} Real
              (@NonUnitalNonAssocSemiring.toAddCommMonoid.{0} Real
                (@NonUnitalNonAssocRing.toNonUnitalNonAssocSemiring.{0} Real
                  (@NonUnitalNonAssocCommRing.toNonUnitalNonAssocRing.{0} Real
                    (@NonUnitalCommRing.toNonUnitalNonAssocCommRing.{0} Real
                      (@CommRing.toNonUnitalCommRing.{0} Real Real.commRing))))))
            (@StarRing.toStarAddMonoid.{0} Real
              (@NonUnitalNonAssocRing.toNonUnitalNonAssocSemiring.{0} Real
                (@NonUnitalNonAssocCommRing.toNonUnitalNonAssocRing.{0} Real
                  (@NonUnitalCommRing.toNonUnitalNonAssocCommRing.{0} Real
                    (@CommRing.toNonUnitalCommRing.{0} Real Real.commRing))))
              instStarRingReal)))
        (@NLA.KE04.compression n m A Q))
      (∀ (x : NLA.KE04.Vec n),
        @Membership.mem.{0, 0} (NLA.KE04.Vec n)
            (@Submodule.{0, 0} Real (NLA.KE04.Vec n) Real.semiring
              (@AddCommGroup.toAddCommMonoid.{0} (NLA.KE04.Vec n)
                (@WithLp.instAddCommGroup.{0}
                  (@OfNat.ofNat.{0} ENNReal (nat_lit 2)
                    (@instOfNatAtLeastTwo.{0} ENNReal (nat_lit 2)
                      (@AddMonoidWithOne.toNatCast.{0} ENNReal
                        (@AddCommMonoidWithOne.toAddMonoidWithOne.{0} ENNReal ENNReal.instAddCommMonoidWithOne))
                      PiLp.innerProductSpace._proof_1))
                  ((i : Fin n) → (fun (x : Fin n) => Real) i)
                  (@Pi.addCommGroup.{0, 0} (Fin n) (fun (x : Fin n) => Real) fun (i : Fin n) => Real.instAddCommGroup)))
              (@WithLp.instModule.{0, 0}
                (@OfNat.ofNat.{0} ENNReal (nat_lit 2)
                  (@instOfNatAtLeastTwo.{0} ENNReal (nat_lit 2)
                    (@AddMonoidWithOne.toNatCast.{0} ENNReal
                      (@AddCommMonoidWithOne.toAddMonoidWithOne.{0} ENNReal ENNReal.instAddCommMonoidWithOne))
                    PiLp.innerProductSpace._proof_1))
                Real ((i : Fin n) → (fun (x : Fin n) => Real) i) Real.semiring
                (@Pi.addCommGroup.{0, 0} (Fin n) (fun (x : Fin n) => Real) fun (i : Fin n) => Real.instAddCommGroup)
                (@Pi.Function.module.{0, 0, 0} (Fin n) Real Real Real.semiring
                  (@Semiring.toAddCommMonoid.{0} Real (@Ring.toSemiring.{0} Real Real.instRing))
                  (@Semiring.toModule.{0} Real Real.semiring))))
            (@SetLike.instMembership.{0, 0}
              (@Submodule.{0, 0} Real (NLA.KE04.Vec n) Real.semiring
                (@AddCommGroup.toAddCommMonoid.{0} (NLA.KE04.Vec n)
                  (@WithLp.instAddCommGroup.{0}
                    (@OfNat.ofNat.{0} ENNReal (nat_lit 2)
                      (@instOfNatAtLeastTwo.{0} ENNReal (nat_lit 2)
                        (@AddMonoidWithOne.toNatCast.{0} ENNReal
                          (@AddCommMonoidWithOne.toAddMonoidWithOne.{0} ENNReal ENNReal.instAddCommMonoidWithOne))
                        PiLp.innerProductSpace._proof_1))
                    ((i : Fin n) → (fun (x : Fin n) => Real) i)
                    (@Pi.addCommGroup.{0, 0} (Fin n) (fun (x : Fin n) => Real) fun (i : Fin n) =>
                      Real.instAddCommGroup)))
                (@WithLp.instModule.{0, 0}
                  (@OfNat.ofNat.{0} ENNReal (nat_lit 2)
                    (@instOfNatAtLeastTwo.{0} ENNReal (nat_lit 2)
                      (@AddMonoidWithOne.toNatCast.{0} ENNReal
                        (@AddCommMonoidWithOne.toAddMonoidWithOne.{0} ENNReal ENNReal.instAddCommMonoidWithOne))
                      PiLp.innerProductSpace._proof_1))
                  Real ((i : Fin n) → (fun (x : Fin n) => Real) i) Real.semiring
                  (@Pi.addCommGroup.{0, 0} (Fin n) (fun (x : Fin n) => Real) fun (i : Fin n) => Real.instAddCommGroup)
                  (@Pi.Function.module.{0, 0, 0} (Fin n) Real Real Real.semiring
                    (@Semiring.toAddCommMonoid.{0} Real (@Ring.toSemiring.{0} Real Real.instRing))
                    (@Semiring.toModule.{0} Real Real.semiring))))
              (NLA.KE04.Vec n)
              (@Submodule.setLike.{0, 0} Real (NLA.KE04.Vec n) Real.semiring
                (@AddCommGroup.toAddCommMonoid.{0} (NLA.KE04.Vec n)
                  (@WithLp.instAddCommGroup.{0}
                    (@OfNat.ofNat.{0} ENNReal (nat_lit 2)
                      (@instOfNatAtLeastTwo.{0} ENNReal (nat_lit 2)
                        (@AddMonoidWithOne.toNatCast.{0} ENNReal
                          (@AddCommMonoidWithOne.toAddMonoidWithOne.{0} ENNReal ENNReal.instAddCommMonoidWithOne))
                        PiLp.innerProductSpace._proof_1))
                    ((i : Fin n) → (fun (x : Fin n) => Real) i)
                    (@Pi.addCommGroup.{0, 0} (Fin n) (fun (x : Fin n) => Real) fun (i : Fin n) =>
                      Real.instAddCommGroup)))
                (@WithLp.instModule.{0, 0}
                  (@OfNat.ofNat.{0} ENNReal (nat_lit 2)
                    (@instOfNatAtLeastTwo.{0} ENNReal (nat_lit 2)
                      (@AddMonoidWithOne.toNatCast.{0} ENNReal
                        (@AddCommMonoidWithOne.toAddMonoidWithOne.{0} ENNReal ENNReal.instAddCommMonoidWithOne))
                      PiLp.innerProductSpace._proof_1))
                  Real ((i : Fin n) → (fun (x : Fin n) => Real) i) Real.semiring
                  (@Pi.addCommGroup.{0, 0} (Fin n) (fun (x : Fin n) => Real) fun (i : Fin n) => Real.instAddCommGroup)
                  (@Pi.Function.module.{0, 0, 0} (Fin n) Real Real Real.semiring
                    (@Semiring.toAddCommMonoid.{0} Real (@Ring.toSemiring.{0} Real Real.instRing))
                    (@Semiring.toModule.{0} Real Real.semiring)))))
            (@NLA.KE04.columnSpace n m Q) x →
          @Eq.{1} (NLA.KE04.Vec n)
            (@DFunLike.coe.{1, 1, 1}
              (@LinearMap.{0, 0, 0, 0} Real Real Real.semiring Real.semiring
                (@RingHom.id.{0} Real (@Semiring.toNonAssocSemiring.{0} Real Real.semiring)) (NLA.KE04.Vec m)
                (NLA.KE04.Vec n)
                (@AddCommGroup.toAddCommMonoid.{0} (NLA.KE04.Vec m)
                  (@WithLp.instAddCommGroup.{0}
                    (@OfNat.ofNat.{0} ENNReal (nat_lit 2)
                      (@instOfNatAtLeastTwo.{0} ENNReal (nat_lit 2)
                        (@AddMonoidWithOne.toNatCast.{0} ENNReal
                          (@AddCommMonoidWithOne.toAddMonoidWithOne.{0} ENNReal ENNReal.instAddCommMonoidWithOne))
                        PiLp.innerProductSpace._proof_1))
                    ((i : Fin m) → (fun (x : Fin m) => Real) i)
                    (@Pi.addCommGroup.{0, 0} (Fin m) (fun (x : Fin m) => Real) fun (i : Fin m) =>
                      Real.instAddCommGroup)))
                (@AddCommGroup.toAddCommMonoid.{0} (NLA.KE04.Vec n)
                  (@WithLp.instAddCommGroup.{0}
                    (@OfNat.ofNat.{0} ENNReal (nat_lit 2)
                      (@instOfNatAtLeastTwo.{0} ENNReal (nat_lit 2)
                        (@AddMonoidWithOne.toNatCast.{0} ENNReal
                          (@AddCommMonoidWithOne.toAddMonoidWithOne.{0} ENNReal ENNReal.instAddCommMonoidWithOne))
                        PiLp.innerProductSpace._proof_1))
                    ((i : Fin n) → (fun (x : Fin n) => Real) i)
                    (@Pi.addCommGroup.{0, 0} (Fin n) (fun (x : Fin n) => Real) fun (i : Fin n) =>
                      Real.instAddCommGroup)))
                (@WithLp.instModule.{0, 0}
                  (@OfNat.ofNat.{0} ENNReal (nat_lit 2)
                    (@instOfNatAtLeastTwo.{0} ENNReal (nat_lit 2)
                      (@AddMonoidWithOne.toNatCast.{0} ENNReal
                        (@AddCommMonoidWithOne.toAddMonoidWithOne.{0} ENNReal ENNReal.instAddCommMonoidWithOne))
                      PiLp.innerProductSpace._proof_1))
                  Real ((i : Fin m) → (fun (x : Fin m) => Real) i) Real.semiring
                  (@Pi.addCommGroup.{0, 0} (Fin m) (fun (x : Fin m) => Real) fun (i : Fin m) => Real.instAddCommGroup)
                  (@Pi.Function.module.{0, 0, 0} (Fin m) Real Real Real.semiring
                    (@Semiring.toAddCommMonoid.{0} Real (@Ring.toSemiring.{0} Real Real.instRing))
                    (@Semiring.toModule.{0} Real Real.semiring)))
                (@WithLp.instModule.{0, 0}
                  (@OfNat.ofNat.{0} ENNReal (nat_lit 2)
                    (@instOfNatAtLeastTwo.{0} ENNReal (nat_lit 2)
                      (@AddMonoidWithOne.toNatCast.{0} ENNReal
                        (@AddCommMonoidWithOne.toAddMonoidWithOne.{0} ENNReal ENNReal.instAddCommMonoidWithOne))
                      PiLp.innerProductSpace._proof_1))
                  Real ((i : Fin n) → (fun (x : Fin n) => Real) i) Real.semiring
                  (@Pi.addCommGroup.{0, 0} (Fin n) (fun (x : Fin n) => Real) fun (i : Fin n) => Real.instAddCommGroup)
                  (@Pi.Function.module.{0, 0, 0} (Fin n) Real Real Real.semiring
                    (@Semiring.toAddCommMonoid.{0} Real (@Ring.toSemiring.{0} Real Real.instRing))
                    (@Semiring.toModule.{0} Real Real.semiring))))
              (NLA.KE04.Vec m) (fun (x : NLA.KE04.Vec m) => NLA.KE04.Vec n)
              (@LinearMap.instFunLike.{0, 0, 0, 0} Real Real (NLA.KE04.Vec m) (NLA.KE04.Vec n) Real.semiring
                Real.semiring
                (@AddCommGroup.toAddCommMonoid.{0} (NLA.KE04.Vec m)
                  (@WithLp.instAddCommGroup.{0}
                    (@OfNat.ofNat.{0} ENNReal (nat_lit 2)
                      (@instOfNatAtLeastTwo.{0} ENNReal (nat_lit 2)
                        (@AddMonoidWithOne.toNatCast.{0} ENNReal
                          (@AddCommMonoidWithOne.toAddMonoidWithOne.{0} ENNReal ENNReal.instAddCommMonoidWithOne))
                        PiLp.innerProductSpace._proof_1))
                    ((i : Fin m) → (fun (x : Fin m) => Real) i)
                    (@Pi.addCommGroup.{0, 0} (Fin m) (fun (x : Fin m) => Real) fun (i : Fin m) =>
                      Real.instAddCommGroup)))
                (@AddCommGroup.toAddCommMonoid.{0} (NLA.KE04.Vec n)
                  (@WithLp.instAddCommGroup.{0}
                    (@OfNat.ofNat.{0} ENNReal (nat_lit 2)
                      (@instOfNatAtLeastTwo.{0} ENNReal (nat_lit 2)
                        (@AddMonoidWithOne.toNatCast.{0} ENNReal
                          (@AddCommMonoidWithOne.toAddMonoidWithOne.{0} ENNReal ENNReal.instAddCommMonoidWithOne))
                        PiLp.innerProductSpace._proof_1))
                    ((i : Fin n) → (fun (x : Fin n) => Real) i)
                    (@Pi.addCommGroup.{0, 0} (Fin n) (fun (x : Fin n) => Real) fun (i : Fin n) =>
                      Real.instAddCommGroup)))
                (@WithLp.instModule.{0, 0}
                  (@OfNat.ofNat.{0} ENNReal (nat_lit 2)
                    (@instOfNatAtLeastTwo.{0} ENNReal (nat_lit 2)
                      (@AddMonoidWithOne.toNatCast.{0} ENNReal
                        (@AddCommMonoidWithOne.toAddMonoidWithOne.{0} ENNReal ENNReal.instAddCommMonoidWithOne))
                      PiLp.innerProductSpace._proof_1))
                  Real ((i : Fin m) → (fun (x : Fin m) => Real) i) Real.semiring
                  (@Pi.addCommGroup.{0, 0} (Fin m) (fun (x : Fin m) => Real) fun (i : Fin m) => Real.instAddCommGroup)
                  (@Pi.Function.module.{0, 0, 0} (Fin m) Real Real Real.semiring
                    (@Semiring.toAddCommMonoid.{0} Real (@Ring.toSemiring.{0} Real Real.instRing))
                    (@Semiring.toModule.{0} Real Real.semiring)))
                (@WithLp.instModule.{0, 0}
                  (@OfNat.ofNat.{0} ENNReal (nat_lit 2)
                    (@instOfNatAtLeastTwo.{0} ENNReal (nat_lit 2)
                      (@AddMonoidWithOne.toNatCast.{0} ENNReal
                        (@AddCommMonoidWithOne.toAddMonoidWithOne.{0} ENNReal ENNReal.instAddCommMonoidWithOne))
                      PiLp.innerProductSpace._proof_1))
                  Real ((i : Fin n) → (fun (x : Fin n) => Real) i) Real.semiring
                  (@Pi.addCommGroup.{0, 0} (Fin n) (fun (x : Fin n) => Real) fun (i : Fin n) => Real.instAddCommGroup)
                  (@Pi.Function.module.{0, 0, 0} (Fin n) Real Real Real.semiring
                    (@Semiring.toAddCommMonoid.{0} Real (@Ring.toSemiring.{0} Real Real.instRing))
                    (@Semiring.toModule.{0} Real Real.semiring)))
                (@RingHom.id.{0} Real (@Semiring.toNonAssocSemiring.{0} Real Real.semiring)))
              (@NLA.KE04.act n m Q)
              (@DFunLike.coe.{1, 1, 1}
                (@LinearMap.{0, 0, 0, 0} Real Real Real.semiring Real.semiring
                  (@RingHom.id.{0} Real (@Semiring.toNonAssocSemiring.{0} Real Real.semiring)) (NLA.KE04.Vec m)
                  (NLA.KE04.Vec m)
                  (@AddCommGroup.toAddCommMonoid.{0} (NLA.KE04.Vec m)
                    (@WithLp.instAddCommGroup.{0}
                      (@OfNat.ofNat.{0} ENNReal (nat_lit 2)
                        (@instOfNatAtLeastTwo.{0} ENNReal (nat_lit 2)
                          (@AddMonoidWithOne.toNatCast.{0} ENNReal
                            (@AddCommMonoidWithOne.toAddMonoidWithOne.{0} ENNReal ENNReal.instAddCommMonoidWithOne))
                          PiLp.innerProductSpace._proof_1))
                      ((i : Fin m) → (fun (x : Fin m) => Real) i)
                      (@Pi.addCommGroup.{0, 0} (Fin m) (fun (x : Fin m) => Real) fun (i : Fin m) =>
                        Real.instAddCommGroup)))
                  (@AddCommGroup.toAddCommMonoid.{0} (NLA.KE04.Vec m)
                    (@WithLp.instAddCommGroup.{0}
                      (@OfNat.ofNat.{0} ENNReal (nat_lit 2)
                        (@instOfNatAtLeastTwo.{0} ENNReal (nat_lit 2)
                          (@AddMonoidWithOne.toNatCast.{0} ENNReal
                            (@AddCommMonoidWithOne.toAddMonoidWithOne.{0} ENNReal ENNReal.instAddCommMonoidWithOne))
                          PiLp.innerProductSpace._proof_1))
                      ((i : Fin m) → (fun (x : Fin m) => Real) i)
                      (@Pi.addCommGroup.{0, 0} (Fin m) (fun (x : Fin m) => Real) fun (i : Fin m) =>
                        Real.instAddCommGroup)))
                  (@WithLp.instModule.{0, 0}
                    (@OfNat.ofNat.{0} ENNReal (nat_lit 2)
                      (@instOfNatAtLeastTwo.{0} ENNReal (nat_lit 2)
                        (@AddMonoidWithOne.toNatCast.{0} ENNReal
                          (@AddCommMonoidWithOne.toAddMonoidWithOne.{0} ENNReal ENNReal.instAddCommMonoidWithOne))
                        PiLp.innerProductSpace._proof_1))
                    Real ((i : Fin m) → (fun (x : Fin m) => Real) i) Real.semiring
                    (@Pi.addCommGroup.{0, 0} (Fin m) (fun (x : Fin m) => Real) fun (i : Fin m) => Real.instAddCommGroup)
                    (@Pi.Function.module.{0, 0, 0} (Fin m) Real Real Real.semiring
                      (@Semiring.toAddCommMonoid.{0} Real (@Ring.toSemiring.{0} Real Real.instRing))
                      (@Semiring.toModule.{0} Real Real.semiring)))
                  (@WithLp.instModule.{0, 0}
                    (@OfNat.ofNat.{0} ENNReal (nat_lit 2)
                      (@instOfNatAtLeastTwo.{0} ENNReal (nat_lit 2)
                        (@AddMonoidWithOne.toNatCast.{0} ENNReal
                          (@AddCommMonoidWithOne.toAddMonoidWithOne.{0} ENNReal ENNReal.instAddCommMonoidWithOne))
                        PiLp.innerProductSpace._proof_1))
                    Real ((i : Fin m) → (fun (x : Fin m) => Real) i) Real.semiring
                    (@Pi.addCommGroup.{0, 0} (Fin m) (fun (x : Fin m) => Real) fun (i : Fin m) => Real.instAddCommGroup)
                    (@Pi.Function.module.{0, 0, 0} (Fin m) Real Real Real.semiring
                      (@Semiring.toAddCommMonoid.{0} Real (@Ring.toSemiring.{0} Real Real.instRing))
                      (@Semiring.toModule.{0} Real Real.semiring))))
                (NLA.KE04.Vec m) (fun (x : NLA.KE04.Vec m) => NLA.KE04.Vec m)
                (@LinearMap.instFunLike.{0, 0, 0, 0} Real Real (NLA.KE04.Vec m) (NLA.KE04.Vec m) Real.semiring
                  Real.semiring
                  (@AddCommGroup.toAddCommMonoid.{0} (NLA.KE04.Vec m)
                    (@WithLp.instAddCommGroup.{0}
                      (@OfNat.ofNat.{0} ENNReal (nat_lit 2)
                        (@instOfNatAtLeastTwo.{0} ENNReal (nat_lit 2)
                          (@AddMonoidWithOne.toNatCast.{0} ENNReal
                            (@AddCommMonoidWithOne.toAddMonoidWithOne.{0} ENNReal ENNReal.instAddCommMonoidWithOne))
                          PiLp.innerProductSpace._proof_1))
                      ((i : Fin m) → (fun (x : Fin m) => Real) i)
                      (@Pi.addCommGroup.{0, 0} (Fin m) (fun (x : Fin m) => Real) fun (i : Fin m) =>
                        Real.instAddCommGroup)))
                  (@AddCommGroup.toAddCommMonoid.{0} (NLA.KE04.Vec m)
                    (@WithLp.instAddCommGroup.{0}
                      (@OfNat.ofNat.{0} ENNReal (nat_lit 2)
                        (@instOfNatAtLeastTwo.{0} ENNReal (nat_lit 2)
                          (@AddMonoidWithOne.toNatCast.{0} ENNReal
                            (@AddCommMonoidWithOne.toAddMonoidWithOne.{0} ENNReal ENNReal.instAddCommMonoidWithOne))
                          PiLp.innerProductSpace._proof_1))
                      ((i : Fin m) → (fun (x : Fin m) => Real) i)
                      (@Pi.addCommGroup.{0, 0} (Fin m) (fun (x : Fin m) => Real) fun (i : Fin m) =>
                        Real.instAddCommGroup)))
                  (@WithLp.instModule.{0, 0}
                    (@OfNat.ofNat.{0} ENNReal (nat_lit 2)
                      (@instOfNatAtLeastTwo.{0} ENNReal (nat_lit 2)
                        (@AddMonoidWithOne.toNatCast.{0} ENNReal
                          (@AddCommMonoidWithOne.toAddMonoidWithOne.{0} ENNReal ENNReal.instAddCommMonoidWithOne))
                        PiLp.innerProductSpace._proof_1))
                    Real ((i : Fin m) → (fun (x : Fin m) => Real) i) Real.semiring
                    (@Pi.addCommGroup.{0, 0} (Fin m) (fun (x : Fin m) => Real) fun (i : Fin m) => Real.instAddCommGroup)
                    (@Pi.Function.module.{0, 0, 0} (Fin m) Real Real Real.semiring
                      (@Semiring.toAddCommMonoid.{0} Real (@Ring.toSemiring.{0} Real Real.instRing))
                      (@Semiring.toModule.{0} Real Real.semiring)))
                  (@WithLp.instModule.{0, 0}
                    (@OfNat.ofNat.{0} ENNReal (nat_lit 2)
                      (@instOfNatAtLeastTwo.{0} ENNReal (nat_lit 2)
                        (@AddMonoidWithOne.toNatCast.{0} ENNReal
                          (@AddCommMonoidWithOne.toAddMonoidWithOne.{0} ENNReal ENNReal.instAddCommMonoidWithOne))
                        PiLp.innerProductSpace._proof_1))
                    Real ((i : Fin m) → (fun (x : Fin m) => Real) i) Real.semiring
                    (@Pi.addCommGroup.{0, 0} (Fin m) (fun (x : Fin m) => Real) fun (i : Fin m) => Real.instAddCommGroup)
                    (@Pi.Function.module.{0, 0, 0} (Fin m) Real Real Real.semiring
                      (@Semiring.toAddCommMonoid.{0} Real (@Ring.toSemiring.{0} Real Real.instRing))
                      (@Semiring.toModule.{0} Real Real.semiring)))
                  (@RingHom.id.{0} Real (@Semiring.toNonAssocSemiring.{0} Real Real.semiring)))
                (@NLA.KE04.act m m (@NLA.KE04.compression n m A Q))
                (@DFunLike.coe.{1, 1, 1}
                  (@LinearMap.{0, 0, 0, 0} Real Real Real.semiring Real.semiring
                    (@RingHom.id.{0} Real (@Semiring.toNonAssocSemiring.{0} Real Real.semiring)) (NLA.KE04.Vec n)
                    (NLA.KE04.Vec m)
                    (@AddCommGroup.toAddCommMonoid.{0} (NLA.KE04.Vec n)
                      (@WithLp.instAddCommGroup.{0}
                        (@OfNat.ofNat.{0} ENNReal (nat_lit 2)
                          (@instOfNatAtLeastTwo.{0} ENNReal (nat_lit 2)
                            (@AddMonoidWithOne.toNatCast.{0} ENNReal
                              (@AddCommMonoidWithOne.toAddMonoidWithOne.{0} ENNReal ENNReal.instAddCommMonoidWithOne))
                            PiLp.innerProductSpace._proof_1))
                        ((i : Fin n) → (fun (x : Fin n) => Real) i)
                        (@Pi.addCommGroup.{0, 0} (Fin n) (fun (x : Fin n) => Real) fun (i : Fin n) =>
                          Real.instAddCommGroup)))
                    (@AddCommGroup.toAddCommMonoid.{0} (NLA.KE04.Vec m)
                      (@WithLp.instAddCommGroup.{0}
                        (@OfNat.ofNat.{0} ENNReal (nat_lit 2)
                          (@instOfNatAtLeastTwo.{0} ENNReal (nat_lit 2)
                            (@AddMonoidWithOne.toNatCast.{0} ENNReal
                              (@AddCommMonoidWithOne.toAddMonoidWithOne.{0} ENNReal ENNReal.instAddCommMonoidWithOne))
                            PiLp.innerProductSpace._proof_1))
                        ((i : Fin m) → (fun (x : Fin m) => Real) i)
                        (@Pi.addCommGroup.{0, 0} (Fin m) (fun (x : Fin m) => Real) fun (i : Fin m) =>
                          Real.instAddCommGroup)))
                    (@WithLp.instModule.{0, 0}
                      (@OfNat.ofNat.{0} ENNReal (nat_lit 2)
                        (@instOfNatAtLeastTwo.{0} ENNReal (nat_lit 2)
                          (@AddMonoidWithOne.toNatCast.{0} ENNReal
                            (@AddCommMonoidWithOne.toAddMonoidWithOne.{0} ENNReal ENNReal.instAddCommMonoidWithOne))
                          PiLp.innerProductSpace._proof_1))
                      Real ((i : Fin n) → (fun (x : Fin n) => Real) i) Real.semiring
                      (@Pi.addCommGroup.{0, 0} (Fin n) (fun (x : Fin n) => Real) fun (i : Fin n) =>
                        Real.instAddCommGroup)
                      (@Pi.Function.module.{0, 0, 0} (Fin n) Real Real Real.semiring
                        (@Semiring.toAddCommMonoid.{0} Real (@Ring.toSemiring.{0} Real Real.instRing))
                        (@Semiring.toModule.{0} Real Real.semiring)))
                    (@WithLp.instModule.{0, 0}
                      (@OfNat.ofNat.{0} ENNReal (nat_lit 2)
                        (@instOfNatAtLeastTwo.{0} ENNReal (nat_lit 2)
                          (@AddMonoidWithOne.toNatCast.{0} ENNReal
                            (@AddCommMonoidWithOne.toAddMonoidWithOne.{0} ENNReal ENNReal.instAddCommMonoidWithOne))
                          PiLp.innerProductSpace._proof_1))
                      Real ((i : Fin m) → (fun (x : Fin m) => Real) i) Real.semiring
                      (@Pi.addCommGroup.{0, 0} (Fin m) (fun (x : Fin m) => Real) fun (i : Fin m) =>
                        Real.instAddCommGroup)
                      (@Pi.Function.module.{0, 0, 0} (Fin m) Real Real Real.semiring
                        (@Semiring.toAddCommMonoid.{0} Real (@Ring.toSemiring.{0} Real Real.instRing))
                        (@Semiring.toModule.{0} Real Real.semiring))))
                  (NLA.KE04.Vec n) (fun (x : NLA.KE04.Vec n) => NLA.KE04.Vec m)
                  (@LinearMap.instFunLike.{0, 0, 0, 0} Real Real (NLA.KE04.Vec n) (NLA.KE04.Vec m) Real.semiring
                    Real.semiring
                    (@AddCommGroup.toAddCommMonoid.{0} (NLA.KE04.Vec n)
                      (@WithLp.instAddCommGroup.{0}
                        (@OfNat.ofNat.{0} ENNReal (nat_lit 2)
                          (@instOfNatAtLeastTwo.{0} ENNReal (nat_lit 2)
                            (@AddMonoidWithOne.toNatCast.{0} ENNReal
                              (@AddCommMonoidWithOne.toAddMonoidWithOne.{0} ENNReal ENNReal.instAddCommMonoidWithOne))
                            PiLp.innerProductSpace._proof_1))
                        ((i : Fin n) → (fun (x : Fin n) => Real) i)
                        (@Pi.addCommGroup.{0, 0} (Fin n) (fun (x : Fin n) => Real) fun (i : Fin n) =>
                          Real.instAddCommGroup)))
                    (@AddCommGroup.toAddCommMonoid.{0} (NLA.KE04.Vec m)
                      (@WithLp.instAddCommGroup.{0}
                        (@OfNat.ofNat.{0} ENNReal (nat_lit 2)
                          (@instOfNatAtLeastTwo.{0} ENNReal (nat_lit 2)
                            (@AddMonoidWithOne.toNatCast.{0} ENNReal
                              (@AddCommMonoidWithOne.toAddMonoidWithOne.{0} ENNReal ENNReal.instAddCommMonoidWithOne))
                            PiLp.innerProductSpace._proof_1))
                        ((i : Fin m) → (fun (x : Fin m) => Real) i)
                        (@Pi.addCommGroup.{0, 0} (Fin m) (fun (x : Fin m) => Real) fun (i : Fin m) =>
                          Real.instAddCommGroup)))
                    (@WithLp.instModule.{0, 0}
                      (@OfNat.ofNat.{0} ENNReal (nat_lit 2)
                        (@instOfNatAtLeastTwo.{0} ENNReal (nat_lit 2)
                          (@AddMonoidWithOne.toNatCast.{0} ENNReal
                            (@AddCommMonoidWithOne.toAddMonoidWithOne.{0} ENNReal ENNReal.instAddCommMonoidWithOne))
                          PiLp.innerProductSpace._proof_1))
                      Real ((i : Fin n) → (fun (x : Fin n) => Real) i) Real.semiring
                      (@Pi.addCommGroup.{0, 0} (Fin n) (fun (x : Fin n) => Real) fun (i : Fin n) =>
                        Real.instAddCommGroup)
                      (@Pi.Function.module.{0, 0, 0} (Fin n) Real Real Real.semiring
                        (@Semiring.toAddCommMonoid.{0} Real (@Ring.toSemiring.{0} Real Real.instRing))
                        (@Semiring.toModule.{0} Real Real.semiring)))
                    (@WithLp.instModule.{0, 0}
                      (@OfNat.ofNat.{0} ENNReal (nat_lit 2)
                        (@instOfNatAtLeastTwo.{0} ENNReal (nat_lit 2)
                          (@AddMonoidWithOne.toNatCast.{0} ENNReal
                            (@AddCommMonoidWithOne.toAddMonoidWithOne.{0} ENNReal ENNReal.instAddCommMonoidWithOne))
                          PiLp.innerProductSpace._proof_1))
                      Real ((i : Fin m) → (fun (x : Fin m) => Real) i) Real.semiring
                      (@Pi.addCommGroup.{0, 0} (Fin m) (fun (x : Fin m) => Real) fun (i : Fin m) =>
                        Real.instAddCommGroup)
                      (@Pi.Function.module.{0, 0, 0} (Fin m) Real Real Real.semiring
                        (@Semiring.toAddCommMonoid.{0} Real (@Ring.toSemiring.{0} Real Real.instRing))
                        (@Semiring.toModule.{0} Real Real.semiring)))
                    (@RingHom.id.{0} Real (@Semiring.toNonAssocSemiring.{0} Real Real.semiring)))
                  (@NLA.KE04.act m n (@Matrix.transpose.{0, 0, 0} (Fin n) (Fin m) Real Q)) x)))
            (@DFunLike.coe.{1, 1, 1}
              (@LinearMap.{0, 0, 0, 0} Real Real Real.semiring Real.semiring
                (@RingHom.id.{0} Real (@Semiring.toNonAssocSemiring.{0} Real Real.semiring)) (NLA.KE04.Vec n)
                (NLA.KE04.Vec n)
                (@AddCommGroup.toAddCommMonoid.{0} (NLA.KE04.Vec n)
                  (@WithLp.instAddCommGroup.{0}
                    (@OfNat.ofNat.{0} ENNReal (nat_lit 2)
                      (@instOfNatAtLeastTwo.{0} ENNReal (nat_lit 2)
                        (@AddMonoidWithOne.toNatCast.{0} ENNReal
                          (@AddCommMonoidWithOne.toAddMonoidWithOne.{0} ENNReal ENNReal.instAddCommMonoidWithOne))
                        PiLp.innerProductSpace._proof_1))
                    ((i : Fin n) → (fun (x : Fin n) => Real) i)
                    (@Pi.addCommGroup.{0, 0} (Fin n) (fun (x : Fin n) => Real) fun (i : Fin n) =>
                      Real.instAddCommGroup)))
                (@AddCommGroup.toAddCommMonoid.{0} (NLA.KE04.Vec n)
                  (@WithLp.instAddCommGroup.{0}
                    (@OfNat.ofNat.{0} ENNReal (nat_lit 2)
                      (@instOfNatAtLeastTwo.{0} ENNReal (nat_lit 2)
                        (@AddMonoidWithOne.toNatCast.{0} ENNReal
                          (@AddCommMonoidWithOne.toAddMonoidWithOne.{0} ENNReal ENNReal.instAddCommMonoidWithOne))
                        PiLp.innerProductSpace._proof_1))
                    ((i : Fin n) → (fun (x : Fin n) => Real) i)
                    (@Pi.addCommGroup.{0, 0} (Fin n) (fun (x : Fin n) => Real) fun (i : Fin n) =>
                      Real.instAddCommGroup)))
                (@WithLp.instModule.{0, 0}
                  (@OfNat.ofNat.{0} ENNReal (nat_lit 2)
                    (@instOfNatAtLeastTwo.{0} ENNReal (nat_lit 2)
                      (@AddMonoidWithOne.toNatCast.{0} ENNReal
                        (@AddCommMonoidWithOne.toAddMonoidWithOne.{0} ENNReal ENNReal.instAddCommMonoidWithOne))
                      PiLp.innerProductSpace._proof_1))
                  Real ((i : Fin n) → (fun (x : Fin n) => Real) i) Real.semiring
                  (@Pi.addCommGroup.{0, 0} (Fin n) (fun (x : Fin n) => Real) fun (i : Fin n) => Real.instAddCommGroup)
                  (@Pi.Function.module.{0, 0, 0} (Fin n) Real Real Real.semiring
                    (@Semiring.toAddCommMonoid.{0} Real (@Ring.toSemiring.{0} Real Real.instRing))
                    (@Semiring.toModule.{0} Real Real.semiring)))
                (@WithLp.instModule.{0, 0}
                  (@OfNat.ofNat.{0} ENNReal (nat_lit 2)
                    (@instOfNatAtLeastTwo.{0} ENNReal (nat_lit 2)
                      (@AddMonoidWithOne.toNatCast.{0} ENNReal
                        (@AddCommMonoidWithOne.toAddMonoidWithOne.{0} ENNReal ENNReal.instAddCommMonoidWithOne))
                      PiLp.innerProductSpace._proof_1))
                  Real ((i : Fin n) → (fun (x : Fin n) => Real) i) Real.semiring
                  (@Pi.addCommGroup.{0, 0} (Fin n) (fun (x : Fin n) => Real) fun (i : Fin n) => Real.instAddCommGroup)
                  (@Pi.Function.module.{0, 0, 0} (Fin n) Real Real Real.semiring
                    (@Semiring.toAddCommMonoid.{0} Real (@Ring.toSemiring.{0} Real Real.instRing))
                    (@Semiring.toModule.{0} Real Real.semiring))))
              (NLA.KE04.Vec n) (fun (x : NLA.KE04.Vec n) => NLA.KE04.Vec n)
              (@LinearMap.instFunLike.{0, 0, 0, 0} Real Real (NLA.KE04.Vec n) (NLA.KE04.Vec n) Real.semiring
                Real.semiring
                (@AddCommGroup.toAddCommMonoid.{0} (NLA.KE04.Vec n)
                  (@WithLp.instAddCommGroup.{0}
                    (@OfNat.ofNat.{0} ENNReal (nat_lit 2)
                      (@instOfNatAtLeastTwo.{0} ENNReal (nat_lit 2)
                        (@AddMonoidWithOne.toNatCast.{0} ENNReal
                          (@AddCommMonoidWithOne.toAddMonoidWithOne.{0} ENNReal ENNReal.instAddCommMonoidWithOne))
                        PiLp.innerProductSpace._proof_1))
                    ((i : Fin n) → (fun (x : Fin n) => Real) i)
                    (@Pi.addCommGroup.{0, 0} (Fin n) (fun (x : Fin n) => Real) fun (i : Fin n) =>
                      Real.instAddCommGroup)))
                (@AddCommGroup.toAddCommMonoid.{0} (NLA.KE04.Vec n)
                  (@WithLp.instAddCommGroup.{0}
                    (@OfNat.ofNat.{0} ENNReal (nat_lit 2)
                      (@instOfNatAtLeastTwo.{0} ENNReal (nat_lit 2)
                        (@AddMonoidWithOne.toNatCast.{0} ENNReal
                          (@AddCommMonoidWithOne.toAddMonoidWithOne.{0} ENNReal ENNReal.instAddCommMonoidWithOne))
                        PiLp.innerProductSpace._proof_1))
                    ((i : Fin n) → (fun (x : Fin n) => Real) i)
                    (@Pi.addCommGroup.{0, 0} (Fin n) (fun (x : Fin n) => Real) fun (i : Fin n) =>
                      Real.instAddCommGroup)))
                (@WithLp.instModule.{0, 0}
                  (@OfNat.ofNat.{0} ENNReal (nat_lit 2)
                    (@instOfNatAtLeastTwo.{0} ENNReal (nat_lit 2)
                      (@AddMonoidWithOne.toNatCast.{0} ENNReal
                        (@AddCommMonoidWithOne.toAddMonoidWithOne.{0} ENNReal ENNReal.instAddCommMonoidWithOne))
                      PiLp.innerProductSpace._proof_1))
                  Real ((i : Fin n) → (fun (x : Fin n) => Real) i) Real.semiring
                  (@Pi.addCommGroup.{0, 0} (Fin n) (fun (x : Fin n) => Real) fun (i : Fin n) => Real.instAddCommGroup)
                  (@Pi.Function.module.{0, 0, 0} (Fin n) Real Real Real.semiring
                    (@Semiring.toAddCommMonoid.{0} Real (@Ring.toSemiring.{0} Real Real.instRing))
                    (@Semiring.toModule.{0} Real Real.semiring)))
                (@WithLp.instModule.{0, 0}
                  (@OfNat.ofNat.{0} ENNReal (nat_lit 2)
                    (@instOfNatAtLeastTwo.{0} ENNReal (nat_lit 2)
                      (@AddMonoidWithOne.toNatCast.{0} ENNReal
                        (@AddCommMonoidWithOne.toAddMonoidWithOne.{0} ENNReal ENNReal.instAddCommMonoidWithOne))
                      PiLp.innerProductSpace._proof_1))
                  Real ((i : Fin n) → (fun (x : Fin n) => Real) i) Real.semiring
                  (@Pi.addCommGroup.{0, 0} (Fin n) (fun (x : Fin n) => Real) fun (i : Fin n) => Real.instAddCommGroup)
                  (@Pi.Function.module.{0, 0, 0} (Fin n) Real Real Real.semiring
                    (@Semiring.toAddCommMonoid.{0} Real (@Ring.toSemiring.{0} Real Real.instRing))
                    (@Semiring.toModule.{0} Real Real.semiring)))
                (@RingHom.id.{0} Real (@Semiring.toNonAssocSemiring.{0} Real Real.semiring)))
              (@NLA.KE04.act n n (@NLA.KE04.frameProjection n m Q))
              (@DFunLike.coe.{1, 1, 1}
                (@LinearMap.{0, 0, 0, 0} Real Real Real.semiring Real.semiring
                  (@RingHom.id.{0} Real (@Semiring.toNonAssocSemiring.{0} Real Real.semiring)) (NLA.KE04.Vec n)
                  (NLA.KE04.Vec n)
                  (@AddCommGroup.toAddCommMonoid.{0} (NLA.KE04.Vec n)
                    (@WithLp.instAddCommGroup.{0}
                      (@OfNat.ofNat.{0} ENNReal (nat_lit 2)
                        (@instOfNatAtLeastTwo.{0} ENNReal (nat_lit 2)
                          (@AddMonoidWithOne.toNatCast.{0} ENNReal
                            (@AddCommMonoidWithOne.toAddMonoidWithOne.{0} ENNReal ENNReal.instAddCommMonoidWithOne))
                          PiLp.innerProductSpace._proof_1))
                      ((i : Fin n) → (fun (x : Fin n) => Real) i)
                      (@Pi.addCommGroup.{0, 0} (Fin n) (fun (x : Fin n) => Real) fun (i : Fin n) =>
                        Real.instAddCommGroup)))
                  (@AddCommGroup.toAddCommMonoid.{0} (NLA.KE04.Vec n)
                    (@WithLp.instAddCommGroup.{0}
                      (@OfNat.ofNat.{0} ENNReal (nat_lit 2)
                        (@instOfNatAtLeastTwo.{0} ENNReal (nat_lit 2)
                          (@AddMonoidWithOne.toNatCast.{0} ENNReal
                            (@AddCommMonoidWithOne.toAddMonoidWithOne.{0} ENNReal ENNReal.instAddCommMonoidWithOne))
                          PiLp.innerProductSpace._proof_1))
                      ((i : Fin n) → (fun (x : Fin n) => Real) i)
                      (@Pi.addCommGroup.{0, 0} (Fin n) (fun (x : Fin n) => Real) fun (i : Fin n) =>
                        Real.instAddCommGroup)))
                  (@WithLp.instModule.{0, 0}
                    (@OfNat.ofNat.{0} ENNReal (nat_lit 2)
                      (@instOfNatAtLeastTwo.{0} ENNReal (nat_lit 2)
                        (@AddMonoidWithOne.toNatCast.{0} ENNReal
                          (@AddCommMonoidWithOne.toAddMonoidWithOne.{0} ENNReal ENNReal.instAddCommMonoidWithOne))
                        PiLp.innerProductSpace._proof_1))
                    Real ((i : Fin n) → (fun (x : Fin n) => Real) i) Real.semiring
                    (@Pi.addCommGroup.{0, 0} (Fin n) (fun (x : Fin n) => Real) fun (i : Fin n) => Real.instAddCommGroup)
                    (@Pi.Function.module.{0, 0, 0} (Fin n) Real Real Real.semiring
                      (@Semiring.toAddCommMonoid.{0} Real (@Ring.toSemiring.{0} Real Real.instRing))
                      (@Semiring.toModule.{0} Real Real.semiring)))
                  (@WithLp.instModule.{0, 0}
                    (@OfNat.ofNat.{0} ENNReal (nat_lit 2)
                      (@instOfNatAtLeastTwo.{0} ENNReal (nat_lit 2)
                        (@AddMonoidWithOne.toNatCast.{0} ENNReal
                          (@AddCommMonoidWithOne.toAddMonoidWithOne.{0} ENNReal ENNReal.instAddCommMonoidWithOne))
                        PiLp.innerProductSpace._proof_1))
                    Real ((i : Fin n) → (fun (x : Fin n) => Real) i) Real.semiring
                    (@Pi.addCommGroup.{0, 0} (Fin n) (fun (x : Fin n) => Real) fun (i : Fin n) => Real.instAddCommGroup)
                    (@Pi.Function.module.{0, 0, 0} (Fin n) Real Real Real.semiring
                      (@Semiring.toAddCommMonoid.{0} Real (@Ring.toSemiring.{0} Real Real.instRing))
                      (@Semiring.toModule.{0} Real Real.semiring))))
                (NLA.KE04.Vec n) (fun (x : NLA.KE04.Vec n) => NLA.KE04.Vec n)
                (@LinearMap.instFunLike.{0, 0, 0, 0} Real Real (NLA.KE04.Vec n) (NLA.KE04.Vec n) Real.semiring
                  Real.semiring
                  (@AddCommGroup.toAddCommMonoid.{0} (NLA.KE04.Vec n)
                    (@WithLp.instAddCommGroup.{0}
                      (@OfNat.ofNat.{0} ENNReal (nat_lit 2)
                        (@instOfNatAtLeastTwo.{0} ENNReal (nat_lit 2)
                          (@AddMonoidWithOne.toNatCast.{0} ENNReal
                            (@AddCommMonoidWithOne.toAddMonoidWithOne.{0} ENNReal ENNReal.instAddCommMonoidWithOne))
                          PiLp.innerProductSpace._proof_1))
                      ((i : Fin n) → (fun (x : Fin n) => Real) i)
                      (@Pi.addCommGroup.{0, 0} (Fin n) (fun (x : Fin n) => Real) fun (i : Fin n) =>
                        Real.instAddCommGroup)))
                  (@AddCommGroup.toAddCommMonoid.{0} (NLA.KE04.Vec n)
                    (@WithLp.instAddCommGroup.{0}
                      (@OfNat.ofNat.{0} ENNReal (nat_lit 2)
                        (@instOfNatAtLeastTwo.{0} ENNReal (nat_lit 2)
                          (@AddMonoidWithOne.toNatCast.{0} ENNReal
                            (@AddCommMonoidWithOne.toAddMonoidWithOne.{0} ENNReal ENNReal.instAddCommMonoidWithOne))
                          PiLp.innerProductSpace._proof_1))
                      ((i : Fin n) → (fun (x : Fin n) => Real) i)
                      (@Pi.addCommGroup.{0, 0} (Fin n) (fun (x : Fin n) => Real) fun (i : Fin n) =>
                        Real.instAddCommGroup)))
                  (@WithLp.instModule.{0, 0}
                    (@OfNat.ofNat.{0} ENNReal (nat_lit 2)
                      (@instOfNatAtLeastTwo.{0} ENNReal (nat_lit 2)
                        (@AddMonoidWithOne.toNatCast.{0} ENNReal
                          (@AddCommMonoidWithOne.toAddMonoidWithOne.{0} ENNReal ENNReal.instAddCommMonoidWithOne))
                        PiLp.innerProductSpace._proof_1))
                    Real ((i : Fin n) → (fun (x : Fin n) => Real) i) Real.semiring
                    (@Pi.addCommGroup.{0, 0} (Fin n) (fun (x : Fin n) => Real) fun (i : Fin n) => Real.instAddCommGroup)
                    (@Pi.Function.module.{0, 0, 0} (Fin n) Real Real Real.semiring
                      (@Semiring.toAddCommMonoid.{0} Real (@Ring.toSemiring.{0} Real Real.instRing))
                      (@Semiring.toModule.{0} Real Real.semiring)))
                  (@WithLp.instModule.{0, 0}
                    (@OfNat.ofNat.{0} ENNReal (nat_lit 2)
                      (@instOfNatAtLeastTwo.{0} ENNReal (nat_lit 2)
                        (@AddMonoidWithOne.toNatCast.{0} ENNReal
                          (@AddCommMonoidWithOne.toAddMonoidWithOne.{0} ENNReal ENNReal.instAddCommMonoidWithOne))
                        PiLp.innerProductSpace._proof_1))
                    Real ((i : Fin n) → (fun (x : Fin n) => Real) i) Real.semiring
                    (@Pi.addCommGroup.{0, 0} (Fin n) (fun (x : Fin n) => Real) fun (i : Fin n) => Real.instAddCommGroup)
                    (@Pi.Function.module.{0, 0, 0} (Fin n) Real Real Real.semiring
                      (@Semiring.toAddCommMonoid.{0} Real (@Ring.toSemiring.{0} Real Real.instRing))
                      (@Semiring.toModule.{0} Real Real.semiring)))
                  (@RingHom.id.{0} Real (@Semiring.toNonAssocSemiring.{0} Real Real.semiring)))
                (@NLA.KE04.act n n A) x)))) :=
fun {n m : Nat} (A : NLA.KE04.Mat n)
    (hA :
      @Matrix.IsHermitian.{0, 0} Real (Fin n)
        (@InvolutiveStar.toStar.{0} Real
          (@StarAddMonoid.toInvolutiveStar.{0} Real
            (@AddCommMonoid.toAddMonoid.{0} Real
              (@NonUnitalNonAssocSemiring.toAddCommMonoid.{0} Real
                (@NonUnitalNonAssocRing.toNonUnitalNonAssocSemiring.{0} Real
                  (@NonUnitalNonAssocCommRing.toNonUnitalNonAssocRing.{0} Real
                    (@NonUnitalCommRing.toNonUnitalNonAssocCommRing.{0} Real
                      (@CommRing.toNonUnitalCommRing.{0} Real Real.commRing))))))
            (@StarRing.toStarAddMonoid.{0} Real
              (@NonUnitalNonAssocRing.toNonUnitalNonAssocSemiring.{0} Real
                (@NonUnitalNonAssocCommRing.toNonUnitalNonAssocRing.{0} Real
                  (@NonUnitalCommRing.toNonUnitalNonAssocCommRing.{0} Real
                    (@CommRing.toNonUnitalCommRing.{0} Real Real.commRing))))
              instStarRingReal)))
        A)
    (Q : NLA.KE04.Rect n m)
    (hQ :
      @Eq.{1} (Matrix.{0, 0, 0} (Fin m) (Fin m) Real)
        (@HMul.hMul.{0, 0, 0} (Matrix.{0, 0, 0} (Fin m) (Fin n) Real) (NLA.KE04.Rect n m)
          (Matrix.{0, 0, 0} (Fin m) (Fin m) Real)
          (@Matrix.instHMulOfFintypeOfMulOfAddCommMonoid.{0, 0, 0, 0} (Fin m) (Fin n) (Fin m) Real (Fin.fintype n)
            Real.instMul Real.instAddCommMonoid)
          (@Matrix.transpose.{0, 0, 0} (Fin n) (Fin m) Real Q) Q)
        (@OfNat.ofNat.{0} (Matrix.{0, 0, 0} (Fin m) (Fin m) Real) (nat_lit 1)
          (@One.toOfNat1.{0} (Matrix.{0, 0, 0} (Fin m) (Fin m) Real)
            (@Matrix.one.{0, 0} (Fin m) Real (instDecidableEqFin m) Real.instZero Real.instOne)))) =>
  sorryAx.{0}
    (∀ (tag : Lean.Name),
      And
        (@Eq.{1} (NLA.KE04.Mat m) (@NLA.KE04.compression n m A Q)
          (@HMul.hMul.{0, 0, 0} (Matrix.{0, 0, 0} (Fin m) (Fin n) Real) (NLA.KE04.Rect n m)
            (Matrix.{0, 0, 0} (Fin m) (Fin m) Real)
            (@Matrix.instHMulOfFintypeOfMulOfAddCommMonoid.{0, 0, 0, 0} (Fin m) (Fin n) (Fin m) Real (Fin.fintype n)
              Real.instMul Real.instAddCommMonoid)
            (@HMul.hMul.{0, 0, 0} (Matrix.{0, 0, 0} (Fin m) (Fin n) Real) (NLA.KE04.Mat n)
              (Matrix.{0, 0, 0} (Fin m) (Fin n) Real)
              (@Matrix.instHMulOfFintypeOfMulOfAddCommMonoid.{0, 0, 0, 0} (Fin m) (Fin n) (Fin n) Real (Fin.fintype n)
                Real.instMul Real.instAddCommMonoid)
              (@Matrix.transpose.{0, 0, 0} (Fin n) (Fin m) Real Q) A)
            Q))
        (And
          (@Matrix.IsHermitian.{0, 0} Real (Fin m)
            (@InvolutiveStar.toStar.{0} Real
              (@StarAddMonoid.toInvolutiveStar.{0} Real
                (@AddCommMonoid.toAddMonoid.{0} Real
                  (@NonUnitalNonAssocSemiring.toAddCommMonoid.{0} Real
                    (@NonUnitalNonAssocRing.toNonUnitalNonAssocSemiring.{0} Real
                      (@NonUnitalNonAssocCommRing.toNonUnitalNonAssocRing.{0} Real
                        (@NonUnitalCommRing.toNonUnitalNonAssocCommRing.{0} Real
                          (@CommRing.toNonUnitalCommRing.{0} Real Real.commRing))))))
                (@StarRing.toStarAddMonoid.{0} Real
                  (@NonUnitalNonAssocRing.toNonUnitalNonAssocSemiring.{0} Real
                    (@NonUnitalNonAssocCommRing.toNonUnitalNonAssocRing.{0} Real
                      (@NonUnitalCommRing.toNonUnitalNonAssocCommRing.{0} Real
                        (@CommRing.toNonUnitalCommRing.{0} Real Real.commRing))))
                  instStarRingReal)))
            (@NLA.KE04.compression n m A Q))
          (∀ (x : NLA.KE04.Vec n),
            @Membership.mem.{0, 0} (NLA.KE04.Vec n)
                (@Submodule.{0, 0} Real (NLA.KE04.Vec n) Real.semiring
                  (@AddCommGroup.toAddCommMonoid.{0} (NLA.KE04.Vec n)
                    (@WithLp.instAddCommGroup.{0}
                      (@OfNat.ofNat.{0} ENNReal (nat_lit 2)
                        (@instOfNatAtLeastTwo.{0} ENNReal (nat_lit 2)
                          (@AddMonoidWithOne.toNatCast.{0} ENNReal
                            (@AddCommMonoidWithOne.toAddMonoidWithOne.{0} ENNReal ENNReal.instAddCommMonoidWithOne))
                          PiLp.innerProductSpace._proof_1))
                      ((i : Fin n) → (fun (x : Fin n) => Real) i)
                      (@Pi.addCommGroup.{0, 0} (Fin n) (fun (x : Fin n) => Real) fun (i : Fin n) =>
                        Real.instAddCommGroup)))
                  (@WithLp.instModule.{0, 0}
                    (@OfNat.ofNat.{0} ENNReal (nat_lit 2)
                      (@instOfNatAtLeastTwo.{0} ENNReal (nat_lit 2)
                        (@AddMonoidWithOne.toNatCast.{0} ENNReal
                          (@AddCommMonoidWithOne.toAddMonoidWithOne.{0} ENNReal ENNReal.instAddCommMonoidWithOne))
                        PiLp.innerProductSpace._proof_1))
                    Real ((i : Fin n) → (fun (x : Fin n) => Real) i) Real.semiring
                    (@Pi.addCommGroup.{0, 0} (Fin n) (fun (x : Fin n) => Real) fun (i : Fin n) => Real.instAddCommGroup)
                    (@Pi.Function.module.{0, 0, 0} (Fin n) Real Real Real.semiring
                      (@Semiring.toAddCommMonoid.{0} Real (@Ring.toSemiring.{0} Real Real.instRing))
                      (@Semiring.toModule.{0} Real Real.semiring))))
                (@SetLike.instMembership.{0, 0}
                  (@Submodule.{0, 0} Real (NLA.KE04.Vec n) Real.semiring
                    (@AddCommGroup.toAddCommMonoid.{0} (NLA.KE04.Vec n)
                      (@WithLp.instAddCommGroup.{0}
                        (@OfNat.ofNat.{0} ENNReal (nat_lit 2)
                          (@instOfNatAtLeastTwo.{0} ENNReal (nat_lit 2)
                            (@AddMonoidWithOne.toNatCast.{0} ENNReal
                              (@AddCommMonoidWithOne.toAddMonoidWithOne.{0} ENNReal ENNReal.instAddCommMonoidWithOne))
                            PiLp.innerProductSpace._proof_1))
                        ((i : Fin n) → (fun (x : Fin n) => Real) i)
                        (@Pi.addCommGroup.{0, 0} (Fin n) (fun (x : Fin n) => Real) fun (i : Fin n) =>
                          Real.instAddCommGroup)))
                    (@WithLp.instModule.{0, 0}
                      (@OfNat.ofNat.{0} ENNReal (nat_lit 2)
                        (@instOfNatAtLeastTwo.{0} ENNReal (nat_lit 2)
                          (@AddMonoidWithOne.toNatCast.{0} ENNReal
                            (@AddCommMonoidWithOne.toAddMonoidWithOne.{0} ENNReal ENNReal.instAddCommMonoidWithOne))
                          PiLp.innerProductSpace._proof_1))
                      Real ((i : Fin n) → (fun (x : Fin n) => Real) i) Real.semiring
                      (@Pi.addCommGroup.{0, 0} (Fin n) (fun (x : Fin n) => Real) fun (i : Fin n) =>
                        Real.instAddCommGroup)
                      (@Pi.Function.module.{0, 0, 0} (Fin n) Real Real Real.semiring
                        (@Semiring.toAddCommMonoid.{0} Real (@Ring.toSemiring.{0} Real Real.instRing))
                        (@Semiring.toModule.{0} Real Real.semiring))))
                  (NLA.KE04.Vec n)
                  (@Submodule.setLike.{0, 0} Real (NLA.KE04.Vec n) Real.semiring
                    (@AddCommGroup.toAddCommMonoid.{0} (NLA.KE04.Vec n)
                      (@WithLp.instAddCommGroup.{0}
                        (@OfNat.ofNat.{0} ENNReal (nat_lit 2)
                          (@instOfNatAtLeastTwo.{0} ENNReal (nat_lit 2)
                            (@AddMonoidWithOne.toNatCast.{0} ENNReal
                              (@AddCommMonoidWithOne.toAddMonoidWithOne.{0} ENNReal ENNReal.instAddCommMonoidWithOne))
                            PiLp.innerProductSpace._proof_1))
                        ((i : Fin n) → (fun (x : Fin n) => Real) i)
                        (@Pi.addCommGroup.{0, 0} (Fin n) (fun (x : Fin n) => Real) fun (i : Fin n) =>
                          Real.instAddCommGroup)))
                    (@WithLp.instModule.{0, 0}
                      (@OfNat.ofNat.{0} ENNReal (nat_lit 2)
                        (@instOfNatAtLeastTwo.{0} ENNReal (nat_lit 2)
                          (@AddMonoidWithOne.toNatCast.{0} ENNReal
                            (@AddCommMonoidWithOne.toAddMonoidWithOne.{0} ENNReal ENNReal.instAddCommMonoidWithOne))
                          PiLp.innerProductSpace._proof_1))
                      Real ((i : Fin n) → (fun (x : Fin n) => Real) i) Real.semiring
                      (@Pi.addCommGroup.{0, 0} (Fin n) (fun (x : Fin n) => Real) fun (i : Fin n) =>
                        Real.instAddCommGroup)
                      (@Pi.Function.module.{0, 0, 0} (Fin n) Real Real Real.semiring
                        (@Semiring.toAddCommMonoid.{0} Real (@Ring.toSemiring.{0} Real Real.instRing))
                        (@Semiring.toModule.{0} Real Real.semiring)))))
                (@NLA.KE04.columnSpace n m Q) x →
              @Eq.{1} (NLA.KE04.Vec n)
                (@DFunLike.coe.{1, 1, 1}
                  (@LinearMap.{0, 0, 0, 0} Real Real Real.semiring Real.semiring
                    (@RingHom.id.{0} Real (@Semiring.toNonAssocSemiring.{0} Real Real.semiring)) (NLA.KE04.Vec m)
                    (NLA.KE04.Vec n)
                    (@AddCommGroup.toAddCommMonoid.{0} (NLA.KE04.Vec m)
                      (@WithLp.instAddCommGroup.{0}
                        (@OfNat.ofNat.{0} ENNReal (nat_lit 2)
                          (@instOfNatAtLeastTwo.{0} ENNReal (nat_lit 2)
                            (@AddMonoidWithOne.toNatCast.{0} ENNReal
                              (@AddCommMonoidWithOne.toAddMonoidWithOne.{0} ENNReal ENNReal.instAddCommMonoidWithOne))
                            PiLp.innerProductSpace._proof_1))
                        ((i : Fin m) → (fun (x : Fin m) => Real) i)
                        (@Pi.addCommGroup.{0, 0} (Fin m) (fun (x : Fin m) => Real) fun (i : Fin m) =>
                          Real.instAddCommGroup)))
                    (@AddCommGroup.toAddCommMonoid.{0} (NLA.KE04.Vec n)
                      (@WithLp.instAddCommGroup.{0}
                        (@OfNat.ofNat.{0} ENNReal (nat_lit 2)
                          (@instOfNatAtLeastTwo.{0} ENNReal (nat_lit 2)
                            (@AddMonoidWithOne.toNatCast.{0} ENNReal
                              (@AddCommMonoidWithOne.toAddMonoidWithOne.{0} ENNReal ENNReal.instAddCommMonoidWithOne))
                            PiLp.innerProductSpace._proof_1))
                        ((i : Fin n) → (fun (x : Fin n) => Real) i)
                        (@Pi.addCommGroup.{0, 0} (Fin n) (fun (x : Fin n) => Real) fun (i : Fin n) =>
                          Real.instAddCommGroup)))
                    (@WithLp.instModule.{0, 0}
                      (@OfNat.ofNat.{0} ENNReal (nat_lit 2)
                        (@instOfNatAtLeastTwo.{0} ENNReal (nat_lit 2)
                          (@AddMonoidWithOne.toNatCast.{0} ENNReal
                            (@AddCommMonoidWithOne.toAddMonoidWithOne.{0} ENNReal ENNReal.instAddCommMonoidWithOne))
                          PiLp.innerProductSpace._proof_1))
                      Real ((i : Fin m) → (fun (x : Fin m) => Real) i) Real.semiring
                      (@Pi.addCommGroup.{0, 0} (Fin m) (fun (x : Fin m) => Real) fun (i : Fin m) =>
                        Real.instAddCommGroup)
                      (@Pi.Function.module.{0, 0, 0} (Fin m) Real Real Real.semiring
                        (@Semiring.toAddCommMonoid.{0} Real (@Ring.toSemiring.{0} Real Real.instRing))
                        (@Semiring.toModule.{0} Real Real.semiring)))
                    (@WithLp.instModule.{0, 0}
                      (@OfNat.ofNat.{0} ENNReal (nat_lit 2)
                        (@instOfNatAtLeastTwo.{0} ENNReal (nat_lit 2)
                          (@AddMonoidWithOne.toNatCast.{0} ENNReal
                            (@AddCommMonoidWithOne.toAddMonoidWithOne.{0} ENNReal ENNReal.instAddCommMonoidWithOne))
                          PiLp.innerProductSpace._proof_1))
                      Real ((i : Fin n) → (fun (x : Fin n) => Real) i) Real.semiring
                      (@Pi.addCommGroup.{0, 0} (Fin n) (fun (x : Fin n) => Real) fun (i : Fin n) =>
                        Real.instAddCommGroup)
                      (@Pi.Function.module.{0, 0, 0} (Fin n) Real Real Real.semiring
                        (@Semiring.toAddCommMonoid.{0} Real (@Ring.toSemiring.{0} Real Real.instRing))
                        (@Semiring.toModule.{0} Real Real.semiring))))
                  (NLA.KE04.Vec m) (fun (x : NLA.KE04.Vec m) => NLA.KE04.Vec n)
                  (@LinearMap.instFunLike.{0, 0, 0, 0} Real Real (NLA.KE04.Vec m) (NLA.KE04.Vec n) Real.semiring
                    Real.semiring
                    (@AddCommGroup.toAddCommMonoid.{0} (NLA.KE04.Vec m)
                      (@WithLp.instAddCommGroup.{0}
                        (@OfNat.ofNat.{0} ENNReal (nat_lit 2)
                          (@instOfNatAtLeastTwo.{0} ENNReal (nat_lit 2)
                            (@AddMonoidWithOne.toNatCast.{0} ENNReal
                              (@AddCommMonoidWithOne.toAddMonoidWithOne.{0} ENNReal ENNReal.instAddCommMonoidWithOne))
                            PiLp.innerProductSpace._proof_1))
                        ((i : Fin m) → (fun (x : Fin m) => Real) i)
                        (@Pi.addCommGroup.{0, 0} (Fin m) (fun (x : Fin m) => Real) fun (i : Fin m) =>
                          Real.instAddCommGroup)))
                    (@AddCommGroup.toAddCommMonoid.{0} (NLA.KE04.Vec n)
                      (@WithLp.instAddCommGroup.{0}
                        (@OfNat.ofNat.{0} ENNReal (nat_lit 2)
                          (@instOfNatAtLeastTwo.{0} ENNReal (nat_lit 2)
                            (@AddMonoidWithOne.toNatCast.{0} ENNReal
                              (@AddCommMonoidWithOne.toAddMonoidWithOne.{0} ENNReal ENNReal.instAddCommMonoidWithOne))
                            PiLp.innerProductSpace._proof_1))
                        ((i : Fin n) → (fun (x : Fin n) => Real) i)
                        (@Pi.addCommGroup.{0, 0} (Fin n) (fun (x : Fin n) => Real) fun (i : Fin n) =>
                          Real.instAddCommGroup)))
                    (@WithLp.instModule.{0, 0}
                      (@OfNat.ofNat.{0} ENNReal (nat_lit 2)
                        (@instOfNatAtLeastTwo.{0} ENNReal (nat_lit 2)
                          (@AddMonoidWithOne.toNatCast.{0} ENNReal
                            (@AddCommMonoidWithOne.toAddMonoidWithOne.{0} ENNReal ENNReal.instAddCommMonoidWithOne))
                          PiLp.innerProductSpace._proof_1))
                      Real ((i : Fin m) → (fun (x : Fin m) => Real) i) Real.semiring
                      (@Pi.addCommGroup.{0, 0} (Fin m) (fun (x : Fin m) => Real) fun (i : Fin m) =>
                        Real.instAddCommGroup)
                      (@Pi.Function.module.{0, 0, 0} (Fin m) Real Real Real.semiring
                        (@Semiring.toAddCommMonoid.{0} Real (@Ring.toSemiring.{0} Real Real.instRing))
                        (@Semiring.toModule.{0} Real Real.semiring)))
                    (@WithLp.instModule.{0, 0}
                      (@OfNat.ofNat.{0} ENNReal (nat_lit 2)
                        (@instOfNatAtLeastTwo.{0} ENNReal (nat_lit 2)
                          (@AddMonoidWithOne.toNatCast.{0} ENNReal
                            (@AddCommMonoidWithOne.toAddMonoidWithOne.{0} ENNReal ENNReal.instAddCommMonoidWithOne))
                          PiLp.innerProductSpace._proof_1))
                      Real ((i : Fin n) → (fun (x : Fin n) => Real) i) Real.semiring
                      (@Pi.addCommGroup.{0, 0} (Fin n) (fun (x : Fin n) => Real) fun (i : Fin n) =>
                        Real.instAddCommGroup)
                      (@Pi.Function.module.{0, 0, 0} (Fin n) Real Real Real.semiring
                        (@Semiring.toAddCommMonoid.{0} Real (@Ring.toSemiring.{0} Real Real.instRing))
                        (@Semiring.toModule.{0} Real Real.semiring)))
                    (@RingHom.id.{0} Real (@Semiring.toNonAssocSemiring.{0} Real Real.semiring)))
                  (@NLA.KE04.act n m Q)
                  (@DFunLike.coe.{1, 1, 1}
                    (@LinearMap.{0, 0, 0, 0} Real Real Real.semiring Real.semiring
                      (@RingHom.id.{0} Real (@Semiring.toNonAssocSemiring.{0} Real Real.semiring)) (NLA.KE04.Vec m)
                      (NLA.KE04.Vec m)
                      (@AddCommGroup.toAddCommMonoid.{0} (NLA.KE04.Vec m)
                        (@WithLp.instAddCommGroup.{0}
                          (@OfNat.ofNat.{0} ENNReal (nat_lit 2)
                            (@instOfNatAtLeastTwo.{0} ENNReal (nat_lit 2)
                              (@AddMonoidWithOne.toNatCast.{0} ENNReal
                                (@AddCommMonoidWithOne.toAddMonoidWithOne.{0} ENNReal ENNReal.instAddCommMonoidWithOne))
                              PiLp.innerProductSpace._proof_1))
                          ((i : Fin m) → (fun (x : Fin m) => Real) i)
                          (@Pi.addCommGroup.{0, 0} (Fin m) (fun (x : Fin m) => Real) fun (i : Fin m) =>
                            Real.instAddCommGroup)))
                      (@AddCommGroup.toAddCommMonoid.{0} (NLA.KE04.Vec m)
                        (@WithLp.instAddCommGroup.{0}
                          (@OfNat.ofNat.{0} ENNReal (nat_lit 2)
                            (@instOfNatAtLeastTwo.{0} ENNReal (nat_lit 2)
                              (@AddMonoidWithOne.toNatCast.{0} ENNReal
                                (@AddCommMonoidWithOne.toAddMonoidWithOne.{0} ENNReal ENNReal.instAddCommMonoidWithOne))
                              PiLp.innerProductSpace._proof_1))
                          ((i : Fin m) → (fun (x : Fin m) => Real) i)
                          (@Pi.addCommGroup.{0, 0} (Fin m) (fun (x : Fin m) => Real) fun (i : Fin m) =>
                            Real.instAddCommGroup)))
                      (@WithLp.instModule.{0, 0}
                        (@OfNat.ofNat.{0} ENNReal (nat_lit 2)
                          (@instOfNatAtLeastTwo.{0} ENNReal (nat_lit 2)
                            (@AddMonoidWithOne.toNatCast.{0} ENNReal
                              (@AddCommMonoidWithOne.toAddMonoidWithOne.{0} ENNReal ENNReal.instAddCommMonoidWithOne))
                            PiLp.innerProductSpace._proof_1))
                        Real ((i : Fin m) → (fun (x : Fin m) => Real) i) Real.semiring
                        (@Pi.addCommGroup.{0, 0} (Fin m) (fun (x : Fin m) => Real) fun (i : Fin m) =>
                          Real.instAddCommGroup)
                        (@Pi.Function.module.{0, 0, 0} (Fin m) Real Real Real.semiring
                          (@Semiring.toAddCommMonoid.{0} Real (@Ring.toSemiring.{0} Real Real.instRing))
                          (@Semiring.toModule.{0} Real Real.semiring)))
                      (@WithLp.instModule.{0, 0}
                        (@OfNat.ofNat.{0} ENNReal (nat_lit 2)
                          (@instOfNatAtLeastTwo.{0} ENNReal (nat_lit 2)
                            (@AddMonoidWithOne.toNatCast.{0} ENNReal
                              (@AddCommMonoidWithOne.toAddMonoidWithOne.{0} ENNReal ENNReal.instAddCommMonoidWithOne))
                            PiLp.innerProductSpace._proof_1))
                        Real ((i : Fin m) → (fun (x : Fin m) => Real) i) Real.semiring
                        (@Pi.addCommGroup.{0, 0} (Fin m) (fun (x : Fin m) => Real) fun (i : Fin m) =>
                          Real.instAddCommGroup)
                        (@Pi.Function.module.{0, 0, 0} (Fin m) Real Real Real.semiring
                          (@Semiring.toAddCommMonoid.{0} Real (@Ring.toSemiring.{0} Real Real.instRing))
                          (@Semiring.toModule.{0} Real Real.semiring))))
                    (NLA.KE04.Vec m) (fun (x : NLA.KE04.Vec m) => NLA.KE04.Vec m)
                    (@LinearMap.instFunLike.{0, 0, 0, 0} Real Real (NLA.KE04.Vec m) (NLA.KE04.Vec m) Real.semiring
                      Real.semiring
                      (@AddCommGroup.toAddCommMonoid.{0} (NLA.KE04.Vec m)
                        (@WithLp.instAddCommGroup.{0}
                          (@OfNat.ofNat.{0} ENNReal (nat_lit 2)
                            (@instOfNatAtLeastTwo.{0} ENNReal (nat_lit 2)
                              (@AddMonoidWithOne.toNatCast.{0} ENNReal
                                (@AddCommMonoidWithOne.toAddMonoidWithOne.{0} ENNReal ENNReal.instAddCommMonoidWithOne))
                              PiLp.innerProductSpace._proof_1))
                          ((i : Fin m) → (fun (x : Fin m) => Real) i)
                          (@Pi.addCommGroup.{0, 0} (Fin m) (fun (x : Fin m) => Real) fun (i : Fin m) =>
                            Real.instAddCommGroup)))
                      (@AddCommGroup.toAddCommMonoid.{0} (NLA.KE04.Vec m)
                        (@WithLp.instAddCommGroup.{0}
                          (@OfNat.ofNat.{0} ENNReal (nat_lit 2)
                            (@instOfNatAtLeastTwo.{0} ENNReal (nat_lit 2)
                              (@AddMonoidWithOne.toNatCast.{0} ENNReal
                                (@AddCommMonoidWithOne.toAddMonoidWithOne.{0} ENNReal ENNReal.instAddCommMonoidWithOne))
                              PiLp.innerProductSpace._proof_1))
                          ((i : Fin m) → (fun (x : Fin m) => Real) i)
                          (@Pi.addCommGroup.{0, 0} (Fin m) (fun (x : Fin m) => Real) fun (i : Fin m) =>
                            Real.instAddCommGroup)))
                      (@WithLp.instModule.{0, 0}
                        (@OfNat.ofNat.{0} ENNReal (nat_lit 2)
                          (@instOfNatAtLeastTwo.{0} ENNReal (nat_lit 2)
                            (@AddMonoidWithOne.toNatCast.{0} ENNReal
                              (@AddCommMonoidWithOne.toAddMonoidWithOne.{0} ENNReal ENNReal.instAddCommMonoidWithOne))
                            PiLp.innerProductSpace._proof_1))
                        Real ((i : Fin m) → (fun (x : Fin m) => Real) i) Real.semiring
                        (@Pi.addCommGroup.{0, 0} (Fin m) (fun (x : Fin m) => Real) fun (i : Fin m) =>
                          Real.instAddCommGroup)
                        (@Pi.Function.module.{0, 0, 0} (Fin m) Real Real Real.semiring
                          (@Semiring.toAddCommMonoid.{0} Real (@Ring.toSemiring.{0} Real Real.instRing))
                          (@Semiring.toModule.{0} Real Real.semiring)))
                      (@WithLp.instModule.{0, 0}
                        (@OfNat.ofNat.{0} ENNReal (nat_lit 2)
                          (@instOfNatAtLeastTwo.{0} ENNReal (nat_lit 2)
                            (@AddMonoidWithOne.toNatCast.{0} ENNReal
                              (@AddCommMonoidWithOne.toAddMonoidWithOne.{0} ENNReal ENNReal.instAddCommMonoidWithOne))
                            PiLp.innerProductSpace._proof_1))
                        Real ((i : Fin m) → (fun (x : Fin m) => Real) i) Real.semiring
                        (@Pi.addCommGroup.{0, 0} (Fin m) (fun (x : Fin m) => Real) fun (i : Fin m) =>
                          Real.instAddCommGroup)
                        (@Pi.Function.module.{0, 0, 0} (Fin m) Real Real Real.semiring
                          (@Semiring.toAddCommMonoid.{0} Real (@Ring.toSemiring.{0} Real Real.instRing))
                          (@Semiring.toModule.{0} Real Real.semiring)))
                      (@RingHom.id.{0} Real (@Semiring.toNonAssocSemiring.{0} Real Real.semiring)))
                    (@NLA.KE04.act m m (@NLA.KE04.compression n m A Q))
                    (@DFunLike.coe.{1, 1, 1}
                      (@LinearMap.{0, 0, 0, 0} Real Real Real.semiring Real.semiring
                        (@RingHom.id.{0} Real (@Semiring.toNonAssocSemiring.{0} Real Real.semiring)) (NLA.KE04.Vec n)
                        (NLA.KE04.Vec m)
                        (@AddCommGroup.toAddCommMonoid.{0} (NLA.KE04.Vec n)
                          (@WithLp.instAddCommGroup.{0}
                            (@OfNat.ofNat.{0} ENNReal (nat_lit 2)
                              (@instOfNatAtLeastTwo.{0} ENNReal (nat_lit 2)
                                (@AddMonoidWithOne.toNatCast.{0} ENNReal
                                  (@AddCommMonoidWithOne.toAddMonoidWithOne.{0} ENNReal
                                    ENNReal.instAddCommMonoidWithOne))
                                PiLp.innerProductSpace._proof_1))
                            ((i : Fin n) → (fun (x : Fin n) => Real) i)
                            (@Pi.addCommGroup.{0, 0} (Fin n) (fun (x : Fin n) => Real) fun (i : Fin n) =>
                              Real.instAddCommGroup)))
                        (@AddCommGroup.toAddCommMonoid.{0} (NLA.KE04.Vec m)
                          (@WithLp.instAddCommGroup.{0}
                            (@OfNat.ofNat.{0} ENNReal (nat_lit 2)
                              (@instOfNatAtLeastTwo.{0} ENNReal (nat_lit 2)
                                (@AddMonoidWithOne.toNatCast.{0} ENNReal
                                  (@AddCommMonoidWithOne.toAddMonoidWithOne.{0} ENNReal
                                    ENNReal.instAddCommMonoidWithOne))
                                PiLp.innerProductSpace._proof_1))
                            ((i : Fin m) → (fun (x : Fin m) => Real) i)
                            (@Pi.addCommGroup.{0, 0} (Fin m) (fun (x : Fin m) => Real) fun (i : Fin m) =>
                              Real.instAddCommGroup)))
                        (@WithLp.instModule.{0, 0}
                          (@OfNat.ofNat.{0} ENNReal (nat_lit 2)
                            (@instOfNatAtLeastTwo.{0} ENNReal (nat_lit 2)
                              (@AddMonoidWithOne.toNatCast.{0} ENNReal
                                (@AddCommMonoidWithOne.toAddMonoidWithOne.{0} ENNReal ENNReal.instAddCommMonoidWithOne))
                              PiLp.innerProductSpace._proof_1))
                          Real ((i : Fin n) → (fun (x : Fin n) => Real) i) Real.semiring
                          (@Pi.addCommGroup.{0, 0} (Fin n) (fun (x : Fin n) => Real) fun (i : Fin n) =>
                            Real.instAddCommGroup)
                          (@Pi.Function.module.{0, 0, 0} (Fin n) Real Real Real.semiring
                            (@Semiring.toAddCommMonoid.{0} Real (@Ring.toSemiring.{0} Real Real.instRing))
                            (@Semiring.toModule.{0} Real Real.semiring)))
                        (@WithLp.instModule.{0, 0}
                          (@OfNat.ofNat.{0} ENNReal (nat_lit 2)
                            (@instOfNatAtLeastTwo.{0} ENNReal (nat_lit 2)
                              (@AddMonoidWithOne.toNatCast.{0} ENNReal
                                (@AddCommMonoidWithOne.toAddMonoidWithOne.{0} ENNReal ENNReal.instAddCommMonoidWithOne))
                              PiLp.innerProductSpace._proof_1))
                          Real ((i : Fin m) → (fun (x : Fin m) => Real) i) Real.semiring
                          (@Pi.addCommGroup.{0, 0} (Fin m) (fun (x : Fin m) => Real) fun (i : Fin m) =>
                            Real.instAddCommGroup)
                          (@Pi.Function.module.{0, 0, 0} (Fin m) Real Real Real.semiring
                            (@Semiring.toAddCommMonoid.{0} Real (@Ring.toSemiring.{0} Real Real.instRing))
                            (@Semiring.toModule.{0} Real Real.semiring))))
                      (NLA.KE04.Vec n) (fun (x : NLA.KE04.Vec n) => NLA.KE04.Vec m)
                      (@LinearMap.instFunLike.{0, 0, 0, 0} Real Real (NLA.KE04.Vec n) (NLA.KE04.Vec m) Real.semiring
                        Real.semiring
                        (@AddCommGroup.toAddCommMonoid.{0} (NLA.KE04.Vec n)
                          (@WithLp.instAddCommGroup.{0}
                            (@OfNat.ofNat.{0} ENNReal (nat_lit 2)
                              (@instOfNatAtLeastTwo.{0} ENNReal (nat_lit 2)
                                (@AddMonoidWithOne.toNatCast.{0} ENNReal
                                  (@AddCommMonoidWithOne.toAddMonoidWithOne.{0} ENNReal
                                    ENNReal.instAddCommMonoidWithOne))
                                PiLp.innerProductSpace._proof_1))
                            ((i : Fin n) → (fun (x : Fin n) => Real) i)
                            (@Pi.addCommGroup.{0, 0} (Fin n) (fun (x : Fin n) => Real) fun (i : Fin n) =>
                              Real.instAddCommGroup)))
                        (@AddCommGroup.toAddCommMonoid.{0} (NLA.KE04.Vec m)
                          (@WithLp.instAddCommGroup.{0}
                            (@OfNat.ofNat.{0} ENNReal (nat_lit 2)
                              (@instOfNatAtLeastTwo.{0} ENNReal (nat_lit 2)
                                (@AddMonoidWithOne.toNatCast.{0} ENNReal
                                  (@AddCommMonoidWithOne.toAddMonoidWithOne.{0} ENNReal
                                    ENNReal.instAddCommMonoidWithOne))
                                PiLp.innerProductSpace._proof_1))
                            ((i : Fin m) → (fun (x : Fin m) => Real) i)
                            (@Pi.addCommGroup.{0, 0} (Fin m) (fun (x : Fin m) => Real) fun (i : Fin m) =>
                              Real.instAddCommGroup)))
                        (@WithLp.instModule.{0, 0}
                          (@OfNat.ofNat.{0} ENNReal (nat_lit 2)
                            (@instOfNatAtLeastTwo.{0} ENNReal (nat_lit 2)
                              (@AddMonoidWithOne.toNatCast.{0} ENNReal
                                (@AddCommMonoidWithOne.toAddMonoidWithOne.{0} ENNReal ENNReal.instAddCommMonoidWithOne))
                              PiLp.innerProductSpace._proof_1))
                          Real ((i : Fin n) → (fun (x : Fin n) => Real) i) Real.semiring
                          (@Pi.addCommGroup.{0, 0} (Fin n) (fun (x : Fin n) => Real) fun (i : Fin n) =>
                            Real.instAddCommGroup)
                          (@Pi.Function.module.{0, 0, 0} (Fin n) Real Real Real.semiring
                            (@Semiring.toAddCommMonoid.{0} Real (@Ring.toSemiring.{0} Real Real.instRing))
                            (@Semiring.toModule.{0} Real Real.semiring)))
                        (@WithLp.instModule.{0, 0}
                          (@OfNat.ofNat.{0} ENNReal (nat_lit 2)
                            (@instOfNatAtLeastTwo.{0} ENNReal (nat_lit 2)
                              (@AddMonoidWithOne.toNatCast.{0} ENNReal
                                (@AddCommMonoidWithOne.toAddMonoidWithOne.{0} ENNReal ENNReal.instAddCommMonoidWithOne))
                              PiLp.innerProductSpace._proof_1))
                          Real ((i : Fin m) → (fun (x : Fin m) => Real) i) Real.semiring
                          (@Pi.addCommGroup.{0, 0} (Fin m) (fun (x : Fin m) => Real) fun (i : Fin m) =>
                            Real.instAddCommGroup)
                          (@Pi.Function.module.{0, 0, 0} (Fin m) Real Real Real.semiring
                            (@Semiring.toAddCommMonoid.{0} Real (@Ring.toSemiring.{0} Real Real.instRing))
                            (@Semiring.toModule.{0} Real Real.semiring)))
                        (@RingHom.id.{0} Real (@Semiring.toNonAssocSemiring.{0} Real Real.semiring)))
                      (@NLA.KE04.act m n (@Matrix.transpose.{0, 0, 0} (Fin n) (Fin m) Real Q)) x)))
                (@DFunLike.coe.{1, 1, 1}
                  (@LinearMap.{0, 0, 0, 0} Real Real Real.semiring Real.semiring
                    (@RingHom.id.{0} Real (@Semiring.toNonAssocSemiring.{0} Real Real.semiring)) (NLA.KE04.Vec n)
                    (NLA.KE04.Vec n)
                    (@AddCommGroup.toAddCommMonoid.{0} (NLA.KE04.Vec n)
                      (@WithLp.instAddCommGroup.{0}
                        (@OfNat.ofNat.{0} ENNReal (nat_lit 2)
                          (@instOfNatAtLeastTwo.{0} ENNReal (nat_lit 2)
                            (@AddMonoidWithOne.toNatCast.{0} ENNReal
                              (@AddCommMonoidWithOne.toAddMonoidWithOne.{0} ENNReal ENNReal.instAddCommMonoidWithOne))
                            PiLp.innerProductSpace._proof_1))
                        ((i : Fin n) → (fun (x : Fin n) => Real) i)
                        (@Pi.addCommGroup.{0, 0} (Fin n) (fun (x : Fin n) => Real) fun (i : Fin n) =>
                          Real.instAddCommGroup)))
                    (@AddCommGroup.toAddCommMonoid.{0} (NLA.KE04.Vec n)
                      (@WithLp.instAddCommGroup.{0}
                        (@OfNat.ofNat.{0} ENNReal (nat_lit 2)
                          (@instOfNatAtLeastTwo.{0} ENNReal (nat_lit 2)
                            (@AddMonoidWithOne.toNatCast.{0} ENNReal
                              (@AddCommMonoidWithOne.toAddMonoidWithOne.{0} ENNReal ENNReal.instAddCommMonoidWithOne))
                            PiLp.innerProductSpace._proof_1))
                        ((i : Fin n) → (fun (x : Fin n) => Real) i)
                        (@Pi.addCommGroup.{0, 0} (Fin n) (fun (x : Fin n) => Real) fun (i : Fin n) =>
                          Real.instAddCommGroup)))
                    (@WithLp.instModule.{0, 0}
                      (@OfNat.ofNat.{0} ENNReal (nat_lit 2)
                        (@instOfNatAtLeastTwo.{0} ENNReal (nat_lit 2)
                          (@AddMonoidWithOne.toNatCast.{0} ENNReal
                            (@AddCommMonoidWithOne.toAddMonoidWithOne.{0} ENNReal ENNReal.instAddCommMonoidWithOne))
                          PiLp.innerProductSpace._proof_1))
                      Real ((i : Fin n) → (fun (x : Fin n) => Real) i) Real.semiring
                      (@Pi.addCommGroup.{0, 0} (Fin n) (fun (x : Fin n) => Real) fun (i : Fin n) =>
                        Real.instAddCommGroup)
                      (@Pi.Function.module.{0, 0, 0} (Fin n) Real Real Real.semiring
                        (@Semiring.toAddCommMonoid.{0} Real (@Ring.toSemiring.{0} Real Real.instRing))
                        (@Semiring.toModule.{0} Real Real.semiring)))
                    (@WithLp.instModule.{0, 0}
                      (@OfNat.ofNat.{0} ENNReal (nat_lit 2)
                        (@instOfNatAtLeastTwo.{0} ENNReal (nat_lit 2)
                          (@AddMonoidWithOne.toNatCast.{0} ENNReal
                            (@AddCommMonoidWithOne.toAddMonoidWithOne.{0} ENNReal ENNReal.instAddCommMonoidWithOne))
                          PiLp.innerProductSpace._proof_1))
                      Real ((i : Fin n) → (fun (x : Fin n) => Real) i) Real.semiring
                      (@Pi.addCommGroup.{0, 0} (Fin n) (fun (x : Fin n) => Real) fun (i : Fin n) =>
                        Real.instAddCommGroup)
                      (@Pi.Function.module.{0, 0, 0} (Fin n) Real Real Real.semiring
                        (@Semiring.toAddCommMonoid.{0} Real (@Ring.toSemiring.{0} Real Real.instRing))
                        (@Semiring.toModule.{0} Real Real.semiring))))
                  (NLA.KE04.Vec n) (fun (x : NLA.KE04.Vec n) => NLA.KE04.Vec n)
                  (@LinearMap.instFunLike.{0, 0, 0, 0} Real Real (NLA.KE04.Vec n) (NLA.KE04.Vec n) Real.semiring
                    Real.semiring
                    (@AddCommGroup.toAddCommMonoid.{0} (NLA.KE04.Vec n)
                      (@WithLp.instAddCommGroup.{0}
                        (@OfNat.ofNat.{0} ENNReal (nat_lit 2)
                          (@instOfNatAtLeastTwo.{0} ENNReal (nat_lit 2)
                            (@AddMonoidWithOne.toNatCast.{0} ENNReal
                              (@AddCommMonoidWithOne.toAddMonoidWithOne.{0} ENNReal ENNReal.instAddCommMonoidWithOne))
                            PiLp.innerProductSpace._proof_1))
                        ((i : Fin n) → (fun (x : Fin n) => Real) i)
                        (@Pi.addCommGroup.{0, 0} (Fin n) (fun (x : Fin n) => Real) fun (i : Fin n) =>
                          Real.instAddCommGroup)))
                    (@AddCommGroup.toAddCommMonoid.{0} (NLA.KE04.Vec n)
                      (@WithLp.instAddCommGroup.{0}
                        (@OfNat.ofNat.{0} ENNReal (nat_lit 2)
                          (@instOfNatAtLeastTwo.{0} ENNReal (nat_lit 2)
                            (@AddMonoidWithOne.toNatCast.{0} ENNReal
                              (@AddCommMonoidWithOne.toAddMonoidWithOne.{0} ENNReal ENNReal.instAddCommMonoidWithOne))
                            PiLp.innerProductSpace._proof_1))
                        ((i : Fin n) → (fun (x : Fin n) => Real) i)
                        (@Pi.addCommGroup.{0, 0} (Fin n) (fun (x : Fin n) => Real) fun (i : Fin n) =>
                          Real.instAddCommGroup)))
                    (@WithLp.instModule.{0, 0}
                      (@OfNat.ofNat.{0} ENNReal (nat_lit 2)
                        (@instOfNatAtLeastTwo.{0} ENNReal (nat_lit 2)
                          (@AddMonoidWithOne.toNatCast.{0} ENNReal
                            (@AddCommMonoidWithOne.toAddMonoidWithOne.{0} ENNReal ENNReal.instAddCommMonoidWithOne))
                          PiLp.innerProductSpace._proof_1))
                      Real ((i : Fin n) → (fun (x : Fin n) => Real) i) Real.semiring
                      (@Pi.addCommGroup.{0, 0} (Fin n) (fun (x : Fin n) => Real) fun (i : Fin n) =>
                        Real.instAddCommGroup)
                      (@Pi.Function.module.{0, 0, 0} (Fin n) Real Real Real.semiring
                        (@Semiring.toAddCommMonoid.{0} Real (@Ring.toSemiring.{0} Real Real.instRing))
                        (@Semiring.toModule.{0} Real Real.semiring)))
                    (@WithLp.instModule.{0, 0}
                      (@OfNat.ofNat.{0} ENNReal (nat_lit 2)
                        (@instOfNatAtLeastTwo.{0} ENNReal (nat_lit 2)
                          (@AddMonoidWithOne.toNatCast.{0} ENNReal
                            (@AddCommMonoidWithOne.toAddMonoidWithOne.{0} ENNReal ENNReal.instAddCommMonoidWithOne))
                          PiLp.innerProductSpace._proof_1))
                      Real ((i : Fin n) → (fun (x : Fin n) => Real) i) Real.semiring
                      (@Pi.addCommGroup.{0, 0} (Fin n) (fun (x : Fin n) => Real) fun (i : Fin n) =>
                        Real.instAddCommGroup)
                      (@Pi.Function.module.{0, 0, 0} (Fin n) Real Real Real.semiring
                        (@Semiring.toAddCommMonoid.{0} Real (@Ring.toSemiring.{0} Real Real.instRing))
                        (@Semiring.toModule.{0} Real Real.semiring)))
                    (@RingHom.id.{0} Real (@Semiring.toNonAssocSemiring.{0} Real Real.semiring)))
                  (@NLA.KE04.act n n (@NLA.KE04.frameProjection n m Q))
                  (@DFunLike.coe.{1, 1, 1}
                    (@LinearMap.{0, 0, 0, 0} Real Real Real.semiring Real.semiring
                      (@RingHom.id.{0} Real (@Semiring.toNonAssocSemiring.{0} Real Real.semiring)) (NLA.KE04.Vec n)
                      (NLA.KE04.Vec n)
                      (@AddCommGroup.toAddCommMonoid.{0} (NLA.KE04.Vec n)
                        (@WithLp.instAddCommGroup.{0}
                          (@OfNat.ofNat.{0} ENNReal (nat_lit 2)
                            (@instOfNatAtLeastTwo.{0} ENNReal (nat_lit 2)
                              (@AddMonoidWithOne.toNatCast.{0} ENNReal
                                (@AddCommMonoidWithOne.toAddMonoidWithOne.{0} ENNReal ENNReal.instAddCommMonoidWithOne))
                              PiLp.innerProductSpace._proof_1))
                          ((i : Fin n) → (fun (x : Fin n) => Real) i)
                          (@Pi.addCommGroup.{0, 0} (Fin n) (fun (x : Fin n) => Real) fun (i : Fin n) =>
                            Real.instAddCommGroup)))
                      (@AddCommGroup.toAddCommMonoid.{0} (NLA.KE04.Vec n)
                        (@WithLp.instAddCommGroup.{0}
                          (@OfNat.ofNat.{0} ENNReal (nat_lit 2)
                            (@instOfNatAtLeastTwo.{0} ENNReal (nat_lit 2)
                              (@AddMonoidWithOne.toNatCast.{0} ENNReal
                                (@AddCommMonoidWithOne.toAddMonoidWithOne.{0} ENNReal ENNReal.instAddCommMonoidWithOne))
                              PiLp.innerProductSpace._proof_1))
                          ((i : Fin n) → (fun (x : Fin n) => Real) i)
                          (@Pi.addCommGroup.{0, 0} (Fin n) (fun (x : Fin n) => Real) fun (i : Fin n) =>
                            Real.instAddCommGroup)))
                      (@WithLp.instModule.{0, 0}
                        (@OfNat.ofNat.{0} ENNReal (nat_lit 2)
                          (@instOfNatAtLeastTwo.{0} ENNReal (nat_lit 2)
                            (@AddMonoidWithOne.toNatCast.{0} ENNReal
                              (@AddCommMonoidWithOne.toAddMonoidWithOne.{0} ENNReal ENNReal.instAddCommMonoidWithOne))
                            PiLp.innerProductSpace._proof_1))
                        Real ((i : Fin n) → (fun (x : Fin n) => Real) i) Real.semiring
                        (@Pi.addCommGroup.{0, 0} (Fin n) (fun (x : Fin n) => Real) fun (i : Fin n) =>
                          Real.instAddCommGroup)
                        (@Pi.Function.module.{0, 0, 0} (Fin n) Real Real Real.semiring
                          (@Semiring.toAddCommMonoid.{0} Real (@Ring.toSemiring.{0} Real Real.instRing))
                          (@Semiring.toModule.{0} Real Real.semiring)))
                      (@WithLp.instModule.{0, 0}
                        (@OfNat.ofNat.{0} ENNReal (nat_lit 2)
                          (@instOfNatAtLeastTwo.{0} ENNReal (nat_lit 2)
                            (@AddMonoidWithOne.toNatCast.{0} ENNReal
                              (@AddCommMonoidWithOne.toAddMonoidWithOne.{0} ENNReal ENNReal.instAddCommMonoidWithOne))
                            PiLp.innerProductSpace._proof_1))
                        Real ((i : Fin n) → (fun (x : Fin n) => Real) i) Real.semiring
                        (@Pi.addCommGroup.{0, 0} (Fin n) (fun (x : Fin n) => Real) fun (i : Fin n) =>
                          Real.instAddCommGroup)
                        (@Pi.Function.module.{0, 0, 0} (Fin n) Real Real Real.semiring
                          (@Semiring.toAddCommMonoid.{0} Real (@Ring.toSemiring.{0} Real Real.instRing))
                          (@Semiring.toModule.{0} Real Real.semiring))))
                    (NLA.KE04.Vec n) (fun (x : NLA.KE04.Vec n) => NLA.KE04.Vec n)
                    (@LinearMap.instFunLike.{0, 0, 0, 0} Real Real (NLA.KE04.Vec n) (NLA.KE04.Vec n) Real.semiring
                      Real.semiring
                      (@AddCommGroup.toAddCommMonoid.{0} (NLA.KE04.Vec n)
                        (@WithLp.instAddCommGroup.{0}
                          (@OfNat.ofNat.{0} ENNReal (nat_lit 2)
                            (@instOfNatAtLeastTwo.{0} ENNReal (nat_lit 2)
                              (@AddMonoidWithOne.toNatCast.{0} ENNReal
                                (@AddCommMonoidWithOne.toAddMonoidWithOne.{0} ENNReal ENNReal.instAddCommMonoidWithOne))
                              PiLp.innerProductSpace._proof_1))
                          ((i : Fin n) → (fun (x : Fin n) => Real) i)
                          (@Pi.addCommGroup.{0, 0} (Fin n) (fun (x : Fin n) => Real) fun (i : Fin n) =>
                            Real.instAddCommGroup)))
                      (@AddCommGroup.toAddCommMonoid.{0} (NLA.KE04.Vec n)
                        (@WithLp.instAddCommGroup.{0}
                          (@OfNat.ofNat.{0} ENNReal (nat_lit 2)
                            (@instOfNatAtLeastTwo.{0} ENNReal (nat_lit 2)
                              (@AddMonoidWithOne.toNatCast.{0} ENNReal
                                (@AddCommMonoidWithOne.toAddMonoidWithOne.{0} ENNReal ENNReal.instAddCommMonoidWithOne))
                              PiLp.innerProductSpace._proof_1))
                          ((i : Fin n) → (fun (x : Fin n) => Real) i)
                          (@Pi.addCommGroup.{0, 0} (Fin n) (fun (x : Fin n) => Real) fun (i : Fin n) =>
                            Real.instAddCommGroup)))
                      (@WithLp.instModule.{0, 0}
                        (@OfNat.ofNat.{0} ENNReal (nat_lit 2)
                          (@instOfNatAtLeastTwo.{0} ENNReal (nat_lit 2)
                            (@AddMonoidWithOne.toNatCast.{0} ENNReal
                              (@AddCommMonoidWithOne.toAddMonoidWithOne.{0} ENNReal ENNReal.instAddCommMonoidWithOne))
                            PiLp.innerProductSpace._proof_1))
                        Real ((i : Fin n) → (fun (x : Fin n) => Real) i) Real.semiring
                        (@Pi.addCommGroup.{0, 0} (Fin n) (fun (x : Fin n) => Real) fun (i : Fin n) =>
                          Real.instAddCommGroup)
                        (@Pi.Function.module.{0, 0, 0} (Fin n) Real Real Real.semiring
                          (@Semiring.toAddCommMonoid.{0} Real (@Ring.toSemiring.{0} Real Real.instRing))
                          (@Semiring.toModule.{0} Real Real.semiring)))
                      (@WithLp.instModule.{0, 0}
                        (@OfNat.ofNat.{0} ENNReal (nat_lit 2)
                          (@instOfNatAtLeastTwo.{0} ENNReal (nat_lit 2)
                            (@AddMonoidWithOne.toNatCast.{0} ENNReal
                              (@AddCommMonoidWithOne.toAddMonoidWithOne.{0} ENNReal ENNReal.instAddCommMonoidWithOne))
                            PiLp.innerProductSpace._proof_1))
                        Real ((i : Fin n) → (fun (x : Fin n) => Real) i) Real.semiring
                        (@Pi.addCommGroup.{0, 0} (Fin n) (fun (x : Fin n) => Real) fun (i : Fin n) =>
                          Real.instAddCommGroup)
                        (@Pi.Function.module.{0, 0, 0} (Fin n) Real Real Real.semiring
                          (@Semiring.toAddCommMonoid.{0} Real (@Ring.toSemiring.{0} Real Real.instRing))
                          (@Semiring.toModule.{0} Real Real.semiring)))
                      (@RingHom.id.{0} Real (@Semiring.toNonAssocSemiring.{0} Real Real.semiring)))
                    (@NLA.KE04.act n n A) x)))))
    Bool.false
    (Lean.Name.num
      (Lean.Name.str
        (Lean.Name.str
          (Lean.Name.num
            (Lean.Name.str
              (Lean.Name.str
                (Lean.Name.str
                  (Lean.Name.num
                    (Lean.Name.num
                      (Lean.Name.num
                        (Lean.Name.num
                          (Lean.Name.num
                            (Lean.Name.num (Lean.Name.str Lean.Name.anonymous "Challenge")
                              (@OfNat.ofNat.{0} Nat (nat_lit 71) (instOfNatNat (nat_lit 71))))
                            (@OfNat.ofNat.{0} Nat (nat_lit 50) (instOfNatNat (nat_lit 50))))
                          (@OfNat.ofNat.{0} Nat (nat_lit 71) (instOfNatNat (nat_lit 71))))
                        (@OfNat.ofNat.{0} Nat (nat_lit 55) (instOfNatNat (nat_lit 55))))
                      (@OfNat.ofNat.{0} Nat (nat_lit 50) (instOfNatNat (nat_lit 50))))
                    (@OfNat.ofNat.{0} Nat (nat_lit 55) (instOfNatNat (nat_lit 55))))
                  "_sorry")
                "_@")
              "Challenge")
            (@OfNat.ofNat.{0} Nat (nat_lit 1898002353) (instOfNatNat (nat_lit 1898002353))))
          "_hygCtx")
        "_hyg")
      (@OfNat.ofNat.{0} Nat (nat_lit 93) (instOfNatNat (nat_lit 93))))
theorem NLA.KE04.orderedSpectrum_semantics : ∀ {m : Nat} (M : NLA.KE04.Mat m)
  (hM :
    @Matrix.IsHermitian.{0, 0} Real (Fin m)
      (@InvolutiveStar.toStar.{0} Real
        (@StarAddMonoid.toInvolutiveStar.{0} Real
          (@AddCommMonoid.toAddMonoid.{0} Real
            (@NonUnitalNonAssocSemiring.toAddCommMonoid.{0} Real
              (@NonUnitalNonAssocRing.toNonUnitalNonAssocSemiring.{0} Real
                (@NonUnitalNonAssocCommRing.toNonUnitalNonAssocRing.{0} Real
                  (@NonUnitalCommRing.toNonUnitalNonAssocCommRing.{0} Real
                    (@CommRing.toNonUnitalCommRing.{0} Real Real.commRing))))))
          (@StarRing.toStarAddMonoid.{0} Real
            (@NonUnitalNonAssocRing.toNonUnitalNonAssocSemiring.{0} Real
              (@NonUnitalNonAssocCommRing.toNonUnitalNonAssocRing.{0} Real
                (@NonUnitalCommRing.toNonUnitalNonAssocCommRing.{0} Real
                  (@CommRing.toNonUnitalCommRing.{0} Real Real.commRing))))
            instStarRingReal)))
      M),
  And
    (@Monotone.{0, 0} (Fin m) Real (@PartialOrder.toPreorder.{0} (Fin m) (@Fin.instPartialOrder m)) Real.instPreorder
      (@NLA.KE04.orderedEigenvalues m M hM))
    (And
      (∀ (r : Fin m),
        @Eq.{1} (NLA.KE04.Vec m)
          (@DFunLike.coe.{1, 1, 1}
            (@LinearMap.{0, 0, 0, 0} Real Real Real.semiring Real.semiring
              (@RingHom.id.{0} Real (@Semiring.toNonAssocSemiring.{0} Real Real.semiring)) (NLA.KE04.Vec m)
              (NLA.KE04.Vec m)
              (@AddCommGroup.toAddCommMonoid.{0} (NLA.KE04.Vec m)
                (@WithLp.instAddCommGroup.{0}
                  (@OfNat.ofNat.{0} ENNReal (nat_lit 2)
                    (@instOfNatAtLeastTwo.{0} ENNReal (nat_lit 2)
                      (@AddMonoidWithOne.toNatCast.{0} ENNReal
                        (@AddCommMonoidWithOne.toAddMonoidWithOne.{0} ENNReal ENNReal.instAddCommMonoidWithOne))
                      PiLp.innerProductSpace._proof_1))
                  ((i : Fin m) → (fun (x : Fin m) => Real) i)
                  (@Pi.addCommGroup.{0, 0} (Fin m) (fun (x : Fin m) => Real) fun (i : Fin m) => Real.instAddCommGroup)))
              (@AddCommGroup.toAddCommMonoid.{0} (NLA.KE04.Vec m)
                (@WithLp.instAddCommGroup.{0}
                  (@OfNat.ofNat.{0} ENNReal (nat_lit 2)
                    (@instOfNatAtLeastTwo.{0} ENNReal (nat_lit 2)
                      (@AddMonoidWithOne.toNatCast.{0} ENNReal
                        (@AddCommMonoidWithOne.toAddMonoidWithOne.{0} ENNReal ENNReal.instAddCommMonoidWithOne))
                      PiLp.innerProductSpace._proof_1))
                  ((i : Fin m) → (fun (x : Fin m) => Real) i)
                  (@Pi.addCommGroup.{0, 0} (Fin m) (fun (x : Fin m) => Real) fun (i : Fin m) => Real.instAddCommGroup)))
              (@WithLp.instModule.{0, 0}
                (@OfNat.ofNat.{0} ENNReal (nat_lit 2)
                  (@instOfNatAtLeastTwo.{0} ENNReal (nat_lit 2)
                    (@AddMonoidWithOne.toNatCast.{0} ENNReal
                      (@AddCommMonoidWithOne.toAddMonoidWithOne.{0} ENNReal ENNReal.instAddCommMonoidWithOne))
                    PiLp.innerProductSpace._proof_1))
                Real ((i : Fin m) → (fun (x : Fin m) => Real) i) Real.semiring
                (@Pi.addCommGroup.{0, 0} (Fin m) (fun (x : Fin m) => Real) fun (i : Fin m) => Real.instAddCommGroup)
                (@Pi.Function.module.{0, 0, 0} (Fin m) Real Real Real.semiring
                  (@Semiring.toAddCommMonoid.{0} Real (@Ring.toSemiring.{0} Real Real.instRing))
                  (@Semiring.toModule.{0} Real Real.semiring)))
              (@WithLp.instModule.{0, 0}
                (@OfNat.ofNat.{0} ENNReal (nat_lit 2)
                  (@instOfNatAtLeastTwo.{0} ENNReal (nat_lit 2)
                    (@AddMonoidWithOne.toNatCast.{0} ENNReal
                      (@AddCommMonoidWithOne.toAddMonoidWithOne.{0} ENNReal ENNReal.instAddCommMonoidWithOne))
                    PiLp.innerProductSpace._proof_1))
                Real ((i : Fin m) → (fun (x : Fin m) => Real) i) Real.semiring
                (@Pi.addCommGroup.{0, 0} (Fin m) (fun (x : Fin m) => Real) fun (i : Fin m) => Real.instAddCommGroup)
                (@Pi.Function.module.{0, 0, 0} (Fin m) Real Real Real.semiring
                  (@Semiring.toAddCommMonoid.{0} Real (@Ring.toSemiring.{0} Real Real.instRing))
                  (@Semiring.toModule.{0} Real Real.semiring))))
            (NLA.KE04.Vec m) (fun (x : NLA.KE04.Vec m) => NLA.KE04.Vec m)
            (@LinearMap.instFunLike.{0, 0, 0, 0} Real Real (NLA.KE04.Vec m) (NLA.KE04.Vec m) Real.semiring Real.semiring
              (@AddCommGroup.toAddCommMonoid.{0} (NLA.KE04.Vec m)
                (@WithLp.instAddCommGroup.{0}
                  (@OfNat.ofNat.{0} ENNReal (nat_lit 2)
                    (@instOfNatAtLeastTwo.{0} ENNReal (nat_lit 2)
                      (@AddMonoidWithOne.toNatCast.{0} ENNReal
                        (@AddCommMonoidWithOne.toAddMonoidWithOne.{0} ENNReal ENNReal.instAddCommMonoidWithOne))
                      PiLp.innerProductSpace._proof_1))
                  ((i : Fin m) → (fun (x : Fin m) => Real) i)
                  (@Pi.addCommGroup.{0, 0} (Fin m) (fun (x : Fin m) => Real) fun (i : Fin m) => Real.instAddCommGroup)))
              (@AddCommGroup.toAddCommMonoid.{0} (NLA.KE04.Vec m)
                (@WithLp.instAddCommGroup.{0}
                  (@OfNat.ofNat.{0} ENNReal (nat_lit 2)
                    (@instOfNatAtLeastTwo.{0} ENNReal (nat_lit 2)
                      (@AddMonoidWithOne.toNatCast.{0} ENNReal
                        (@AddCommMonoidWithOne.toAddMonoidWithOne.{0} ENNReal ENNReal.instAddCommMonoidWithOne))
                      PiLp.innerProductSpace._proof_1))
                  ((i : Fin m) → (fun (x : Fin m) => Real) i)
                  (@Pi.addCommGroup.{0, 0} (Fin m) (fun (x : Fin m) => Real) fun (i : Fin m) => Real.instAddCommGroup)))
              (@WithLp.instModule.{0, 0}
                (@OfNat.ofNat.{0} ENNReal (nat_lit 2)
                  (@instOfNatAtLeastTwo.{0} ENNReal (nat_lit 2)
                    (@AddMonoidWithOne.toNatCast.{0} ENNReal
                      (@AddCommMonoidWithOne.toAddMonoidWithOne.{0} ENNReal ENNReal.instAddCommMonoidWithOne))
                    PiLp.innerProductSpace._proof_1))
                Real ((i : Fin m) → (fun (x : Fin m) => Real) i) Real.semiring
                (@Pi.addCommGroup.{0, 0} (Fin m) (fun (x : Fin m) => Real) fun (i : Fin m) => Real.instAddCommGroup)
                (@Pi.Function.module.{0, 0, 0} (Fin m) Real Real Real.semiring
                  (@Semiring.toAddCommMonoid.{0} Real (@Ring.toSemiring.{0} Real Real.instRing))
                  (@Semiring.toModule.{0} Real Real.semiring)))
              (@WithLp.instModule.{0, 0}
                (@OfNat.ofNat.{0} ENNReal (nat_lit 2)
                  (@instOfNatAtLeastTwo.{0} ENNReal (nat_lit 2)
                    (@AddMonoidWithOne.toNatCast.{0} ENNReal
                      (@AddCommMonoidWithOne.toAddMonoidWithOne.{0} ENNReal ENNReal.instAddCommMonoidWithOne))
                    PiLp.innerProductSpace._proof_1))
                Real ((i : Fin m) → (fun (x : Fin m) => Real) i) Real.semiring
                (@Pi.addCommGroup.{0, 0} (Fin m) (fun (x : Fin m) => Real) fun (i : Fin m) => Real.instAddCommGroup)
                (@Pi.Function.module.{0, 0, 0} (Fin m) Real Real Real.semiring
                  (@Semiring.toAddCommMonoid.{0} Real (@Ring.toSemiring.{0} Real Real.instRing))
                  (@Semiring.toModule.{0} Real Real.semiring)))
              (@RingHom.id.{0} Real (@Semiring.toNonAssocSemiring.{0} Real Real.semiring)))
            (@NLA.KE04.act m m M)
            (@DFunLike.coe.{1, 1, 1}
              (@OrthonormalBasis.{0, 0, 0} (Fin m) Real Real.instRCLike (NLA.KE04.Vec m)
                (@PiLp.normedAddCommGroup.{0, 0}
                  (@OfNat.ofNat.{0} ENNReal (nat_lit 2)
                    (@instOfNatAtLeastTwo.{0} ENNReal (nat_lit 2)
                      (@AddMonoidWithOne.toNatCast.{0} ENNReal
                        (@AddCommMonoidWithOne.toAddMonoidWithOne.{0} ENNReal ENNReal.instAddCommMonoidWithOne))
                      PiLp.innerProductSpace._proof_1))
                  (Fin m) (fun (x : Fin m) => Real) fact_one_le_two_ennreal (Fin.fintype m) fun (i : Fin m) =>
                  Real.normedAddCommGroup)
                (@PiLp.innerProductSpace.{0, 0, 0} Real Real.instRCLike (Fin m) (Fin.fintype m)
                  (fun (x : Fin m) => Real) (fun (i : Fin m) => Real.normedAddCommGroup) fun (i : Fin m) =>
                  @RCLike.toInnerProductSpaceReal.{0} Real Real.instRCLike)
                (Fin.fintype m))
              (Fin m) (fun (x : Fin m) => NLA.KE04.Vec m)
              (@OrthonormalBasis.instFunLike.{0, 0, 0} (Fin m) Real Real.instRCLike (NLA.KE04.Vec m)
                (@PiLp.normedAddCommGroup.{0, 0}
                  (@OfNat.ofNat.{0} ENNReal (nat_lit 2)
                    (@instOfNatAtLeastTwo.{0} ENNReal (nat_lit 2)
                      (@AddMonoidWithOne.toNatCast.{0} ENNReal
                        (@AddCommMonoidWithOne.toAddMonoidWithOne.{0} ENNReal ENNReal.instAddCommMonoidWithOne))
                      PiLp.innerProductSpace._proof_1))
                  (Fin m) (fun (x : Fin m) => Real) fact_one_le_two_ennreal (Fin.fintype m) fun (i : Fin m) =>
                  Real.normedAddCommGroup)
                (@PiLp.innerProductSpace.{0, 0, 0} Real Real.instRCLike (Fin m) (Fin.fintype m)
                  (fun (x : Fin m) => Real) (fun (i : Fin m) => Real.normedAddCommGroup) fun (i : Fin m) =>
                  @RCLike.toInnerProductSpaceReal.{0} Real Real.instRCLike)
                (Fin.fintype m))
              (@NLA.KE04.orderedEigenbasis m M hM) r))
          (@HSMul.hSMul.{0, 0, 0} Real (NLA.KE04.Vec m) (NLA.KE04.Vec m)
            (@instHSMul.{0, 0} Real (NLA.KE04.Vec m)
              (@WithLp.instSMul.{0, 0}
                (@OfNat.ofNat.{0} ENNReal (nat_lit 2)
                  (@instOfNatAtLeastTwo.{0} ENNReal (nat_lit 2)
                    (@AddMonoidWithOne.toNatCast.{0} ENNReal
                      (@AddCommMonoidWithOne.toAddMonoidWithOne.{0} ENNReal ENNReal.instAddCommMonoidWithOne))
                    PiLp.innerProductSpace._proof_1))
                Real ((i : Fin m) → (fun (x : Fin m) => Real) i)
                (@Function.hasSMul.{0, 0, 0} (Fin m) Real Real (@instSMulOfMul.{0} Real Real.instMul))))
            (@NLA.KE04.orderedEigenvalues m M hM r)
            (@DFunLike.coe.{1, 1, 1}
              (@OrthonormalBasis.{0, 0, 0} (Fin m) Real Real.instRCLike (NLA.KE04.Vec m)
                (@PiLp.normedAddCommGroup.{0, 0}
                  (@OfNat.ofNat.{0} ENNReal (nat_lit 2)
                    (@instOfNatAtLeastTwo.{0} ENNReal (nat_lit 2)
                      (@AddMonoidWithOne.toNatCast.{0} ENNReal
                        (@AddCommMonoidWithOne.toAddMonoidWithOne.{0} ENNReal ENNReal.instAddCommMonoidWithOne))
                      PiLp.innerProductSpace._proof_1))
                  (Fin m) (fun (x : Fin m) => Real) fact_one_le_two_ennreal (Fin.fintype m) fun (i : Fin m) =>
                  Real.normedAddCommGroup)
                (@PiLp.innerProductSpace.{0, 0, 0} Real Real.instRCLike (Fin m) (Fin.fintype m)
                  (fun (x : Fin m) => Real) (fun (i : Fin m) => Real.normedAddCommGroup) fun (i : Fin m) =>
                  @RCLike.toInnerProductSpaceReal.{0} Real Real.instRCLike)
                (Fin.fintype m))
              (Fin m) (fun (x : Fin m) => NLA.KE04.Vec m)
              (@OrthonormalBasis.instFunLike.{0, 0, 0} (Fin m) Real Real.instRCLike (NLA.KE04.Vec m)
                (@PiLp.normedAddCommGroup.{0, 0}
                  (@OfNat.ofNat.{0} ENNReal (nat_lit 2)
                    (@instOfNatAtLeastTwo.{0} ENNReal (nat_lit 2)
                      (@AddMonoidWithOne.toNatCast.{0} ENNReal
                        (@AddCommMonoidWithOne.toAddMonoidWithOne.{0} ENNReal ENNReal.instAddCommMonoidWithOne))
                      PiLp.innerProductSpace._proof_1))
                  (Fin m) (fun (x : Fin m) => Real) fact_one_le_two_ennreal (Fin.fintype m) fun (i : Fin m) =>
                  Real.normedAddCommGroup)
                (@PiLp.innerProductSpace.{0, 0, 0} Real Real.instRCLike (Fin m) (Fin.fintype m)
                  (fun (x : Fin m) => Real) (fun (i : Fin m) => Real.normedAddCommGroup) fun (i : Fin m) =>
                  @RCLike.toInnerProductSpaceReal.{0} Real Real.instRCLike)
                (Fin.fintype m))
              (@NLA.KE04.orderedEigenbasis m M hM) r)))
      (And
        (@Eq.{1} (Multiset.{0} Real)
          (@Polynomial.roots.{0} Real Real.commRing Real.instIsDomain
            (@Matrix.charpoly.{0, 0} Real Real.commRing (Fin m) (instDecidableEqFin m) (Fin.fintype m) M))
          (@Multiset.map.{0, 0} (Fin m) Real (@NLA.KE04.orderedEigenvalues m M hM)
            (@Finset.val.{0} (Fin m) (@Finset.univ.{0} (Fin m) (Fin.fintype m)))))
        (∀ (i : Nat) (hi : @LT.lt.{0} Nat instLTNat i m),
          @Eq.{1} Real (@NLA.KE04.eigenvalueAt m M hM i) (@NLA.KE04.orderedEigenvalues m M hM (@Fin.mk m i hi))))) :=
fun {m : Nat} (M : NLA.KE04.Mat m)
    (hM :
      @Matrix.IsHermitian.{0, 0} Real (Fin m)
        (@InvolutiveStar.toStar.{0} Real
          (@StarAddMonoid.toInvolutiveStar.{0} Real
            (@AddCommMonoid.toAddMonoid.{0} Real
              (@NonUnitalNonAssocSemiring.toAddCommMonoid.{0} Real
                (@NonUnitalNonAssocRing.toNonUnitalNonAssocSemiring.{0} Real
                  (@NonUnitalNonAssocCommRing.toNonUnitalNonAssocRing.{0} Real
                    (@NonUnitalCommRing.toNonUnitalNonAssocCommRing.{0} Real
                      (@CommRing.toNonUnitalCommRing.{0} Real Real.commRing))))))
            (@StarRing.toStarAddMonoid.{0} Real
              (@NonUnitalNonAssocRing.toNonUnitalNonAssocSemiring.{0} Real
                (@NonUnitalNonAssocCommRing.toNonUnitalNonAssocRing.{0} Real
                  (@NonUnitalCommRing.toNonUnitalNonAssocCommRing.{0} Real
                    (@CommRing.toNonUnitalCommRing.{0} Real Real.commRing))))
              instStarRingReal)))
        M) =>
  sorryAx.{0}
    (∀ (tag : Lean.Name),
      And
        (@Monotone.{0, 0} (Fin m) Real (@PartialOrder.toPreorder.{0} (Fin m) (@Fin.instPartialOrder m))
          Real.instPreorder (@NLA.KE04.orderedEigenvalues m M hM))
        (And
          (∀ (r : Fin m),
            @Eq.{1} (NLA.KE04.Vec m)
              (@DFunLike.coe.{1, 1, 1}
                (@LinearMap.{0, 0, 0, 0} Real Real Real.semiring Real.semiring
                  (@RingHom.id.{0} Real (@Semiring.toNonAssocSemiring.{0} Real Real.semiring)) (NLA.KE04.Vec m)
                  (NLA.KE04.Vec m)
                  (@AddCommGroup.toAddCommMonoid.{0} (NLA.KE04.Vec m)
                    (@WithLp.instAddCommGroup.{0}
                      (@OfNat.ofNat.{0} ENNReal (nat_lit 2)
                        (@instOfNatAtLeastTwo.{0} ENNReal (nat_lit 2)
                          (@AddMonoidWithOne.toNatCast.{0} ENNReal
                            (@AddCommMonoidWithOne.toAddMonoidWithOne.{0} ENNReal ENNReal.instAddCommMonoidWithOne))
                          PiLp.innerProductSpace._proof_1))
                      ((i : Fin m) → (fun (x : Fin m) => Real) i)
                      (@Pi.addCommGroup.{0, 0} (Fin m) (fun (x : Fin m) => Real) fun (i : Fin m) =>
                        Real.instAddCommGroup)))
                  (@AddCommGroup.toAddCommMonoid.{0} (NLA.KE04.Vec m)
                    (@WithLp.instAddCommGroup.{0}
                      (@OfNat.ofNat.{0} ENNReal (nat_lit 2)
                        (@instOfNatAtLeastTwo.{0} ENNReal (nat_lit 2)
                          (@AddMonoidWithOne.toNatCast.{0} ENNReal
                            (@AddCommMonoidWithOne.toAddMonoidWithOne.{0} ENNReal ENNReal.instAddCommMonoidWithOne))
                          PiLp.innerProductSpace._proof_1))
                      ((i : Fin m) → (fun (x : Fin m) => Real) i)
                      (@Pi.addCommGroup.{0, 0} (Fin m) (fun (x : Fin m) => Real) fun (i : Fin m) =>
                        Real.instAddCommGroup)))
                  (@WithLp.instModule.{0, 0}
                    (@OfNat.ofNat.{0} ENNReal (nat_lit 2)
                      (@instOfNatAtLeastTwo.{0} ENNReal (nat_lit 2)
                        (@AddMonoidWithOne.toNatCast.{0} ENNReal
                          (@AddCommMonoidWithOne.toAddMonoidWithOne.{0} ENNReal ENNReal.instAddCommMonoidWithOne))
                        PiLp.innerProductSpace._proof_1))
                    Real ((i : Fin m) → (fun (x : Fin m) => Real) i) Real.semiring
                    (@Pi.addCommGroup.{0, 0} (Fin m) (fun (x : Fin m) => Real) fun (i : Fin m) => Real.instAddCommGroup)
                    (@Pi.Function.module.{0, 0, 0} (Fin m) Real Real Real.semiring
                      (@Semiring.toAddCommMonoid.{0} Real (@Ring.toSemiring.{0} Real Real.instRing))
                      (@Semiring.toModule.{0} Real Real.semiring)))
                  (@WithLp.instModule.{0, 0}
                    (@OfNat.ofNat.{0} ENNReal (nat_lit 2)
                      (@instOfNatAtLeastTwo.{0} ENNReal (nat_lit 2)
                        (@AddMonoidWithOne.toNatCast.{0} ENNReal
                          (@AddCommMonoidWithOne.toAddMonoidWithOne.{0} ENNReal ENNReal.instAddCommMonoidWithOne))
                        PiLp.innerProductSpace._proof_1))
                    Real ((i : Fin m) → (fun (x : Fin m) => Real) i) Real.semiring
                    (@Pi.addCommGroup.{0, 0} (Fin m) (fun (x : Fin m) => Real) fun (i : Fin m) => Real.instAddCommGroup)
                    (@Pi.Function.module.{0, 0, 0} (Fin m) Real Real Real.semiring
                      (@Semiring.toAddCommMonoid.{0} Real (@Ring.toSemiring.{0} Real Real.instRing))
                      (@Semiring.toModule.{0} Real Real.semiring))))
                (NLA.KE04.Vec m) (fun (x : NLA.KE04.Vec m) => NLA.KE04.Vec m)
                (@LinearMap.instFunLike.{0, 0, 0, 0} Real Real (NLA.KE04.Vec m) (NLA.KE04.Vec m) Real.semiring
                  Real.semiring
                  (@AddCommGroup.toAddCommMonoid.{0} (NLA.KE04.Vec m)
                    (@WithLp.instAddCommGroup.{0}
                      (@OfNat.ofNat.{0} ENNReal (nat_lit 2)
                        (@instOfNatAtLeastTwo.{0} ENNReal (nat_lit 2)
                          (@AddMonoidWithOne.toNatCast.{0} ENNReal
                            (@AddCommMonoidWithOne.toAddMonoidWithOne.{0} ENNReal ENNReal.instAddCommMonoidWithOne))
                          PiLp.innerProductSpace._proof_1))
                      ((i : Fin m) → (fun (x : Fin m) => Real) i)
                      (@Pi.addCommGroup.{0, 0} (Fin m) (fun (x : Fin m) => Real) fun (i : Fin m) =>
                        Real.instAddCommGroup)))
                  (@AddCommGroup.toAddCommMonoid.{0} (NLA.KE04.Vec m)
                    (@WithLp.instAddCommGroup.{0}
                      (@OfNat.ofNat.{0} ENNReal (nat_lit 2)
                        (@instOfNatAtLeastTwo.{0} ENNReal (nat_lit 2)
                          (@AddMonoidWithOne.toNatCast.{0} ENNReal
                            (@AddCommMonoidWithOne.toAddMonoidWithOne.{0} ENNReal ENNReal.instAddCommMonoidWithOne))
                          PiLp.innerProductSpace._proof_1))
                      ((i : Fin m) → (fun (x : Fin m) => Real) i)
                      (@Pi.addCommGroup.{0, 0} (Fin m) (fun (x : Fin m) => Real) fun (i : Fin m) =>
                        Real.instAddCommGroup)))
                  (@WithLp.instModule.{0, 0}
                    (@OfNat.ofNat.{0} ENNReal (nat_lit 2)
                      (@instOfNatAtLeastTwo.{0} ENNReal (nat_lit 2)
                        (@AddMonoidWithOne.toNatCast.{0} ENNReal
                          (@AddCommMonoidWithOne.toAddMonoidWithOne.{0} ENNReal ENNReal.instAddCommMonoidWithOne))
                        PiLp.innerProductSpace._proof_1))
                    Real ((i : Fin m) → (fun (x : Fin m) => Real) i) Real.semiring
                    (@Pi.addCommGroup.{0, 0} (Fin m) (fun (x : Fin m) => Real) fun (i : Fin m) => Real.instAddCommGroup)
                    (@Pi.Function.module.{0, 0, 0} (Fin m) Real Real Real.semiring
                      (@Semiring.toAddCommMonoid.{0} Real (@Ring.toSemiring.{0} Real Real.instRing))
                      (@Semiring.toModule.{0} Real Real.semiring)))
                  (@WithLp.instModule.{0, 0}
                    (@OfNat.ofNat.{0} ENNReal (nat_lit 2)
                      (@instOfNatAtLeastTwo.{0} ENNReal (nat_lit 2)
                        (@AddMonoidWithOne.toNatCast.{0} ENNReal
                          (@AddCommMonoidWithOne.toAddMonoidWithOne.{0} ENNReal ENNReal.instAddCommMonoidWithOne))
                        PiLp.innerProductSpace._proof_1))
                    Real ((i : Fin m) → (fun (x : Fin m) => Real) i) Real.semiring
                    (@Pi.addCommGroup.{0, 0} (Fin m) (fun (x : Fin m) => Real) fun (i : Fin m) => Real.instAddCommGroup)
                    (@Pi.Function.module.{0, 0, 0} (Fin m) Real Real Real.semiring
                      (@Semiring.toAddCommMonoid.{0} Real (@Ring.toSemiring.{0} Real Real.instRing))
                      (@Semiring.toModule.{0} Real Real.semiring)))
                  (@RingHom.id.{0} Real (@Semiring.toNonAssocSemiring.{0} Real Real.semiring)))
                (@NLA.KE04.act m m M)
                (@DFunLike.coe.{1, 1, 1}
                  (@OrthonormalBasis.{0, 0, 0} (Fin m) Real Real.instRCLike (NLA.KE04.Vec m)
                    (@PiLp.normedAddCommGroup.{0, 0}
                      (@OfNat.ofNat.{0} ENNReal (nat_lit 2)
                        (@instOfNatAtLeastTwo.{0} ENNReal (nat_lit 2)
                          (@AddMonoidWithOne.toNatCast.{0} ENNReal
                            (@AddCommMonoidWithOne.toAddMonoidWithOne.{0} ENNReal ENNReal.instAddCommMonoidWithOne))
                          PiLp.innerProductSpace._proof_1))
                      (Fin m) (fun (x : Fin m) => Real) fact_one_le_two_ennreal (Fin.fintype m) fun (i : Fin m) =>
                      Real.normedAddCommGroup)
                    (@PiLp.innerProductSpace.{0, 0, 0} Real Real.instRCLike (Fin m) (Fin.fintype m)
                      (fun (x : Fin m) => Real) (fun (i : Fin m) => Real.normedAddCommGroup) fun (i : Fin m) =>
                      @RCLike.toInnerProductSpaceReal.{0} Real Real.instRCLike)
                    (Fin.fintype m))
                  (Fin m) (fun (x : Fin m) => NLA.KE04.Vec m)
                  (@OrthonormalBasis.instFunLike.{0, 0, 0} (Fin m) Real Real.instRCLike (NLA.KE04.Vec m)
                    (@PiLp.normedAddCommGroup.{0, 0}
                      (@OfNat.ofNat.{0} ENNReal (nat_lit 2)
                        (@instOfNatAtLeastTwo.{0} ENNReal (nat_lit 2)
                          (@AddMonoidWithOne.toNatCast.{0} ENNReal
                            (@AddCommMonoidWithOne.toAddMonoidWithOne.{0} ENNReal ENNReal.instAddCommMonoidWithOne))
                          PiLp.innerProductSpace._proof_1))
                      (Fin m) (fun (x : Fin m) => Real) fact_one_le_two_ennreal (Fin.fintype m) fun (i : Fin m) =>
                      Real.normedAddCommGroup)
                    (@PiLp.innerProductSpace.{0, 0, 0} Real Real.instRCLike (Fin m) (Fin.fintype m)
                      (fun (x : Fin m) => Real) (fun (i : Fin m) => Real.normedAddCommGroup) fun (i : Fin m) =>
                      @RCLike.toInnerProductSpaceReal.{0} Real Real.instRCLike)
                    (Fin.fintype m))
                  (@NLA.KE04.orderedEigenbasis m M hM) r))
              (@HSMul.hSMul.{0, 0, 0} Real (NLA.KE04.Vec m) (NLA.KE04.Vec m)
                (@instHSMul.{0, 0} Real (NLA.KE04.Vec m)
                  (@WithLp.instSMul.{0, 0}
                    (@OfNat.ofNat.{0} ENNReal (nat_lit 2)
                      (@instOfNatAtLeastTwo.{0} ENNReal (nat_lit 2)
                        (@AddMonoidWithOne.toNatCast.{0} ENNReal
                          (@AddCommMonoidWithOne.toAddMonoidWithOne.{0} ENNReal ENNReal.instAddCommMonoidWithOne))
                        PiLp.innerProductSpace._proof_1))
                    Real ((i : Fin m) → (fun (x : Fin m) => Real) i)
                    (@Function.hasSMul.{0, 0, 0} (Fin m) Real Real (@instSMulOfMul.{0} Real Real.instMul))))
                (@NLA.KE04.orderedEigenvalues m M hM r)
                (@DFunLike.coe.{1, 1, 1}
                  (@OrthonormalBasis.{0, 0, 0} (Fin m) Real Real.instRCLike (NLA.KE04.Vec m)
                    (@PiLp.normedAddCommGroup.{0, 0}
                      (@OfNat.ofNat.{0} ENNReal (nat_lit 2)
                        (@instOfNatAtLeastTwo.{0} ENNReal (nat_lit 2)
                          (@AddMonoidWithOne.toNatCast.{0} ENNReal
                            (@AddCommMonoidWithOne.toAddMonoidWithOne.{0} ENNReal ENNReal.instAddCommMonoidWithOne))
                          PiLp.innerProductSpace._proof_1))
                      (Fin m) (fun (x : Fin m) => Real) fact_one_le_two_ennreal (Fin.fintype m) fun (i : Fin m) =>
                      Real.normedAddCommGroup)
                    (@PiLp.innerProductSpace.{0, 0, 0} Real Real.instRCLike (Fin m) (Fin.fintype m)
                      (fun (x : Fin m) => Real) (fun (i : Fin m) => Real.normedAddCommGroup) fun (i : Fin m) =>
                      @RCLike.toInnerProductSpaceReal.{0} Real Real.instRCLike)
                    (Fin.fintype m))
                  (Fin m) (fun (x : Fin m) => NLA.KE04.Vec m)
                  (@OrthonormalBasis.instFunLike.{0, 0, 0} (Fin m) Real Real.instRCLike (NLA.KE04.Vec m)
                    (@PiLp.normedAddCommGroup.{0, 0}
                      (@OfNat.ofNat.{0} ENNReal (nat_lit 2)
                        (@instOfNatAtLeastTwo.{0} ENNReal (nat_lit 2)
                          (@AddMonoidWithOne.toNatCast.{0} ENNReal
                            (@AddCommMonoidWithOne.toAddMonoidWithOne.{0} ENNReal ENNReal.instAddCommMonoidWithOne))
                          PiLp.innerProductSpace._proof_1))
                      (Fin m) (fun (x : Fin m) => Real) fact_one_le_two_ennreal (Fin.fintype m) fun (i : Fin m) =>
                      Real.normedAddCommGroup)
                    (@PiLp.innerProductSpace.{0, 0, 0} Real Real.instRCLike (Fin m) (Fin.fintype m)
                      (fun (x : Fin m) => Real) (fun (i : Fin m) => Real.normedAddCommGroup) fun (i : Fin m) =>
                      @RCLike.toInnerProductSpaceReal.{0} Real Real.instRCLike)
                    (Fin.fintype m))
                  (@NLA.KE04.orderedEigenbasis m M hM) r)))
          (And
            (@Eq.{1} (Multiset.{0} Real)
              (@Polynomial.roots.{0} Real Real.commRing Real.instIsDomain
                (@Matrix.charpoly.{0, 0} Real Real.commRing (Fin m) (instDecidableEqFin m) (Fin.fintype m) M))
              (@Multiset.map.{0, 0} (Fin m) Real (@NLA.KE04.orderedEigenvalues m M hM)
                (@Finset.val.{0} (Fin m) (@Finset.univ.{0} (Fin m) (Fin.fintype m)))))
            (∀ (i : Nat) (hi : @LT.lt.{0} Nat instLTNat i m),
              @Eq.{1} Real (@NLA.KE04.eigenvalueAt m M hM i) (@NLA.KE04.orderedEigenvalues m M hM (@Fin.mk m i hi))))))
    Bool.false
    (Lean.Name.num
      (Lean.Name.str
        (Lean.Name.str
          (Lean.Name.num
            (Lean.Name.str
              (Lean.Name.str
                (Lean.Name.str
                  (Lean.Name.num
                    (Lean.Name.num
                      (Lean.Name.num
                        (Lean.Name.num
                          (Lean.Name.num
                            (Lean.Name.num (Lean.Name.str Lean.Name.anonymous "Challenge")
                              (@OfNat.ofNat.{0} Nat (nat_lit 79) (instOfNatNat (nat_lit 79))))
                            (@OfNat.ofNat.{0} Nat (nat_lit 84) (instOfNatNat (nat_lit 84))))
                          (@OfNat.ofNat.{0} Nat (nat_lit 79) (instOfNatNat (nat_lit 79))))
                        (@OfNat.ofNat.{0} Nat (nat_lit 89) (instOfNatNat (nat_lit 89))))
                      (@OfNat.ofNat.{0} Nat (nat_lit 84) (instOfNatNat (nat_lit 84))))
                    (@OfNat.ofNat.{0} Nat (nat_lit 89) (instOfNatNat (nat_lit 89))))
                  "_sorry")
                "_@")
              "Challenge")
            (@OfNat.ofNat.{0} Nat (nat_lit 1483710532) (instOfNatNat (nat_lit 1483710532))))
          "_hygCtx")
        "_hyg")
      (@OfNat.ofNat.{0} Nat (nat_lit 89) (instOfNatNat (nat_lit 89))))
theorem NLA.KE04.compression_basis_independent : ∀ {n m : Nat} (A : NLA.KE04.Mat n)
  (hA :
    @Matrix.IsHermitian.{0, 0} Real (Fin n)
      (@InvolutiveStar.toStar.{0} Real
        (@StarAddMonoid.toInvolutiveStar.{0} Real
          (@AddCommMonoid.toAddMonoid.{0} Real
            (@NonUnitalNonAssocSemiring.toAddCommMonoid.{0} Real
              (@NonUnitalNonAssocRing.toNonUnitalNonAssocSemiring.{0} Real
                (@NonUnitalNonAssocCommRing.toNonUnitalNonAssocRing.{0} Real
                  (@NonUnitalCommRing.toNonUnitalNonAssocCommRing.{0} Real
                    (@CommRing.toNonUnitalCommRing.{0} Real Real.commRing))))))
          (@StarRing.toStarAddMonoid.{0} Real
            (@NonUnitalNonAssocRing.toNonUnitalNonAssocSemiring.{0} Real
              (@NonUnitalNonAssocCommRing.toNonUnitalNonAssocRing.{0} Real
                (@NonUnitalCommRing.toNonUnitalNonAssocCommRing.{0} Real
                  (@CommRing.toNonUnitalCommRing.{0} Real Real.commRing))))
            instStarRingReal)))
      A)
  (Q R : NLA.KE04.Rect n m)
  (hQ :
    @Eq.{1} (Matrix.{0, 0, 0} (Fin m) (Fin m) Real)
      (@HMul.hMul.{0, 0, 0} (Matrix.{0, 0, 0} (Fin m) (Fin n) Real) (NLA.KE04.Rect n m)
        (Matrix.{0, 0, 0} (Fin m) (Fin m) Real)
        (@Matrix.instHMulOfFintypeOfMulOfAddCommMonoid.{0, 0, 0, 0} (Fin m) (Fin n) (Fin m) Real (Fin.fintype n)
          Real.instMul Real.instAddCommMonoid)
        (@Matrix.transpose.{0, 0, 0} (Fin n) (Fin m) Real Q) Q)
      (@OfNat.ofNat.{0} (Matrix.{0, 0, 0} (Fin m) (Fin m) Real) (nat_lit 1)
        (@One.toOfNat1.{0} (Matrix.{0, 0, 0} (Fin m) (Fin m) Real)
          (@Matrix.one.{0, 0} (Fin m) Real (instDecidableEqFin m) Real.instZero Real.instOne))))
  (hR :
    @Eq.{1} (Matrix.{0, 0, 0} (Fin m) (Fin m) Real)
      (@HMul.hMul.{0, 0, 0} (Matrix.{0, 0, 0} (Fin m) (Fin n) Real) (NLA.KE04.Rect n m)
        (Matrix.{0, 0, 0} (Fin m) (Fin m) Real)
        (@Matrix.instHMulOfFintypeOfMulOfAddCommMonoid.{0, 0, 0, 0} (Fin m) (Fin n) (Fin m) Real (Fin.fintype n)
          Real.instMul Real.instAddCommMonoid)
        (@Matrix.transpose.{0, 0, 0} (Fin n) (Fin m) Real R) R)
      (@OfNat.ofNat.{0} (Matrix.{0, 0, 0} (Fin m) (Fin m) Real) (nat_lit 1)
        (@One.toOfNat1.{0} (Matrix.{0, 0, 0} (Fin m) (Fin m) Real)
          (@Matrix.one.{0, 0} (Fin m) Real (instDecidableEqFin m) Real.instZero Real.instOne))))
  (hspan :
    @Eq.{1}
      (@Submodule.{0, 0} Real (NLA.KE04.Vec n) Real.semiring
        (@AddCommGroup.toAddCommMonoid.{0} (NLA.KE04.Vec n)
          (@WithLp.instAddCommGroup.{0}
            (@OfNat.ofNat.{0} ENNReal (nat_lit 2)
              (@instOfNatAtLeastTwo.{0} ENNReal (nat_lit 2)
                (@AddMonoidWithOne.toNatCast.{0} ENNReal
                  (@AddCommMonoidWithOne.toAddMonoidWithOne.{0} ENNReal ENNReal.instAddCommMonoidWithOne))
                PiLp.innerProductSpace._proof_1))
            ((i : Fin n) → (fun (x : Fin n) => Real) i)
            (@Pi.addCommGroup.{0, 0} (Fin n) (fun (x : Fin n) => Real) fun (i : Fin n) => Real.instAddCommGroup)))
        (@WithLp.instModule.{0, 0}
          (@OfNat.ofNat.{0} ENNReal (nat_lit 2)
            (@instOfNatAtLeastTwo.{0} ENNReal (nat_lit 2)
              (@AddMonoidWithOne.toNatCast.{0} ENNReal
                (@AddCommMonoidWithOne.toAddMonoidWithOne.{0} ENNReal ENNReal.instAddCommMonoidWithOne))
              PiLp.innerProductSpace._proof_1))
          Real ((i : Fin n) → (fun (x : Fin n) => Real) i) Real.semiring
          (@Pi.addCommGroup.{0, 0} (Fin n) (fun (x : Fin n) => Real) fun (i : Fin n) => Real.instAddCommGroup)
          (@Pi.Function.module.{0, 0, 0} (Fin n) Real Real Real.semiring
            (@Semiring.toAddCommMonoid.{0} Real (@Ring.toSemiring.{0} Real Real.instRing))
            (@Semiring.toModule.{0} Real Real.semiring))))
      (@NLA.KE04.columnSpace n m Q) (@NLA.KE04.columnSpace n m R)),
  And
    (@Exists.{1} (NLA.KE04.Mat m) fun (O : NLA.KE04.Mat m) =>
      And
        (@Eq.{1} (Matrix.{0, 0, 0} (Fin m) (Fin m) Real)
          (@HMul.hMul.{0, 0, 0} (Matrix.{0, 0, 0} (Fin m) (Fin m) Real) (NLA.KE04.Mat m)
            (Matrix.{0, 0, 0} (Fin m) (Fin m) Real)
            (@Matrix.instHMulOfFintypeOfMulOfAddCommMonoid.{0, 0, 0, 0} (Fin m) (Fin m) (Fin m) Real (Fin.fintype m)
              Real.instMul Real.instAddCommMonoid)
            (@Matrix.transpose.{0, 0, 0} (Fin m) (Fin m) Real O) O)
          (@OfNat.ofNat.{0} (Matrix.{0, 0, 0} (Fin m) (Fin m) Real) (nat_lit 1)
            (@One.toOfNat1.{0} (Matrix.{0, 0, 0} (Fin m) (Fin m) Real)
              (@Matrix.one.{0, 0} (Fin m) Real (instDecidableEqFin m) Real.instZero Real.instOne))))
        (And
          (@Eq.{1} (NLA.KE04.Rect n m) R
            (@HMul.hMul.{0, 0, 0} (NLA.KE04.Rect n m) (NLA.KE04.Mat m) (Matrix.{0, 0, 0} (Fin n) (Fin m) Real)
              (@Matrix.instHMulOfFintypeOfMulOfAddCommMonoid.{0, 0, 0, 0} (Fin n) (Fin m) (Fin m) Real (Fin.fintype m)
                Real.instMul Real.instAddCommMonoid)
              Q O))
          (@Eq.{1} (NLA.KE04.Mat m) (@NLA.KE04.compression n m A R)
            (@HMul.hMul.{0, 0, 0} (Matrix.{0, 0, 0} (Fin m) (Fin m) Real) (NLA.KE04.Mat m)
              (Matrix.{0, 0, 0} (Fin m) (Fin m) Real)
              (@Matrix.instHMulOfFintypeOfMulOfAddCommMonoid.{0, 0, 0, 0} (Fin m) (Fin m) (Fin m) Real (Fin.fintype m)
                Real.instMul Real.instAddCommMonoid)
              (@HMul.hMul.{0, 0, 0} (Matrix.{0, 0, 0} (Fin m) (Fin m) Real) (NLA.KE04.Mat m)
                (Matrix.{0, 0, 0} (Fin m) (Fin m) Real)
                (@Matrix.instHMulOfFintypeOfMulOfAddCommMonoid.{0, 0, 0, 0} (Fin m) (Fin m) (Fin m) Real (Fin.fintype m)
                  Real.instMul Real.instAddCommMonoid)
                (@Matrix.transpose.{0, 0, 0} (Fin m) (Fin m) Real O) (@NLA.KE04.compression n m A Q))
              O))))
    (And
      (@Eq.{1}
        (@Polynomial.{0} Real (@CommSemiring.toSemiring.{0} Real (@CommRing.toCommSemiring.{0} Real Real.commRing)))
        (@Matrix.charpoly.{0, 0} Real Real.commRing (Fin m) (instDecidableEqFin m) (Fin.fintype m)
          (@NLA.KE04.compression n m A Q))
        (@Matrix.charpoly.{0, 0} Real Real.commRing (Fin m) (instDecidableEqFin m) (Fin.fintype m)
          (@NLA.KE04.compression n m A R)))
      (@Eq.{1} (Fin m → Real) (@NLA.KE04.ritzValues n m A hA Q) (@NLA.KE04.ritzValues n m A hA R))) :=
fun {n m : Nat} (A : NLA.KE04.Mat n)
    (hA :
      @Matrix.IsHermitian.{0, 0} Real (Fin n)
        (@InvolutiveStar.toStar.{0} Real
          (@StarAddMonoid.toInvolutiveStar.{0} Real
            (@AddCommMonoid.toAddMonoid.{0} Real
              (@NonUnitalNonAssocSemiring.toAddCommMonoid.{0} Real
                (@NonUnitalNonAssocRing.toNonUnitalNonAssocSemiring.{0} Real
                  (@NonUnitalNonAssocCommRing.toNonUnitalNonAssocRing.{0} Real
                    (@NonUnitalCommRing.toNonUnitalNonAssocCommRing.{0} Real
                      (@CommRing.toNonUnitalCommRing.{0} Real Real.commRing))))))
            (@StarRing.toStarAddMonoid.{0} Real
              (@NonUnitalNonAssocRing.toNonUnitalNonAssocSemiring.{0} Real
                (@NonUnitalNonAssocCommRing.toNonUnitalNonAssocRing.{0} Real
                  (@NonUnitalCommRing.toNonUnitalNonAssocCommRing.{0} Real
                    (@CommRing.toNonUnitalCommRing.{0} Real Real.commRing))))
              instStarRingReal)))
        A)
    (Q R : NLA.KE04.Rect n m)
    (hQ :
      @Eq.{1} (Matrix.{0, 0, 0} (Fin m) (Fin m) Real)
        (@HMul.hMul.{0, 0, 0} (Matrix.{0, 0, 0} (Fin m) (Fin n) Real) (NLA.KE04.Rect n m)
          (Matrix.{0, 0, 0} (Fin m) (Fin m) Real)
          (@Matrix.instHMulOfFintypeOfMulOfAddCommMonoid.{0, 0, 0, 0} (Fin m) (Fin n) (Fin m) Real (Fin.fintype n)
            Real.instMul Real.instAddCommMonoid)
          (@Matrix.transpose.{0, 0, 0} (Fin n) (Fin m) Real Q) Q)
        (@OfNat.ofNat.{0} (Matrix.{0, 0, 0} (Fin m) (Fin m) Real) (nat_lit 1)
          (@One.toOfNat1.{0} (Matrix.{0, 0, 0} (Fin m) (Fin m) Real)
            (@Matrix.one.{0, 0} (Fin m) Real (instDecidableEqFin m) Real.instZero Real.instOne))))
    (hR :
      @Eq.{1} (Matrix.{0, 0, 0} (Fin m) (Fin m) Real)
        (@HMul.hMul.{0, 0, 0} (Matrix.{0, 0, 0} (Fin m) (Fin n) Real) (NLA.KE04.Rect n m)
          (Matrix.{0, 0, 0} (Fin m) (Fin m) Real)
          (@Matrix.instHMulOfFintypeOfMulOfAddCommMonoid.{0, 0, 0, 0} (Fin m) (Fin n) (Fin m) Real (Fin.fintype n)
            Real.instMul Real.instAddCommMonoid)
          (@Matrix.transpose.{0, 0, 0} (Fin n) (Fin m) Real R) R)
        (@OfNat.ofNat.{0} (Matrix.{0, 0, 0} (Fin m) (Fin m) Real) (nat_lit 1)
          (@One.toOfNat1.{0} (Matrix.{0, 0, 0} (Fin m) (Fin m) Real)
            (@Matrix.one.{0, 0} (Fin m) Real (instDecidableEqFin m) Real.instZero Real.instOne))))
    (hspan :
      @Eq.{1}
        (@Submodule.{0, 0} Real (NLA.KE04.Vec n) Real.semiring
          (@AddCommGroup.toAddCommMonoid.{0} (NLA.KE04.Vec n)
            (@WithLp.instAddCommGroup.{0}
              (@OfNat.ofNat.{0} ENNReal (nat_lit 2)
                (@instOfNatAtLeastTwo.{0} ENNReal (nat_lit 2)
                  (@AddMonoidWithOne.toNatCast.{0} ENNReal
                    (@AddCommMonoidWithOne.toAddMonoidWithOne.{0} ENNReal ENNReal.instAddCommMonoidWithOne))
                  PiLp.innerProductSpace._proof_1))
              ((i : Fin n) → (fun (x : Fin n) => Real) i)
              (@Pi.addCommGroup.{0, 0} (Fin n) (fun (x : Fin n) => Real) fun (i : Fin n) => Real.instAddCommGroup)))
          (@WithLp.instModule.{0, 0}
            (@OfNat.ofNat.{0} ENNReal (nat_lit 2)
              (@instOfNatAtLeastTwo.{0} ENNReal (nat_lit 2)
                (@AddMonoidWithOne.toNatCast.{0} ENNReal
                  (@AddCommMonoidWithOne.toAddMonoidWithOne.{0} ENNReal ENNReal.instAddCommMonoidWithOne))
                PiLp.innerProductSpace._proof_1))
            Real ((i : Fin n) → (fun (x : Fin n) => Real) i) Real.semiring
            (@Pi.addCommGroup.{0, 0} (Fin n) (fun (x : Fin n) => Real) fun (i : Fin n) => Real.instAddCommGroup)
            (@Pi.Function.module.{0, 0, 0} (Fin n) Real Real Real.semiring
              (@Semiring.toAddCommMonoid.{0} Real (@Ring.toSemiring.{0} Real Real.instRing))
              (@Semiring.toModule.{0} Real Real.semiring))))
        (@NLA.KE04.columnSpace n m Q) (@NLA.KE04.columnSpace n m R)) =>
  sorryAx.{0}
    (∀ (tag : Lean.Name),
      And
        (@Exists.{1} (NLA.KE04.Mat m) fun (O : NLA.KE04.Mat m) =>
          And
            (@Eq.{1} (Matrix.{0, 0, 0} (Fin m) (Fin m) Real)
              (@HMul.hMul.{0, 0, 0} (Matrix.{0, 0, 0} (Fin m) (Fin m) Real) (NLA.KE04.Mat m)
                (Matrix.{0, 0, 0} (Fin m) (Fin m) Real)
                (@Matrix.instHMulOfFintypeOfMulOfAddCommMonoid.{0, 0, 0, 0} (Fin m) (Fin m) (Fin m) Real (Fin.fintype m)
                  Real.instMul Real.instAddCommMonoid)
                (@Matrix.transpose.{0, 0, 0} (Fin m) (Fin m) Real O) O)
              (@OfNat.ofNat.{0} (Matrix.{0, 0, 0} (Fin m) (Fin m) Real) (nat_lit 1)
                (@One.toOfNat1.{0} (Matrix.{0, 0, 0} (Fin m) (Fin m) Real)
                  (@Matrix.one.{0, 0} (Fin m) Real (instDecidableEqFin m) Real.instZero Real.instOne))))
            (And
              (@Eq.{1} (NLA.KE04.Rect n m) R
                (@HMul.hMul.{0, 0, 0} (NLA.KE04.Rect n m) (NLA.KE04.Mat m) (Matrix.{0, 0, 0} (Fin n) (Fin m) Real)
                  (@Matrix.instHMulOfFintypeOfMulOfAddCommMonoid.{0, 0, 0, 0} (Fin n) (Fin m) (Fin m) Real
                    (Fin.fintype m) Real.instMul Real.instAddCommMonoid)
                  Q O))
              (@Eq.{1} (NLA.KE04.Mat m) (@NLA.KE04.compression n m A R)
                (@HMul.hMul.{0, 0, 0} (Matrix.{0, 0, 0} (Fin m) (Fin m) Real) (NLA.KE04.Mat m)
                  (Matrix.{0, 0, 0} (Fin m) (Fin m) Real)
                  (@Matrix.instHMulOfFintypeOfMulOfAddCommMonoid.{0, 0, 0, 0} (Fin m) (Fin m) (Fin m) Real
                    (Fin.fintype m) Real.instMul Real.instAddCommMonoid)
                  (@HMul.hMul.{0, 0, 0} (Matrix.{0, 0, 0} (Fin m) (Fin m) Real) (NLA.KE04.Mat m)
                    (Matrix.{0, 0, 0} (Fin m) (Fin m) Real)
                    (@Matrix.instHMulOfFintypeOfMulOfAddCommMonoid.{0, 0, 0, 0} (Fin m) (Fin m) (Fin m) Real
                      (Fin.fintype m) Real.instMul Real.instAddCommMonoid)
                    (@Matrix.transpose.{0, 0, 0} (Fin m) (Fin m) Real O) (@NLA.KE04.compression n m A Q))
                  O))))
        (And
          (@Eq.{1}
            (@Polynomial.{0} Real (@CommSemiring.toSemiring.{0} Real (@CommRing.toCommSemiring.{0} Real Real.commRing)))
            (@Matrix.charpoly.{0, 0} Real Real.commRing (Fin m) (instDecidableEqFin m) (Fin.fintype m)
              (@NLA.KE04.compression n m A Q))
            (@Matrix.charpoly.{0, 0} Real Real.commRing (Fin m) (instDecidableEqFin m) (Fin.fintype m)
              (@NLA.KE04.compression n m A R)))
          (@Eq.{1} (Fin m → Real) (@NLA.KE04.ritzValues n m A hA Q) (@NLA.KE04.ritzValues n m A hA R))))
    Bool.false
    (Lean.Name.num
      (Lean.Name.str
        (Lean.Name.str
          (Lean.Name.num
            (Lean.Name.str
              (Lean.Name.str
                (Lean.Name.str
                  (Lean.Name.num
                    (Lean.Name.num
                      (Lean.Name.num
                        (Lean.Name.num
                          (Lean.Name.num
                            (Lean.Name.num (Lean.Name.str Lean.Name.anonymous "Challenge")
                              (@OfNat.ofNat.{0} Nat (nat_lit 89) (instOfNatNat (nat_lit 89))))
                            (@OfNat.ofNat.{0} Nat (nat_lit 50) (instOfNatNat (nat_lit 50))))
                          (@OfNat.ofNat.{0} Nat (nat_lit 89) (instOfNatNat (nat_lit 89))))
                        (@OfNat.ofNat.{0} Nat (nat_lit 55) (instOfNatNat (nat_lit 55))))
                      (@OfNat.ofNat.{0} Nat (nat_lit 50) (instOfNatNat (nat_lit 50))))
                    (@OfNat.ofNat.{0} Nat (nat_lit 55) (instOfNatNat (nat_lit 55))))
                  "_sorry")
                "_@")
              "Challenge")
            (@OfNat.ofNat.{0} Nat (nat_lit 387668736) (instOfNatNat (nat_lit 387668736))))
          "_hygCtx")
        "_hyg")
      (@OfNat.ofNat.{0} Nat (nat_lit 120) (instOfNatNat (nat_lit 120))))
theorem NLA.KE04.interval_index_validity : ∀ (k p i : Nat)
  (hk : @LE.le.{0} Nat instLENat (@OfNat.ofNat.{0} Nat (nat_lit 1) (instOfNatNat (nat_lit 1))) k)
  (hi : @LE.le.{0} Nat instLENat (@OfNat.ofNat.{0} Nat (nat_lit 1) (instOfNatNat (nat_lit 1))) i)
  (hu :
    @LE.le.{0} Nat instLENat i
      (@HMul.hMul.{0, 0, 0} Nat Nat Nat (@instHMul.{0} Nat instMulNat)
        (@HSub.hSub.{0, 0, 0} Nat Nat Nat (@instHSub.{0} Nat instSubNat) k
          (@OfNat.ofNat.{0} Nat (nat_lit 1) (instOfNatNat (nat_lit 1))))
        p)),
  And (@LE.le.{0} Nat instLENat (@OfNat.ofNat.{0} Nat (nat_lit 2) (instOfNatNat (nat_lit 2))) k)
    (And (@LT.lt.{0} Nat instLTNat (@OfNat.ofNat.{0} Nat (nat_lit 0) (instOfNatNat (nat_lit 0))) p)
      (And
        (@LT.lt.{0} Nat instLTNat
          (@HSub.hSub.{0, 0, 0} Nat Nat Nat (@instHSub.{0} Nat instSubNat) i
            (@OfNat.ofNat.{0} Nat (nat_lit 1) (instOfNatNat (nat_lit 1))))
          (@HMul.hMul.{0, 0, 0} Nat Nat Nat (@instHMul.{0} Nat instMulNat) k p))
        (@LT.lt.{0} Nat instLTNat
          (@HSub.hSub.{0, 0, 0} Nat Nat Nat (@instHSub.{0} Nat instSubNat)
            (@HAdd.hAdd.{0, 0, 0} Nat Nat Nat (@instHAdd.{0} Nat instAddNat) i p)
            (@OfNat.ofNat.{0} Nat (nat_lit 1) (instOfNatNat (nat_lit 1))))
          (@HMul.hMul.{0, 0, 0} Nat Nat Nat (@instHMul.{0} Nat instMulNat) k p)))) :=
fun (k p i : Nat) (hk : @LE.le.{0} Nat instLENat (@OfNat.ofNat.{0} Nat (nat_lit 1) (instOfNatNat (nat_lit 1))) k)
    (hi : @LE.le.{0} Nat instLENat (@OfNat.ofNat.{0} Nat (nat_lit 1) (instOfNatNat (nat_lit 1))) i)
    (hu :
      @LE.le.{0} Nat instLENat i
        (@HMul.hMul.{0, 0, 0} Nat Nat Nat (@instHMul.{0} Nat instMulNat)
          (@HSub.hSub.{0, 0, 0} Nat Nat Nat (@instHSub.{0} Nat instSubNat) k
            (@OfNat.ofNat.{0} Nat (nat_lit 1) (instOfNatNat (nat_lit 1))))
          p)) =>
  sorryAx.{0}
    (∀ (tag : Lean.Name),
      And (@LE.le.{0} Nat instLENat (@OfNat.ofNat.{0} Nat (nat_lit 2) (instOfNatNat (nat_lit 2))) k)
        (And (@LT.lt.{0} Nat instLTNat (@OfNat.ofNat.{0} Nat (nat_lit 0) (instOfNatNat (nat_lit 0))) p)
          (And
            (@LT.lt.{0} Nat instLTNat
              (@HSub.hSub.{0, 0, 0} Nat Nat Nat (@instHSub.{0} Nat instSubNat) i
                (@OfNat.ofNat.{0} Nat (nat_lit 1) (instOfNatNat (nat_lit 1))))
              (@HMul.hMul.{0, 0, 0} Nat Nat Nat (@instHMul.{0} Nat instMulNat) k p))
            (@LT.lt.{0} Nat instLTNat
              (@HSub.hSub.{0, 0, 0} Nat Nat Nat (@instHSub.{0} Nat instSubNat)
                (@HAdd.hAdd.{0, 0, 0} Nat Nat Nat (@instHAdd.{0} Nat instAddNat) i p)
                (@OfNat.ofNat.{0} Nat (nat_lit 1) (instOfNatNat (nat_lit 1))))
              (@HMul.hMul.{0, 0, 0} Nat Nat Nat (@instHMul.{0} Nat instMulNat) k p)))))
    Bool.false
    (Lean.Name.num
      (Lean.Name.str
        (Lean.Name.str
          (Lean.Name.num
            (Lean.Name.str
              (Lean.Name.str
                (Lean.Name.str
                  (Lean.Name.num
                    (Lean.Name.num
                      (Lean.Name.num
                        (Lean.Name.num
                          (Lean.Name.num
                            (Lean.Name.num (Lean.Name.str Lean.Name.anonymous "Challenge")
                              (@OfNat.ofNat.{0} Nat (nat_lit 95) (instOfNatNat (nat_lit 95))))
                            (@OfNat.ofNat.{0} Nat (nat_lit 60) (instOfNatNat (nat_lit 60))))
                          (@OfNat.ofNat.{0} Nat (nat_lit 95) (instOfNatNat (nat_lit 95))))
                        (@OfNat.ofNat.{0} Nat (nat_lit 65) (instOfNatNat (nat_lit 65))))
                      (@OfNat.ofNat.{0} Nat (nat_lit 60) (instOfNatNat (nat_lit 60))))
                    (@OfNat.ofNat.{0} Nat (nat_lit 65) (instOfNatNat (nat_lit 65))))
                  "_sorry")
                "_@")
              "Challenge")
            (@OfNat.ofNat.{0} Nat (nat_lit 2021208124) (instOfNatNat (nat_lit 2021208124))))
          "_hygCtx")
        "_hyg")
      (@OfNat.ofNat.{0} Nat (nat_lit 75) (instOfNatNat (nat_lit 75))))
theorem NLA.KE04.quadratic_semantics : ∀ {m : Nat} (M : NLA.KE04.Mat m) (a b : Real),
  And (@Polynomial.Monic.{0} Real Real.semiring (NLA.KE04.monicQuadratic a b))
    (And
      (@Eq.{1} Nat (@Polynomial.natDegree.{0} Real Real.semiring (NLA.KE04.monicQuadratic a b))
        (@OfNat.ofNat.{0} Nat (nat_lit 2) (instOfNatNat (nat_lit 2))))
      (And
        (@Eq.{1} (NLA.KE04.Mat m) (@NLA.KE04.quadraticMatrix m M a b)
          (@DFunLike.coe.{1, 1, 1}
            (@AlgHom.{0, 0, 0} Real (@Polynomial.{0} Real (@CommSemiring.toSemiring.{0} Real Real.instCommSemiring))
              (NLA.KE04.Mat m) Real.instCommSemiring
              (@Polynomial.semiring.{0} Real (@CommSemiring.toSemiring.{0} Real Real.instCommSemiring))
              (@Matrix.semiring.{0, 0} (Fin m) Real Real.semiring (Fin.fintype m) (instDecidableEqFin m))
              (@Polynomial.algebraOfAlgebra.{0, 0} Real Real Real.instCommSemiring
                (@CommSemiring.toSemiring.{0} Real Real.instCommSemiring) (@Algebra.id.{0} Real Real.instCommSemiring))
              (@Matrix.instAlgebra.{0, 0, 0} (Fin m) Real Real (Fin.fintype m) (instDecidableEqFin m)
                Real.instCommSemiring Real.semiring (@Algebra.id.{0} Real Real.instCommSemiring)))
            (@Polynomial.{0} Real (@CommSemiring.toSemiring.{0} Real Real.instCommSemiring))
            (fun (x : @Polynomial.{0} Real (@CommSemiring.toSemiring.{0} Real Real.instCommSemiring)) => NLA.KE04.Mat m)
            (@AlgHom.funLike.{0, 0, 0} Real
              (@Polynomial.{0} Real (@CommSemiring.toSemiring.{0} Real Real.instCommSemiring)) (NLA.KE04.Mat m)
              Real.instCommSemiring
              (@Polynomial.semiring.{0} Real (@CommSemiring.toSemiring.{0} Real Real.instCommSemiring))
              (@Matrix.semiring.{0, 0} (Fin m) Real Real.semiring (Fin.fintype m) (instDecidableEqFin m))
              (@Polynomial.algebraOfAlgebra.{0, 0} Real Real Real.instCommSemiring
                (@CommSemiring.toSemiring.{0} Real Real.instCommSemiring) (@Algebra.id.{0} Real Real.instCommSemiring))
              (@Matrix.instAlgebra.{0, 0, 0} (Fin m) Real Real (Fin.fintype m) (instDecidableEqFin m)
                Real.instCommSemiring Real.semiring (@Algebra.id.{0} Real Real.instCommSemiring)))
            (@Polynomial.aeval.{0, 0} Real (NLA.KE04.Mat m) Real.instCommSemiring
              (@Matrix.semiring.{0, 0} (Fin m) Real Real.semiring (Fin.fintype m) (instDecidableEqFin m))
              (@Matrix.instAlgebra.{0, 0, 0} (Fin m) Real Real (Fin.fintype m) (instDecidableEqFin m)
                Real.instCommSemiring Real.semiring (@Algebra.id.{0} Real Real.instCommSemiring))
              M)
            (NLA.KE04.monicQuadratic a b)))
        (@Eq.{1} (NLA.KE04.Mat m) (@NLA.KE04.quadraticMatrix m M a b)
          (@HAdd.hAdd.{0, 0, 0} (NLA.KE04.Mat m) (NLA.KE04.Mat m) (NLA.KE04.Mat m)
            (@instHAdd.{0} (NLA.KE04.Mat m) (@Matrix.add.{0, 0, 0} (Fin m) (Fin m) Real Real.instAdd))
            (@HSub.hSub.{0, 0, 0} (NLA.KE04.Mat m) (NLA.KE04.Mat m) (NLA.KE04.Mat m)
              (@instHSub.{0} (NLA.KE04.Mat m) (@Matrix.sub.{0, 0, 0} (Fin m) (Fin m) Real Real.instSub))
              (@HPow.hPow.{0, 0, 0} (NLA.KE04.Mat m) Nat (NLA.KE04.Mat m)
                (@instHPow.{0, 0} (NLA.KE04.Mat m) Nat
                  (@NPow.toPow.{0} (NLA.KE04.Mat m)
                    (@Monoid.toNPow.{0} (NLA.KE04.Mat m)
                      (@Semiring.toMonoid.{0} (NLA.KE04.Mat m)
                        (@Matrix.semiring.{0, 0} (Fin m) Real Real.semiring (Fin.fintype m) (instDecidableEqFin m))))))
                M (@OfNat.ofNat.{0} Nat (nat_lit 2) (instOfNatNat (nat_lit 2))))
              (@HSMul.hSMul.{0, 0, 0} Real (NLA.KE04.Mat m) (NLA.KE04.Mat m)
                (@instHSMul.{0, 0} Real (NLA.KE04.Mat m)
                  (@Matrix.smul.{0, 0, 0, 0} (Fin m) (Fin m) Real Real (@instSMulOfMul.{0} Real Real.instMul)))
                (@HAdd.hAdd.{0, 0, 0} Real Real Real (@instHAdd.{0} Real Real.instAdd) a b) M))
            (@HSMul.hSMul.{0, 0, 0} Real (NLA.KE04.Mat m) (NLA.KE04.Mat m)
              (@instHSMul.{0, 0} Real (NLA.KE04.Mat m)
                (@Matrix.smul.{0, 0, 0, 0} (Fin m) (Fin m) Real Real (@instSMulOfMul.{0} Real Real.instMul)))
              (@HMul.hMul.{0, 0, 0} Real Real Real (@instHMul.{0} Real Real.instMul) a b)
              (@OfNat.ofNat.{0} (NLA.KE04.Mat m) (nat_lit 1)
                (@One.toOfNat1.{0} (NLA.KE04.Mat m)
                  (@Matrix.one.{0, 0} (Fin m) Real (instDecidableEqFin m) Real.instZero Real.instOne)))))))) :=
fun {m : Nat} (M : NLA.KE04.Mat m) (a b : Real) =>
  sorryAx.{0}
    (∀ (tag : Lean.Name),
      And (@Polynomial.Monic.{0} Real Real.semiring (NLA.KE04.monicQuadratic a b))
        (And
          (@Eq.{1} Nat (@Polynomial.natDegree.{0} Real Real.semiring (NLA.KE04.monicQuadratic a b))
            (@OfNat.ofNat.{0} Nat (nat_lit 2) (instOfNatNat (nat_lit 2))))
          (And
            (@Eq.{1} (NLA.KE04.Mat m) (@NLA.KE04.quadraticMatrix m M a b)
              (@DFunLike.coe.{1, 1, 1}
                (@AlgHom.{0, 0, 0} Real (@Polynomial.{0} Real (@CommSemiring.toSemiring.{0} Real Real.instCommSemiring))
                  (NLA.KE04.Mat m) Real.instCommSemiring
                  (@Polynomial.semiring.{0} Real (@CommSemiring.toSemiring.{0} Real Real.instCommSemiring))
                  (@Matrix.semiring.{0, 0} (Fin m) Real Real.semiring (Fin.fintype m) (instDecidableEqFin m))
                  (@Polynomial.algebraOfAlgebra.{0, 0} Real Real Real.instCommSemiring
                    (@CommSemiring.toSemiring.{0} Real Real.instCommSemiring)
                    (@Algebra.id.{0} Real Real.instCommSemiring))
                  (@Matrix.instAlgebra.{0, 0, 0} (Fin m) Real Real (Fin.fintype m) (instDecidableEqFin m)
                    Real.instCommSemiring Real.semiring (@Algebra.id.{0} Real Real.instCommSemiring)))
                (@Polynomial.{0} Real (@CommSemiring.toSemiring.{0} Real Real.instCommSemiring))
                (fun (x : @Polynomial.{0} Real (@CommSemiring.toSemiring.{0} Real Real.instCommSemiring)) =>
                  NLA.KE04.Mat m)
                (@AlgHom.funLike.{0, 0, 0} Real
                  (@Polynomial.{0} Real (@CommSemiring.toSemiring.{0} Real Real.instCommSemiring)) (NLA.KE04.Mat m)
                  Real.instCommSemiring
                  (@Polynomial.semiring.{0} Real (@CommSemiring.toSemiring.{0} Real Real.instCommSemiring))
                  (@Matrix.semiring.{0, 0} (Fin m) Real Real.semiring (Fin.fintype m) (instDecidableEqFin m))
                  (@Polynomial.algebraOfAlgebra.{0, 0} Real Real Real.instCommSemiring
                    (@CommSemiring.toSemiring.{0} Real Real.instCommSemiring)
                    (@Algebra.id.{0} Real Real.instCommSemiring))
                  (@Matrix.instAlgebra.{0, 0, 0} (Fin m) Real Real (Fin.fintype m) (instDecidableEqFin m)
                    Real.instCommSemiring Real.semiring (@Algebra.id.{0} Real Real.instCommSemiring)))
                (@Polynomial.aeval.{0, 0} Real (NLA.KE04.Mat m) Real.instCommSemiring
                  (@Matrix.semiring.{0, 0} (Fin m) Real Real.semiring (Fin.fintype m) (instDecidableEqFin m))
                  (@Matrix.instAlgebra.{0, 0, 0} (Fin m) Real Real (Fin.fintype m) (instDecidableEqFin m)
                    Real.instCommSemiring Real.semiring (@Algebra.id.{0} Real Real.instCommSemiring))
                  M)
                (NLA.KE04.monicQuadratic a b)))
            (@Eq.{1} (NLA.KE04.Mat m) (@NLA.KE04.quadraticMatrix m M a b)
              (@HAdd.hAdd.{0, 0, 0} (NLA.KE04.Mat m) (NLA.KE04.Mat m) (NLA.KE04.Mat m)
                (@instHAdd.{0} (NLA.KE04.Mat m) (@Matrix.add.{0, 0, 0} (Fin m) (Fin m) Real Real.instAdd))
                (@HSub.hSub.{0, 0, 0} (NLA.KE04.Mat m) (NLA.KE04.Mat m) (NLA.KE04.Mat m)
                  (@instHSub.{0} (NLA.KE04.Mat m) (@Matrix.sub.{0, 0, 0} (Fin m) (Fin m) Real Real.instSub))
                  (@HPow.hPow.{0, 0, 0} (NLA.KE04.Mat m) Nat (NLA.KE04.Mat m)
                    (@instHPow.{0, 0} (NLA.KE04.Mat m) Nat
                      (@NPow.toPow.{0} (NLA.KE04.Mat m)
                        (@Monoid.toNPow.{0} (NLA.KE04.Mat m)
                          (@Semiring.toMonoid.{0} (NLA.KE04.Mat m)
                            (@Matrix.semiring.{0, 0} (Fin m) Real Real.semiring (Fin.fintype m)
                              (instDecidableEqFin m))))))
                    M (@OfNat.ofNat.{0} Nat (nat_lit 2) (instOfNatNat (nat_lit 2))))
                  (@HSMul.hSMul.{0, 0, 0} Real (NLA.KE04.Mat m) (NLA.KE04.Mat m)
                    (@instHSMul.{0, 0} Real (NLA.KE04.Mat m)
                      (@Matrix.smul.{0, 0, 0, 0} (Fin m) (Fin m) Real Real (@instSMulOfMul.{0} Real Real.instMul)))
                    (@HAdd.hAdd.{0, 0, 0} Real Real Real (@instHAdd.{0} Real Real.instAdd) a b) M))
                (@HSMul.hSMul.{0, 0, 0} Real (NLA.KE04.Mat m) (NLA.KE04.Mat m)
                  (@instHSMul.{0, 0} Real (NLA.KE04.Mat m)
                    (@Matrix.smul.{0, 0, 0, 0} (Fin m) (Fin m) Real Real (@instSMulOfMul.{0} Real Real.instMul)))
                  (@HMul.hMul.{0, 0, 0} Real Real Real (@instHMul.{0} Real Real.instMul) a b)
                  (@OfNat.ofNat.{0} (NLA.KE04.Mat m) (nat_lit 1)
                    (@One.toOfNat1.{0} (NLA.KE04.Mat m)
                      (@Matrix.one.{0, 0} (Fin m) Real (instDecidableEqFin m) Real.instZero Real.instOne)))))))))
    Bool.false
    (Lean.Name.num
      (Lean.Name.str
        (Lean.Name.str
          (Lean.Name.num
            (Lean.Name.str
              (Lean.Name.str
                (Lean.Name.str
                  (Lean.Name.num
                    (Lean.Name.num
                      (Lean.Name.num
                        (Lean.Name.num
                          (Lean.Name.num
                            (Lean.Name.num (Lean.Name.str Lean.Name.anonymous "Challenge")
                              (@OfNat.ofNat.{0} Nat (nat_lit 101) (instOfNatNat (nat_lit 101))))
                            (@OfNat.ofNat.{0} Nat (nat_lit 80) (instOfNatNat (nat_lit 80))))
                          (@OfNat.ofNat.{0} Nat (nat_lit 101) (instOfNatNat (nat_lit 101))))
                        (@OfNat.ofNat.{0} Nat (nat_lit 85) (instOfNatNat (nat_lit 85))))
                      (@OfNat.ofNat.{0} Nat (nat_lit 80) (instOfNatNat (nat_lit 80))))
                    (@OfNat.ofNat.{0} Nat (nat_lit 85) (instOfNatNat (nat_lit 85))))
                  "_sorry")
                "_@")
              "Challenge")
            (@OfNat.ofNat.{0} Nat (nat_lit 16967877) (instOfNatNat (nat_lit 16967877))))
          "_hygCtx")
        "_hyg")
      (@OfNat.ofNat.{0} Nat (nat_lit 94) (instOfNatNat (nat_lit 94))))
theorem NLA.KE04.spectral_gap_quadratic_psd : ∀ {m : Nat} (M : NLA.KE04.Mat m)
  (hM :
    @Matrix.IsHermitian.{0, 0} Real (Fin m)
      (@InvolutiveStar.toStar.{0} Real
        (@StarAddMonoid.toInvolutiveStar.{0} Real
          (@AddCommMonoid.toAddMonoid.{0} Real
            (@NonUnitalNonAssocSemiring.toAddCommMonoid.{0} Real
              (@NonUnitalNonAssocRing.toNonUnitalNonAssocSemiring.{0} Real
                (@NonUnitalNonAssocCommRing.toNonUnitalNonAssocRing.{0} Real
                  (@NonUnitalCommRing.toNonUnitalNonAssocCommRing.{0} Real
                    (@CommRing.toNonUnitalCommRing.{0} Real Real.commRing))))))
          (@StarRing.toStarAddMonoid.{0} Real
            (@NonUnitalNonAssocRing.toNonUnitalNonAssocSemiring.{0} Real
              (@NonUnitalNonAssocCommRing.toNonUnitalNonAssocRing.{0} Real
                (@NonUnitalCommRing.toNonUnitalNonAssocCommRing.{0} Real
                  (@CommRing.toNonUnitalCommRing.{0} Real Real.commRing))))
            instStarRingReal)))
      M)
  (a b : Real) (hab : @LE.le.{0} Real Real.instLE a b)
  (hgap :
    ∀ (r : Fin m),
      Not
        (And (@LT.lt.{0} Real Real.instLT a (@NLA.KE04.orderedEigenvalues m M hM r))
          (@LT.lt.{0} Real Real.instLT (@NLA.KE04.orderedEigenvalues m M hM r) b))),
  @Matrix.PosSemidef.{0, 0} (Fin m) Real Real.instRing Real.partialOrder instStarRingReal
    (@NLA.KE04.quadraticMatrix m M a b) :=
fun {m : Nat} (M : NLA.KE04.Mat m)
    (hM :
      @Matrix.IsHermitian.{0, 0} Real (Fin m)
        (@InvolutiveStar.toStar.{0} Real
          (@StarAddMonoid.toInvolutiveStar.{0} Real
            (@AddCommMonoid.toAddMonoid.{0} Real
              (@NonUnitalNonAssocSemiring.toAddCommMonoid.{0} Real
                (@NonUnitalNonAssocRing.toNonUnitalNonAssocSemiring.{0} Real
                  (@NonUnitalNonAssocCommRing.toNonUnitalNonAssocRing.{0} Real
                    (@NonUnitalCommRing.toNonUnitalNonAssocCommRing.{0} Real
                      (@CommRing.toNonUnitalCommRing.{0} Real Real.commRing))))))
            (@StarRing.toStarAddMonoid.{0} Real
              (@NonUnitalNonAssocRing.toNonUnitalNonAssocSemiring.{0} Real
                (@NonUnitalNonAssocCommRing.toNonUnitalNonAssocRing.{0} Real
                  (@NonUnitalCommRing.toNonUnitalNonAssocCommRing.{0} Real
                    (@CommRing.toNonUnitalCommRing.{0} Real Real.commRing))))
              instStarRingReal)))
        M)
    (a b : Real) (hab : @LE.le.{0} Real Real.instLE a b)
    (hgap :
      ∀ (r : Fin m),
        Not
          (And (@LT.lt.{0} Real Real.instLT a (@NLA.KE04.orderedEigenvalues m M hM r))
            (@LT.lt.{0} Real Real.instLT (@NLA.KE04.orderedEigenvalues m M hM r) b))) =>
  sorryAx.{0}
    (∀ (tag : Lean.Name),
      @Matrix.PosSemidef.{0, 0} (Fin m) Real Real.instRing Real.partialOrder instStarRingReal
        (@NLA.KE04.quadraticMatrix m M a b))
    Bool.false
    (Lean.Name.num
      (Lean.Name.str
        (Lean.Name.str
          (Lean.Name.num
            (Lean.Name.str
              (Lean.Name.str
                (Lean.Name.str
                  (Lean.Name.num
                    (Lean.Name.num
                      (Lean.Name.num
                        (Lean.Name.num
                          (Lean.Name.num
                            (Lean.Name.num (Lean.Name.str Lean.Name.anonymous "Challenge")
                              (@OfNat.ofNat.{0} Nat (nat_lit 108) (instOfNatNat (nat_lit 108))))
                            (@OfNat.ofNat.{0} Nat (nat_lit 45) (instOfNatNat (nat_lit 45))))
                          (@OfNat.ofNat.{0} Nat (nat_lit 108) (instOfNatNat (nat_lit 108))))
                        (@OfNat.ofNat.{0} Nat (nat_lit 50) (instOfNatNat (nat_lit 50))))
                      (@OfNat.ofNat.{0} Nat (nat_lit 45) (instOfNatNat (nat_lit 45))))
                    (@OfNat.ofNat.{0} Nat (nat_lit 50) (instOfNatNat (nat_lit 50))))
                  "_sorry")
                "_@")
              "Challenge")
            (@OfNat.ofNat.{0} Nat (nat_lit 4028997718) (instOfNatNat (nat_lit 4028997718))))
          "_hygCtx")
        "_hyg")
      (@OfNat.ofNat.{0} Nat (nat_lit 59) (instOfNatNat (nat_lit 59))))
theorem NLA.KE04.spectral_window_subspace : ∀ {n m : Nat} (A : NLA.KE04.Mat n)
  (hA :
    @Matrix.IsHermitian.{0, 0} Real (Fin n)
      (@InvolutiveStar.toStar.{0} Real
        (@StarAddMonoid.toInvolutiveStar.{0} Real
          (@AddCommMonoid.toAddMonoid.{0} Real
            (@NonUnitalNonAssocSemiring.toAddCommMonoid.{0} Real
              (@NonUnitalNonAssocRing.toNonUnitalNonAssocSemiring.{0} Real
                (@NonUnitalNonAssocCommRing.toNonUnitalNonAssocRing.{0} Real
                  (@NonUnitalCommRing.toNonUnitalNonAssocCommRing.{0} Real
                    (@CommRing.toNonUnitalCommRing.{0} Real Real.commRing))))))
          (@StarRing.toStarAddMonoid.{0} Real
            (@NonUnitalNonAssocRing.toNonUnitalNonAssocSemiring.{0} Real
              (@NonUnitalNonAssocCommRing.toNonUnitalNonAssocRing.{0} Real
                (@NonUnitalCommRing.toNonUnitalNonAssocCommRing.{0} Real
                  (@CommRing.toNonUnitalCommRing.{0} Real Real.commRing))))
            instStarRingReal)))
      A)
  (Q : NLA.KE04.Rect n m)
  (hQ :
    @Eq.{1} (Matrix.{0, 0, 0} (Fin m) (Fin m) Real)
      (@HMul.hMul.{0, 0, 0} (Matrix.{0, 0, 0} (Fin m) (Fin n) Real) (NLA.KE04.Rect n m)
        (Matrix.{0, 0, 0} (Fin m) (Fin m) Real)
        (@Matrix.instHMulOfFintypeOfMulOfAddCommMonoid.{0, 0, 0, 0} (Fin m) (Fin n) (Fin m) Real (Fin.fintype n)
          Real.instMul Real.instAddCommMonoid)
        (@Matrix.transpose.{0, 0, 0} (Fin n) (Fin m) Real Q) Q)
      (@OfNat.ofNat.{0} (Matrix.{0, 0, 0} (Fin m) (Fin m) Real) (nat_lit 1)
        (@One.toOfNat1.{0} (Matrix.{0, 0, 0} (Fin m) (Fin m) Real)
          (@Matrix.one.{0, 0} (Fin m) Real (instDecidableEqFin m) Real.instZero Real.instOne))))
  (i p : Nat) (hi : @LT.lt.{0} Nat instLTNat (@HAdd.hAdd.{0, 0, 0} Nat Nat Nat (@instHAdd.{0} Nat instAddNat) i p) m),
  @Exists.{1}
    (@Submodule.{0, 0} Real (NLA.KE04.Vec n) Real.semiring
      (@AddCommGroup.toAddCommMonoid.{0} (NLA.KE04.Vec n)
        (@WithLp.instAddCommGroup.{0}
          (@OfNat.ofNat.{0} ENNReal (nat_lit 2)
            (@instOfNatAtLeastTwo.{0} ENNReal (nat_lit 2)
              (@AddMonoidWithOne.toNatCast.{0} ENNReal
                (@AddCommMonoidWithOne.toAddMonoidWithOne.{0} ENNReal ENNReal.instAddCommMonoidWithOne))
              PiLp.innerProductSpace._proof_1))
          ((i : Fin n) → (fun (x : Fin n) => Real) i)
          (@Pi.addCommGroup.{0, 0} (Fin n) (fun (x : Fin n) => Real) fun (i : Fin n) => Real.instAddCommGroup)))
      (@WithLp.instModule.{0, 0}
        (@OfNat.ofNat.{0} ENNReal (nat_lit 2)
          (@instOfNatAtLeastTwo.{0} ENNReal (nat_lit 2)
            (@AddMonoidWithOne.toNatCast.{0} ENNReal
              (@AddCommMonoidWithOne.toAddMonoidWithOne.{0} ENNReal ENNReal.instAddCommMonoidWithOne))
            PiLp.innerProductSpace._proof_1))
        Real ((i : Fin n) → (fun (x : Fin n) => Real) i) Real.semiring
        (@Pi.addCommGroup.{0, 0} (Fin n) (fun (x : Fin n) => Real) fun (i : Fin n) => Real.instAddCommGroup)
        (@Pi.Function.module.{0, 0, 0} (Fin n) Real Real Real.semiring
          (@Semiring.toAddCommMonoid.{0} Real (@Ring.toSemiring.{0} Real Real.instRing))
          (@Semiring.toModule.{0} Real Real.semiring))))
    fun
      (E :
        @Submodule.{0, 0} Real (NLA.KE04.Vec n) Real.semiring
          (@AddCommGroup.toAddCommMonoid.{0} (NLA.KE04.Vec n)
            (@WithLp.instAddCommGroup.{0}
              (@OfNat.ofNat.{0} ENNReal (nat_lit 2)
                (@instOfNatAtLeastTwo.{0} ENNReal (nat_lit 2)
                  (@AddMonoidWithOne.toNatCast.{0} ENNReal
                    (@AddCommMonoidWithOne.toAddMonoidWithOne.{0} ENNReal ENNReal.instAddCommMonoidWithOne))
                  PiLp.innerProductSpace._proof_1))
              ((i : Fin n) → (fun (x : Fin n) => Real) i)
              (@Pi.addCommGroup.{0, 0} (Fin n) (fun (x : Fin n) => Real) fun (i : Fin n) => Real.instAddCommGroup)))
          (@WithLp.instModule.{0, 0}
            (@OfNat.ofNat.{0} ENNReal (nat_lit 2)
              (@instOfNatAtLeastTwo.{0} ENNReal (nat_lit 2)
                (@AddMonoidWithOne.toNatCast.{0} ENNReal
                  (@AddCommMonoidWithOne.toAddMonoidWithOne.{0} ENNReal ENNReal.instAddCommMonoidWithOne))
                PiLp.innerProductSpace._proof_1))
            Real ((i : Fin n) → (fun (x : Fin n) => Real) i) Real.semiring
            (@Pi.addCommGroup.{0, 0} (Fin n) (fun (x : Fin n) => Real) fun (i : Fin n) => Real.instAddCommGroup)
            (@Pi.Function.module.{0, 0, 0} (Fin n) Real Real Real.semiring
              (@Semiring.toAddCommMonoid.{0} Real (@Ring.toSemiring.{0} Real Real.instRing))
              (@Semiring.toModule.{0} Real Real.semiring)))) =>
    And
      (@LE.le.{0}
        (@Submodule.{0, 0} Real (NLA.KE04.Vec n) Real.semiring
          (@AddCommGroup.toAddCommMonoid.{0} (NLA.KE04.Vec n)
            (@WithLp.instAddCommGroup.{0}
              (@OfNat.ofNat.{0} ENNReal (nat_lit 2)
                (@instOfNatAtLeastTwo.{0} ENNReal (nat_lit 2)
                  (@AddMonoidWithOne.toNatCast.{0} ENNReal
                    (@AddCommMonoidWithOne.toAddMonoidWithOne.{0} ENNReal ENNReal.instAddCommMonoidWithOne))
                  PiLp.innerProductSpace._proof_1))
              ((i : Fin n) → (fun (x : Fin n) => Real) i)
              (@Pi.addCommGroup.{0, 0} (Fin n) (fun (x : Fin n) => Real) fun (i : Fin n) => Real.instAddCommGroup)))
          (@WithLp.instModule.{0, 0}
            (@OfNat.ofNat.{0} ENNReal (nat_lit 2)
              (@instOfNatAtLeastTwo.{0} ENNReal (nat_lit 2)
                (@AddMonoidWithOne.toNatCast.{0} ENNReal
                  (@AddCommMonoidWithOne.toAddMonoidWithOne.{0} ENNReal ENNReal.instAddCommMonoidWithOne))
                PiLp.innerProductSpace._proof_1))
            Real ((i : Fin n) → (fun (x : Fin n) => Real) i) Real.semiring
            (@Pi.addCommGroup.{0, 0} (Fin n) (fun (x : Fin n) => Real) fun (i : Fin n) => Real.instAddCommGroup)
            (@Pi.Function.module.{0, 0, 0} (Fin n) Real Real Real.semiring
              (@Semiring.toAddCommMonoid.{0} Real (@Ring.toSemiring.{0} Real Real.instRing))
              (@Semiring.toModule.{0} Real Real.semiring))))
        (@Preorder.toLE.{0}
          (@Submodule.{0, 0} Real (NLA.KE04.Vec n) Real.semiring
            (@AddCommGroup.toAddCommMonoid.{0} (NLA.KE04.Vec n)
              (@WithLp.instAddCommGroup.{0}
                (@OfNat.ofNat.{0} ENNReal (nat_lit 2)
                  (@instOfNatAtLeastTwo.{0} ENNReal (nat_lit 2)
                    (@AddMonoidWithOne.toNatCast.{0} ENNReal
                      (@AddCommMonoidWithOne.toAddMonoidWithOne.{0} ENNReal ENNReal.instAddCommMonoidWithOne))
                    PiLp.innerProductSpace._proof_1))
                ((i : Fin n) → (fun (x : Fin n) => Real) i)
                (@Pi.addCommGroup.{0, 0} (Fin n) (fun (x : Fin n) => Real) fun (i : Fin n) => Real.instAddCommGroup)))
            (@WithLp.instModule.{0, 0}
              (@OfNat.ofNat.{0} ENNReal (nat_lit 2)
                (@instOfNatAtLeastTwo.{0} ENNReal (nat_lit 2)
                  (@AddMonoidWithOne.toNatCast.{0} ENNReal
                    (@AddCommMonoidWithOne.toAddMonoidWithOne.{0} ENNReal ENNReal.instAddCommMonoidWithOne))
                  PiLp.innerProductSpace._proof_1))
              Real ((i : Fin n) → (fun (x : Fin n) => Real) i) Real.semiring
              (@Pi.addCommGroup.{0, 0} (Fin n) (fun (x : Fin n) => Real) fun (i : Fin n) => Real.instAddCommGroup)
              (@Pi.Function.module.{0, 0, 0} (Fin n) Real Real Real.semiring
                (@Semiring.toAddCommMonoid.{0} Real (@Ring.toSemiring.{0} Real Real.instRing))
                (@Semiring.toModule.{0} Real Real.semiring))))
          (@PartialOrder.toPreorder.{0}
            (@Submodule.{0, 0} Real (NLA.KE04.Vec n) Real.semiring
              (@AddCommGroup.toAddCommMonoid.{0} (NLA.KE04.Vec n)
                (@WithLp.instAddCommGroup.{0}
                  (@OfNat.ofNat.{0} ENNReal (nat_lit 2)
                    (@instOfNatAtLeastTwo.{0} ENNReal (nat_lit 2)
                      (@AddMonoidWithOne.toNatCast.{0} ENNReal
                        (@AddCommMonoidWithOne.toAddMonoidWithOne.{0} ENNReal ENNReal.instAddCommMonoidWithOne))
                      PiLp.innerProductSpace._proof_1))
                  ((i : Fin n) → (fun (x : Fin n) => Real) i)
                  (@Pi.addCommGroup.{0, 0} (Fin n) (fun (x : Fin n) => Real) fun (i : Fin n) => Real.instAddCommGroup)))
              (@WithLp.instModule.{0, 0}
                (@OfNat.ofNat.{0} ENNReal (nat_lit 2)
                  (@instOfNatAtLeastTwo.{0} ENNReal (nat_lit 2)
                    (@AddMonoidWithOne.toNatCast.{0} ENNReal
                      (@AddCommMonoidWithOne.toAddMonoidWithOne.{0} ENNReal ENNReal.instAddCommMonoidWithOne))
                    PiLp.innerProductSpace._proof_1))
                Real ((i : Fin n) → (fun (x : Fin n) => Real) i) Real.semiring
                (@Pi.addCommGroup.{0, 0} (Fin n) (fun (x : Fin n) => Real) fun (i : Fin n) => Real.instAddCommGroup)
                (@Pi.Function.module.{0, 0, 0} (Fin n) Real Real Real.semiring
                  (@Semiring.toAddCommMonoid.{0} Real (@Ring.toSemiring.{0} Real Real.instRing))
                  (@Semiring.toModule.{0} Real Real.semiring))))
            (@Submodule.instPartialOrder.{0, 0} Real (NLA.KE04.Vec n) Real.semiring
              (@AddCommGroup.toAddCommMonoid.{0} (NLA.KE04.Vec n)
                (@WithLp.instAddCommGroup.{0}
                  (@OfNat.ofNat.{0} ENNReal (nat_lit 2)
                    (@instOfNatAtLeastTwo.{0} ENNReal (nat_lit 2)
                      (@AddMonoidWithOne.toNatCast.{0} ENNReal
                        (@AddCommMonoidWithOne.toAddMonoidWithOne.{0} ENNReal ENNReal.instAddCommMonoidWithOne))
                      PiLp.innerProductSpace._proof_1))
                  ((i : Fin n) → (fun (x : Fin n) => Real) i)
                  (@Pi.addCommGroup.{0, 0} (Fin n) (fun (x : Fin n) => Real) fun (i : Fin n) => Real.instAddCommGroup)))
              (@WithLp.instModule.{0, 0}
                (@OfNat.ofNat.{0} ENNReal (nat_lit 2)
                  (@instOfNatAtLeastTwo.{0} ENNReal (nat_lit 2)
                    (@AddMonoidWithOne.toNatCast.{0} ENNReal
                      (@AddCommMonoidWithOne.toAddMonoidWithOne.{0} ENNReal ENNReal.instAddCommMonoidWithOne))
                    PiLp.innerProductSpace._proof_1))
                Real ((i : Fin n) → (fun (x : Fin n) => Real) i) Real.semiring
                (@Pi.addCommGroup.{0, 0} (Fin n) (fun (x : Fin n) => Real) fun (i : Fin n) => Real.instAddCommGroup)
                (@Pi.Function.module.{0, 0, 0} (Fin n) Real Real Real.semiring
                  (@Semiring.toAddCommMonoid.{0} Real (@Ring.toSemiring.{0} Real Real.instRing))
                  (@Semiring.toModule.{0} Real Real.semiring))))))
        E (@NLA.KE04.columnSpace n m Q))
      (And
        (@Eq.{1} Nat
          (@Module.finrank.{0, 0} Real
            (@Subtype.{1} (NLA.KE04.Vec n) fun (x : NLA.KE04.Vec n) =>
              @Membership.mem.{0, 0} (NLA.KE04.Vec n)
                (@Submodule.{0, 0} Real (NLA.KE04.Vec n) Real.semiring
                  (@AddCommGroup.toAddCommMonoid.{0} (NLA.KE04.Vec n)
                    (@WithLp.instAddCommGroup.{0}
                      (@OfNat.ofNat.{0} ENNReal (nat_lit 2)
                        (@instOfNatAtLeastTwo.{0} ENNReal (nat_lit 2)
                          (@AddMonoidWithOne.toNatCast.{0} ENNReal
                            (@AddCommMonoidWithOne.toAddMonoidWithOne.{0} ENNReal ENNReal.instAddCommMonoidWithOne))
                          PiLp.innerProductSpace._proof_1))
                      ((i : Fin n) → (fun (x : Fin n) => Real) i)
                      (@Pi.addCommGroup.{0, 0} (Fin n) (fun (x : Fin n) => Real) fun (i : Fin n) =>
                        Real.instAddCommGroup)))
                  (@WithLp.instModule.{0, 0}
                    (@OfNat.ofNat.{0} ENNReal (nat_lit 2)
                      (@instOfNatAtLeastTwo.{0} ENNReal (nat_lit 2)
                        (@AddMonoidWithOne.toNatCast.{0} ENNReal
                          (@AddCommMonoidWithOne.toAddMonoidWithOne.{0} ENNReal ENNReal.instAddCommMonoidWithOne))
                        PiLp.innerProductSpace._proof_1))
                    Real ((i : Fin n) → (fun (x : Fin n) => Real) i) Real.semiring
                    (@Pi.addCommGroup.{0, 0} (Fin n) (fun (x : Fin n) => Real) fun (i : Fin n) => Real.instAddCommGroup)
                    (@Pi.Function.module.{0, 0, 0} (Fin n) Real Real Real.semiring
                      (@Semiring.toAddCommMonoid.{0} Real (@Ring.toSemiring.{0} Real Real.instRing))
                      (@Semiring.toModule.{0} Real Real.semiring))))
                (@SetLike.instMembership.{0, 0}
                  (@Submodule.{0, 0} Real (NLA.KE04.Vec n) Real.semiring
                    (@AddCommGroup.toAddCommMonoid.{0} (NLA.KE04.Vec n)
                      (@WithLp.instAddCommGroup.{0}
                        (@OfNat.ofNat.{0} ENNReal (nat_lit 2)
                          (@instOfNatAtLeastTwo.{0} ENNReal (nat_lit 2)
                            (@AddMonoidWithOne.toNatCast.{0} ENNReal
                              (@AddCommMonoidWithOne.toAddMonoidWithOne.{0} ENNReal ENNReal.instAddCommMonoidWithOne))
                            PiLp.innerProductSpace._proof_1))
                        ((i : Fin n) → (fun (x : Fin n) => Real) i)
                        (@Pi.addCommGroup.{0, 0} (Fin n) (fun (x : Fin n) => Real) fun (i : Fin n) =>
                          Real.instAddCommGroup)))
                    (@WithLp.instModule.{0, 0}
                      (@OfNat.ofNat.{0} ENNReal (nat_lit 2)
                        (@instOfNatAtLeastTwo.{0} ENNReal (nat_lit 2)
                          (@AddMonoidWithOne.toNatCast.{0} ENNReal
                            (@AddCommMonoidWithOne.toAddMonoidWithOne.{0} ENNReal ENNReal.instAddCommMonoidWithOne))
                          PiLp.innerProductSpace._proof_1))
                      Real ((i : Fin n) → (fun (x : Fin n) => Real) i) Real.semiring
                      (@Pi.addCommGroup.{0, 0} (Fin n) (fun (x : Fin n) => Real) fun (i : Fin n) =>
                        Real.instAddCommGroup)
                      (@Pi.Function.module.{0, 0, 0} (Fin n) Real Real Real.semiring
                        (@Semiring.toAddCommMonoid.{0} Real (@Ring.toSemiring.{0} Real Real.instRing))
                        (@Semiring.toModule.{0} Real Real.semiring))))
                  (NLA.KE04.Vec n)
                  (@Submodule.setLike.{0, 0} Real (NLA.KE04.Vec n) Real.semiring
                    (@AddCommGroup.toAddCommMonoid.{0} (NLA.KE04.Vec n)
                      (@WithLp.instAddCommGroup.{0}
                        (@OfNat.ofNat.{0} ENNReal (nat_lit 2)
                          (@instOfNatAtLeastTwo.{0} ENNReal (nat_lit 2)
                            (@AddMonoidWithOne.toNatCast.{0} ENNReal
                              (@AddCommMonoidWithOne.toAddMonoidWithOne.{0} ENNReal ENNReal.instAddCommMonoidWithOne))
                            PiLp.innerProductSpace._proof_1))
                        ((i : Fin n) → (fun (x : Fin n) => Real) i)
                        (@Pi.addCommGroup.{0, 0} (Fin n) (fun (x : Fin n) => Real) fun (i : Fin n) =>
                          Real.instAddCommGroup)))
                    (@WithLp.instModule.{0, 0}
                      (@OfNat.ofNat.{0} ENNReal (nat_lit 2)
                        (@instOfNatAtLeastTwo.{0} ENNReal (nat_lit 2)
                          (@AddMonoidWithOne.toNatCast.{0} ENNReal
                            (@AddCommMonoidWithOne.toAddMonoidWithOne.{0} ENNReal ENNReal.instAddCommMonoidWithOne))
                          PiLp.innerProductSpace._proof_1))
                      Real ((i : Fin n) → (fun (x : Fin n) => Real) i) Real.semiring
                      (@Pi.addCommGroup.{0, 0} (Fin n) (fun (x : Fin n) => Real) fun (i : Fin n) =>
                        Real.instAddCommGroup)
                      (@Pi.Function.module.{0, 0, 0} (Fin n) Real Real Real.semiring
                        (@Semiring.toAddCommMonoid.{0} Real (@Ring.toSemiring.{0} Real Real.instRing))
                        (@Semiring.toModule.{0} Real Real.semiring)))))
                E x)
            Real.semiring
            (@Submodule.addCommMonoid.{0, 0} Real (NLA.KE04.Vec n) Real.semiring
              (@AddCommGroup.toAddCommMonoid.{0} (NLA.KE04.Vec n)
                (@WithLp.instAddCommGroup.{0}
                  (@OfNat.ofNat.{0} ENNReal (nat_lit 2)
                    (@instOfNatAtLeastTwo.{0} ENNReal (nat_lit 2)
                      (@AddMonoidWithOne.toNatCast.{0} ENNReal
                        (@AddCommMonoidWithOne.toAddMonoidWithOne.{0} ENNReal ENNReal.instAddCommMonoidWithOne))
                      PiLp.innerProductSpace._proof_1))
                  ((i : Fin n) → (fun (x : Fin n) => Real) i)
                  (@Pi.addCommGroup.{0, 0} (Fin n) (fun (x : Fin n) => Real) fun (i : Fin n) => Real.instAddCommGroup)))
              (@WithLp.instModule.{0, 0}
                (@OfNat.ofNat.{0} ENNReal (nat_lit 2)
                  (@instOfNatAtLeastTwo.{0} ENNReal (nat_lit 2)
                    (@AddMonoidWithOne.toNatCast.{0} ENNReal
                      (@AddCommMonoidWithOne.toAddMonoidWithOne.{0} ENNReal ENNReal.instAddCommMonoidWithOne))
                    PiLp.innerProductSpace._proof_1))
                Real ((i : Fin n) → (fun (x : Fin n) => Real) i) Real.semiring
                (@Pi.addCommGroup.{0, 0} (Fin n) (fun (x : Fin n) => Real) fun (i : Fin n) => Real.instAddCommGroup)
                (@Pi.Function.module.{0, 0, 0} (Fin n) Real Real Real.semiring
                  (@Semiring.toAddCommMonoid.{0} Real (@Ring.toSemiring.{0} Real Real.instRing))
                  (@Semiring.toModule.{0} Real Real.semiring)))
              E)
            (@Submodule.module.{0, 0} Real (NLA.KE04.Vec n) Real.semiring
              (@AddCommGroup.toAddCommMonoid.{0} (NLA.KE04.Vec n)
                (@WithLp.instAddCommGroup.{0}
                  (@OfNat.ofNat.{0} ENNReal (nat_lit 2)
                    (@instOfNatAtLeastTwo.{0} ENNReal (nat_lit 2)
                      (@AddMonoidWithOne.toNatCast.{0} ENNReal
                        (@AddCommMonoidWithOne.toAddMonoidWithOne.{0} ENNReal ENNReal.instAddCommMonoidWithOne))
                      PiLp.innerProductSpace._proof_1))
                  ((i : Fin n) → (fun (x : Fin n) => Real) i)
                  (@Pi.addCommGroup.{0, 0} (Fin n) (fun (x : Fin n) => Real) fun (i : Fin n) => Real.instAddCommGroup)))
              (@WithLp.instModule.{0, 0}
                (@OfNat.ofNat.{0} ENNReal (nat_lit 2)
                  (@instOfNatAtLeastTwo.{0} ENNReal (nat_lit 2)
                    (@AddMonoidWithOne.toNatCast.{0} ENNReal
                      (@AddCommMonoidWithOne.toAddMonoidWithOne.{0} ENNReal ENNReal.instAddCommMonoidWithOne))
                    PiLp.innerProductSpace._proof_1))
                Real ((i : Fin n) → (fun (x : Fin n) => Real) i) Real.semiring
                (@Pi.addCommGroup.{0, 0} (Fin n) (fun (x : Fin n) => Real) fun (i : Fin n) => Real.instAddCommGroup)
                (@Pi.Function.module.{0, 0, 0} (Fin n) Real Real Real.semiring
                  (@Semiring.toAddCommMonoid.{0} Real (@Ring.toSemiring.{0} Real Real.instRing))
                  (@Semiring.toModule.{0} Real Real.semiring)))
              E))
          (@HAdd.hAdd.{0, 0, 0} Nat Nat Nat (@instHAdd.{0} Nat instAddNat) p
            (@OfNat.ofNat.{0} Nat (nat_lit 1) (instOfNatNat (nat_lit 1)))))
        (∀ (x : NLA.KE04.Vec n),
          @Membership.mem.{0, 0} (NLA.KE04.Vec n)
              (@Submodule.{0, 0} Real (NLA.KE04.Vec n) Real.semiring
                (@AddCommGroup.toAddCommMonoid.{0} (NLA.KE04.Vec n)
                  (@WithLp.instAddCommGroup.{0}
                    (@OfNat.ofNat.{0} ENNReal (nat_lit 2)
                      (@instOfNatAtLeastTwo.{0} ENNReal (nat_lit 2)
                        (@AddMonoidWithOne.toNatCast.{0} ENNReal
                          (@AddCommMonoidWithOne.toAddMonoidWithOne.{0} ENNReal ENNReal.instAddCommMonoidWithOne))
                        PiLp.innerProductSpace._proof_1))
                    ((i : Fin n) → (fun (x : Fin n) => Real) i)
                    (@Pi.addCommGroup.{0, 0} (Fin n) (fun (x : Fin n) => Real) fun (i : Fin n) =>
                      Real.instAddCommGroup)))
                (@WithLp.instModule.{0, 0}
                  (@OfNat.ofNat.{0} ENNReal (nat_lit 2)
                    (@instOfNatAtLeastTwo.{0} ENNReal (nat_lit 2)
                      (@AddMonoidWithOne.toNatCast.{0} ENNReal
                        (@AddCommMonoidWithOne.toAddMonoidWithOne.{0} ENNReal ENNReal.instAddCommMonoidWithOne))
                      PiLp.innerProductSpace._proof_1))
                  Real ((i : Fin n) → (fun (x : Fin n) => Real) i) Real.semiring
                  (@Pi.addCommGroup.{0, 0} (Fin n) (fun (x : Fin n) => Real) fun (i : Fin n) => Real.instAddCommGroup)
                  (@Pi.Function.module.{0, 0, 0} (Fin n) Real Real Real.semiring
                    (@Semiring.toAddCommMonoid.{0} Real (@Ring.toSemiring.{0} Real Real.instRing))
                    (@Semiring.toModule.{0} Real Real.semiring))))
              (@SetLike.instMembership.{0, 0}
                (@Submodule.{0, 0} Real (NLA.KE04.Vec n) Real.semiring
                  (@AddCommGroup.toAddCommMonoid.{0} (NLA.KE04.Vec n)
                    (@WithLp.instAddCommGroup.{0}
                      (@OfNat.ofNat.{0} ENNReal (nat_lit 2)
                        (@instOfNatAtLeastTwo.{0} ENNReal (nat_lit 2)
                          (@AddMonoidWithOne.toNatCast.{0} ENNReal
                            (@AddCommMonoidWithOne.toAddMonoidWithOne.{0} ENNReal ENNReal.instAddCommMonoidWithOne))
                          PiLp.innerProductSpace._proof_1))
                      ((i : Fin n) → (fun (x : Fin n) => Real) i)
                      (@Pi.addCommGroup.{0, 0} (Fin n) (fun (x : Fin n) => Real) fun (i : Fin n) =>
                        Real.instAddCommGroup)))
                  (@WithLp.instModule.{0, 0}
                    (@OfNat.ofNat.{0} ENNReal (nat_lit 2)
                      (@instOfNatAtLeastTwo.{0} ENNReal (nat_lit 2)
                        (@AddMonoidWithOne.toNatCast.{0} ENNReal
                          (@AddCommMonoidWithOne.toAddMonoidWithOne.{0} ENNReal ENNReal.instAddCommMonoidWithOne))
                        PiLp.innerProductSpace._proof_1))
                    Real ((i : Fin n) → (fun (x : Fin n) => Real) i) Real.semiring
                    (@Pi.addCommGroup.{0, 0} (Fin n) (fun (x : Fin n) => Real) fun (i : Fin n) => Real.instAddCommGroup)
                    (@Pi.Function.module.{0, 0, 0} (Fin n) Real Real Real.semiring
                      (@Semiring.toAddCommMonoid.{0} Real (@Ring.toSemiring.{0} Real Real.instRing))
                      (@Semiring.toModule.{0} Real Real.semiring))))
                (NLA.KE04.Vec n)
                (@Submodule.setLike.{0, 0} Real (NLA.KE04.Vec n) Real.semiring
                  (@AddCommGroup.toAddCommMonoid.{0} (NLA.KE04.Vec n)
                    (@WithLp.instAddCommGroup.{0}
                      (@OfNat.ofNat.{0} ENNReal (nat_lit 2)
                        (@instOfNatAtLeastTwo.{0} ENNReal (nat_lit 2)
                          (@AddMonoidWithOne.toNatCast.{0} ENNReal
                            (@AddCommMonoidWithOne.toAddMonoidWithOne.{0} ENNReal ENNReal.instAddCommMonoidWithOne))
                          PiLp.innerProductSpace._proof_1))
                      ((i : Fin n) → (fun (x : Fin n) => Real) i)
                      (@Pi.addCommGroup.{0, 0} (Fin n) (fun (x : Fin n) => Real) fun (i : Fin n) =>
                        Real.instAddCommGroup)))
                  (@WithLp.instModule.{0, 0}
                    (@OfNat.ofNat.{0} ENNReal (nat_lit 2)
                      (@instOfNatAtLeastTwo.{0} ENNReal (nat_lit 2)
                        (@AddMonoidWithOne.toNatCast.{0} ENNReal
                          (@AddCommMonoidWithOne.toAddMonoidWithOne.{0} ENNReal ENNReal.instAddCommMonoidWithOne))
                        PiLp.innerProductSpace._proof_1))
                    Real ((i : Fin n) → (fun (x : Fin n) => Real) i) Real.semiring
                    (@Pi.addCommGroup.{0, 0} (Fin n) (fun (x : Fin n) => Real) fun (i : Fin n) => Real.instAddCommGroup)
                    (@Pi.Function.module.{0, 0, 0} (Fin n) Real Real Real.semiring
                      (@Semiring.toAddCommMonoid.{0} Real (@Ring.toSemiring.{0} Real Real.instRing))
                      (@Semiring.toModule.{0} Real Real.semiring)))))
              E x →
            @LE.le.{0} Real Real.instLE
              (@NLA.KE04.form n
                (@NLA.KE04.compressedQuadratic n m A Q (@NLA.KE04.ritzValueAt n m A hA Q i)
                  (@NLA.KE04.ritzValueAt n m A hA Q
                    (@HAdd.hAdd.{0, 0, 0} Nat Nat Nat (@instHAdd.{0} Nat instAddNat) i p)))
                x)
              (@OfNat.ofNat.{0} Real (nat_lit 0) (@Zero.toOfNat0.{0} Real Real.instZero)))) :=
fun {n m : Nat} (A : NLA.KE04.Mat n)
    (hA :
      @Matrix.IsHermitian.{0, 0} Real (Fin n)
        (@InvolutiveStar.toStar.{0} Real
          (@StarAddMonoid.toInvolutiveStar.{0} Real
            (@AddCommMonoid.toAddMonoid.{0} Real
              (@NonUnitalNonAssocSemiring.toAddCommMonoid.{0} Real
                (@NonUnitalNonAssocRing.toNonUnitalNonAssocSemiring.{0} Real
                  (@NonUnitalNonAssocCommRing.toNonUnitalNonAssocRing.{0} Real
                    (@NonUnitalCommRing.toNonUnitalNonAssocCommRing.{0} Real
                      (@CommRing.toNonUnitalCommRing.{0} Real Real.commRing))))))
            (@StarRing.toStarAddMonoid.{0} Real
              (@NonUnitalNonAssocRing.toNonUnitalNonAssocSemiring.{0} Real
                (@NonUnitalNonAssocCommRing.toNonUnitalNonAssocRing.{0} Real
                  (@NonUnitalCommRing.toNonUnitalNonAssocCommRing.{0} Real
                    (@CommRing.toNonUnitalCommRing.{0} Real Real.commRing))))
              instStarRingReal)))
        A)
    (Q : NLA.KE04.Rect n m)
    (hQ :
      @Eq.{1} (Matrix.{0, 0, 0} (Fin m) (Fin m) Real)
        (@HMul.hMul.{0, 0, 0} (Matrix.{0, 0, 0} (Fin m) (Fin n) Real) (NLA.KE04.Rect n m)
          (Matrix.{0, 0, 0} (Fin m) (Fin m) Real)
          (@Matrix.instHMulOfFintypeOfMulOfAddCommMonoid.{0, 0, 0, 0} (Fin m) (Fin n) (Fin m) Real (Fin.fintype n)
            Real.instMul Real.instAddCommMonoid)
          (@Matrix.transpose.{0, 0, 0} (Fin n) (Fin m) Real Q) Q)
        (@OfNat.ofNat.{0} (Matrix.{0, 0, 0} (Fin m) (Fin m) Real) (nat_lit 1)
          (@One.toOfNat1.{0} (Matrix.{0, 0, 0} (Fin m) (Fin m) Real)
            (@Matrix.one.{0, 0} (Fin m) Real (instDecidableEqFin m) Real.instZero Real.instOne))))
    (i p : Nat)
    (hi : @LT.lt.{0} Nat instLTNat (@HAdd.hAdd.{0, 0, 0} Nat Nat Nat (@instHAdd.{0} Nat instAddNat) i p) m) =>
  sorryAx.{0}
    (∀ (tag : Lean.Name),
      @Exists.{1}
        (@Submodule.{0, 0} Real (NLA.KE04.Vec n) Real.semiring
          (@AddCommGroup.toAddCommMonoid.{0} (NLA.KE04.Vec n)
            (@WithLp.instAddCommGroup.{0}
              (@OfNat.ofNat.{0} ENNReal (nat_lit 2)
                (@instOfNatAtLeastTwo.{0} ENNReal (nat_lit 2)
                  (@AddMonoidWithOne.toNatCast.{0} ENNReal
                    (@AddCommMonoidWithOne.toAddMonoidWithOne.{0} ENNReal ENNReal.instAddCommMonoidWithOne))
                  PiLp.innerProductSpace._proof_1))
              ((i : Fin n) → (fun (x : Fin n) => Real) i)
              (@Pi.addCommGroup.{0, 0} (Fin n) (fun (x : Fin n) => Real) fun (i : Fin n) => Real.instAddCommGroup)))
          (@WithLp.instModule.{0, 0}
            (@OfNat.ofNat.{0} ENNReal (nat_lit 2)
              (@instOfNatAtLeastTwo.{0} ENNReal (nat_lit 2)
                (@AddMonoidWithOne.toNatCast.{0} ENNReal
                  (@AddCommMonoidWithOne.toAddMonoidWithOne.{0} ENNReal ENNReal.instAddCommMonoidWithOne))
                PiLp.innerProductSpace._proof_1))
            Real ((i : Fin n) → (fun (x : Fin n) => Real) i) Real.semiring
            (@Pi.addCommGroup.{0, 0} (Fin n) (fun (x : Fin n) => Real) fun (i : Fin n) => Real.instAddCommGroup)
            (@Pi.Function.module.{0, 0, 0} (Fin n) Real Real Real.semiring
              (@Semiring.toAddCommMonoid.{0} Real (@Ring.toSemiring.{0} Real Real.instRing))
              (@Semiring.toModule.{0} Real Real.semiring))))
        fun
          (E :
            @Submodule.{0, 0} Real (NLA.KE04.Vec n) Real.semiring
              (@AddCommGroup.toAddCommMonoid.{0} (NLA.KE04.Vec n)
                (@WithLp.instAddCommGroup.{0}
                  (@OfNat.ofNat.{0} ENNReal (nat_lit 2)
                    (@instOfNatAtLeastTwo.{0} ENNReal (nat_lit 2)
                      (@AddMonoidWithOne.toNatCast.{0} ENNReal
                        (@AddCommMonoidWithOne.toAddMonoidWithOne.{0} ENNReal ENNReal.instAddCommMonoidWithOne))
                      PiLp.innerProductSpace._proof_1))
                  ((i : Fin n) → (fun (x : Fin n) => Real) i)
                  (@Pi.addCommGroup.{0, 0} (Fin n) (fun (x : Fin n) => Real) fun (i : Fin n) => Real.instAddCommGroup)))
              (@WithLp.instModule.{0, 0}
                (@OfNat.ofNat.{0} ENNReal (nat_lit 2)
                  (@instOfNatAtLeastTwo.{0} ENNReal (nat_lit 2)
                    (@AddMonoidWithOne.toNatCast.{0} ENNReal
                      (@AddCommMonoidWithOne.toAddMonoidWithOne.{0} ENNReal ENNReal.instAddCommMonoidWithOne))
                    PiLp.innerProductSpace._proof_1))
                Real ((i : Fin n) → (fun (x : Fin n) => Real) i) Real.semiring
                (@Pi.addCommGroup.{0, 0} (Fin n) (fun (x : Fin n) => Real) fun (i : Fin n) => Real.instAddCommGroup)
                (@Pi.Function.module.{0, 0, 0} (Fin n) Real Real Real.semiring
                  (@Semiring.toAddCommMonoid.{0} Real (@Ring.toSemiring.{0} Real Real.instRing))
                  (@Semiring.toModule.{0} Real Real.semiring)))) =>
        And
          (@LE.le.{0}
            (@Submodule.{0, 0} Real (NLA.KE04.Vec n) Real.semiring
              (@AddCommGroup.toAddCommMonoid.{0} (NLA.KE04.Vec n)
                (@WithLp.instAddCommGroup.{0}
                  (@OfNat.ofNat.{0} ENNReal (nat_lit 2)
                    (@instOfNatAtLeastTwo.{0} ENNReal (nat_lit 2)
                      (@AddMonoidWithOne.toNatCast.{0} ENNReal
                        (@AddCommMonoidWithOne.toAddMonoidWithOne.{0} ENNReal ENNReal.instAddCommMonoidWithOne))
                      PiLp.innerProductSpace._proof_1))
                  ((i : Fin n) → (fun (x : Fin n) => Real) i)
                  (@Pi.addCommGroup.{0, 0} (Fin n) (fun (x : Fin n) => Real) fun (i : Fin n) => Real.instAddCommGroup)))
              (@WithLp.instModule.{0, 0}
                (@OfNat.ofNat.{0} ENNReal (nat_lit 2)
                  (@instOfNatAtLeastTwo.{0} ENNReal (nat_lit 2)
                    (@AddMonoidWithOne.toNatCast.{0} ENNReal
                      (@AddCommMonoidWithOne.toAddMonoidWithOne.{0} ENNReal ENNReal.instAddCommMonoidWithOne))
                    PiLp.innerProductSpace._proof_1))
                Real ((i : Fin n) → (fun (x : Fin n) => Real) i) Real.semiring
                (@Pi.addCommGroup.{0, 0} (Fin n) (fun (x : Fin n) => Real) fun (i : Fin n) => Real.instAddCommGroup)
                (@Pi.Function.module.{0, 0, 0} (Fin n) Real Real Real.semiring
                  (@Semiring.toAddCommMonoid.{0} Real (@Ring.toSemiring.{0} Real Real.instRing))
                  (@Semiring.toModule.{0} Real Real.semiring))))
            (@Preorder.toLE.{0}
              (@Submodule.{0, 0} Real (NLA.KE04.Vec n) Real.semiring
                (@AddCommGroup.toAddCommMonoid.{0} (NLA.KE04.Vec n)
                  (@WithLp.instAddCommGroup.{0}
                    (@OfNat.ofNat.{0} ENNReal (nat_lit 2)
                      (@instOfNatAtLeastTwo.{0} ENNReal (nat_lit 2)
                        (@AddMonoidWithOne.toNatCast.{0} ENNReal
                          (@AddCommMonoidWithOne.toAddMonoidWithOne.{0} ENNReal ENNReal.instAddCommMonoidWithOne))
                        PiLp.innerProductSpace._proof_1))
                    ((i : Fin n) → (fun (x : Fin n) => Real) i)
                    (@Pi.addCommGroup.{0, 0} (Fin n) (fun (x : Fin n) => Real) fun (i : Fin n) =>
                      Real.instAddCommGroup)))
                (@WithLp.instModule.{0, 0}
                  (@OfNat.ofNat.{0} ENNReal (nat_lit 2)
                    (@instOfNatAtLeastTwo.{0} ENNReal (nat_lit 2)
                      (@AddMonoidWithOne.toNatCast.{0} ENNReal
                        (@AddCommMonoidWithOne.toAddMonoidWithOne.{0} ENNReal ENNReal.instAddCommMonoidWithOne))
                      PiLp.innerProductSpace._proof_1))
                  Real ((i : Fin n) → (fun (x : Fin n) => Real) i) Real.semiring
                  (@Pi.addCommGroup.{0, 0} (Fin n) (fun (x : Fin n) => Real) fun (i : Fin n) => Real.instAddCommGroup)
                  (@Pi.Function.module.{0, 0, 0} (Fin n) Real Real Real.semiring
                    (@Semiring.toAddCommMonoid.{0} Real (@Ring.toSemiring.{0} Real Real.instRing))
                    (@Semiring.toModule.{0} Real Real.semiring))))
              (@PartialOrder.toPreorder.{0}
                (@Submodule.{0, 0} Real (NLA.KE04.Vec n) Real.semiring
                  (@AddCommGroup.toAddCommMonoid.{0} (NLA.KE04.Vec n)
                    (@WithLp.instAddCommGroup.{0}
                      (@OfNat.ofNat.{0} ENNReal (nat_lit 2)
                        (@instOfNatAtLeastTwo.{0} ENNReal (nat_lit 2)
                          (@AddMonoidWithOne.toNatCast.{0} ENNReal
                            (@AddCommMonoidWithOne.toAddMonoidWithOne.{0} ENNReal ENNReal.instAddCommMonoidWithOne))
                          PiLp.innerProductSpace._proof_1))
                      ((i : Fin n) → (fun (x : Fin n) => Real) i)
                      (@Pi.addCommGroup.{0, 0} (Fin n) (fun (x : Fin n) => Real) fun (i : Fin n) =>
                        Real.instAddCommGroup)))
                  (@WithLp.instModule.{0, 0}
                    (@OfNat.ofNat.{0} ENNReal (nat_lit 2)
                      (@instOfNatAtLeastTwo.{0} ENNReal (nat_lit 2)
                        (@AddMonoidWithOne.toNatCast.{0} ENNReal
                          (@AddCommMonoidWithOne.toAddMonoidWithOne.{0} ENNReal ENNReal.instAddCommMonoidWithOne))
                        PiLp.innerProductSpace._proof_1))
                    Real ((i : Fin n) → (fun (x : Fin n) => Real) i) Real.semiring
                    (@Pi.addCommGroup.{0, 0} (Fin n) (fun (x : Fin n) => Real) fun (i : Fin n) => Real.instAddCommGroup)
                    (@Pi.Function.module.{0, 0, 0} (Fin n) Real Real Real.semiring
                      (@Semiring.toAddCommMonoid.{0} Real (@Ring.toSemiring.{0} Real Real.instRing))
                      (@Semiring.toModule.{0} Real Real.semiring))))
                (@Submodule.instPartialOrder.{0, 0} Real (NLA.KE04.Vec n) Real.semiring
                  (@AddCommGroup.toAddCommMonoid.{0} (NLA.KE04.Vec n)
                    (@WithLp.instAddCommGroup.{0}
                      (@OfNat.ofNat.{0} ENNReal (nat_lit 2)
                        (@instOfNatAtLeastTwo.{0} ENNReal (nat_lit 2)
                          (@AddMonoidWithOne.toNatCast.{0} ENNReal
                            (@AddCommMonoidWithOne.toAddMonoidWithOne.{0} ENNReal ENNReal.instAddCommMonoidWithOne))
                          PiLp.innerProductSpace._proof_1))
                      ((i : Fin n) → (fun (x : Fin n) => Real) i)
                      (@Pi.addCommGroup.{0, 0} (Fin n) (fun (x : Fin n) => Real) fun (i : Fin n) =>
                        Real.instAddCommGroup)))
                  (@WithLp.instModule.{0, 0}
                    (@OfNat.ofNat.{0} ENNReal (nat_lit 2)
                      (@instOfNatAtLeastTwo.{0} ENNReal (nat_lit 2)
                        (@AddMonoidWithOne.toNatCast.{0} ENNReal
                          (@AddCommMonoidWithOne.toAddMonoidWithOne.{0} ENNReal ENNReal.instAddCommMonoidWithOne))
                        PiLp.innerProductSpace._proof_1))
                    Real ((i : Fin n) → (fun (x : Fin n) => Real) i) Real.semiring
                    (@Pi.addCommGroup.{0, 0} (Fin n) (fun (x : Fin n) => Real) fun (i : Fin n) => Real.instAddCommGroup)
                    (@Pi.Function.module.{0, 0, 0} (Fin n) Real Real Real.semiring
                      (@Semiring.toAddCommMonoid.{0} Real (@Ring.toSemiring.{0} Real Real.instRing))
                      (@Semiring.toModule.{0} Real Real.semiring))))))
            E (@NLA.KE04.columnSpace n m Q))
          (And
            (@Eq.{1} Nat
              (@Module.finrank.{0, 0} Real
                (@Subtype.{1} (NLA.KE04.Vec n) fun (x : NLA.KE04.Vec n) =>
                  @Membership.mem.{0, 0} (NLA.KE04.Vec n)
                    (@Submodule.{0, 0} Real (NLA.KE04.Vec n) Real.semiring
                      (@AddCommGroup.toAddCommMonoid.{0} (NLA.KE04.Vec n)
                        (@WithLp.instAddCommGroup.{0}
                          (@OfNat.ofNat.{0} ENNReal (nat_lit 2)
                            (@instOfNatAtLeastTwo.{0} ENNReal (nat_lit 2)
                              (@AddMonoidWithOne.toNatCast.{0} ENNReal
                                (@AddCommMonoidWithOne.toAddMonoidWithOne.{0} ENNReal ENNReal.instAddCommMonoidWithOne))
                              PiLp.innerProductSpace._proof_1))
                          ((i : Fin n) → (fun (x : Fin n) => Real) i)
                          (@Pi.addCommGroup.{0, 0} (Fin n) (fun (x : Fin n) => Real) fun (i : Fin n) =>
                            Real.instAddCommGroup)))
                      (@WithLp.instModule.{0, 0}
                        (@OfNat.ofNat.{0} ENNReal (nat_lit 2)
                          (@instOfNatAtLeastTwo.{0} ENNReal (nat_lit 2)
                            (@AddMonoidWithOne.toNatCast.{0} ENNReal
                              (@AddCommMonoidWithOne.toAddMonoidWithOne.{0} ENNReal ENNReal.instAddCommMonoidWithOne))
                            PiLp.innerProductSpace._proof_1))
                        Real ((i : Fin n) → (fun (x : Fin n) => Real) i) Real.semiring
                        (@Pi.addCommGroup.{0, 0} (Fin n) (fun (x : Fin n) => Real) fun (i : Fin n) =>
                          Real.instAddCommGroup)
                        (@Pi.Function.module.{0, 0, 0} (Fin n) Real Real Real.semiring
                          (@Semiring.toAddCommMonoid.{0} Real (@Ring.toSemiring.{0} Real Real.instRing))
                          (@Semiring.toModule.{0} Real Real.semiring))))
                    (@SetLike.instMembership.{0, 0}
                      (@Submodule.{0, 0} Real (NLA.KE04.Vec n) Real.semiring
                        (@AddCommGroup.toAddCommMonoid.{0} (NLA.KE04.Vec n)
                          (@WithLp.instAddCommGroup.{0}
                            (@OfNat.ofNat.{0} ENNReal (nat_lit 2)
                              (@instOfNatAtLeastTwo.{0} ENNReal (nat_lit 2)
                                (@AddMonoidWithOne.toNatCast.{0} ENNReal
                                  (@AddCommMonoidWithOne.toAddMonoidWithOne.{0} ENNReal
                                    ENNReal.instAddCommMonoidWithOne))
                                PiLp.innerProductSpace._proof_1))
                            ((i : Fin n) → (fun (x : Fin n) => Real) i)
                            (@Pi.addCommGroup.{0, 0} (Fin n) (fun (x : Fin n) => Real) fun (i : Fin n) =>
                              Real.instAddCommGroup)))
                        (@WithLp.instModule.{0, 0}
                          (@OfNat.ofNat.{0} ENNReal (nat_lit 2)
                            (@instOfNatAtLeastTwo.{0} ENNReal (nat_lit 2)
                              (@AddMonoidWithOne.toNatCast.{0} ENNReal
                                (@AddCommMonoidWithOne.toAddMonoidWithOne.{0} ENNReal ENNReal.instAddCommMonoidWithOne))
                              PiLp.innerProductSpace._proof_1))
                          Real ((i : Fin n) → (fun (x : Fin n) => Real) i) Real.semiring
                          (@Pi.addCommGroup.{0, 0} (Fin n) (fun (x : Fin n) => Real) fun (i : Fin n) =>
                            Real.instAddCommGroup)
                          (@Pi.Function.module.{0, 0, 0} (Fin n) Real Real Real.semiring
                            (@Semiring.toAddCommMonoid.{0} Real (@Ring.toSemiring.{0} Real Real.instRing))
                            (@Semiring.toModule.{0} Real Real.semiring))))
                      (NLA.KE04.Vec n)
                      (@Submodule.setLike.{0, 0} Real (NLA.KE04.Vec n) Real.semiring
                        (@AddCommGroup.toAddCommMonoid.{0} (NLA.KE04.Vec n)
                          (@WithLp.instAddCommGroup.{0}
                            (@OfNat.ofNat.{0} ENNReal (nat_lit 2)
                              (@instOfNatAtLeastTwo.{0} ENNReal (nat_lit 2)
                                (@AddMonoidWithOne.toNatCast.{0} ENNReal
                                  (@AddCommMonoidWithOne.toAddMonoidWithOne.{0} ENNReal
                                    ENNReal.instAddCommMonoidWithOne))
                                PiLp.innerProductSpace._proof_1))
                            ((i : Fin n) → (fun (x : Fin n) => Real) i)
                            (@Pi.addCommGroup.{0, 0} (Fin n) (fun (x : Fin n) => Real) fun (i : Fin n) =>
                              Real.instAddCommGroup)))
                        (@WithLp.instModule.{0, 0}
                          (@OfNat.ofNat.{0} ENNReal (nat_lit 2)
                            (@instOfNatAtLeastTwo.{0} ENNReal (nat_lit 2)
                              (@AddMonoidWithOne.toNatCast.{0} ENNReal
                                (@AddCommMonoidWithOne.toAddMonoidWithOne.{0} ENNReal ENNReal.instAddCommMonoidWithOne))
                              PiLp.innerProductSpace._proof_1))
                          Real ((i : Fin n) → (fun (x : Fin n) => Real) i) Real.semiring
                          (@Pi.addCommGroup.{0, 0} (Fin n) (fun (x : Fin n) => Real) fun (i : Fin n) =>
                            Real.instAddCommGroup)
                          (@Pi.Function.module.{0, 0, 0} (Fin n) Real Real Real.semiring
                            (@Semiring.toAddCommMonoid.{0} Real (@Ring.toSemiring.{0} Real Real.instRing))
                            (@Semiring.toModule.{0} Real Real.semiring)))))
                    E x)
                Real.semiring
                (@Submodule.addCommMonoid.{0, 0} Real (NLA.KE04.Vec n) Real.semiring
                  (@AddCommGroup.toAddCommMonoid.{0} (NLA.KE04.Vec n)
                    (@WithLp.instAddCommGroup.{0}
                      (@OfNat.ofNat.{0} ENNReal (nat_lit 2)
                        (@instOfNatAtLeastTwo.{0} ENNReal (nat_lit 2)
                          (@AddMonoidWithOne.toNatCast.{0} ENNReal
                            (@AddCommMonoidWithOne.toAddMonoidWithOne.{0} ENNReal ENNReal.instAddCommMonoidWithOne))
                          PiLp.innerProductSpace._proof_1))
                      ((i : Fin n) → (fun (x : Fin n) => Real) i)
                      (@Pi.addCommGroup.{0, 0} (Fin n) (fun (x : Fin n) => Real) fun (i : Fin n) =>
                        Real.instAddCommGroup)))
                  (@WithLp.instModule.{0, 0}
                    (@OfNat.ofNat.{0} ENNReal (nat_lit 2)
                      (@instOfNatAtLeastTwo.{0} ENNReal (nat_lit 2)
                        (@AddMonoidWithOne.toNatCast.{0} ENNReal
                          (@AddCommMonoidWithOne.toAddMonoidWithOne.{0} ENNReal ENNReal.instAddCommMonoidWithOne))
                        PiLp.innerProductSpace._proof_1))
                    Real ((i : Fin n) → (fun (x : Fin n) => Real) i) Real.semiring
                    (@Pi.addCommGroup.{0, 0} (Fin n) (fun (x : Fin n) => Real) fun (i : Fin n) => Real.instAddCommGroup)
                    (@Pi.Function.module.{0, 0, 0} (Fin n) Real Real Real.semiring
                      (@Semiring.toAddCommMonoid.{0} Real (@Ring.toSemiring.{0} Real Real.instRing))
                      (@Semiring.toModule.{0} Real Real.semiring)))
                  E)
                (@Submodule.module.{0, 0} Real (NLA.KE04.Vec n) Real.semiring
                  (@AddCommGroup.toAddCommMonoid.{0} (NLA.KE04.Vec n)
                    (@WithLp.instAddCommGroup.{0}
                      (@OfNat.ofNat.{0} ENNReal (nat_lit 2)
                        (@instOfNatAtLeastTwo.{0} ENNReal (nat_lit 2)
                          (@AddMonoidWithOne.toNatCast.{0} ENNReal
                            (@AddCommMonoidWithOne.toAddMonoidWithOne.{0} ENNReal ENNReal.instAddCommMonoidWithOne))
                          PiLp.innerProductSpace._proof_1))
                      ((i : Fin n) → (fun (x : Fin n) => Real) i)
                      (@Pi.addCommGroup.{0, 0} (Fin n) (fun (x : Fin n) => Real) fun (i : Fin n) =>
                        Real.instAddCommGroup)))
                  (@WithLp.instModule.{0, 0}
                    (@OfNat.ofNat.{0} ENNReal (nat_lit 2)
                      (@instOfNatAtLeastTwo.{0} ENNReal (nat_lit 2)
                        (@AddMonoidWithOne.toNatCast.{0} ENNReal
                          (@AddCommMonoidWithOne.toAddMonoidWithOne.{0} ENNReal ENNReal.instAddCommMonoidWithOne))
                        PiLp.innerProductSpace._proof_1))
                    Real ((i : Fin n) → (fun (x : Fin n) => Real) i) Real.semiring
                    (@Pi.addCommGroup.{0, 0} (Fin n) (fun (x : Fin n) => Real) fun (i : Fin n) => Real.instAddCommGroup)
                    (@Pi.Function.module.{0, 0, 0} (Fin n) Real Real Real.semiring
                      (@Semiring.toAddCommMonoid.{0} Real (@Ring.toSemiring.{0} Real Real.instRing))
                      (@Semiring.toModule.{0} Real Real.semiring)))
                  E))
              (@HAdd.hAdd.{0, 0, 0} Nat Nat Nat (@instHAdd.{0} Nat instAddNat) p
                (@OfNat.ofNat.{0} Nat (nat_lit 1) (instOfNatNat (nat_lit 1)))))
            (∀ (x : NLA.KE04.Vec n),
              @Membership.mem.{0, 0} (NLA.KE04.Vec n)
                  (@Submodule.{0, 0} Real (NLA.KE04.Vec n) Real.semiring
                    (@AddCommGroup.toAddCommMonoid.{0} (NLA.KE04.Vec n)
                      (@WithLp.instAddCommGroup.{0}
                        (@OfNat.ofNat.{0} ENNReal (nat_lit 2)
                          (@instOfNatAtLeastTwo.{0} ENNReal (nat_lit 2)
                            (@AddMonoidWithOne.toNatCast.{0} ENNReal
                              (@AddCommMonoidWithOne.toAddMonoidWithOne.{0} ENNReal ENNReal.instAddCommMonoidWithOne))
                            PiLp.innerProductSpace._proof_1))
                        ((i : Fin n) → (fun (x : Fin n) => Real) i)
                        (@Pi.addCommGroup.{0, 0} (Fin n) (fun (x : Fin n) => Real) fun (i : Fin n) =>
                          Real.instAddCommGroup)))
                    (@WithLp.instModule.{0, 0}
                      (@OfNat.ofNat.{0} ENNReal (nat_lit 2)
                        (@instOfNatAtLeastTwo.{0} ENNReal (nat_lit 2)
                          (@AddMonoidWithOne.toNatCast.{0} ENNReal
                            (@AddCommMonoidWithOne.toAddMonoidWithOne.{0} ENNReal ENNReal.instAddCommMonoidWithOne))
                          PiLp.innerProductSpace._proof_1))
                      Real ((i : Fin n) → (fun (x : Fin n) => Real) i) Real.semiring
                      (@Pi.addCommGroup.{0, 0} (Fin n) (fun (x : Fin n) => Real) fun (i : Fin n) =>
                        Real.instAddCommGroup)
                      (@Pi.Function.module.{0, 0, 0} (Fin n) Real Real Real.semiring
                        (@Semiring.toAddCommMonoid.{0} Real (@Ring.toSemiring.{0} Real Real.instRing))
                        (@Semiring.toModule.{0} Real Real.semiring))))
                  (@SetLike.instMembership.{0, 0}
                    (@Submodule.{0, 0} Real (NLA.KE04.Vec n) Real.semiring
                      (@AddCommGroup.toAddCommMonoid.{0} (NLA.KE04.Vec n)
                        (@WithLp.instAddCommGroup.{0}
                          (@OfNat.ofNat.{0} ENNReal (nat_lit 2)
                            (@instOfNatAtLeastTwo.{0} ENNReal (nat_lit 2)
                              (@AddMonoidWithOne.toNatCast.{0} ENNReal
                                (@AddCommMonoidWithOne.toAddMonoidWithOne.{0} ENNReal ENNReal.instAddCommMonoidWithOne))
                              PiLp.innerProductSpace._proof_1))
                          ((i : Fin n) → (fun (x : Fin n) => Real) i)
                          (@Pi.addCommGroup.{0, 0} (Fin n) (fun (x : Fin n) => Real) fun (i : Fin n) =>
                            Real.instAddCommGroup)))
                      (@WithLp.instModule.{0, 0}
                        (@OfNat.ofNat.{0} ENNReal (nat_lit 2)
                          (@instOfNatAtLeastTwo.{0} ENNReal (nat_lit 2)
                            (@AddMonoidWithOne.toNatCast.{0} ENNReal
                              (@AddCommMonoidWithOne.toAddMonoidWithOne.{0} ENNReal ENNReal.instAddCommMonoidWithOne))
                            PiLp.innerProductSpace._proof_1))
                        Real ((i : Fin n) → (fun (x : Fin n) => Real) i) Real.semiring
                        (@Pi.addCommGroup.{0, 0} (Fin n) (fun (x : Fin n) => Real) fun (i : Fin n) =>
                          Real.instAddCommGroup)
                        (@Pi.Function.module.{0, 0, 0} (Fin n) Real Real Real.semiring
                          (@Semiring.toAddCommMonoid.{0} Real (@Ring.toSemiring.{0} Real Real.instRing))
                          (@Semiring.toModule.{0} Real Real.semiring))))
                    (NLA.KE04.Vec n)
                    (@Submodule.setLike.{0, 0} Real (NLA.KE04.Vec n) Real.semiring
                      (@AddCommGroup.toAddCommMonoid.{0} (NLA.KE04.Vec n)
                        (@WithLp.instAddCommGroup.{0}
                          (@OfNat.ofNat.{0} ENNReal (nat_lit 2)
                            (@instOfNatAtLeastTwo.{0} ENNReal (nat_lit 2)
                              (@AddMonoidWithOne.toNatCast.{0} ENNReal
                                (@AddCommMonoidWithOne.toAddMonoidWithOne.{0} ENNReal ENNReal.instAddCommMonoidWithOne))
                              PiLp.innerProductSpace._proof_1))
                          ((i : Fin n) → (fun (x : Fin n) => Real) i)
                          (@Pi.addCommGroup.{0, 0} (Fin n) (fun (x : Fin n) => Real) fun (i : Fin n) =>
                            Real.instAddCommGroup)))
                      (@WithLp.instModule.{0, 0}
                        (@OfNat.ofNat.{0} ENNReal (nat_lit 2)
                          (@instOfNatAtLeastTwo.{0} ENNReal (nat_lit 2)
                            (@AddMonoidWithOne.toNatCast.{0} ENNReal
                              (@AddCommMonoidWithOne.toAddMonoidWithOne.{0} ENNReal ENNReal.instAddCommMonoidWithOne))
                            PiLp.innerProductSpace._proof_1))
                        Real ((i : Fin n) → (fun (x : Fin n) => Real) i) Real.semiring
                        (@Pi.addCommGroup.{0, 0} (Fin n) (fun (x : Fin n) => Real) fun (i : Fin n) =>
                          Real.instAddCommGroup)
                        (@Pi.Function.module.{0, 0, 0} (Fin n) Real Real Real.semiring
                          (@Semiring.toAddCommMonoid.{0} Real (@Ring.toSemiring.{0} Real Real.instRing))
                          (@Semiring.toModule.{0} Real Real.semiring)))))
                  E x →
                @LE.le.{0} Real Real.instLE
                  (@NLA.KE04.form n
                    (@NLA.KE04.compressedQuadratic n m A Q (@NLA.KE04.ritzValueAt n m A hA Q i)
                      (@NLA.KE04.ritzValueAt n m A hA Q
                        (@HAdd.hAdd.{0, 0, 0} Nat Nat Nat (@instHAdd.{0} Nat instAddNat) i p)))
                    x)
                  (@OfNat.ofNat.{0} Real (nat_lit 0) (@Zero.toOfNat0.{0} Real Real.instZero)))))
    Bool.false
    (Lean.Name.num
      (Lean.Name.str
        (Lean.Name.str
          (Lean.Name.num
            (Lean.Name.str
              (Lean.Name.str
                (Lean.Name.str
                  (Lean.Name.num
                    (Lean.Name.num
                      (Lean.Name.num
                        (Lean.Name.num
                          (Lean.Name.num
                            (Lean.Name.num (Lean.Name.str Lean.Name.anonymous "Challenge")
                              (@OfNat.ofNat.{0} Nat (nat_lit 117) (instOfNatNat (nat_lit 117))))
                            (@OfNat.ofNat.{0} Nat (nat_lit 52) (instOfNatNat (nat_lit 52))))
                          (@OfNat.ofNat.{0} Nat (nat_lit 117) (instOfNatNat (nat_lit 117))))
                        (@OfNat.ofNat.{0} Nat (nat_lit 57) (instOfNatNat (nat_lit 57))))
                      (@OfNat.ofNat.{0} Nat (nat_lit 52) (instOfNatNat (nat_lit 52))))
                    (@OfNat.ofNat.{0} Nat (nat_lit 57) (instOfNatNat (nat_lit 57))))
                  "_sorry")
                "_@")
              "Challenge")
            (@OfNat.ofNat.{0} Nat (nat_lit 3340349149) (instOfNatNat (nat_lit 3340349149))))
          "_hygCtx")
        "_hyg")
      (@OfNat.ofNat.{0} Nat (nat_lit 118) (instOfNatNat (nat_lit 118))))
theorem NLA.KE04.krylov_intersection_nonzero : ∀ {n p : Nat} (A : NLA.KE04.Mat n) (V : NLA.KE04.Rect n p) (k : Nat)
  (hk : @LE.le.{0} Nat instLENat (@OfNat.ofNat.{0} Nat (nat_lit 1) (instOfNatNat (nat_lit 1))) k)
  (hfull : @NLA.KE04.FullBlockDimension n p A V k)
  (hprev :
    @NLA.KE04.FullBlockDimension n p A V
      (@HSub.hSub.{0, 0, 0} Nat Nat Nat (@instHSub.{0} Nat instSubNat) k
        (@OfNat.ofNat.{0} Nat (nat_lit 1) (instOfNatNat (nat_lit 1)))))
  (E :
    @Submodule.{0, 0} Real (NLA.KE04.Vec n) Real.semiring
      (@AddCommGroup.toAddCommMonoid.{0} (NLA.KE04.Vec n)
        (@WithLp.instAddCommGroup.{0}
          (@OfNat.ofNat.{0} ENNReal (nat_lit 2)
            (@instOfNatAtLeastTwo.{0} ENNReal (nat_lit 2)
              (@AddMonoidWithOne.toNatCast.{0} ENNReal
                (@AddCommMonoidWithOne.toAddMonoidWithOne.{0} ENNReal ENNReal.instAddCommMonoidWithOne))
              PiLp.innerProductSpace._proof_1))
          ((i : Fin n) → (fun (x : Fin n) => Real) i)
          (@Pi.addCommGroup.{0, 0} (Fin n) (fun (x : Fin n) => Real) fun (i : Fin n) => Real.instAddCommGroup)))
      (@WithLp.instModule.{0, 0}
        (@OfNat.ofNat.{0} ENNReal (nat_lit 2)
          (@instOfNatAtLeastTwo.{0} ENNReal (nat_lit 2)
            (@AddMonoidWithOne.toNatCast.{0} ENNReal
              (@AddCommMonoidWithOne.toAddMonoidWithOne.{0} ENNReal ENNReal.instAddCommMonoidWithOne))
            PiLp.innerProductSpace._proof_1))
        Real ((i : Fin n) → (fun (x : Fin n) => Real) i) Real.semiring
        (@Pi.addCommGroup.{0, 0} (Fin n) (fun (x : Fin n) => Real) fun (i : Fin n) => Real.instAddCommGroup)
        (@Pi.Function.module.{0, 0, 0} (Fin n) Real Real Real.semiring
          (@Semiring.toAddCommMonoid.{0} Real (@Ring.toSemiring.{0} Real Real.instRing))
          (@Semiring.toModule.{0} Real Real.semiring))))
  (hE :
    @LE.le.{0}
      (@Submodule.{0, 0} Real (NLA.KE04.Vec n) Real.semiring
        (@AddCommGroup.toAddCommMonoid.{0} (NLA.KE04.Vec n)
          (@WithLp.instAddCommGroup.{0}
            (@OfNat.ofNat.{0} ENNReal (nat_lit 2)
              (@instOfNatAtLeastTwo.{0} ENNReal (nat_lit 2)
                (@AddMonoidWithOne.toNatCast.{0} ENNReal
                  (@AddCommMonoidWithOne.toAddMonoidWithOne.{0} ENNReal ENNReal.instAddCommMonoidWithOne))
                PiLp.innerProductSpace._proof_1))
            ((i : Fin n) → (fun (x : Fin n) => Real) i)
            (@Pi.addCommGroup.{0, 0} (Fin n) (fun (x : Fin n) => Real) fun (i : Fin n) => Real.instAddCommGroup)))
        (@WithLp.instModule.{0, 0}
          (@OfNat.ofNat.{0} ENNReal (nat_lit 2)
            (@instOfNatAtLeastTwo.{0} ENNReal (nat_lit 2)
              (@AddMonoidWithOne.toNatCast.{0} ENNReal
                (@AddCommMonoidWithOne.toAddMonoidWithOne.{0} ENNReal ENNReal.instAddCommMonoidWithOne))
              PiLp.innerProductSpace._proof_1))
          Real ((i : Fin n) → (fun (x : Fin n) => Real) i) Real.semiring
          (@Pi.addCommGroup.{0, 0} (Fin n) (fun (x : Fin n) => Real) fun (i : Fin n) => Real.instAddCommGroup)
          (@Pi.Function.module.{0, 0, 0} (Fin n) Real Real Real.semiring
            (@Semiring.toAddCommMonoid.{0} Real (@Ring.toSemiring.{0} Real Real.instRing))
            (@Semiring.toModule.{0} Real Real.semiring))))
      (@Preorder.toLE.{0}
        (@Submodule.{0, 0} Real (NLA.KE04.Vec n) Real.semiring
          (@AddCommGroup.toAddCommMonoid.{0} (NLA.KE04.Vec n)
            (@WithLp.instAddCommGroup.{0}
              (@OfNat.ofNat.{0} ENNReal (nat_lit 2)
                (@instOfNatAtLeastTwo.{0} ENNReal (nat_lit 2)
                  (@AddMonoidWithOne.toNatCast.{0} ENNReal
                    (@AddCommMonoidWithOne.toAddMonoidWithOne.{0} ENNReal ENNReal.instAddCommMonoidWithOne))
                  PiLp.innerProductSpace._proof_1))
              ((i : Fin n) → (fun (x : Fin n) => Real) i)
              (@Pi.addCommGroup.{0, 0} (Fin n) (fun (x : Fin n) => Real) fun (i : Fin n) => Real.instAddCommGroup)))
          (@WithLp.instModule.{0, 0}
            (@OfNat.ofNat.{0} ENNReal (nat_lit 2)
              (@instOfNatAtLeastTwo.{0} ENNReal (nat_lit 2)
                (@AddMonoidWithOne.toNatCast.{0} ENNReal
                  (@AddCommMonoidWithOne.toAddMonoidWithOne.{0} ENNReal ENNReal.instAddCommMonoidWithOne))
                PiLp.innerProductSpace._proof_1))
            Real ((i : Fin n) → (fun (x : Fin n) => Real) i) Real.semiring
            (@Pi.addCommGroup.{0, 0} (Fin n) (fun (x : Fin n) => Real) fun (i : Fin n) => Real.instAddCommGroup)
            (@Pi.Function.module.{0, 0, 0} (Fin n) Real Real Real.semiring
              (@Semiring.toAddCommMonoid.{0} Real (@Ring.toSemiring.{0} Real Real.instRing))
              (@Semiring.toModule.{0} Real Real.semiring))))
        (@PartialOrder.toPreorder.{0}
          (@Submodule.{0, 0} Real (NLA.KE04.Vec n) Real.semiring
            (@AddCommGroup.toAddCommMonoid.{0} (NLA.KE04.Vec n)
              (@WithLp.instAddCommGroup.{0}
                (@OfNat.ofNat.{0} ENNReal (nat_lit 2)
                  (@instOfNatAtLeastTwo.{0} ENNReal (nat_lit 2)
                    (@AddMonoidWithOne.toNatCast.{0} ENNReal
                      (@AddCommMonoidWithOne.toAddMonoidWithOne.{0} ENNReal ENNReal.instAddCommMonoidWithOne))
                    PiLp.innerProductSpace._proof_1))
                ((i : Fin n) → (fun (x : Fin n) => Real) i)
                (@Pi.addCommGroup.{0, 0} (Fin n) (fun (x : Fin n) => Real) fun (i : Fin n) => Real.instAddCommGroup)))
            (@WithLp.instModule.{0, 0}
              (@OfNat.ofNat.{0} ENNReal (nat_lit 2)
                (@instOfNatAtLeastTwo.{0} ENNReal (nat_lit 2)
                  (@AddMonoidWithOne.toNatCast.{0} ENNReal
                    (@AddCommMonoidWithOne.toAddMonoidWithOne.{0} ENNReal ENNReal.instAddCommMonoidWithOne))
                  PiLp.innerProductSpace._proof_1))
              Real ((i : Fin n) → (fun (x : Fin n) => Real) i) Real.semiring
              (@Pi.addCommGroup.{0, 0} (Fin n) (fun (x : Fin n) => Real) fun (i : Fin n) => Real.instAddCommGroup)
              (@Pi.Function.module.{0, 0, 0} (Fin n) Real Real Real.semiring
                (@Semiring.toAddCommMonoid.{0} Real (@Ring.toSemiring.{0} Real Real.instRing))
                (@Semiring.toModule.{0} Real Real.semiring))))
          (@Submodule.instPartialOrder.{0, 0} Real (NLA.KE04.Vec n) Real.semiring
            (@AddCommGroup.toAddCommMonoid.{0} (NLA.KE04.Vec n)
              (@WithLp.instAddCommGroup.{0}
                (@OfNat.ofNat.{0} ENNReal (nat_lit 2)
                  (@instOfNatAtLeastTwo.{0} ENNReal (nat_lit 2)
                    (@AddMonoidWithOne.toNatCast.{0} ENNReal
                      (@AddCommMonoidWithOne.toAddMonoidWithOne.{0} ENNReal ENNReal.instAddCommMonoidWithOne))
                    PiLp.innerProductSpace._proof_1))
                ((i : Fin n) → (fun (x : Fin n) => Real) i)
                (@Pi.addCommGroup.{0, 0} (Fin n) (fun (x : Fin n) => Real) fun (i : Fin n) => Real.instAddCommGroup)))
            (@WithLp.instModule.{0, 0}
              (@OfNat.ofNat.{0} ENNReal (nat_lit 2)
                (@instOfNatAtLeastTwo.{0} ENNReal (nat_lit 2)
                  (@AddMonoidWithOne.toNatCast.{0} ENNReal
                    (@AddCommMonoidWithOne.toAddMonoidWithOne.{0} ENNReal ENNReal.instAddCommMonoidWithOne))
                  PiLp.innerProductSpace._proof_1))
              Real ((i : Fin n) → (fun (x : Fin n) => Real) i) Real.semiring
              (@Pi.addCommGroup.{0, 0} (Fin n) (fun (x : Fin n) => Real) fun (i : Fin n) => Real.instAddCommGroup)
              (@Pi.Function.module.{0, 0, 0} (Fin n) Real Real Real.semiring
                (@Semiring.toAddCommMonoid.{0} Real (@Ring.toSemiring.{0} Real Real.instRing))
                (@Semiring.toModule.{0} Real Real.semiring))))))
      E (@NLA.KE04.krylov n p A V k))
  (hdim :
    @Eq.{1} Nat
      (@Module.finrank.{0, 0} Real
        (@Subtype.{1} (NLA.KE04.Vec n) fun (x : NLA.KE04.Vec n) =>
          @Membership.mem.{0, 0} (NLA.KE04.Vec n)
            (@Submodule.{0, 0} Real (NLA.KE04.Vec n) Real.semiring
              (@AddCommGroup.toAddCommMonoid.{0} (NLA.KE04.Vec n)
                (@WithLp.instAddCommGroup.{0}
                  (@OfNat.ofNat.{0} ENNReal (nat_lit 2)
                    (@instOfNatAtLeastTwo.{0} ENNReal (nat_lit 2)
                      (@AddMonoidWithOne.toNatCast.{0} ENNReal
                        (@AddCommMonoidWithOne.toAddMonoidWithOne.{0} ENNReal ENNReal.instAddCommMonoidWithOne))
                      PiLp.innerProductSpace._proof_1))
                  ((i : Fin n) → (fun (x : Fin n) => Real) i)
                  (@Pi.addCommGroup.{0, 0} (Fin n) (fun (x : Fin n) => Real) fun (i : Fin n) => Real.instAddCommGroup)))
              (@WithLp.instModule.{0, 0}
                (@OfNat.ofNat.{0} ENNReal (nat_lit 2)
                  (@instOfNatAtLeastTwo.{0} ENNReal (nat_lit 2)
                    (@AddMonoidWithOne.toNatCast.{0} ENNReal
                      (@AddCommMonoidWithOne.toAddMonoidWithOne.{0} ENNReal ENNReal.instAddCommMonoidWithOne))
                    PiLp.innerProductSpace._proof_1))
                Real ((i : Fin n) → (fun (x : Fin n) => Real) i) Real.semiring
                (@Pi.addCommGroup.{0, 0} (Fin n) (fun (x : Fin n) => Real) fun (i : Fin n) => Real.instAddCommGroup)
                (@Pi.Function.module.{0, 0, 0} (Fin n) Real Real Real.semiring
                  (@Semiring.toAddCommMonoid.{0} Real (@Ring.toSemiring.{0} Real Real.instRing))
                  (@Semiring.toModule.{0} Real Real.semiring))))
            (@SetLike.instMembership.{0, 0}
              (@Submodule.{0, 0} Real (NLA.KE04.Vec n) Real.semiring
                (@AddCommGroup.toAddCommMonoid.{0} (NLA.KE04.Vec n)
                  (@WithLp.instAddCommGroup.{0}
                    (@OfNat.ofNat.{0} ENNReal (nat_lit 2)
                      (@instOfNatAtLeastTwo.{0} ENNReal (nat_lit 2)
                        (@AddMonoidWithOne.toNatCast.{0} ENNReal
                          (@AddCommMonoidWithOne.toAddMonoidWithOne.{0} ENNReal ENNReal.instAddCommMonoidWithOne))
                        PiLp.innerProductSpace._proof_1))
                    ((i : Fin n) → (fun (x : Fin n) => Real) i)
                    (@Pi.addCommGroup.{0, 0} (Fin n) (fun (x : Fin n) => Real) fun (i : Fin n) =>
                      Real.instAddCommGroup)))
                (@WithLp.instModule.{0, 0}
                  (@OfNat.ofNat.{0} ENNReal (nat_lit 2)
                    (@instOfNatAtLeastTwo.{0} ENNReal (nat_lit 2)
                      (@AddMonoidWithOne.toNatCast.{0} ENNReal
                        (@AddCommMonoidWithOne.toAddMonoidWithOne.{0} ENNReal ENNReal.instAddCommMonoidWithOne))
                      PiLp.innerProductSpace._proof_1))
                  Real ((i : Fin n) → (fun (x : Fin n) => Real) i) Real.semiring
                  (@Pi.addCommGroup.{0, 0} (Fin n) (fun (x : Fin n) => Real) fun (i : Fin n) => Real.instAddCommGroup)
                  (@Pi.Function.module.{0, 0, 0} (Fin n) Real Real Real.semiring
                    (@Semiring.toAddCommMonoid.{0} Real (@Ring.toSemiring.{0} Real Real.instRing))
                    (@Semiring.toModule.{0} Real Real.semiring))))
              (NLA.KE04.Vec n)
              (@Submodule.setLike.{0, 0} Real (NLA.KE04.Vec n) Real.semiring
                (@AddCommGroup.toAddCommMonoid.{0} (NLA.KE04.Vec n)
                  (@WithLp.instAddCommGroup.{0}
                    (@OfNat.ofNat.{0} ENNReal (nat_lit 2)
                      (@instOfNatAtLeastTwo.{0} ENNReal (nat_lit 2)
                        (@AddMonoidWithOne.toNatCast.{0} ENNReal
                          (@AddCommMonoidWithOne.toAddMonoidWithOne.{0} ENNReal ENNReal.instAddCommMonoidWithOne))
                        PiLp.innerProductSpace._proof_1))
                    ((i : Fin n) → (fun (x : Fin n) => Real) i)
                    (@Pi.addCommGroup.{0, 0} (Fin n) (fun (x : Fin n) => Real) fun (i : Fin n) =>
                      Real.instAddCommGroup)))
                (@WithLp.instModule.{0, 0}
                  (@OfNat.ofNat.{0} ENNReal (nat_lit 2)
                    (@instOfNatAtLeastTwo.{0} ENNReal (nat_lit 2)
                      (@AddMonoidWithOne.toNatCast.{0} ENNReal
                        (@AddCommMonoidWithOne.toAddMonoidWithOne.{0} ENNReal ENNReal.instAddCommMonoidWithOne))
                      PiLp.innerProductSpace._proof_1))
                  Real ((i : Fin n) → (fun (x : Fin n) => Real) i) Real.semiring
                  (@Pi.addCommGroup.{0, 0} (Fin n) (fun (x : Fin n) => Real) fun (i : Fin n) => Real.instAddCommGroup)
                  (@Pi.Function.module.{0, 0, 0} (Fin n) Real Real Real.semiring
                    (@Semiring.toAddCommMonoid.{0} Real (@Ring.toSemiring.{0} Real Real.instRing))
                    (@Semiring.toModule.{0} Real Real.semiring)))))
            E x)
        Real.semiring
        (@Submodule.addCommMonoid.{0, 0} Real (NLA.KE04.Vec n) Real.semiring
          (@AddCommGroup.toAddCommMonoid.{0} (NLA.KE04.Vec n)
            (@WithLp.instAddCommGroup.{0}
              (@OfNat.ofNat.{0} ENNReal (nat_lit 2)
                (@instOfNatAtLeastTwo.{0} ENNReal (nat_lit 2)
                  (@AddMonoidWithOne.toNatCast.{0} ENNReal
                    (@AddCommMonoidWithOne.toAddMonoidWithOne.{0} ENNReal ENNReal.instAddCommMonoidWithOne))
                  PiLp.innerProductSpace._proof_1))
              ((i : Fin n) → (fun (x : Fin n) => Real) i)
              (@Pi.addCommGroup.{0, 0} (Fin n) (fun (x : Fin n) => Real) fun (i : Fin n) => Real.instAddCommGroup)))
          (@WithLp.instModule.{0, 0}
            (@OfNat.ofNat.{0} ENNReal (nat_lit 2)
              (@instOfNatAtLeastTwo.{0} ENNReal (nat_lit 2)
                (@AddMonoidWithOne.toNatCast.{0} ENNReal
                  (@AddCommMonoidWithOne.toAddMonoidWithOne.{0} ENNReal ENNReal.instAddCommMonoidWithOne))
                PiLp.innerProductSpace._proof_1))
            Real ((i : Fin n) → (fun (x : Fin n) => Real) i) Real.semiring
            (@Pi.addCommGroup.{0, 0} (Fin n) (fun (x : Fin n) => Real) fun (i : Fin n) => Real.instAddCommGroup)
            (@Pi.Function.module.{0, 0, 0} (Fin n) Real Real Real.semiring
              (@Semiring.toAddCommMonoid.{0} Real (@Ring.toSemiring.{0} Real Real.instRing))
              (@Semiring.toModule.{0} Real Real.semiring)))
          E)
        (@Submodule.module.{0, 0} Real (NLA.KE04.Vec n) Real.semiring
          (@AddCommGroup.toAddCommMonoid.{0} (NLA.KE04.Vec n)
            (@WithLp.instAddCommGroup.{0}
              (@OfNat.ofNat.{0} ENNReal (nat_lit 2)
                (@instOfNatAtLeastTwo.{0} ENNReal (nat_lit 2)
                  (@AddMonoidWithOne.toNatCast.{0} ENNReal
                    (@AddCommMonoidWithOne.toAddMonoidWithOne.{0} ENNReal ENNReal.instAddCommMonoidWithOne))
                  PiLp.innerProductSpace._proof_1))
              ((i : Fin n) → (fun (x : Fin n) => Real) i)
              (@Pi.addCommGroup.{0, 0} (Fin n) (fun (x : Fin n) => Real) fun (i : Fin n) => Real.instAddCommGroup)))
          (@WithLp.instModule.{0, 0}
            (@OfNat.ofNat.{0} ENNReal (nat_lit 2)
              (@instOfNatAtLeastTwo.{0} ENNReal (nat_lit 2)
                (@AddMonoidWithOne.toNatCast.{0} ENNReal
                  (@AddCommMonoidWithOne.toAddMonoidWithOne.{0} ENNReal ENNReal.instAddCommMonoidWithOne))
                PiLp.innerProductSpace._proof_1))
            Real ((i : Fin n) → (fun (x : Fin n) => Real) i) Real.semiring
            (@Pi.addCommGroup.{0, 0} (Fin n) (fun (x : Fin n) => Real) fun (i : Fin n) => Real.instAddCommGroup)
            (@Pi.Function.module.{0, 0, 0} (Fin n) Real Real Real.semiring
              (@Semiring.toAddCommMonoid.{0} Real (@Ring.toSemiring.{0} Real Real.instRing))
              (@Semiring.toModule.{0} Real Real.semiring)))
          E))
      (@HAdd.hAdd.{0, 0, 0} Nat Nat Nat (@instHAdd.{0} Nat instAddNat) p
        (@OfNat.ofNat.{0} Nat (nat_lit 1) (instOfNatNat (nat_lit 1))))),
  @Exists.{1} (NLA.KE04.Vec n) fun (x : NLA.KE04.Vec n) =>
    And
      (@Ne.{1} (NLA.KE04.Vec n) x
        (@OfNat.ofNat.{0} (NLA.KE04.Vec n) (nat_lit 0)
          (@Zero.toOfNat0.{0} (NLA.KE04.Vec n)
            (@NegZeroClass.toZero.{0} (NLA.KE04.Vec n)
              (@SubNegZeroMonoid.toNegZeroClass.{0} (NLA.KE04.Vec n)
                (@SubtractionMonoid.toSubNegZeroMonoid.{0} (NLA.KE04.Vec n)
                  (@SubtractionCommMonoid.toSubtractionMonoid.{0} (NLA.KE04.Vec n)
                    (@AddCommGroup.toDivisionAddCommMonoid.{0} (NLA.KE04.Vec n)
                      (@WithLp.instAddCommGroup.{0}
                        (@OfNat.ofNat.{0} ENNReal (nat_lit 2)
                          (@instOfNatAtLeastTwo.{0} ENNReal (nat_lit 2)
                            (@AddMonoidWithOne.toNatCast.{0} ENNReal
                              (@AddCommMonoidWithOne.toAddMonoidWithOne.{0} ENNReal ENNReal.instAddCommMonoidWithOne))
                            PiLp.innerProductSpace._proof_1))
                        ((i : Fin n) → (fun (x : Fin n) => Real) i)
                        (@Pi.addCommGroup.{0, 0} (Fin n) (fun (x : Fin n) => Real) fun (i : Fin n) =>
                          Real.instAddCommGroup))))))))))
      (And
        (@Membership.mem.{0, 0} (NLA.KE04.Vec n)
          (@Submodule.{0, 0} Real (NLA.KE04.Vec n) Real.semiring
            (@AddCommGroup.toAddCommMonoid.{0} (NLA.KE04.Vec n)
              (@WithLp.instAddCommGroup.{0}
                (@OfNat.ofNat.{0} ENNReal (nat_lit 2)
                  (@instOfNatAtLeastTwo.{0} ENNReal (nat_lit 2)
                    (@AddMonoidWithOne.toNatCast.{0} ENNReal
                      (@AddCommMonoidWithOne.toAddMonoidWithOne.{0} ENNReal ENNReal.instAddCommMonoidWithOne))
                    PiLp.innerProductSpace._proof_1))
                ((i : Fin n) → (fun (x : Fin n) => Real) i)
                (@Pi.addCommGroup.{0, 0} (Fin n) (fun (x : Fin n) => Real) fun (i : Fin n) => Real.instAddCommGroup)))
            (@WithLp.instModule.{0, 0}
              (@OfNat.ofNat.{0} ENNReal (nat_lit 2)
                (@instOfNatAtLeastTwo.{0} ENNReal (nat_lit 2)
                  (@AddMonoidWithOne.toNatCast.{0} ENNReal
                    (@AddCommMonoidWithOne.toAddMonoidWithOne.{0} ENNReal ENNReal.instAddCommMonoidWithOne))
                  PiLp.innerProductSpace._proof_1))
              Real ((i : Fin n) → (fun (x : Fin n) => Real) i) Real.semiring
              (@Pi.addCommGroup.{0, 0} (Fin n) (fun (x : Fin n) => Real) fun (i : Fin n) => Real.instAddCommGroup)
              (@Pi.Function.module.{0, 0, 0} (Fin n) Real Real Real.semiring
                (@Semiring.toAddCommMonoid.{0} Real (@Ring.toSemiring.{0} Real Real.instRing))
                (@Semiring.toModule.{0} Real Real.semiring))))
          (@SetLike.instMembership.{0, 0}
            (@Submodule.{0, 0} Real (NLA.KE04.Vec n) Real.semiring
              (@AddCommGroup.toAddCommMonoid.{0} (NLA.KE04.Vec n)
                (@WithLp.instAddCommGroup.{0}
                  (@OfNat.ofNat.{0} ENNReal (nat_lit 2)
                    (@instOfNatAtLeastTwo.{0} ENNReal (nat_lit 2)
                      (@AddMonoidWithOne.toNatCast.{0} ENNReal
                        (@AddCommMonoidWithOne.toAddMonoidWithOne.{0} ENNReal ENNReal.instAddCommMonoidWithOne))
                      PiLp.innerProductSpace._proof_1))
                  ((i : Fin n) → (fun (x : Fin n) => Real) i)
                  (@Pi.addCommGroup.{0, 0} (Fin n) (fun (x : Fin n) => Real) fun (i : Fin n) => Real.instAddCommGroup)))
              (@WithLp.instModule.{0, 0}
                (@OfNat.ofNat.{0} ENNReal (nat_lit 2)
                  (@instOfNatAtLeastTwo.{0} ENNReal (nat_lit 2)
                    (@AddMonoidWithOne.toNatCast.{0} ENNReal
                      (@AddCommMonoidWithOne.toAddMonoidWithOne.{0} ENNReal ENNReal.instAddCommMonoidWithOne))
                    PiLp.innerProductSpace._proof_1))
                Real ((i : Fin n) → (fun (x : Fin n) => Real) i) Real.semiring
                (@Pi.addCommGroup.{0, 0} (Fin n) (fun (x : Fin n) => Real) fun (i : Fin n) => Real.instAddCommGroup)
                (@Pi.Function.module.{0, 0, 0} (Fin n) Real Real Real.semiring
                  (@Semiring.toAddCommMonoid.{0} Real (@Ring.toSemiring.{0} Real Real.instRing))
                  (@Semiring.toModule.{0} Real Real.semiring))))
            (NLA.KE04.Vec n)
            (@Submodule.setLike.{0, 0} Real (NLA.KE04.Vec n) Real.semiring
              (@AddCommGroup.toAddCommMonoid.{0} (NLA.KE04.Vec n)
                (@WithLp.instAddCommGroup.{0}
                  (@OfNat.ofNat.{0} ENNReal (nat_lit 2)
                    (@instOfNatAtLeastTwo.{0} ENNReal (nat_lit 2)
                      (@AddMonoidWithOne.toNatCast.{0} ENNReal
                        (@AddCommMonoidWithOne.toAddMonoidWithOne.{0} ENNReal ENNReal.instAddCommMonoidWithOne))
                      PiLp.innerProductSpace._proof_1))
                  ((i : Fin n) → (fun (x : Fin n) => Real) i)
                  (@Pi.addCommGroup.{0, 0} (Fin n) (fun (x : Fin n) => Real) fun (i : Fin n) => Real.instAddCommGroup)))
              (@WithLp.instModule.{0, 0}
                (@OfNat.ofNat.{0} ENNReal (nat_lit 2)
                  (@instOfNatAtLeastTwo.{0} ENNReal (nat_lit 2)
                    (@AddMonoidWithOne.toNatCast.{0} ENNReal
                      (@AddCommMonoidWithOne.toAddMonoidWithOne.{0} ENNReal ENNReal.instAddCommMonoidWithOne))
                    PiLp.innerProductSpace._proof_1))
                Real ((i : Fin n) → (fun (x : Fin n) => Real) i) Real.semiring
                (@Pi.addCommGroup.{0, 0} (Fin n) (fun (x : Fin n) => Real) fun (i : Fin n) => Real.instAddCommGroup)
                (@Pi.Function.module.{0, 0, 0} (Fin n) Real Real Real.semiring
                  (@Semiring.toAddCommMonoid.{0} Real (@Ring.toSemiring.{0} Real Real.instRing))
                  (@Semiring.toModule.{0} Real Real.semiring)))))
          E x)
        (@Membership.mem.{0, 0} (NLA.KE04.Vec n)
          (@Submodule.{0, 0} Real (NLA.KE04.Vec n) Real.semiring
            (@AddCommGroup.toAddCommMonoid.{0} (NLA.KE04.Vec n)
              (@WithLp.instAddCommGroup.{0}
                (@OfNat.ofNat.{0} ENNReal (nat_lit 2)
                  (@instOfNatAtLeastTwo.{0} ENNReal (nat_lit 2)
                    (@AddMonoidWithOne.toNatCast.{0} ENNReal
                      (@AddCommMonoidWithOne.toAddMonoidWithOne.{0} ENNReal ENNReal.instAddCommMonoidWithOne))
                    PiLp.innerProductSpace._proof_1))
                ((i : Fin n) → (fun (x : Fin n) => Real) i)
                (@Pi.addCommGroup.{0, 0} (Fin n) (fun (x : Fin n) => Real) fun (i : Fin n) => Real.instAddCommGroup)))
            (@WithLp.instModule.{0, 0}
              (@OfNat.ofNat.{0} ENNReal (nat_lit 2)
                (@instOfNatAtLeastTwo.{0} ENNReal (nat_lit 2)
                  (@AddMonoidWithOne.toNatCast.{0} ENNReal
                    (@AddCommMonoidWithOne.toAddMonoidWithOne.{0} ENNReal ENNReal.instAddCommMonoidWithOne))
                  PiLp.innerProductSpace._proof_1))
              Real ((i : Fin n) → (fun (x : Fin n) => Real) i) Real.semiring
              (@Pi.addCommGroup.{0, 0} (Fin n) (fun (x : Fin n) => Real) fun (i : Fin n) => Real.instAddCommGroup)
              (@Pi.Function.module.{0, 0, 0} (Fin n) Real Real Real.semiring
                (@Semiring.toAddCommMonoid.{0} Real (@Ring.toSemiring.{0} Real Real.instRing))
                (@Semiring.toModule.{0} Real Real.semiring))))
          (@SetLike.instMembership.{0, 0}
            (@Submodule.{0, 0} Real (NLA.KE04.Vec n) Real.semiring
              (@AddCommGroup.toAddCommMonoid.{0} (NLA.KE04.Vec n)
                (@WithLp.instAddCommGroup.{0}
                  (@OfNat.ofNat.{0} ENNReal (nat_lit 2)
                    (@instOfNatAtLeastTwo.{0} ENNReal (nat_lit 2)
                      (@AddMonoidWithOne.toNatCast.{0} ENNReal
                        (@AddCommMonoidWithOne.toAddMonoidWithOne.{0} ENNReal ENNReal.instAddCommMonoidWithOne))
                      PiLp.innerProductSpace._proof_1))
                  ((i : Fin n) → (fun (x : Fin n) => Real) i)
                  (@Pi.addCommGroup.{0, 0} (Fin n) (fun (x : Fin n) => Real) fun (i : Fin n) => Real.instAddCommGroup)))
              (@WithLp.instModule.{0, 0}
                (@OfNat.ofNat.{0} ENNReal (nat_lit 2)
                  (@instOfNatAtLeastTwo.{0} ENNReal (nat_lit 2)
                    (@AddMonoidWithOne.toNatCast.{0} ENNReal
                      (@AddCommMonoidWithOne.toAddMonoidWithOne.{0} ENNReal ENNReal.instAddCommMonoidWithOne))
                    PiLp.innerProductSpace._proof_1))
                Real ((i : Fin n) → (fun (x : Fin n) => Real) i) Real.semiring
                (@Pi.addCommGroup.{0, 0} (Fin n) (fun (x : Fin n) => Real) fun (i : Fin n) => Real.instAddCommGroup)
                (@Pi.Function.module.{0, 0, 0} (Fin n) Real Real Real.semiring
                  (@Semiring.toAddCommMonoid.{0} Real (@Ring.toSemiring.{0} Real Real.instRing))
                  (@Semiring.toModule.{0} Real Real.semiring))))
            (NLA.KE04.Vec n)
            (@Submodule.setLike.{0, 0} Real (NLA.KE04.Vec n) Real.semiring
              (@AddCommGroup.toAddCommMonoid.{0} (NLA.KE04.Vec n)
                (@WithLp.instAddCommGroup.{0}
                  (@OfNat.ofNat.{0} ENNReal (nat_lit 2)
                    (@instOfNatAtLeastTwo.{0} ENNReal (nat_lit 2)
                      (@AddMonoidWithOne.toNatCast.{0} ENNReal
                        (@AddCommMonoidWithOne.toAddMonoidWithOne.{0} ENNReal ENNReal.instAddCommMonoidWithOne))
                      PiLp.innerProductSpace._proof_1))
                  ((i : Fin n) → (fun (x : Fin n) => Real) i)
                  (@Pi.addCommGroup.{0, 0} (Fin n) (fun (x : Fin n) => Real) fun (i : Fin n) => Real.instAddCommGroup)))
              (@WithLp.instModule.{0, 0}
                (@OfNat.ofNat.{0} ENNReal (nat_lit 2)
                  (@instOfNatAtLeastTwo.{0} ENNReal (nat_lit 2)
                    (@AddMonoidWithOne.toNatCast.{0} ENNReal
                      (@AddCommMonoidWithOne.toAddMonoidWithOne.{0} ENNReal ENNReal.instAddCommMonoidWithOne))
                    PiLp.innerProductSpace._proof_1))
                Real ((i : Fin n) → (fun (x : Fin n) => Real) i) Real.semiring
                (@Pi.addCommGroup.{0, 0} (Fin n) (fun (x : Fin n) => Real) fun (i : Fin n) => Real.instAddCommGroup)
                (@Pi.Function.module.{0, 0, 0} (Fin n) Real Real Real.semiring
                  (@Semiring.toAddCommMonoid.{0} Real (@Ring.toSemiring.{0} Real Real.instRing))
                  (@Semiring.toModule.{0} Real Real.semiring)))))
          (@NLA.KE04.krylov n p A V
            (@HSub.hSub.{0, 0, 0} Nat Nat Nat (@instHSub.{0} Nat instSubNat) k
              (@OfNat.ofNat.{0} Nat (nat_lit 1) (instOfNatNat (nat_lit 1)))))
          x)) :=
fun {n p : Nat} (A : NLA.KE04.Mat n) (V : NLA.KE04.Rect n p) (k : Nat)
    (hk : @LE.le.{0} Nat instLENat (@OfNat.ofNat.{0} Nat (nat_lit 1) (instOfNatNat (nat_lit 1))) k)
    (hfull : @NLA.KE04.FullBlockDimension n p A V k)
    (hprev :
      @NLA.KE04.FullBlockDimension n p A V
        (@HSub.hSub.{0, 0, 0} Nat Nat Nat (@instHSub.{0} Nat instSubNat) k
          (@OfNat.ofNat.{0} Nat (nat_lit 1) (instOfNatNat (nat_lit 1)))))
    (E :
      @Submodule.{0, 0} Real (NLA.KE04.Vec n) Real.semiring
        (@AddCommGroup.toAddCommMonoid.{0} (NLA.KE04.Vec n)
          (@WithLp.instAddCommGroup.{0}
            (@OfNat.ofNat.{0} ENNReal (nat_lit 2)
              (@instOfNatAtLeastTwo.{0} ENNReal (nat_lit 2)
                (@AddMonoidWithOne.toNatCast.{0} ENNReal
                  (@AddCommMonoidWithOne.toAddMonoidWithOne.{0} ENNReal ENNReal.instAddCommMonoidWithOne))
                PiLp.innerProductSpace._proof_1))
            ((i : Fin n) → (fun (x : Fin n) => Real) i)
            (@Pi.addCommGroup.{0, 0} (Fin n) (fun (x : Fin n) => Real) fun (i : Fin n) => Real.instAddCommGroup)))
        (@WithLp.instModule.{0, 0}
          (@OfNat.ofNat.{0} ENNReal (nat_lit 2)
            (@instOfNatAtLeastTwo.{0} ENNReal (nat_lit 2)
              (@AddMonoidWithOne.toNatCast.{0} ENNReal
                (@AddCommMonoidWithOne.toAddMonoidWithOne.{0} ENNReal ENNReal.instAddCommMonoidWithOne))
              PiLp.innerProductSpace._proof_1))
          Real ((i : Fin n) → (fun (x : Fin n) => Real) i) Real.semiring
          (@Pi.addCommGroup.{0, 0} (Fin n) (fun (x : Fin n) => Real) fun (i : Fin n) => Real.instAddCommGroup)
          (@Pi.Function.module.{0, 0, 0} (Fin n) Real Real Real.semiring
            (@Semiring.toAddCommMonoid.{0} Real (@Ring.toSemiring.{0} Real Real.instRing))
            (@Semiring.toModule.{0} Real Real.semiring))))
    (hE :
      @LE.le.{0}
        (@Submodule.{0, 0} Real (NLA.KE04.Vec n) Real.semiring
          (@AddCommGroup.toAddCommMonoid.{0} (NLA.KE04.Vec n)
            (@WithLp.instAddCommGroup.{0}
              (@OfNat.ofNat.{0} ENNReal (nat_lit 2)
                (@instOfNatAtLeastTwo.{0} ENNReal (nat_lit 2)
                  (@AddMonoidWithOne.toNatCast.{0} ENNReal
                    (@AddCommMonoidWithOne.toAddMonoidWithOne.{0} ENNReal ENNReal.instAddCommMonoidWithOne))
                  PiLp.innerProductSpace._proof_1))
              ((i : Fin n) → (fun (x : Fin n) => Real) i)
              (@Pi.addCommGroup.{0, 0} (Fin n) (fun (x : Fin n) => Real) fun (i : Fin n) => Real.instAddCommGroup)))
          (@WithLp.instModule.{0, 0}
            (@OfNat.ofNat.{0} ENNReal (nat_lit 2)
              (@instOfNatAtLeastTwo.{0} ENNReal (nat_lit 2)
                (@AddMonoidWithOne.toNatCast.{0} ENNReal
                  (@AddCommMonoidWithOne.toAddMonoidWithOne.{0} ENNReal ENNReal.instAddCommMonoidWithOne))
                PiLp.innerProductSpace._proof_1))
            Real ((i : Fin n) → (fun (x : Fin n) => Real) i) Real.semiring
            (@Pi.addCommGroup.{0, 0} (Fin n) (fun (x : Fin n) => Real) fun (i : Fin n) => Real.instAddCommGroup)
            (@Pi.Function.module.{0, 0, 0} (Fin n) Real Real Real.semiring
              (@Semiring.toAddCommMonoid.{0} Real (@Ring.toSemiring.{0} Real Real.instRing))
              (@Semiring.toModule.{0} Real Real.semiring))))
        (@Preorder.toLE.{0}
          (@Submodule.{0, 0} Real (NLA.KE04.Vec n) Real.semiring
            (@AddCommGroup.toAddCommMonoid.{0} (NLA.KE04.Vec n)
              (@WithLp.instAddCommGroup.{0}
                (@OfNat.ofNat.{0} ENNReal (nat_lit 2)
                  (@instOfNatAtLeastTwo.{0} ENNReal (nat_lit 2)
                    (@AddMonoidWithOne.toNatCast.{0} ENNReal
                      (@AddCommMonoidWithOne.toAddMonoidWithOne.{0} ENNReal ENNReal.instAddCommMonoidWithOne))
                    PiLp.innerProductSpace._proof_1))
                ((i : Fin n) → (fun (x : Fin n) => Real) i)
                (@Pi.addCommGroup.{0, 0} (Fin n) (fun (x : Fin n) => Real) fun (i : Fin n) => Real.instAddCommGroup)))
            (@WithLp.instModule.{0, 0}
              (@OfNat.ofNat.{0} ENNReal (nat_lit 2)
                (@instOfNatAtLeastTwo.{0} ENNReal (nat_lit 2)
                  (@AddMonoidWithOne.toNatCast.{0} ENNReal
                    (@AddCommMonoidWithOne.toAddMonoidWithOne.{0} ENNReal ENNReal.instAddCommMonoidWithOne))
                  PiLp.innerProductSpace._proof_1))
              Real ((i : Fin n) → (fun (x : Fin n) => Real) i) Real.semiring
              (@Pi.addCommGroup.{0, 0} (Fin n) (fun (x : Fin n) => Real) fun (i : Fin n) => Real.instAddCommGroup)
              (@Pi.Function.module.{0, 0, 0} (Fin n) Real Real Real.semiring
                (@Semiring.toAddCommMonoid.{0} Real (@Ring.toSemiring.{0} Real Real.instRing))
                (@Semiring.toModule.{0} Real Real.semiring))))
          (@PartialOrder.toPreorder.{0}
            (@Submodule.{0, 0} Real (NLA.KE04.Vec n) Real.semiring
              (@AddCommGroup.toAddCommMonoid.{0} (NLA.KE04.Vec n)
                (@WithLp.instAddCommGroup.{0}
                  (@OfNat.ofNat.{0} ENNReal (nat_lit 2)
                    (@instOfNatAtLeastTwo.{0} ENNReal (nat_lit 2)
                      (@AddMonoidWithOne.toNatCast.{0} ENNReal
                        (@AddCommMonoidWithOne.toAddMonoidWithOne.{0} ENNReal ENNReal.instAddCommMonoidWithOne))
                      PiLp.innerProductSpace._proof_1))
                  ((i : Fin n) → (fun (x : Fin n) => Real) i)
                  (@Pi.addCommGroup.{0, 0} (Fin n) (fun (x : Fin n) => Real) fun (i : Fin n) => Real.instAddCommGroup)))
              (@WithLp.instModule.{0, 0}
                (@OfNat.ofNat.{0} ENNReal (nat_lit 2)
                  (@instOfNatAtLeastTwo.{0} ENNReal (nat_lit 2)
                    (@AddMonoidWithOne.toNatCast.{0} ENNReal
                      (@AddCommMonoidWithOne.toAddMonoidWithOne.{0} ENNReal ENNReal.instAddCommMonoidWithOne))
                    PiLp.innerProductSpace._proof_1))
                Real ((i : Fin n) → (fun (x : Fin n) => Real) i) Real.semiring
                (@Pi.addCommGroup.{0, 0} (Fin n) (fun (x : Fin n) => Real) fun (i : Fin n) => Real.instAddCommGroup)
                (@Pi.Function.module.{0, 0, 0} (Fin n) Real Real Real.semiring
                  (@Semiring.toAddCommMonoid.{0} Real (@Ring.toSemiring.{0} Real Real.instRing))
                  (@Semiring.toModule.{0} Real Real.semiring))))
            (@Submodule.instPartialOrder.{0, 0} Real (NLA.KE04.Vec n) Real.semiring
              (@AddCommGroup.toAddCommMonoid.{0} (NLA.KE04.Vec n)
                (@WithLp.instAddCommGroup.{0}
                  (@OfNat.ofNat.{0} ENNReal (nat_lit 2)
                    (@instOfNatAtLeastTwo.{0} ENNReal (nat_lit 2)
                      (@AddMonoidWithOne.toNatCast.{0} ENNReal
                        (@AddCommMonoidWithOne.toAddMonoidWithOne.{0} ENNReal ENNReal.instAddCommMonoidWithOne))
                      PiLp.innerProductSpace._proof_1))
                  ((i : Fin n) → (fun (x : Fin n) => Real) i)
                  (@Pi.addCommGroup.{0, 0} (Fin n) (fun (x : Fin n) => Real) fun (i : Fin n) => Real.instAddCommGroup)))
              (@WithLp.instModule.{0, 0}
                (@OfNat.ofNat.{0} ENNReal (nat_lit 2)
                  (@instOfNatAtLeastTwo.{0} ENNReal (nat_lit 2)
                    (@AddMonoidWithOne.toNatCast.{0} ENNReal
                      (@AddCommMonoidWithOne.toAddMonoidWithOne.{0} ENNReal ENNReal.instAddCommMonoidWithOne))
                    PiLp.innerProductSpace._proof_1))
                Real ((i : Fin n) → (fun (x : Fin n) => Real) i) Real.semiring
                (@Pi.addCommGroup.{0, 0} (Fin n) (fun (x : Fin n) => Real) fun (i : Fin n) => Real.instAddCommGroup)
                (@Pi.Function.module.{0, 0, 0} (Fin n) Real Real Real.semiring
                  (@Semiring.toAddCommMonoid.{0} Real (@Ring.toSemiring.{0} Real Real.instRing))
                  (@Semiring.toModule.{0} Real Real.semiring))))))
        E (@NLA.KE04.krylov n p A V k))
    (hdim :
      @Eq.{1} Nat
        (@Module.finrank.{0, 0} Real
          (@Subtype.{1} (NLA.KE04.Vec n) fun (x : NLA.KE04.Vec n) =>
            @Membership.mem.{0, 0} (NLA.KE04.Vec n)
              (@Submodule.{0, 0} Real (NLA.KE04.Vec n) Real.semiring
                (@AddCommGroup.toAddCommMonoid.{0} (NLA.KE04.Vec n)
                  (@WithLp.instAddCommGroup.{0}
                    (@OfNat.ofNat.{0} ENNReal (nat_lit 2)
                      (@instOfNatAtLeastTwo.{0} ENNReal (nat_lit 2)
                        (@AddMonoidWithOne.toNatCast.{0} ENNReal
                          (@AddCommMonoidWithOne.toAddMonoidWithOne.{0} ENNReal ENNReal.instAddCommMonoidWithOne))
                        PiLp.innerProductSpace._proof_1))
                    ((i : Fin n) → (fun (x : Fin n) => Real) i)
                    (@Pi.addCommGroup.{0, 0} (Fin n) (fun (x : Fin n) => Real) fun (i : Fin n) =>
                      Real.instAddCommGroup)))
                (@WithLp.instModule.{0, 0}
                  (@OfNat.ofNat.{0} ENNReal (nat_lit 2)
                    (@instOfNatAtLeastTwo.{0} ENNReal (nat_lit 2)
                      (@AddMonoidWithOne.toNatCast.{0} ENNReal
                        (@AddCommMonoidWithOne.toAddMonoidWithOne.{0} ENNReal ENNReal.instAddCommMonoidWithOne))
                      PiLp.innerProductSpace._proof_1))
                  Real ((i : Fin n) → (fun (x : Fin n) => Real) i) Real.semiring
                  (@Pi.addCommGroup.{0, 0} (Fin n) (fun (x : Fin n) => Real) fun (i : Fin n) => Real.instAddCommGroup)
                  (@Pi.Function.module.{0, 0, 0} (Fin n) Real Real Real.semiring
                    (@Semiring.toAddCommMonoid.{0} Real (@Ring.toSemiring.{0} Real Real.instRing))
                    (@Semiring.toModule.{0} Real Real.semiring))))
              (@SetLike.instMembership.{0, 0}
                (@Submodule.{0, 0} Real (NLA.KE04.Vec n) Real.semiring
                  (@AddCommGroup.toAddCommMonoid.{0} (NLA.KE04.Vec n)
                    (@WithLp.instAddCommGroup.{0}
                      (@OfNat.ofNat.{0} ENNReal (nat_lit 2)
                        (@instOfNatAtLeastTwo.{0} ENNReal (nat_lit 2)
                          (@AddMonoidWithOne.toNatCast.{0} ENNReal
                            (@AddCommMonoidWithOne.toAddMonoidWithOne.{0} ENNReal ENNReal.instAddCommMonoidWithOne))
                          PiLp.innerProductSpace._proof_1))
                      ((i : Fin n) → (fun (x : Fin n) => Real) i)
                      (@Pi.addCommGroup.{0, 0} (Fin n) (fun (x : Fin n) => Real) fun (i : Fin n) =>
                        Real.instAddCommGroup)))
                  (@WithLp.instModule.{0, 0}
                    (@OfNat.ofNat.{0} ENNReal (nat_lit 2)
                      (@instOfNatAtLeastTwo.{0} ENNReal (nat_lit 2)
                        (@AddMonoidWithOne.toNatCast.{0} ENNReal
                          (@AddCommMonoidWithOne.toAddMonoidWithOne.{0} ENNReal ENNReal.instAddCommMonoidWithOne))
                        PiLp.innerProductSpace._proof_1))
                    Real ((i : Fin n) → (fun (x : Fin n) => Real) i) Real.semiring
                    (@Pi.addCommGroup.{0, 0} (Fin n) (fun (x : Fin n) => Real) fun (i : Fin n) => Real.instAddCommGroup)
                    (@Pi.Function.module.{0, 0, 0} (Fin n) Real Real Real.semiring
                      (@Semiring.toAddCommMonoid.{0} Real (@Ring.toSemiring.{0} Real Real.instRing))
                      (@Semiring.toModule.{0} Real Real.semiring))))
                (NLA.KE04.Vec n)
                (@Submodule.setLike.{0, 0} Real (NLA.KE04.Vec n) Real.semiring
                  (@AddCommGroup.toAddCommMonoid.{0} (NLA.KE04.Vec n)
                    (@WithLp.instAddCommGroup.{0}
                      (@OfNat.ofNat.{0} ENNReal (nat_lit 2)
                        (@instOfNatAtLeastTwo.{0} ENNReal (nat_lit 2)
                          (@AddMonoidWithOne.toNatCast.{0} ENNReal
                            (@AddCommMonoidWithOne.toAddMonoidWithOne.{0} ENNReal ENNReal.instAddCommMonoidWithOne))
                          PiLp.innerProductSpace._proof_1))
                      ((i : Fin n) → (fun (x : Fin n) => Real) i)
                      (@Pi.addCommGroup.{0, 0} (Fin n) (fun (x : Fin n) => Real) fun (i : Fin n) =>
                        Real.instAddCommGroup)))
                  (@WithLp.instModule.{0, 0}
                    (@OfNat.ofNat.{0} ENNReal (nat_lit 2)
                      (@instOfNatAtLeastTwo.{0} ENNReal (nat_lit 2)
                        (@AddMonoidWithOne.toNatCast.{0} ENNReal
                          (@AddCommMonoidWithOne.toAddMonoidWithOne.{0} ENNReal ENNReal.instAddCommMonoidWithOne))
                        PiLp.innerProductSpace._proof_1))
                    Real ((i : Fin n) → (fun (x : Fin n) => Real) i) Real.semiring
                    (@Pi.addCommGroup.{0, 0} (Fin n) (fun (x : Fin n) => Real) fun (i : Fin n) => Real.instAddCommGroup)
                    (@Pi.Function.module.{0, 0, 0} (Fin n) Real Real Real.semiring
                      (@Semiring.toAddCommMonoid.{0} Real (@Ring.toSemiring.{0} Real Real.instRing))
                      (@Semiring.toModule.{0} Real Real.semiring)))))
              E x)
          Real.semiring
          (@Submodule.addCommMonoid.{0, 0} Real (NLA.KE04.Vec n) Real.semiring
            (@AddCommGroup.toAddCommMonoid.{0} (NLA.KE04.Vec n)
              (@WithLp.instAddCommGroup.{0}
                (@OfNat.ofNat.{0} ENNReal (nat_lit 2)
                  (@instOfNatAtLeastTwo.{0} ENNReal (nat_lit 2)
                    (@AddMonoidWithOne.toNatCast.{0} ENNReal
                      (@AddCommMonoidWithOne.toAddMonoidWithOne.{0} ENNReal ENNReal.instAddCommMonoidWithOne))
                    PiLp.innerProductSpace._proof_1))
                ((i : Fin n) → (fun (x : Fin n) => Real) i)
                (@Pi.addCommGroup.{0, 0} (Fin n) (fun (x : Fin n) => Real) fun (i : Fin n) => Real.instAddCommGroup)))
            (@WithLp.instModule.{0, 0}
              (@OfNat.ofNat.{0} ENNReal (nat_lit 2)
                (@instOfNatAtLeastTwo.{0} ENNReal (nat_lit 2)
                  (@AddMonoidWithOne.toNatCast.{0} ENNReal
                    (@AddCommMonoidWithOne.toAddMonoidWithOne.{0} ENNReal ENNReal.instAddCommMonoidWithOne))
                  PiLp.innerProductSpace._proof_1))
              Real ((i : Fin n) → (fun (x : Fin n) => Real) i) Real.semiring
              (@Pi.addCommGroup.{0, 0} (Fin n) (fun (x : Fin n) => Real) fun (i : Fin n) => Real.instAddCommGroup)
              (@Pi.Function.module.{0, 0, 0} (Fin n) Real Real Real.semiring
                (@Semiring.toAddCommMonoid.{0} Real (@Ring.toSemiring.{0} Real Real.instRing))
                (@Semiring.toModule.{0} Real Real.semiring)))
            E)
          (@Submodule.module.{0, 0} Real (NLA.KE04.Vec n) Real.semiring
            (@AddCommGroup.toAddCommMonoid.{0} (NLA.KE04.Vec n)
              (@WithLp.instAddCommGroup.{0}
                (@OfNat.ofNat.{0} ENNReal (nat_lit 2)
                  (@instOfNatAtLeastTwo.{0} ENNReal (nat_lit 2)
                    (@AddMonoidWithOne.toNatCast.{0} ENNReal
                      (@AddCommMonoidWithOne.toAddMonoidWithOne.{0} ENNReal ENNReal.instAddCommMonoidWithOne))
                    PiLp.innerProductSpace._proof_1))
                ((i : Fin n) → (fun (x : Fin n) => Real) i)
                (@Pi.addCommGroup.{0, 0} (Fin n) (fun (x : Fin n) => Real) fun (i : Fin n) => Real.instAddCommGroup)))
            (@WithLp.instModule.{0, 0}
              (@OfNat.ofNat.{0} ENNReal (nat_lit 2)
                (@instOfNatAtLeastTwo.{0} ENNReal (nat_lit 2)
                  (@AddMonoidWithOne.toNatCast.{0} ENNReal
                    (@AddCommMonoidWithOne.toAddMonoidWithOne.{0} ENNReal ENNReal.instAddCommMonoidWithOne))
                  PiLp.innerProductSpace._proof_1))
              Real ((i : Fin n) → (fun (x : Fin n) => Real) i) Real.semiring
              (@Pi.addCommGroup.{0, 0} (Fin n) (fun (x : Fin n) => Real) fun (i : Fin n) => Real.instAddCommGroup)
              (@Pi.Function.module.{0, 0, 0} (Fin n) Real Real Real.semiring
                (@Semiring.toAddCommMonoid.{0} Real (@Ring.toSemiring.{0} Real Real.instRing))
                (@Semiring.toModule.{0} Real Real.semiring)))
            E))
        (@HAdd.hAdd.{0, 0, 0} Nat Nat Nat (@instHAdd.{0} Nat instAddNat) p
          (@OfNat.ofNat.{0} Nat (nat_lit 1) (instOfNatNat (nat_lit 1))))) =>
  sorryAx.{0}
    (∀ (tag : Lean.Name),
      @Exists.{1} (NLA.KE04.Vec n) fun (x : NLA.KE04.Vec n) =>
        And
          (@Ne.{1} (NLA.KE04.Vec n) x
            (@OfNat.ofNat.{0} (NLA.KE04.Vec n) (nat_lit 0)
              (@Zero.toOfNat0.{0} (NLA.KE04.Vec n)
                (@NegZeroClass.toZero.{0} (NLA.KE04.Vec n)
                  (@SubNegZeroMonoid.toNegZeroClass.{0} (NLA.KE04.Vec n)
                    (@SubtractionMonoid.toSubNegZeroMonoid.{0} (NLA.KE04.Vec n)
                      (@SubtractionCommMonoid.toSubtractionMonoid.{0} (NLA.KE04.Vec n)
                        (@AddCommGroup.toDivisionAddCommMonoid.{0} (NLA.KE04.Vec n)
                          (@WithLp.instAddCommGroup.{0}
                            (@OfNat.ofNat.{0} ENNReal (nat_lit 2)
                              (@instOfNatAtLeastTwo.{0} ENNReal (nat_lit 2)
                                (@AddMonoidWithOne.toNatCast.{0} ENNReal
                                  (@AddCommMonoidWithOne.toAddMonoidWithOne.{0} ENNReal
                                    ENNReal.instAddCommMonoidWithOne))
                                PiLp.innerProductSpace._proof_1))
                            ((i : Fin n) → (fun (x : Fin n) => Real) i)
                            (@Pi.addCommGroup.{0, 0} (Fin n) (fun (x : Fin n) => Real) fun (i : Fin n) =>
                              Real.instAddCommGroup))))))))))
          (And
            (@Membership.mem.{0, 0} (NLA.KE04.Vec n)
              (@Submodule.{0, 0} Real (NLA.KE04.Vec n) Real.semiring
                (@AddCommGroup.toAddCommMonoid.{0} (NLA.KE04.Vec n)
                  (@WithLp.instAddCommGroup.{0}
                    (@OfNat.ofNat.{0} ENNReal (nat_lit 2)
                      (@instOfNatAtLeastTwo.{0} ENNReal (nat_lit 2)
                        (@AddMonoidWithOne.toNatCast.{0} ENNReal
                          (@AddCommMonoidWithOne.toAddMonoidWithOne.{0} ENNReal ENNReal.instAddCommMonoidWithOne))
                        PiLp.innerProductSpace._proof_1))
                    ((i : Fin n) → (fun (x : Fin n) => Real) i)
                    (@Pi.addCommGroup.{0, 0} (Fin n) (fun (x : Fin n) => Real) fun (i : Fin n) =>
                      Real.instAddCommGroup)))
                (@WithLp.instModule.{0, 0}
                  (@OfNat.ofNat.{0} ENNReal (nat_lit 2)
                    (@instOfNatAtLeastTwo.{0} ENNReal (nat_lit 2)
                      (@AddMonoidWithOne.toNatCast.{0} ENNReal
                        (@AddCommMonoidWithOne.toAddMonoidWithOne.{0} ENNReal ENNReal.instAddCommMonoidWithOne))
                      PiLp.innerProductSpace._proof_1))
                  Real ((i : Fin n) → (fun (x : Fin n) => Real) i) Real.semiring
                  (@Pi.addCommGroup.{0, 0} (Fin n) (fun (x : Fin n) => Real) fun (i : Fin n) => Real.instAddCommGroup)
                  (@Pi.Function.module.{0, 0, 0} (Fin n) Real Real Real.semiring
                    (@Semiring.toAddCommMonoid.{0} Real (@Ring.toSemiring.{0} Real Real.instRing))
                    (@Semiring.toModule.{0} Real Real.semiring))))
              (@SetLike.instMembership.{0, 0}
                (@Submodule.{0, 0} Real (NLA.KE04.Vec n) Real.semiring
                  (@AddCommGroup.toAddCommMonoid.{0} (NLA.KE04.Vec n)
                    (@WithLp.instAddCommGroup.{0}
                      (@OfNat.ofNat.{0} ENNReal (nat_lit 2)
                        (@instOfNatAtLeastTwo.{0} ENNReal (nat_lit 2)
                          (@AddMonoidWithOne.toNatCast.{0} ENNReal
                            (@AddCommMonoidWithOne.toAddMonoidWithOne.{0} ENNReal ENNReal.instAddCommMonoidWithOne))
                          PiLp.innerProductSpace._proof_1))
                      ((i : Fin n) → (fun (x : Fin n) => Real) i)
                      (@Pi.addCommGroup.{0, 0} (Fin n) (fun (x : Fin n) => Real) fun (i : Fin n) =>
                        Real.instAddCommGroup)))
                  (@WithLp.instModule.{0, 0}
                    (@OfNat.ofNat.{0} ENNReal (nat_lit 2)
                      (@instOfNatAtLeastTwo.{0} ENNReal (nat_lit 2)
                        (@AddMonoidWithOne.toNatCast.{0} ENNReal
                          (@AddCommMonoidWithOne.toAddMonoidWithOne.{0} ENNReal ENNReal.instAddCommMonoidWithOne))
                        PiLp.innerProductSpace._proof_1))
                    Real ((i : Fin n) → (fun (x : Fin n) => Real) i) Real.semiring
                    (@Pi.addCommGroup.{0, 0} (Fin n) (fun (x : Fin n) => Real) fun (i : Fin n) => Real.instAddCommGroup)
                    (@Pi.Function.module.{0, 0, 0} (Fin n) Real Real Real.semiring
                      (@Semiring.toAddCommMonoid.{0} Real (@Ring.toSemiring.{0} Real Real.instRing))
                      (@Semiring.toModule.{0} Real Real.semiring))))
                (NLA.KE04.Vec n)
                (@Submodule.setLike.{0, 0} Real (NLA.KE04.Vec n) Real.semiring
                  (@AddCommGroup.toAddCommMonoid.{0} (NLA.KE04.Vec n)
                    (@WithLp.instAddCommGroup.{0}
                      (@OfNat.ofNat.{0} ENNReal (nat_lit 2)
                        (@instOfNatAtLeastTwo.{0} ENNReal (nat_lit 2)
                          (@AddMonoidWithOne.toNatCast.{0} ENNReal
                            (@AddCommMonoidWithOne.toAddMonoidWithOne.{0} ENNReal ENNReal.instAddCommMonoidWithOne))
                          PiLp.innerProductSpace._proof_1))
                      ((i : Fin n) → (fun (x : Fin n) => Real) i)
                      (@Pi.addCommGroup.{0, 0} (Fin n) (fun (x : Fin n) => Real) fun (i : Fin n) =>
                        Real.instAddCommGroup)))
                  (@WithLp.instModule.{0, 0}
                    (@OfNat.ofNat.{0} ENNReal (nat_lit 2)
                      (@instOfNatAtLeastTwo.{0} ENNReal (nat_lit 2)
                        (@AddMonoidWithOne.toNatCast.{0} ENNReal
                          (@AddCommMonoidWithOne.toAddMonoidWithOne.{0} ENNReal ENNReal.instAddCommMonoidWithOne))
                        PiLp.innerProductSpace._proof_1))
                    Real ((i : Fin n) → (fun (x : Fin n) => Real) i) Real.semiring
                    (@Pi.addCommGroup.{0, 0} (Fin n) (fun (x : Fin n) => Real) fun (i : Fin n) => Real.instAddCommGroup)
                    (@Pi.Function.module.{0, 0, 0} (Fin n) Real Real Real.semiring
                      (@Semiring.toAddCommMonoid.{0} Real (@Ring.toSemiring.{0} Real Real.instRing))
                      (@Semiring.toModule.{0} Real Real.semiring)))))
              E x)
            (@Membership.mem.{0, 0} (NLA.KE04.Vec n)
              (@Submodule.{0, 0} Real (NLA.KE04.Vec n) Real.semiring
                (@AddCommGroup.toAddCommMonoid.{0} (NLA.KE04.Vec n)
                  (@WithLp.instAddCommGroup.{0}
                    (@OfNat.ofNat.{0} ENNReal (nat_lit 2)
                      (@instOfNatAtLeastTwo.{0} ENNReal (nat_lit 2)
                        (@AddMonoidWithOne.toNatCast.{0} ENNReal
                          (@AddCommMonoidWithOne.toAddMonoidWithOne.{0} ENNReal ENNReal.instAddCommMonoidWithOne))
                        PiLp.innerProductSpace._proof_1))
                    ((i : Fin n) → (fun (x : Fin n) => Real) i)
                    (@Pi.addCommGroup.{0, 0} (Fin n) (fun (x : Fin n) => Real) fun (i : Fin n) =>
                      Real.instAddCommGroup)))
                (@WithLp.instModule.{0, 0}
                  (@OfNat.ofNat.{0} ENNReal (nat_lit 2)
                    (@instOfNatAtLeastTwo.{0} ENNReal (nat_lit 2)
                      (@AddMonoidWithOne.toNatCast.{0} ENNReal
                        (@AddCommMonoidWithOne.toAddMonoidWithOne.{0} ENNReal ENNReal.instAddCommMonoidWithOne))
                      PiLp.innerProductSpace._proof_1))
                  Real ((i : Fin n) → (fun (x : Fin n) => Real) i) Real.semiring
                  (@Pi.addCommGroup.{0, 0} (Fin n) (fun (x : Fin n) => Real) fun (i : Fin n) => Real.instAddCommGroup)
                  (@Pi.Function.module.{0, 0, 0} (Fin n) Real Real Real.semiring
                    (@Semiring.toAddCommMonoid.{0} Real (@Ring.toSemiring.{0} Real Real.instRing))
                    (@Semiring.toModule.{0} Real Real.semiring))))
              (@SetLike.instMembership.{0, 0}
                (@Submodule.{0, 0} Real (NLA.KE04.Vec n) Real.semiring
                  (@AddCommGroup.toAddCommMonoid.{0} (NLA.KE04.Vec n)
                    (@WithLp.instAddCommGroup.{0}
                      (@OfNat.ofNat.{0} ENNReal (nat_lit 2)
                        (@instOfNatAtLeastTwo.{0} ENNReal (nat_lit 2)
                          (@AddMonoidWithOne.toNatCast.{0} ENNReal
                            (@AddCommMonoidWithOne.toAddMonoidWithOne.{0} ENNReal ENNReal.instAddCommMonoidWithOne))
                          PiLp.innerProductSpace._proof_1))
                      ((i : Fin n) → (fun (x : Fin n) => Real) i)
                      (@Pi.addCommGroup.{0, 0} (Fin n) (fun (x : Fin n) => Real) fun (i : Fin n) =>
                        Real.instAddCommGroup)))
                  (@WithLp.instModule.{0, 0}
                    (@OfNat.ofNat.{0} ENNReal (nat_lit 2)
                      (@instOfNatAtLeastTwo.{0} ENNReal (nat_lit 2)
                        (@AddMonoidWithOne.toNatCast.{0} ENNReal
                          (@AddCommMonoidWithOne.toAddMonoidWithOne.{0} ENNReal ENNReal.instAddCommMonoidWithOne))
                        PiLp.innerProductSpace._proof_1))
                    Real ((i : Fin n) → (fun (x : Fin n) => Real) i) Real.semiring
                    (@Pi.addCommGroup.{0, 0} (Fin n) (fun (x : Fin n) => Real) fun (i : Fin n) => Real.instAddCommGroup)
                    (@Pi.Function.module.{0, 0, 0} (Fin n) Real Real Real.semiring
                      (@Semiring.toAddCommMonoid.{0} Real (@Ring.toSemiring.{0} Real Real.instRing))
                      (@Semiring.toModule.{0} Real Real.semiring))))
                (NLA.KE04.Vec n)
                (@Submodule.setLike.{0, 0} Real (NLA.KE04.Vec n) Real.semiring
                  (@AddCommGroup.toAddCommMonoid.{0} (NLA.KE04.Vec n)
                    (@WithLp.instAddCommGroup.{0}
                      (@OfNat.ofNat.{0} ENNReal (nat_lit 2)
                        (@instOfNatAtLeastTwo.{0} ENNReal (nat_lit 2)
                          (@AddMonoidWithOne.toNatCast.{0} ENNReal
                            (@AddCommMonoidWithOne.toAddMonoidWithOne.{0} ENNReal ENNReal.instAddCommMonoidWithOne))
                          PiLp.innerProductSpace._proof_1))
                      ((i : Fin n) → (fun (x : Fin n) => Real) i)
                      (@Pi.addCommGroup.{0, 0} (Fin n) (fun (x : Fin n) => Real) fun (i : Fin n) =>
                        Real.instAddCommGroup)))
                  (@WithLp.instModule.{0, 0}
                    (@OfNat.ofNat.{0} ENNReal (nat_lit 2)
                      (@instOfNatAtLeastTwo.{0} ENNReal (nat_lit 2)
                        (@AddMonoidWithOne.toNatCast.{0} ENNReal
                          (@AddCommMonoidWithOne.toAddMonoidWithOne.{0} ENNReal ENNReal.instAddCommMonoidWithOne))
                        PiLp.innerProductSpace._proof_1))
                    Real ((i : Fin n) → (fun (x : Fin n) => Real) i) Real.semiring
                    (@Pi.addCommGroup.{0, 0} (Fin n) (fun (x : Fin n) => Real) fun (i : Fin n) => Real.instAddCommGroup)
                    (@Pi.Function.module.{0, 0, 0} (Fin n) Real Real Real.semiring
                      (@Semiring.toAddCommMonoid.{0} Real (@Ring.toSemiring.{0} Real Real.instRing))
                      (@Semiring.toModule.{0} Real Real.semiring)))))
              (@NLA.KE04.krylov n p A V
                (@HSub.hSub.{0, 0, 0} Nat Nat Nat (@instHSub.{0} Nat instSubNat) k
                  (@OfNat.ofNat.{0} Nat (nat_lit 1) (instOfNatNat (nat_lit 1)))))
              x)))
    Bool.false
    (Lean.Name.num
      (Lean.Name.str
        (Lean.Name.str
          (Lean.Name.num
            (Lean.Name.str
              (Lean.Name.str
                (Lean.Name.str
                  (Lean.Name.num
                    (Lean.Name.num
                      (Lean.Name.num
                        (Lean.Name.num
                          (Lean.Name.num
                            (Lean.Name.num (Lean.Name.str Lean.Name.anonymous "Challenge")
                              (@OfNat.ofNat.{0} Nat (nat_lit 124) (instOfNatNat (nat_lit 124))))
                            (@OfNat.ofNat.{0} Nat (nat_lit 62) (instOfNatNat (nat_lit 62))))
                          (@OfNat.ofNat.{0} Nat (nat_lit 124) (instOfNatNat (nat_lit 124))))
                        (@OfNat.ofNat.{0} Nat (nat_lit 67) (instOfNatNat (nat_lit 67))))
                      (@OfNat.ofNat.{0} Nat (nat_lit 62) (instOfNatNat (nat_lit 62))))
                    (@OfNat.ofNat.{0} Nat (nat_lit 67) (instOfNatNat (nat_lit 67))))
                  "_sorry")
                "_@")
              "Challenge")
            (@OfNat.ofNat.{0} Nat (nat_lit 2964306293) (instOfNatNat (nat_lit 2964306293))))
          "_hygCtx")
        "_hyg")
      (@OfNat.ofNat.{0} Nat (nat_lit 107) (instOfNatNat (nat_lit 107))))
theorem NLA.KE04.psd_zero_form_iff_kernel : ∀ {m : Nat} (M : NLA.KE04.Mat m)
  (hM : @Matrix.PosSemidef.{0, 0} (Fin m) Real Real.instRing Real.partialOrder instStarRingReal M) (x : NLA.KE04.Vec m),
  Iff (@Eq.{1} Real (@NLA.KE04.form m M x) (@OfNat.ofNat.{0} Real (nat_lit 0) (@Zero.toOfNat0.{0} Real Real.instZero)))
    (@Eq.{1} (NLA.KE04.Vec m)
      (@DFunLike.coe.{1, 1, 1}
        (@LinearMap.{0, 0, 0, 0} Real Real Real.semiring Real.semiring
          (@RingHom.id.{0} Real (@Semiring.toNonAssocSemiring.{0} Real Real.semiring)) (NLA.KE04.Vec m) (NLA.KE04.Vec m)
          (@AddCommGroup.toAddCommMonoid.{0} (NLA.KE04.Vec m)
            (@WithLp.instAddCommGroup.{0}
              (@OfNat.ofNat.{0} ENNReal (nat_lit 2)
                (@instOfNatAtLeastTwo.{0} ENNReal (nat_lit 2)
                  (@AddMonoidWithOne.toNatCast.{0} ENNReal
                    (@AddCommMonoidWithOne.toAddMonoidWithOne.{0} ENNReal ENNReal.instAddCommMonoidWithOne))
                  PiLp.innerProductSpace._proof_1))
              ((i : Fin m) → (fun (x : Fin m) => Real) i)
              (@Pi.addCommGroup.{0, 0} (Fin m) (fun (x : Fin m) => Real) fun (i : Fin m) => Real.instAddCommGroup)))
          (@AddCommGroup.toAddCommMonoid.{0} (NLA.KE04.Vec m)
            (@WithLp.instAddCommGroup.{0}
              (@OfNat.ofNat.{0} ENNReal (nat_lit 2)
                (@instOfNatAtLeastTwo.{0} ENNReal (nat_lit 2)
                  (@AddMonoidWithOne.toNatCast.{0} ENNReal
                    (@AddCommMonoidWithOne.toAddMonoidWithOne.{0} ENNReal ENNReal.instAddCommMonoidWithOne))
                  PiLp.innerProductSpace._proof_1))
              ((i : Fin m) → (fun (x : Fin m) => Real) i)
              (@Pi.addCommGroup.{0, 0} (Fin m) (fun (x : Fin m) => Real) fun (i : Fin m) => Real.instAddCommGroup)))
          (@WithLp.instModule.{0, 0}
            (@OfNat.ofNat.{0} ENNReal (nat_lit 2)
              (@instOfNatAtLeastTwo.{0} ENNReal (nat_lit 2)
                (@AddMonoidWithOne.toNatCast.{0} ENNReal
                  (@AddCommMonoidWithOne.toAddMonoidWithOne.{0} ENNReal ENNReal.instAddCommMonoidWithOne))
                PiLp.innerProductSpace._proof_1))
            Real ((i : Fin m) → (fun (x : Fin m) => Real) i) Real.semiring
            (@Pi.addCommGroup.{0, 0} (Fin m) (fun (x : Fin m) => Real) fun (i : Fin m) => Real.instAddCommGroup)
            (@Pi.Function.module.{0, 0, 0} (Fin m) Real Real Real.semiring
              (@Semiring.toAddCommMonoid.{0} Real (@Ring.toSemiring.{0} Real Real.instRing))
              (@Semiring.toModule.{0} Real Real.semiring)))
          (@WithLp.instModule.{0, 0}
            (@OfNat.ofNat.{0} ENNReal (nat_lit 2)
              (@instOfNatAtLeastTwo.{0} ENNReal (nat_lit 2)
                (@AddMonoidWithOne.toNatCast.{0} ENNReal
                  (@AddCommMonoidWithOne.toAddMonoidWithOne.{0} ENNReal ENNReal.instAddCommMonoidWithOne))
                PiLp.innerProductSpace._proof_1))
            Real ((i : Fin m) → (fun (x : Fin m) => Real) i) Real.semiring
            (@Pi.addCommGroup.{0, 0} (Fin m) (fun (x : Fin m) => Real) fun (i : Fin m) => Real.instAddCommGroup)
            (@Pi.Function.module.{0, 0, 0} (Fin m) Real Real Real.semiring
              (@Semiring.toAddCommMonoid.{0} Real (@Ring.toSemiring.{0} Real Real.instRing))
              (@Semiring.toModule.{0} Real Real.semiring))))
        (NLA.KE04.Vec m) (fun (x : NLA.KE04.Vec m) => NLA.KE04.Vec m)
        (@LinearMap.instFunLike.{0, 0, 0, 0} Real Real (NLA.KE04.Vec m) (NLA.KE04.Vec m) Real.semiring Real.semiring
          (@AddCommGroup.toAddCommMonoid.{0} (NLA.KE04.Vec m)
            (@WithLp.instAddCommGroup.{0}
              (@OfNat.ofNat.{0} ENNReal (nat_lit 2)
                (@instOfNatAtLeastTwo.{0} ENNReal (nat_lit 2)
                  (@AddMonoidWithOne.toNatCast.{0} ENNReal
                    (@AddCommMonoidWithOne.toAddMonoidWithOne.{0} ENNReal ENNReal.instAddCommMonoidWithOne))
                  PiLp.innerProductSpace._proof_1))
              ((i : Fin m) → (fun (x : Fin m) => Real) i)
              (@Pi.addCommGroup.{0, 0} (Fin m) (fun (x : Fin m) => Real) fun (i : Fin m) => Real.instAddCommGroup)))
          (@AddCommGroup.toAddCommMonoid.{0} (NLA.KE04.Vec m)
            (@WithLp.instAddCommGroup.{0}
              (@OfNat.ofNat.{0} ENNReal (nat_lit 2)
                (@instOfNatAtLeastTwo.{0} ENNReal (nat_lit 2)
                  (@AddMonoidWithOne.toNatCast.{0} ENNReal
                    (@AddCommMonoidWithOne.toAddMonoidWithOne.{0} ENNReal ENNReal.instAddCommMonoidWithOne))
                  PiLp.innerProductSpace._proof_1))
              ((i : Fin m) → (fun (x : Fin m) => Real) i)
              (@Pi.addCommGroup.{0, 0} (Fin m) (fun (x : Fin m) => Real) fun (i : Fin m) => Real.instAddCommGroup)))
          (@WithLp.instModule.{0, 0}
            (@OfNat.ofNat.{0} ENNReal (nat_lit 2)
              (@instOfNatAtLeastTwo.{0} ENNReal (nat_lit 2)
                (@AddMonoidWithOne.toNatCast.{0} ENNReal
                  (@AddCommMonoidWithOne.toAddMonoidWithOne.{0} ENNReal ENNReal.instAddCommMonoidWithOne))
                PiLp.innerProductSpace._proof_1))
            Real ((i : Fin m) → (fun (x : Fin m) => Real) i) Real.semiring
            (@Pi.addCommGroup.{0, 0} (Fin m) (fun (x : Fin m) => Real) fun (i : Fin m) => Real.instAddCommGroup)
            (@Pi.Function.module.{0, 0, 0} (Fin m) Real Real Real.semiring
              (@Semiring.toAddCommMonoid.{0} Real (@Ring.toSemiring.{0} Real Real.instRing))
              (@Semiring.toModule.{0} Real Real.semiring)))
          (@WithLp.instModule.{0, 0}
            (@OfNat.ofNat.{0} ENNReal (nat_lit 2)
              (@instOfNatAtLeastTwo.{0} ENNReal (nat_lit 2)
                (@AddMonoidWithOne.toNatCast.{0} ENNReal
                  (@AddCommMonoidWithOne.toAddMonoidWithOne.{0} ENNReal ENNReal.instAddCommMonoidWithOne))
                PiLp.innerProductSpace._proof_1))
            Real ((i : Fin m) → (fun (x : Fin m) => Real) i) Real.semiring
            (@Pi.addCommGroup.{0, 0} (Fin m) (fun (x : Fin m) => Real) fun (i : Fin m) => Real.instAddCommGroup)
            (@Pi.Function.module.{0, 0, 0} (Fin m) Real Real Real.semiring
              (@Semiring.toAddCommMonoid.{0} Real (@Ring.toSemiring.{0} Real Real.instRing))
              (@Semiring.toModule.{0} Real Real.semiring)))
          (@RingHom.id.{0} Real (@Semiring.toNonAssocSemiring.{0} Real Real.semiring)))
        (@NLA.KE04.act m m M) x)
      (@OfNat.ofNat.{0} (NLA.KE04.Vec m) (nat_lit 0)
        (@Zero.toOfNat0.{0} (NLA.KE04.Vec m)
          (@NegZeroClass.toZero.{0} (NLA.KE04.Vec m)
            (@SubNegZeroMonoid.toNegZeroClass.{0} (NLA.KE04.Vec m)
              (@SubtractionMonoid.toSubNegZeroMonoid.{0} (NLA.KE04.Vec m)
                (@SubtractionCommMonoid.toSubtractionMonoid.{0} (NLA.KE04.Vec m)
                  (@AddCommGroup.toDivisionAddCommMonoid.{0} (NLA.KE04.Vec m)
                    (@WithLp.instAddCommGroup.{0}
                      (@OfNat.ofNat.{0} ENNReal (nat_lit 2)
                        (@instOfNatAtLeastTwo.{0} ENNReal (nat_lit 2)
                          (@AddMonoidWithOne.toNatCast.{0} ENNReal
                            (@AddCommMonoidWithOne.toAddMonoidWithOne.{0} ENNReal ENNReal.instAddCommMonoidWithOne))
                          PiLp.innerProductSpace._proof_1))
                      ((i : Fin m) → (fun (x : Fin m) => Real) i)
                      (@Pi.addCommGroup.{0, 0} (Fin m) (fun (x : Fin m) => Real) fun (i : Fin m) =>
                        Real.instAddCommGroup)))))))))) :=
fun {m : Nat} (M : NLA.KE04.Mat m)
    (hM : @Matrix.PosSemidef.{0, 0} (Fin m) Real Real.instRing Real.partialOrder instStarRingReal M)
    (x : NLA.KE04.Vec m) =>
  sorryAx.{0}
    (∀ (tag : Lean.Name),
      Iff
        (@Eq.{1} Real (@NLA.KE04.form m M x)
          (@OfNat.ofNat.{0} Real (nat_lit 0) (@Zero.toOfNat0.{0} Real Real.instZero)))
        (@Eq.{1} (NLA.KE04.Vec m)
          (@DFunLike.coe.{1, 1, 1}
            (@LinearMap.{0, 0, 0, 0} Real Real Real.semiring Real.semiring
              (@RingHom.id.{0} Real (@Semiring.toNonAssocSemiring.{0} Real Real.semiring)) (NLA.KE04.Vec m)
              (NLA.KE04.Vec m)
              (@AddCommGroup.toAddCommMonoid.{0} (NLA.KE04.Vec m)
                (@WithLp.instAddCommGroup.{0}
                  (@OfNat.ofNat.{0} ENNReal (nat_lit 2)
                    (@instOfNatAtLeastTwo.{0} ENNReal (nat_lit 2)
                      (@AddMonoidWithOne.toNatCast.{0} ENNReal
                        (@AddCommMonoidWithOne.toAddMonoidWithOne.{0} ENNReal ENNReal.instAddCommMonoidWithOne))
                      PiLp.innerProductSpace._proof_1))
                  ((i : Fin m) → (fun (x : Fin m) => Real) i)
                  (@Pi.addCommGroup.{0, 0} (Fin m) (fun (x : Fin m) => Real) fun (i : Fin m) => Real.instAddCommGroup)))
              (@AddCommGroup.toAddCommMonoid.{0} (NLA.KE04.Vec m)
                (@WithLp.instAddCommGroup.{0}
                  (@OfNat.ofNat.{0} ENNReal (nat_lit 2)
                    (@instOfNatAtLeastTwo.{0} ENNReal (nat_lit 2)
                      (@AddMonoidWithOne.toNatCast.{0} ENNReal
                        (@AddCommMonoidWithOne.toAddMonoidWithOne.{0} ENNReal ENNReal.instAddCommMonoidWithOne))
                      PiLp.innerProductSpace._proof_1))
                  ((i : Fin m) → (fun (x : Fin m) => Real) i)
                  (@Pi.addCommGroup.{0, 0} (Fin m) (fun (x : Fin m) => Real) fun (i : Fin m) => Real.instAddCommGroup)))
              (@WithLp.instModule.{0, 0}
                (@OfNat.ofNat.{0} ENNReal (nat_lit 2)
                  (@instOfNatAtLeastTwo.{0} ENNReal (nat_lit 2)
                    (@AddMonoidWithOne.toNatCast.{0} ENNReal
                      (@AddCommMonoidWithOne.toAddMonoidWithOne.{0} ENNReal ENNReal.instAddCommMonoidWithOne))
                    PiLp.innerProductSpace._proof_1))
                Real ((i : Fin m) → (fun (x : Fin m) => Real) i) Real.semiring
                (@Pi.addCommGroup.{0, 0} (Fin m) (fun (x : Fin m) => Real) fun (i : Fin m) => Real.instAddCommGroup)
                (@Pi.Function.module.{0, 0, 0} (Fin m) Real Real Real.semiring
                  (@Semiring.toAddCommMonoid.{0} Real (@Ring.toSemiring.{0} Real Real.instRing))
                  (@Semiring.toModule.{0} Real Real.semiring)))
              (@WithLp.instModule.{0, 0}
                (@OfNat.ofNat.{0} ENNReal (nat_lit 2)
                  (@instOfNatAtLeastTwo.{0} ENNReal (nat_lit 2)
                    (@AddMonoidWithOne.toNatCast.{0} ENNReal
                      (@AddCommMonoidWithOne.toAddMonoidWithOne.{0} ENNReal ENNReal.instAddCommMonoidWithOne))
                    PiLp.innerProductSpace._proof_1))
                Real ((i : Fin m) → (fun (x : Fin m) => Real) i) Real.semiring
                (@Pi.addCommGroup.{0, 0} (Fin m) (fun (x : Fin m) => Real) fun (i : Fin m) => Real.instAddCommGroup)
                (@Pi.Function.module.{0, 0, 0} (Fin m) Real Real Real.semiring
                  (@Semiring.toAddCommMonoid.{0} Real (@Ring.toSemiring.{0} Real Real.instRing))
                  (@Semiring.toModule.{0} Real Real.semiring))))
            (NLA.KE04.Vec m) (fun (x : NLA.KE04.Vec m) => NLA.KE04.Vec m)
            (@LinearMap.instFunLike.{0, 0, 0, 0} Real Real (NLA.KE04.Vec m) (NLA.KE04.Vec m) Real.semiring Real.semiring
              (@AddCommGroup.toAddCommMonoid.{0} (NLA.KE04.Vec m)
                (@WithLp.instAddCommGroup.{0}
                  (@OfNat.ofNat.{0} ENNReal (nat_lit 2)
                    (@instOfNatAtLeastTwo.{0} ENNReal (nat_lit 2)
                      (@AddMonoidWithOne.toNatCast.{0} ENNReal
                        (@AddCommMonoidWithOne.toAddMonoidWithOne.{0} ENNReal ENNReal.instAddCommMonoidWithOne))
                      PiLp.innerProductSpace._proof_1))
                  ((i : Fin m) → (fun (x : Fin m) => Real) i)
                  (@Pi.addCommGroup.{0, 0} (Fin m) (fun (x : Fin m) => Real) fun (i : Fin m) => Real.instAddCommGroup)))
              (@AddCommGroup.toAddCommMonoid.{0} (NLA.KE04.Vec m)
                (@WithLp.instAddCommGroup.{0}
                  (@OfNat.ofNat.{0} ENNReal (nat_lit 2)
                    (@instOfNatAtLeastTwo.{0} ENNReal (nat_lit 2)
                      (@AddMonoidWithOne.toNatCast.{0} ENNReal
                        (@AddCommMonoidWithOne.toAddMonoidWithOne.{0} ENNReal ENNReal.instAddCommMonoidWithOne))
                      PiLp.innerProductSpace._proof_1))
                  ((i : Fin m) → (fun (x : Fin m) => Real) i)
                  (@Pi.addCommGroup.{0, 0} (Fin m) (fun (x : Fin m) => Real) fun (i : Fin m) => Real.instAddCommGroup)))
              (@WithLp.instModule.{0, 0}
                (@OfNat.ofNat.{0} ENNReal (nat_lit 2)
                  (@instOfNatAtLeastTwo.{0} ENNReal (nat_lit 2)
                    (@AddMonoidWithOne.toNatCast.{0} ENNReal
                      (@AddCommMonoidWithOne.toAddMonoidWithOne.{0} ENNReal ENNReal.instAddCommMonoidWithOne))
                    PiLp.innerProductSpace._proof_1))
                Real ((i : Fin m) → (fun (x : Fin m) => Real) i) Real.semiring
                (@Pi.addCommGroup.{0, 0} (Fin m) (fun (x : Fin m) => Real) fun (i : Fin m) => Real.instAddCommGroup)
                (@Pi.Function.module.{0, 0, 0} (Fin m) Real Real Real.semiring
                  (@Semiring.toAddCommMonoid.{0} Real (@Ring.toSemiring.{0} Real Real.instRing))
                  (@Semiring.toModule.{0} Real Real.semiring)))
              (@WithLp.instModule.{0, 0}
                (@OfNat.ofNat.{0} ENNReal (nat_lit 2)
                  (@instOfNatAtLeastTwo.{0} ENNReal (nat_lit 2)
                    (@AddMonoidWithOne.toNatCast.{0} ENNReal
                      (@AddCommMonoidWithOne.toAddMonoidWithOne.{0} ENNReal ENNReal.instAddCommMonoidWithOne))
                    PiLp.innerProductSpace._proof_1))
                Real ((i : Fin m) → (fun (x : Fin m) => Real) i) Real.semiring
                (@Pi.addCommGroup.{0, 0} (Fin m) (fun (x : Fin m) => Real) fun (i : Fin m) => Real.instAddCommGroup)
                (@Pi.Function.module.{0, 0, 0} (Fin m) Real Real Real.semiring
                  (@Semiring.toAddCommMonoid.{0} Real (@Ring.toSemiring.{0} Real Real.instRing))
                  (@Semiring.toModule.{0} Real Real.semiring)))
              (@RingHom.id.{0} Real (@Semiring.toNonAssocSemiring.{0} Real Real.semiring)))
            (@NLA.KE04.act m m M) x)
          (@OfNat.ofNat.{0} (NLA.KE04.Vec m) (nat_lit 0)
            (@Zero.toOfNat0.{0} (NLA.KE04.Vec m)
              (@NegZeroClass.toZero.{0} (NLA.KE04.Vec m)
                (@SubNegZeroMonoid.toNegZeroClass.{0} (NLA.KE04.Vec m)
                  (@SubtractionMonoid.toSubNegZeroMonoid.{0} (NLA.KE04.Vec m)
                    (@SubtractionCommMonoid.toSubtractionMonoid.{0} (NLA.KE04.Vec m)
                      (@AddCommGroup.toDivisionAddCommMonoid.{0} (NLA.KE04.Vec m)
                        (@WithLp.instAddCommGroup.{0}
                          (@OfNat.ofNat.{0} ENNReal (nat_lit 2)
                            (@instOfNatAtLeastTwo.{0} ENNReal (nat_lit 2)
                              (@AddMonoidWithOne.toNatCast.{0} ENNReal
                                (@AddCommMonoidWithOne.toAddMonoidWithOne.{0} ENNReal ENNReal.instAddCommMonoidWithOne))
                              PiLp.innerProductSpace._proof_1))
                          ((i : Fin m) → (fun (x : Fin m) => Real) i)
                          (@Pi.addCommGroup.{0, 0} (Fin m) (fun (x : Fin m) => Real) fun (i : Fin m) =>
                            Real.instAddCommGroup)))))))))))
    Bool.false
    (Lean.Name.num
      (Lean.Name.str
        (Lean.Name.str
          (Lean.Name.num
            (Lean.Name.str
              (Lean.Name.str
                (Lean.Name.str
                  (Lean.Name.num
                    (Lean.Name.num
                      (Lean.Name.num
                        (Lean.Name.num
                          (Lean.Name.num
                            (Lean.Name.num (Lean.Name.str Lean.Name.anonymous "Challenge")
                              (@OfNat.ofNat.{0} Nat (nat_lit 128) (instOfNatNat (nat_lit 128))))
                            (@OfNat.ofNat.{0} Nat (nat_lit 37) (instOfNatNat (nat_lit 37))))
                          (@OfNat.ofNat.{0} Nat (nat_lit 128) (instOfNatNat (nat_lit 128))))
                        (@OfNat.ofNat.{0} Nat (nat_lit 42) (instOfNatNat (nat_lit 42))))
                      (@OfNat.ofNat.{0} Nat (nat_lit 37) (instOfNatNat (nat_lit 37))))
                    (@OfNat.ofNat.{0} Nat (nat_lit 42) (instOfNatNat (nat_lit 42))))
                  "_sorry")
                "_@")
              "Challenge")
            (@OfNat.ofNat.{0} Nat (nat_lit 3327795705) (instOfNatNat (nat_lit 3327795705))))
          "_hygCtx")
        "_hyg")
      (@OfNat.ofNat.{0} Nat (nat_lit 34) (instOfNatNat (nat_lit 34))))
theorem NLA.KE04.compressedQuadratic_semantics : ∀ {n m : Nat} (A : NLA.KE04.Mat n) (Q : NLA.KE04.Rect n m)
  (a b : Real),
  And
    (∀ (x : NLA.KE04.Vec n),
      @Eq.{1} Real (@NLA.KE04.form n (@NLA.KE04.compressedQuadratic n m A Q a b) x)
        (@NLA.KE04.form m (@NLA.KE04.quadraticMatrix m (@NLA.KE04.compression n m A Q) a b)
          (@DFunLike.coe.{1, 1, 1}
            (@LinearMap.{0, 0, 0, 0} Real Real Real.semiring Real.semiring
              (@RingHom.id.{0} Real (@Semiring.toNonAssocSemiring.{0} Real Real.semiring)) (NLA.KE04.Vec n)
              (NLA.KE04.Vec m)
              (@AddCommGroup.toAddCommMonoid.{0} (NLA.KE04.Vec n)
                (@WithLp.instAddCommGroup.{0}
                  (@OfNat.ofNat.{0} ENNReal (nat_lit 2)
                    (@instOfNatAtLeastTwo.{0} ENNReal (nat_lit 2)
                      (@AddMonoidWithOne.toNatCast.{0} ENNReal
                        (@AddCommMonoidWithOne.toAddMonoidWithOne.{0} ENNReal ENNReal.instAddCommMonoidWithOne))
                      PiLp.innerProductSpace._proof_1))
                  ((i : Fin n) → (fun (x : Fin n) => Real) i)
                  (@Pi.addCommGroup.{0, 0} (Fin n) (fun (x : Fin n) => Real) fun (i : Fin n) => Real.instAddCommGroup)))
              (@AddCommGroup.toAddCommMonoid.{0} (NLA.KE04.Vec m)
                (@WithLp.instAddCommGroup.{0}
                  (@OfNat.ofNat.{0} ENNReal (nat_lit 2)
                    (@instOfNatAtLeastTwo.{0} ENNReal (nat_lit 2)
                      (@AddMonoidWithOne.toNatCast.{0} ENNReal
                        (@AddCommMonoidWithOne.toAddMonoidWithOne.{0} ENNReal ENNReal.instAddCommMonoidWithOne))
                      PiLp.innerProductSpace._proof_1))
                  ((i : Fin m) → (fun (x : Fin m) => Real) i)
                  (@Pi.addCommGroup.{0, 0} (Fin m) (fun (x : Fin m) => Real) fun (i : Fin m) => Real.instAddCommGroup)))
              (@WithLp.instModule.{0, 0}
                (@OfNat.ofNat.{0} ENNReal (nat_lit 2)
                  (@instOfNatAtLeastTwo.{0} ENNReal (nat_lit 2)
                    (@AddMonoidWithOne.toNatCast.{0} ENNReal
                      (@AddCommMonoidWithOne.toAddMonoidWithOne.{0} ENNReal ENNReal.instAddCommMonoidWithOne))
                    PiLp.innerProductSpace._proof_1))
                Real ((i : Fin n) → (fun (x : Fin n) => Real) i) Real.semiring
                (@Pi.addCommGroup.{0, 0} (Fin n) (fun (x : Fin n) => Real) fun (i : Fin n) => Real.instAddCommGroup)
                (@Pi.Function.module.{0, 0, 0} (Fin n) Real Real Real.semiring
                  (@Semiring.toAddCommMonoid.{0} Real (@Ring.toSemiring.{0} Real Real.instRing))
                  (@Semiring.toModule.{0} Real Real.semiring)))
              (@WithLp.instModule.{0, 0}
                (@OfNat.ofNat.{0} ENNReal (nat_lit 2)
                  (@instOfNatAtLeastTwo.{0} ENNReal (nat_lit 2)
                    (@AddMonoidWithOne.toNatCast.{0} ENNReal
                      (@AddCommMonoidWithOne.toAddMonoidWithOne.{0} ENNReal ENNReal.instAddCommMonoidWithOne))
                    PiLp.innerProductSpace._proof_1))
                Real ((i : Fin m) → (fun (x : Fin m) => Real) i) Real.semiring
                (@Pi.addCommGroup.{0, 0} (Fin m) (fun (x : Fin m) => Real) fun (i : Fin m) => Real.instAddCommGroup)
                (@Pi.Function.module.{0, 0, 0} (Fin m) Real Real Real.semiring
                  (@Semiring.toAddCommMonoid.{0} Real (@Ring.toSemiring.{0} Real Real.instRing))
                  (@Semiring.toModule.{0} Real Real.semiring))))
            (NLA.KE04.Vec n) (fun (x : NLA.KE04.Vec n) => NLA.KE04.Vec m)
            (@LinearMap.instFunLike.{0, 0, 0, 0} Real Real (NLA.KE04.Vec n) (NLA.KE04.Vec m) Real.semiring Real.semiring
              (@AddCommGroup.toAddCommMonoid.{0} (NLA.KE04.Vec n)
                (@WithLp.instAddCommGroup.{0}
                  (@OfNat.ofNat.{0} ENNReal (nat_lit 2)
                    (@instOfNatAtLeastTwo.{0} ENNReal (nat_lit 2)
                      (@AddMonoidWithOne.toNatCast.{0} ENNReal
                        (@AddCommMonoidWithOne.toAddMonoidWithOne.{0} ENNReal ENNReal.instAddCommMonoidWithOne))
                      PiLp.innerProductSpace._proof_1))
                  ((i : Fin n) → (fun (x : Fin n) => Real) i)
                  (@Pi.addCommGroup.{0, 0} (Fin n) (fun (x : Fin n) => Real) fun (i : Fin n) => Real.instAddCommGroup)))
              (@AddCommGroup.toAddCommMonoid.{0} (NLA.KE04.Vec m)
                (@WithLp.instAddCommGroup.{0}
                  (@OfNat.ofNat.{0} ENNReal (nat_lit 2)
                    (@instOfNatAtLeastTwo.{0} ENNReal (nat_lit 2)
                      (@AddMonoidWithOne.toNatCast.{0} ENNReal
                        (@AddCommMonoidWithOne.toAddMonoidWithOne.{0} ENNReal ENNReal.instAddCommMonoidWithOne))
                      PiLp.innerProductSpace._proof_1))
                  ((i : Fin m) → (fun (x : Fin m) => Real) i)
                  (@Pi.addCommGroup.{0, 0} (Fin m) (fun (x : Fin m) => Real) fun (i : Fin m) => Real.instAddCommGroup)))
              (@WithLp.instModule.{0, 0}
                (@OfNat.ofNat.{0} ENNReal (nat_lit 2)
                  (@instOfNatAtLeastTwo.{0} ENNReal (nat_lit 2)
                    (@AddMonoidWithOne.toNatCast.{0} ENNReal
                      (@AddCommMonoidWithOne.toAddMonoidWithOne.{0} ENNReal ENNReal.instAddCommMonoidWithOne))
                    PiLp.innerProductSpace._proof_1))
                Real ((i : Fin n) → (fun (x : Fin n) => Real) i) Real.semiring
                (@Pi.addCommGroup.{0, 0} (Fin n) (fun (x : Fin n) => Real) fun (i : Fin n) => Real.instAddCommGroup)
                (@Pi.Function.module.{0, 0, 0} (Fin n) Real Real Real.semiring
                  (@Semiring.toAddCommMonoid.{0} Real (@Ring.toSemiring.{0} Real Real.instRing))
                  (@Semiring.toModule.{0} Real Real.semiring)))
              (@WithLp.instModule.{0, 0}
                (@OfNat.ofNat.{0} ENNReal (nat_lit 2)
                  (@instOfNatAtLeastTwo.{0} ENNReal (nat_lit 2)
                    (@AddMonoidWithOne.toNatCast.{0} ENNReal
                      (@AddCommMonoidWithOne.toAddMonoidWithOne.{0} ENNReal ENNReal.instAddCommMonoidWithOne))
                    PiLp.innerProductSpace._proof_1))
                Real ((i : Fin m) → (fun (x : Fin m) => Real) i) Real.semiring
                (@Pi.addCommGroup.{0, 0} (Fin m) (fun (x : Fin m) => Real) fun (i : Fin m) => Real.instAddCommGroup)
                (@Pi.Function.module.{0, 0, 0} (Fin m) Real Real Real.semiring
                  (@Semiring.toAddCommMonoid.{0} Real (@Ring.toSemiring.{0} Real Real.instRing))
                  (@Semiring.toModule.{0} Real Real.semiring)))
              (@RingHom.id.{0} Real (@Semiring.toNonAssocSemiring.{0} Real Real.semiring)))
            (@NLA.KE04.act m n (@Matrix.transpose.{0, 0, 0} (Fin n) (Fin m) Real Q)) x)))
    (@Matrix.PosSemidef.{0, 0} (Fin m) Real Real.instRing Real.partialOrder instStarRingReal
        (@NLA.KE04.quadraticMatrix m (@NLA.KE04.compression n m A Q) a b) →
      @Matrix.PosSemidef.{0, 0} (Fin n) Real Real.instRing Real.partialOrder instStarRingReal
        (@NLA.KE04.compressedQuadratic n m A Q a b)) :=
fun {n m : Nat} (A : NLA.KE04.Mat n) (Q : NLA.KE04.Rect n m) (a b : Real) =>
  sorryAx.{0}
    (∀ (tag : Lean.Name),
      And
        (∀ (x : NLA.KE04.Vec n),
          @Eq.{1} Real (@NLA.KE04.form n (@NLA.KE04.compressedQuadratic n m A Q a b) x)
            (@NLA.KE04.form m (@NLA.KE04.quadraticMatrix m (@NLA.KE04.compression n m A Q) a b)
              (@DFunLike.coe.{1, 1, 1}
                (@LinearMap.{0, 0, 0, 0} Real Real Real.semiring Real.semiring
                  (@RingHom.id.{0} Real (@Semiring.toNonAssocSemiring.{0} Real Real.semiring)) (NLA.KE04.Vec n)
                  (NLA.KE04.Vec m)
                  (@AddCommGroup.toAddCommMonoid.{0} (NLA.KE04.Vec n)
                    (@WithLp.instAddCommGroup.{0}
                      (@OfNat.ofNat.{0} ENNReal (nat_lit 2)
                        (@instOfNatAtLeastTwo.{0} ENNReal (nat_lit 2)
                          (@AddMonoidWithOne.toNatCast.{0} ENNReal
                            (@AddCommMonoidWithOne.toAddMonoidWithOne.{0} ENNReal ENNReal.instAddCommMonoidWithOne))
                          PiLp.innerProductSpace._proof_1))
                      ((i : Fin n) → (fun (x : Fin n) => Real) i)
                      (@Pi.addCommGroup.{0, 0} (Fin n) (fun (x : Fin n) => Real) fun (i : Fin n) =>
                        Real.instAddCommGroup)))
                  (@AddCommGroup.toAddCommMonoid.{0} (NLA.KE04.Vec m)
                    (@WithLp.instAddCommGroup.{0}
                      (@OfNat.ofNat.{0} ENNReal (nat_lit 2)
                        (@instOfNatAtLeastTwo.{0} ENNReal (nat_lit 2)
                          (@AddMonoidWithOne.toNatCast.{0} ENNReal
                            (@AddCommMonoidWithOne.toAddMonoidWithOne.{0} ENNReal ENNReal.instAddCommMonoidWithOne))
                          PiLp.innerProductSpace._proof_1))
                      ((i : Fin m) → (fun (x : Fin m) => Real) i)
                      (@Pi.addCommGroup.{0, 0} (Fin m) (fun (x : Fin m) => Real) fun (i : Fin m) =>
                        Real.instAddCommGroup)))
                  (@WithLp.instModule.{0, 0}
                    (@OfNat.ofNat.{0} ENNReal (nat_lit 2)
                      (@instOfNatAtLeastTwo.{0} ENNReal (nat_lit 2)
                        (@AddMonoidWithOne.toNatCast.{0} ENNReal
                          (@AddCommMonoidWithOne.toAddMonoidWithOne.{0} ENNReal ENNReal.instAddCommMonoidWithOne))
                        PiLp.innerProductSpace._proof_1))
                    Real ((i : Fin n) → (fun (x : Fin n) => Real) i) Real.semiring
                    (@Pi.addCommGroup.{0, 0} (Fin n) (fun (x : Fin n) => Real) fun (i : Fin n) => Real.instAddCommGroup)
                    (@Pi.Function.module.{0, 0, 0} (Fin n) Real Real Real.semiring
                      (@Semiring.toAddCommMonoid.{0} Real (@Ring.toSemiring.{0} Real Real.instRing))
                      (@Semiring.toModule.{0} Real Real.semiring)))
                  (@WithLp.instModule.{0, 0}
                    (@OfNat.ofNat.{0} ENNReal (nat_lit 2)
                      (@instOfNatAtLeastTwo.{0} ENNReal (nat_lit 2)
                        (@AddMonoidWithOne.toNatCast.{0} ENNReal
                          (@AddCommMonoidWithOne.toAddMonoidWithOne.{0} ENNReal ENNReal.instAddCommMonoidWithOne))
                        PiLp.innerProductSpace._proof_1))
                    Real ((i : Fin m) → (fun (x : Fin m) => Real) i) Real.semiring
                    (@Pi.addCommGroup.{0, 0} (Fin m) (fun (x : Fin m) => Real) fun (i : Fin m) => Real.instAddCommGroup)
                    (@Pi.Function.module.{0, 0, 0} (Fin m) Real Real Real.semiring
                      (@Semiring.toAddCommMonoid.{0} Real (@Ring.toSemiring.{0} Real Real.instRing))
                      (@Semiring.toModule.{0} Real Real.semiring))))
                (NLA.KE04.Vec n) (fun (x : NLA.KE04.Vec n) => NLA.KE04.Vec m)
                (@LinearMap.instFunLike.{0, 0, 0, 0} Real Real (NLA.KE04.Vec n) (NLA.KE04.Vec m) Real.semiring
                  Real.semiring
                  (@AddCommGroup.toAddCommMonoid.{0} (NLA.KE04.Vec n)
                    (@WithLp.instAddCommGroup.{0}
                      (@OfNat.ofNat.{0} ENNReal (nat_lit 2)
                        (@instOfNatAtLeastTwo.{0} ENNReal (nat_lit 2)
                          (@AddMonoidWithOne.toNatCast.{0} ENNReal
                            (@AddCommMonoidWithOne.toAddMonoidWithOne.{0} ENNReal ENNReal.instAddCommMonoidWithOne))
                          PiLp.innerProductSpace._proof_1))
                      ((i : Fin n) → (fun (x : Fin n) => Real) i)
                      (@Pi.addCommGroup.{0, 0} (Fin n) (fun (x : Fin n) => Real) fun (i : Fin n) =>
                        Real.instAddCommGroup)))
                  (@AddCommGroup.toAddCommMonoid.{0} (NLA.KE04.Vec m)
                    (@WithLp.instAddCommGroup.{0}
                      (@OfNat.ofNat.{0} ENNReal (nat_lit 2)
                        (@instOfNatAtLeastTwo.{0} ENNReal (nat_lit 2)
                          (@AddMonoidWithOne.toNatCast.{0} ENNReal
                            (@AddCommMonoidWithOne.toAddMonoidWithOne.{0} ENNReal ENNReal.instAddCommMonoidWithOne))
                          PiLp.innerProductSpace._proof_1))
                      ((i : Fin m) → (fun (x : Fin m) => Real) i)
                      (@Pi.addCommGroup.{0, 0} (Fin m) (fun (x : Fin m) => Real) fun (i : Fin m) =>
                        Real.instAddCommGroup)))
                  (@WithLp.instModule.{0, 0}
                    (@OfNat.ofNat.{0} ENNReal (nat_lit 2)
                      (@instOfNatAtLeastTwo.{0} ENNReal (nat_lit 2)
                        (@AddMonoidWithOne.toNatCast.{0} ENNReal
                          (@AddCommMonoidWithOne.toAddMonoidWithOne.{0} ENNReal ENNReal.instAddCommMonoidWithOne))
                        PiLp.innerProductSpace._proof_1))
                    Real ((i : Fin n) → (fun (x : Fin n) => Real) i) Real.semiring
                    (@Pi.addCommGroup.{0, 0} (Fin n) (fun (x : Fin n) => Real) fun (i : Fin n) => Real.instAddCommGroup)
                    (@Pi.Function.module.{0, 0, 0} (Fin n) Real Real Real.semiring
                      (@Semiring.toAddCommMonoid.{0} Real (@Ring.toSemiring.{0} Real Real.instRing))
                      (@Semiring.toModule.{0} Real Real.semiring)))
                  (@WithLp.instModule.{0, 0}
                    (@OfNat.ofNat.{0} ENNReal (nat_lit 2)
                      (@instOfNatAtLeastTwo.{0} ENNReal (nat_lit 2)
                        (@AddMonoidWithOne.toNatCast.{0} ENNReal
                          (@AddCommMonoidWithOne.toAddMonoidWithOne.{0} ENNReal ENNReal.instAddCommMonoidWithOne))
                        PiLp.innerProductSpace._proof_1))
                    Real ((i : Fin m) → (fun (x : Fin m) => Real) i) Real.semiring
                    (@Pi.addCommGroup.{0, 0} (Fin m) (fun (x : Fin m) => Real) fun (i : Fin m) => Real.instAddCommGroup)
                    (@Pi.Function.module.{0, 0, 0} (Fin m) Real Real Real.semiring
                      (@Semiring.toAddCommMonoid.{0} Real (@Ring.toSemiring.{0} Real Real.instRing))
                      (@Semiring.toModule.{0} Real Real.semiring)))
                  (@RingHom.id.{0} Real (@Semiring.toNonAssocSemiring.{0} Real Real.semiring)))
                (@NLA.KE04.act m n (@Matrix.transpose.{0, 0, 0} (Fin n) (Fin m) Real Q)) x)))
        (@Matrix.PosSemidef.{0, 0} (Fin m) Real Real.instRing Real.partialOrder instStarRingReal
            (@NLA.KE04.quadraticMatrix m (@NLA.KE04.compression n m A Q) a b) →
          @Matrix.PosSemidef.{0, 0} (Fin n) Real Real.instRing Real.partialOrder instStarRingReal
            (@NLA.KE04.compressedQuadratic n m A Q a b)))
    Bool.false
    (Lean.Name.num
      (Lean.Name.str
        (Lean.Name.str
          (Lean.Name.num
            (Lean.Name.str
              (Lean.Name.str
                (Lean.Name.str
                  (Lean.Name.num
                    (Lean.Name.num
                      (Lean.Name.num
                        (Lean.Name.num
                          (Lean.Name.num
                            (Lean.Name.num (Lean.Name.str Lean.Name.anonymous "Challenge")
                              (@OfNat.ofNat.{0} Nat (nat_lit 136) (instOfNatNat (nat_lit 136))))
                            (@OfNat.ofNat.{0} Nat (nat_lit 56) (instOfNatNat (nat_lit 56))))
                          (@OfNat.ofNat.{0} Nat (nat_lit 136) (instOfNatNat (nat_lit 136))))
                        (@OfNat.ofNat.{0} Nat (nat_lit 61) (instOfNatNat (nat_lit 61))))
                      (@OfNat.ofNat.{0} Nat (nat_lit 56) (instOfNatNat (nat_lit 56))))
                    (@OfNat.ofNat.{0} Nat (nat_lit 61) (instOfNatNat (nat_lit 61))))
                  "_sorry")
                "_@")
              "Challenge")
            (@OfNat.ofNat.{0} Nat (nat_lit 2711555362) (instOfNatNat (nat_lit 2711555362))))
          "_hygCtx")
        "_hyg")
      (@OfNat.ofNat.{0} Nat (nat_lit 84) (instOfNatNat (nat_lit 84))))
theorem NLA.KE04.quadratic_forms_agree : ∀ {n p : Nat} (A : NLA.KE04.Mat n)
  (hA :
    @Matrix.IsHermitian.{0, 0} Real (Fin n)
      (@InvolutiveStar.toStar.{0} Real
        (@StarAddMonoid.toInvolutiveStar.{0} Real
          (@AddCommMonoid.toAddMonoid.{0} Real
            (@NonUnitalNonAssocSemiring.toAddCommMonoid.{0} Real
              (@NonUnitalNonAssocRing.toNonUnitalNonAssocSemiring.{0} Real
                (@NonUnitalNonAssocCommRing.toNonUnitalNonAssocRing.{0} Real
                  (@NonUnitalCommRing.toNonUnitalNonAssocCommRing.{0} Real
                    (@CommRing.toNonUnitalCommRing.{0} Real Real.commRing))))))
          (@StarRing.toStarAddMonoid.{0} Real
            (@NonUnitalNonAssocRing.toNonUnitalNonAssocSemiring.{0} Real
              (@NonUnitalNonAssocCommRing.toNonUnitalNonAssocRing.{0} Real
                (@NonUnitalCommRing.toNonUnitalNonAssocCommRing.{0} Real
                  (@CommRing.toNonUnitalCommRing.{0} Real Real.commRing))))
            instStarRingReal)))
      A)
  (V : NLA.KE04.Rect n p) (k j : Nat)
  (hk : @LE.le.{0} Nat instLENat (@OfNat.ofNat.{0} Nat (nat_lit 1) (instOfNatNat (nat_lit 1))) k)
  (hkj : @LT.lt.{0} Nat instLTNat k j)
  (Qk : NLA.KE04.Rect n (@HMul.hMul.{0, 0, 0} Nat Nat Nat (@instHMul.{0} Nat instMulNat) k p))
  (Qj : NLA.KE04.Rect n (@HMul.hMul.{0, 0, 0} Nat Nat Nat (@instHMul.{0} Nat instMulNat) j p))
  (hQk : @NLA.KE04.IsKrylovBasis n p A V k Qk) (hQj : @NLA.KE04.IsKrylovBasis n p A V j Qj) (x : NLA.KE04.Vec n)
  (hx :
    @Membership.mem.{0, 0} (NLA.KE04.Vec n)
      (@Submodule.{0, 0} Real (NLA.KE04.Vec n) Real.semiring
        (@AddCommGroup.toAddCommMonoid.{0} (NLA.KE04.Vec n)
          (@WithLp.instAddCommGroup.{0}
            (@OfNat.ofNat.{0} ENNReal (nat_lit 2)
              (@instOfNatAtLeastTwo.{0} ENNReal (nat_lit 2)
                (@AddMonoidWithOne.toNatCast.{0} ENNReal
                  (@AddCommMonoidWithOne.toAddMonoidWithOne.{0} ENNReal ENNReal.instAddCommMonoidWithOne))
                PiLp.innerProductSpace._proof_1))
            ((i : Fin n) → (fun (x : Fin n) => Real) i)
            (@Pi.addCommGroup.{0, 0} (Fin n) (fun (x : Fin n) => Real) fun (i : Fin n) => Real.instAddCommGroup)))
        (@WithLp.instModule.{0, 0}
          (@OfNat.ofNat.{0} ENNReal (nat_lit 2)
            (@instOfNatAtLeastTwo.{0} ENNReal (nat_lit 2)
              (@AddMonoidWithOne.toNatCast.{0} ENNReal
                (@AddCommMonoidWithOne.toAddMonoidWithOne.{0} ENNReal ENNReal.instAddCommMonoidWithOne))
              PiLp.innerProductSpace._proof_1))
          Real ((i : Fin n) → (fun (x : Fin n) => Real) i) Real.semiring
          (@Pi.addCommGroup.{0, 0} (Fin n) (fun (x : Fin n) => Real) fun (i : Fin n) => Real.instAddCommGroup)
          (@Pi.Function.module.{0, 0, 0} (Fin n) Real Real Real.semiring
            (@Semiring.toAddCommMonoid.{0} Real (@Ring.toSemiring.{0} Real Real.instRing))
            (@Semiring.toModule.{0} Real Real.semiring))))
      (@SetLike.instMembership.{0, 0}
        (@Submodule.{0, 0} Real (NLA.KE04.Vec n) Real.semiring
          (@AddCommGroup.toAddCommMonoid.{0} (NLA.KE04.Vec n)
            (@WithLp.instAddCommGroup.{0}
              (@OfNat.ofNat.{0} ENNReal (nat_lit 2)
                (@instOfNatAtLeastTwo.{0} ENNReal (nat_lit 2)
                  (@AddMonoidWithOne.toNatCast.{0} ENNReal
                    (@AddCommMonoidWithOne.toAddMonoidWithOne.{0} ENNReal ENNReal.instAddCommMonoidWithOne))
                  PiLp.innerProductSpace._proof_1))
              ((i : Fin n) → (fun (x : Fin n) => Real) i)
              (@Pi.addCommGroup.{0, 0} (Fin n) (fun (x : Fin n) => Real) fun (i : Fin n) => Real.instAddCommGroup)))
          (@WithLp.instModule.{0, 0}
            (@OfNat.ofNat.{0} ENNReal (nat_lit 2)
              (@instOfNatAtLeastTwo.{0} ENNReal (nat_lit 2)
                (@AddMonoidWithOne.toNatCast.{0} ENNReal
                  (@AddCommMonoidWithOne.toAddMonoidWithOne.{0} ENNReal ENNReal.instAddCommMonoidWithOne))
                PiLp.innerProductSpace._proof_1))
            Real ((i : Fin n) → (fun (x : Fin n) => Real) i) Real.semiring
            (@Pi.addCommGroup.{0, 0} (Fin n) (fun (x : Fin n) => Real) fun (i : Fin n) => Real.instAddCommGroup)
            (@Pi.Function.module.{0, 0, 0} (Fin n) Real Real Real.semiring
              (@Semiring.toAddCommMonoid.{0} Real (@Ring.toSemiring.{0} Real Real.instRing))
              (@Semiring.toModule.{0} Real Real.semiring))))
        (NLA.KE04.Vec n)
        (@Submodule.setLike.{0, 0} Real (NLA.KE04.Vec n) Real.semiring
          (@AddCommGroup.toAddCommMonoid.{0} (NLA.KE04.Vec n)
            (@WithLp.instAddCommGroup.{0}
              (@OfNat.ofNat.{0} ENNReal (nat_lit 2)
                (@instOfNatAtLeastTwo.{0} ENNReal (nat_lit 2)
                  (@AddMonoidWithOne.toNatCast.{0} ENNReal
                    (@AddCommMonoidWithOne.toAddMonoidWithOne.{0} ENNReal ENNReal.instAddCommMonoidWithOne))
                  PiLp.innerProductSpace._proof_1))
              ((i : Fin n) → (fun (x : Fin n) => Real) i)
              (@Pi.addCommGroup.{0, 0} (Fin n) (fun (x : Fin n) => Real) fun (i : Fin n) => Real.instAddCommGroup)))
          (@WithLp.instModule.{0, 0}
            (@OfNat.ofNat.{0} ENNReal (nat_lit 2)
              (@instOfNatAtLeastTwo.{0} ENNReal (nat_lit 2)
                (@AddMonoidWithOne.toNatCast.{0} ENNReal
                  (@AddCommMonoidWithOne.toAddMonoidWithOne.{0} ENNReal ENNReal.instAddCommMonoidWithOne))
                PiLp.innerProductSpace._proof_1))
            Real ((i : Fin n) → (fun (x : Fin n) => Real) i) Real.semiring
            (@Pi.addCommGroup.{0, 0} (Fin n) (fun (x : Fin n) => Real) fun (i : Fin n) => Real.instAddCommGroup)
            (@Pi.Function.module.{0, 0, 0} (Fin n) Real Real Real.semiring
              (@Semiring.toAddCommMonoid.{0} Real (@Ring.toSemiring.{0} Real Real.instRing))
              (@Semiring.toModule.{0} Real Real.semiring)))))
      (@NLA.KE04.krylov n p A V
        (@HSub.hSub.{0, 0, 0} Nat Nat Nat (@instHSub.{0} Nat instSubNat) k
          (@OfNat.ofNat.{0} Nat (nat_lit 1) (instOfNatNat (nat_lit 1)))))
      x)
  (a b : Real),
  @Eq.{1} Real
    (@NLA.KE04.form n
      (@NLA.KE04.compressedQuadratic n (@HMul.hMul.{0, 0, 0} Nat Nat Nat (@instHMul.{0} Nat instMulNat) k p) A Qk a b)
      x)
    (@NLA.KE04.form n
      (@NLA.KE04.compressedQuadratic n (@HMul.hMul.{0, 0, 0} Nat Nat Nat (@instHMul.{0} Nat instMulNat) j p) A Qj a b)
      x) :=
fun {n p : Nat} (A : NLA.KE04.Mat n)
    (hA :
      @Matrix.IsHermitian.{0, 0} Real (Fin n)
        (@InvolutiveStar.toStar.{0} Real
          (@StarAddMonoid.toInvolutiveStar.{0} Real
            (@AddCommMonoid.toAddMonoid.{0} Real
              (@NonUnitalNonAssocSemiring.toAddCommMonoid.{0} Real
                (@NonUnitalNonAssocRing.toNonUnitalNonAssocSemiring.{0} Real
                  (@NonUnitalNonAssocCommRing.toNonUnitalNonAssocRing.{0} Real
                    (@NonUnitalCommRing.toNonUnitalNonAssocCommRing.{0} Real
                      (@CommRing.toNonUnitalCommRing.{0} Real Real.commRing))))))
            (@StarRing.toStarAddMonoid.{0} Real
              (@NonUnitalNonAssocRing.toNonUnitalNonAssocSemiring.{0} Real
                (@NonUnitalNonAssocCommRing.toNonUnitalNonAssocRing.{0} Real
                  (@NonUnitalCommRing.toNonUnitalNonAssocCommRing.{0} Real
                    (@CommRing.toNonUnitalCommRing.{0} Real Real.commRing))))
              instStarRingReal)))
        A)
    (V : NLA.KE04.Rect n p) (k j : Nat)
    (hk : @LE.le.{0} Nat instLENat (@OfNat.ofNat.{0} Nat (nat_lit 1) (instOfNatNat (nat_lit 1))) k)
    (hkj : @LT.lt.{0} Nat instLTNat k j)
    (Qk : NLA.KE04.Rect n (@HMul.hMul.{0, 0, 0} Nat Nat Nat (@instHMul.{0} Nat instMulNat) k p))
    (Qj : NLA.KE04.Rect n (@HMul.hMul.{0, 0, 0} Nat Nat Nat (@instHMul.{0} Nat instMulNat) j p))
    (hQk : @NLA.KE04.IsKrylovBasis n p A V k Qk) (hQj : @NLA.KE04.IsKrylovBasis n p A V j Qj) (x : NLA.KE04.Vec n)
    (hx :
      @Membership.mem.{0, 0} (NLA.KE04.Vec n)
        (@Submodule.{0, 0} Real (NLA.KE04.Vec n) Real.semiring
          (@AddCommGroup.toAddCommMonoid.{0} (NLA.KE04.Vec n)
            (@WithLp.instAddCommGroup.{0}
              (@OfNat.ofNat.{0} ENNReal (nat_lit 2)
                (@instOfNatAtLeastTwo.{0} ENNReal (nat_lit 2)
                  (@AddMonoidWithOne.toNatCast.{0} ENNReal
                    (@AddCommMonoidWithOne.toAddMonoidWithOne.{0} ENNReal ENNReal.instAddCommMonoidWithOne))
                  PiLp.innerProductSpace._proof_1))
              ((i : Fin n) → (fun (x : Fin n) => Real) i)
              (@Pi.addCommGroup.{0, 0} (Fin n) (fun (x : Fin n) => Real) fun (i : Fin n) => Real.instAddCommGroup)))
          (@WithLp.instModule.{0, 0}
            (@OfNat.ofNat.{0} ENNReal (nat_lit 2)
              (@instOfNatAtLeastTwo.{0} ENNReal (nat_lit 2)
                (@AddMonoidWithOne.toNatCast.{0} ENNReal
                  (@AddCommMonoidWithOne.toAddMonoidWithOne.{0} ENNReal ENNReal.instAddCommMonoidWithOne))
                PiLp.innerProductSpace._proof_1))
            Real ((i : Fin n) → (fun (x : Fin n) => Real) i) Real.semiring
            (@Pi.addCommGroup.{0, 0} (Fin n) (fun (x : Fin n) => Real) fun (i : Fin n) => Real.instAddCommGroup)
            (@Pi.Function.module.{0, 0, 0} (Fin n) Real Real Real.semiring
              (@Semiring.toAddCommMonoid.{0} Real (@Ring.toSemiring.{0} Real Real.instRing))
              (@Semiring.toModule.{0} Real Real.semiring))))
        (@SetLike.instMembership.{0, 0}
          (@Submodule.{0, 0} Real (NLA.KE04.Vec n) Real.semiring
            (@AddCommGroup.toAddCommMonoid.{0} (NLA.KE04.Vec n)
              (@WithLp.instAddCommGroup.{0}
                (@OfNat.ofNat.{0} ENNReal (nat_lit 2)
                  (@instOfNatAtLeastTwo.{0} ENNReal (nat_lit 2)
                    (@AddMonoidWithOne.toNatCast.{0} ENNReal
                      (@AddCommMonoidWithOne.toAddMonoidWithOne.{0} ENNReal ENNReal.instAddCommMonoidWithOne))
                    PiLp.innerProductSpace._proof_1))
                ((i : Fin n) → (fun (x : Fin n) => Real) i)
                (@Pi.addCommGroup.{0, 0} (Fin n) (fun (x : Fin n) => Real) fun (i : Fin n) => Real.instAddCommGroup)))
            (@WithLp.instModule.{0, 0}
              (@OfNat.ofNat.{0} ENNReal (nat_lit 2)
                (@instOfNatAtLeastTwo.{0} ENNReal (nat_lit 2)
                  (@AddMonoidWithOne.toNatCast.{0} ENNReal
                    (@AddCommMonoidWithOne.toAddMonoidWithOne.{0} ENNReal ENNReal.instAddCommMonoidWithOne))
                  PiLp.innerProductSpace._proof_1))
              Real ((i : Fin n) → (fun (x : Fin n) => Real) i) Real.semiring
              (@Pi.addCommGroup.{0, 0} (Fin n) (fun (x : Fin n) => Real) fun (i : Fin n) => Real.instAddCommGroup)
              (@Pi.Function.module.{0, 0, 0} (Fin n) Real Real Real.semiring
                (@Semiring.toAddCommMonoid.{0} Real (@Ring.toSemiring.{0} Real Real.instRing))
                (@Semiring.toModule.{0} Real Real.semiring))))
          (NLA.KE04.Vec n)
          (@Submodule.setLike.{0, 0} Real (NLA.KE04.Vec n) Real.semiring
            (@AddCommGroup.toAddCommMonoid.{0} (NLA.KE04.Vec n)
              (@WithLp.instAddCommGroup.{0}
                (@OfNat.ofNat.{0} ENNReal (nat_lit 2)
                  (@instOfNatAtLeastTwo.{0} ENNReal (nat_lit 2)
                    (@AddMonoidWithOne.toNatCast.{0} ENNReal
                      (@AddCommMonoidWithOne.toAddMonoidWithOne.{0} ENNReal ENNReal.instAddCommMonoidWithOne))
                    PiLp.innerProductSpace._proof_1))
                ((i : Fin n) → (fun (x : Fin n) => Real) i)
                (@Pi.addCommGroup.{0, 0} (Fin n) (fun (x : Fin n) => Real) fun (i : Fin n) => Real.instAddCommGroup)))
            (@WithLp.instModule.{0, 0}
              (@OfNat.ofNat.{0} ENNReal (nat_lit 2)
                (@instOfNatAtLeastTwo.{0} ENNReal (nat_lit 2)
                  (@AddMonoidWithOne.toNatCast.{0} ENNReal
                    (@AddCommMonoidWithOne.toAddMonoidWithOne.{0} ENNReal ENNReal.instAddCommMonoidWithOne))
                  PiLp.innerProductSpace._proof_1))
              Real ((i : Fin n) → (fun (x : Fin n) => Real) i) Real.semiring
              (@Pi.addCommGroup.{0, 0} (Fin n) (fun (x : Fin n) => Real) fun (i : Fin n) => Real.instAddCommGroup)
              (@Pi.Function.module.{0, 0, 0} (Fin n) Real Real Real.semiring
                (@Semiring.toAddCommMonoid.{0} Real (@Ring.toSemiring.{0} Real Real.instRing))
                (@Semiring.toModule.{0} Real Real.semiring)))))
        (@NLA.KE04.krylov n p A V
          (@HSub.hSub.{0, 0, 0} Nat Nat Nat (@instHSub.{0} Nat instSubNat) k
            (@OfNat.ofNat.{0} Nat (nat_lit 1) (instOfNatNat (nat_lit 1)))))
        x)
    (a b : Real) =>
  sorryAx.{0}
    (∀ (tag : Lean.Name),
      @Eq.{1} Real
        (@NLA.KE04.form n
          (@NLA.KE04.compressedQuadratic n (@HMul.hMul.{0, 0, 0} Nat Nat Nat (@instHMul.{0} Nat instMulNat) k p) A Qk a
            b)
          x)
        (@NLA.KE04.form n
          (@NLA.KE04.compressedQuadratic n (@HMul.hMul.{0, 0, 0} Nat Nat Nat (@instHMul.{0} Nat instMulNat) j p) A Qj a
            b)
          x))
    Bool.false
    (Lean.Name.num
      (Lean.Name.str
        (Lean.Name.str
          (Lean.Name.num
            (Lean.Name.str
              (Lean.Name.str
                (Lean.Name.str
                  (Lean.Name.num
                    (Lean.Name.num
                      (Lean.Name.num
                        (Lean.Name.num
                          (Lean.Name.num
                            (Lean.Name.num (Lean.Name.str Lean.Name.anonymous "Challenge")
                              (@OfNat.ofNat.{0} Nat (nat_lit 146) (instOfNatNat (nat_lit 146))))
                            (@OfNat.ofNat.{0} Nat (nat_lit 50) (instOfNatNat (nat_lit 50))))
                          (@OfNat.ofNat.{0} Nat (nat_lit 146) (instOfNatNat (nat_lit 146))))
                        (@OfNat.ofNat.{0} Nat (nat_lit 55) (instOfNatNat (nat_lit 55))))
                      (@OfNat.ofNat.{0} Nat (nat_lit 50) (instOfNatNat (nat_lit 50))))
                    (@OfNat.ofNat.{0} Nat (nat_lit 55) (instOfNatNat (nat_lit 55))))
                  "_sorry")
                "_@")
              "Challenge")
            (@OfNat.ofNat.{0} Nat (nat_lit 3481679848) (instOfNatNat (nat_lit 3481679848))))
          "_hygCtx")
        "_hyg")
      (@OfNat.ofNat.{0} Nat (nat_lit 107) (instOfNatNat (nat_lit 107))))
theorem NLA.KE04.later_quadratic_identity : ∀ {n p : Nat} (A : NLA.KE04.Mat n) (V : NLA.KE04.Rect n p) (k j : Nat)
  (hk : @LE.le.{0} Nat instLENat (@OfNat.ofNat.{0} Nat (nat_lit 1) (instOfNatNat (nat_lit 1))) k)
  (hkj : @LT.lt.{0} Nat instLTNat k j)
  (Qj : NLA.KE04.Rect n (@HMul.hMul.{0, 0, 0} Nat Nat Nat (@instHMul.{0} Nat instMulNat) j p))
  (hQj : @NLA.KE04.IsKrylovBasis n p A V j Qj) (x : NLA.KE04.Vec n)
  (hx :
    @Membership.mem.{0, 0} (NLA.KE04.Vec n)
      (@Submodule.{0, 0} Real (NLA.KE04.Vec n) Real.semiring
        (@AddCommGroup.toAddCommMonoid.{0} (NLA.KE04.Vec n)
          (@WithLp.instAddCommGroup.{0}
            (@OfNat.ofNat.{0} ENNReal (nat_lit 2)
              (@instOfNatAtLeastTwo.{0} ENNReal (nat_lit 2)
                (@AddMonoidWithOne.toNatCast.{0} ENNReal
                  (@AddCommMonoidWithOne.toAddMonoidWithOne.{0} ENNReal ENNReal.instAddCommMonoidWithOne))
                PiLp.innerProductSpace._proof_1))
            ((i : Fin n) → (fun (x : Fin n) => Real) i)
            (@Pi.addCommGroup.{0, 0} (Fin n) (fun (x : Fin n) => Real) fun (i : Fin n) => Real.instAddCommGroup)))
        (@WithLp.instModule.{0, 0}
          (@OfNat.ofNat.{0} ENNReal (nat_lit 2)
            (@instOfNatAtLeastTwo.{0} ENNReal (nat_lit 2)
              (@AddMonoidWithOne.toNatCast.{0} ENNReal
                (@AddCommMonoidWithOne.toAddMonoidWithOne.{0} ENNReal ENNReal.instAddCommMonoidWithOne))
              PiLp.innerProductSpace._proof_1))
          Real ((i : Fin n) → (fun (x : Fin n) => Real) i) Real.semiring
          (@Pi.addCommGroup.{0, 0} (Fin n) (fun (x : Fin n) => Real) fun (i : Fin n) => Real.instAddCommGroup)
          (@Pi.Function.module.{0, 0, 0} (Fin n) Real Real Real.semiring
            (@Semiring.toAddCommMonoid.{0} Real (@Ring.toSemiring.{0} Real Real.instRing))
            (@Semiring.toModule.{0} Real Real.semiring))))
      (@SetLike.instMembership.{0, 0}
        (@Submodule.{0, 0} Real (NLA.KE04.Vec n) Real.semiring
          (@AddCommGroup.toAddCommMonoid.{0} (NLA.KE04.Vec n)
            (@WithLp.instAddCommGroup.{0}
              (@OfNat.ofNat.{0} ENNReal (nat_lit 2)
                (@instOfNatAtLeastTwo.{0} ENNReal (nat_lit 2)
                  (@AddMonoidWithOne.toNatCast.{0} ENNReal
                    (@AddCommMonoidWithOne.toAddMonoidWithOne.{0} ENNReal ENNReal.instAddCommMonoidWithOne))
                  PiLp.innerProductSpace._proof_1))
              ((i : Fin n) → (fun (x : Fin n) => Real) i)
              (@Pi.addCommGroup.{0, 0} (Fin n) (fun (x : Fin n) => Real) fun (i : Fin n) => Real.instAddCommGroup)))
          (@WithLp.instModule.{0, 0}
            (@OfNat.ofNat.{0} ENNReal (nat_lit 2)
              (@instOfNatAtLeastTwo.{0} ENNReal (nat_lit 2)
                (@AddMonoidWithOne.toNatCast.{0} ENNReal
                  (@AddCommMonoidWithOne.toAddMonoidWithOne.{0} ENNReal ENNReal.instAddCommMonoidWithOne))
                PiLp.innerProductSpace._proof_1))
            Real ((i : Fin n) → (fun (x : Fin n) => Real) i) Real.semiring
            (@Pi.addCommGroup.{0, 0} (Fin n) (fun (x : Fin n) => Real) fun (i : Fin n) => Real.instAddCommGroup)
            (@Pi.Function.module.{0, 0, 0} (Fin n) Real Real Real.semiring
              (@Semiring.toAddCommMonoid.{0} Real (@Ring.toSemiring.{0} Real Real.instRing))
              (@Semiring.toModule.{0} Real Real.semiring))))
        (NLA.KE04.Vec n)
        (@Submodule.setLike.{0, 0} Real (NLA.KE04.Vec n) Real.semiring
          (@AddCommGroup.toAddCommMonoid.{0} (NLA.KE04.Vec n)
            (@WithLp.instAddCommGroup.{0}
              (@OfNat.ofNat.{0} ENNReal (nat_lit 2)
                (@instOfNatAtLeastTwo.{0} ENNReal (nat_lit 2)
                  (@AddMonoidWithOne.toNatCast.{0} ENNReal
                    (@AddCommMonoidWithOne.toAddMonoidWithOne.{0} ENNReal ENNReal.instAddCommMonoidWithOne))
                  PiLp.innerProductSpace._proof_1))
              ((i : Fin n) → (fun (x : Fin n) => Real) i)
              (@Pi.addCommGroup.{0, 0} (Fin n) (fun (x : Fin n) => Real) fun (i : Fin n) => Real.instAddCommGroup)))
          (@WithLp.instModule.{0, 0}
            (@OfNat.ofNat.{0} ENNReal (nat_lit 2)
              (@instOfNatAtLeastTwo.{0} ENNReal (nat_lit 2)
                (@AddMonoidWithOne.toNatCast.{0} ENNReal
                  (@AddCommMonoidWithOne.toAddMonoidWithOne.{0} ENNReal ENNReal.instAddCommMonoidWithOne))
                PiLp.innerProductSpace._proof_1))
            Real ((i : Fin n) → (fun (x : Fin n) => Real) i) Real.semiring
            (@Pi.addCommGroup.{0, 0} (Fin n) (fun (x : Fin n) => Real) fun (i : Fin n) => Real.instAddCommGroup)
            (@Pi.Function.module.{0, 0, 0} (Fin n) Real Real Real.semiring
              (@Semiring.toAddCommMonoid.{0} Real (@Ring.toSemiring.{0} Real Real.instRing))
              (@Semiring.toModule.{0} Real Real.semiring)))))
      (@NLA.KE04.krylov n p A V
        (@HSub.hSub.{0, 0, 0} Nat Nat Nat (@instHSub.{0} Nat instSubNat) k
          (@OfNat.ofNat.{0} Nat (nat_lit 1) (instOfNatNat (nat_lit 1)))))
      x)
  (a b : Real),
  @Eq.{1} (NLA.KE04.Vec n)
    (@DFunLike.coe.{1, 1, 1}
      (@LinearMap.{0, 0, 0, 0} Real Real Real.semiring Real.semiring
        (@RingHom.id.{0} Real (@Semiring.toNonAssocSemiring.{0} Real Real.semiring)) (NLA.KE04.Vec n) (NLA.KE04.Vec n)
        (@AddCommGroup.toAddCommMonoid.{0} (NLA.KE04.Vec n)
          (@WithLp.instAddCommGroup.{0}
            (@OfNat.ofNat.{0} ENNReal (nat_lit 2)
              (@instOfNatAtLeastTwo.{0} ENNReal (nat_lit 2)
                (@AddMonoidWithOne.toNatCast.{0} ENNReal
                  (@AddCommMonoidWithOne.toAddMonoidWithOne.{0} ENNReal ENNReal.instAddCommMonoidWithOne))
                PiLp.innerProductSpace._proof_1))
            ((i : Fin n) → (fun (x : Fin n) => Real) i)
            (@Pi.addCommGroup.{0, 0} (Fin n) (fun (x : Fin n) => Real) fun (i : Fin n) => Real.instAddCommGroup)))
        (@AddCommGroup.toAddCommMonoid.{0} (NLA.KE04.Vec n)
          (@WithLp.instAddCommGroup.{0}
            (@OfNat.ofNat.{0} ENNReal (nat_lit 2)
              (@instOfNatAtLeastTwo.{0} ENNReal (nat_lit 2)
                (@AddMonoidWithOne.toNatCast.{0} ENNReal
                  (@AddCommMonoidWithOne.toAddMonoidWithOne.{0} ENNReal ENNReal.instAddCommMonoidWithOne))
                PiLp.innerProductSpace._proof_1))
            ((i : Fin n) → (fun (x : Fin n) => Real) i)
            (@Pi.addCommGroup.{0, 0} (Fin n) (fun (x : Fin n) => Real) fun (i : Fin n) => Real.instAddCommGroup)))
        (@WithLp.instModule.{0, 0}
          (@OfNat.ofNat.{0} ENNReal (nat_lit 2)
            (@instOfNatAtLeastTwo.{0} ENNReal (nat_lit 2)
              (@AddMonoidWithOne.toNatCast.{0} ENNReal
                (@AddCommMonoidWithOne.toAddMonoidWithOne.{0} ENNReal ENNReal.instAddCommMonoidWithOne))
              PiLp.innerProductSpace._proof_1))
          Real ((i : Fin n) → (fun (x : Fin n) => Real) i) Real.semiring
          (@Pi.addCommGroup.{0, 0} (Fin n) (fun (x : Fin n) => Real) fun (i : Fin n) => Real.instAddCommGroup)
          (@Pi.Function.module.{0, 0, 0} (Fin n) Real Real Real.semiring
            (@Semiring.toAddCommMonoid.{0} Real (@Ring.toSemiring.{0} Real Real.instRing))
            (@Semiring.toModule.{0} Real Real.semiring)))
        (@WithLp.instModule.{0, 0}
          (@OfNat.ofNat.{0} ENNReal (nat_lit 2)
            (@instOfNatAtLeastTwo.{0} ENNReal (nat_lit 2)
              (@AddMonoidWithOne.toNatCast.{0} ENNReal
                (@AddCommMonoidWithOne.toAddMonoidWithOne.{0} ENNReal ENNReal.instAddCommMonoidWithOne))
              PiLp.innerProductSpace._proof_1))
          Real ((i : Fin n) → (fun (x : Fin n) => Real) i) Real.semiring
          (@Pi.addCommGroup.{0, 0} (Fin n) (fun (x : Fin n) => Real) fun (i : Fin n) => Real.instAddCommGroup)
          (@Pi.Function.module.{0, 0, 0} (Fin n) Real Real Real.semiring
            (@Semiring.toAddCommMonoid.{0} Real (@Ring.toSemiring.{0} Real Real.instRing))
            (@Semiring.toModule.{0} Real Real.semiring))))
      (NLA.KE04.Vec n) (fun (x : NLA.KE04.Vec n) => NLA.KE04.Vec n)
      (@LinearMap.instFunLike.{0, 0, 0, 0} Real Real (NLA.KE04.Vec n) (NLA.KE04.Vec n) Real.semiring Real.semiring
        (@AddCommGroup.toAddCommMonoid.{0} (NLA.KE04.Vec n)
          (@WithLp.instAddCommGroup.{0}
            (@OfNat.ofNat.{0} ENNReal (nat_lit 2)
              (@instOfNatAtLeastTwo.{0} ENNReal (nat_lit 2)
                (@AddMonoidWithOne.toNatCast.{0} ENNReal
                  (@AddCommMonoidWithOne.toAddMonoidWithOne.{0} ENNReal ENNReal.instAddCommMonoidWithOne))
                PiLp.innerProductSpace._proof_1))
            ((i : Fin n) → (fun (x : Fin n) => Real) i)
            (@Pi.addCommGroup.{0, 0} (Fin n) (fun (x : Fin n) => Real) fun (i : Fin n) => Real.instAddCommGroup)))
        (@AddCommGroup.toAddCommMonoid.{0} (NLA.KE04.Vec n)
          (@WithLp.instAddCommGroup.{0}
            (@OfNat.ofNat.{0} ENNReal (nat_lit 2)
              (@instOfNatAtLeastTwo.{0} ENNReal (nat_lit 2)
                (@AddMonoidWithOne.toNatCast.{0} ENNReal
                  (@AddCommMonoidWithOne.toAddMonoidWithOne.{0} ENNReal ENNReal.instAddCommMonoidWithOne))
                PiLp.innerProductSpace._proof_1))
            ((i : Fin n) → (fun (x : Fin n) => Real) i)
            (@Pi.addCommGroup.{0, 0} (Fin n) (fun (x : Fin n) => Real) fun (i : Fin n) => Real.instAddCommGroup)))
        (@WithLp.instModule.{0, 0}
          (@OfNat.ofNat.{0} ENNReal (nat_lit 2)
            (@instOfNatAtLeastTwo.{0} ENNReal (nat_lit 2)
              (@AddMonoidWithOne.toNatCast.{0} ENNReal
                (@AddCommMonoidWithOne.toAddMonoidWithOne.{0} ENNReal ENNReal.instAddCommMonoidWithOne))
              PiLp.innerProductSpace._proof_1))
          Real ((i : Fin n) → (fun (x : Fin n) => Real) i) Real.semiring
          (@Pi.addCommGroup.{0, 0} (Fin n) (fun (x : Fin n) => Real) fun (i : Fin n) => Real.instAddCommGroup)
          (@Pi.Function.module.{0, 0, 0} (Fin n) Real Real Real.semiring
            (@Semiring.toAddCommMonoid.{0} Real (@Ring.toSemiring.{0} Real Real.instRing))
            (@Semiring.toModule.{0} Real Real.semiring)))
        (@WithLp.instModule.{0, 0}
          (@OfNat.ofNat.{0} ENNReal (nat_lit 2)
            (@instOfNatAtLeastTwo.{0} ENNReal (nat_lit 2)
              (@AddMonoidWithOne.toNatCast.{0} ENNReal
                (@AddCommMonoidWithOne.toAddMonoidWithOne.{0} ENNReal ENNReal.instAddCommMonoidWithOne))
              PiLp.innerProductSpace._proof_1))
          Real ((i : Fin n) → (fun (x : Fin n) => Real) i) Real.semiring
          (@Pi.addCommGroup.{0, 0} (Fin n) (fun (x : Fin n) => Real) fun (i : Fin n) => Real.instAddCommGroup)
          (@Pi.Function.module.{0, 0, 0} (Fin n) Real Real Real.semiring
            (@Semiring.toAddCommMonoid.{0} Real (@Ring.toSemiring.{0} Real Real.instRing))
            (@Semiring.toModule.{0} Real Real.semiring)))
        (@RingHom.id.{0} Real (@Semiring.toNonAssocSemiring.{0} Real Real.semiring)))
      (@NLA.KE04.act n n
        (@NLA.KE04.compressedQuadratic n (@HMul.hMul.{0, 0, 0} Nat Nat Nat (@instHMul.{0} Nat instMulNat) j p) A Qj a
          b))
      x)
    (@DFunLike.coe.{1, 1, 1}
      (@LinearMap.{0, 0, 0, 0} Real Real Real.semiring Real.semiring
        (@RingHom.id.{0} Real (@Semiring.toNonAssocSemiring.{0} Real Real.semiring)) (NLA.KE04.Vec n) (NLA.KE04.Vec n)
        (@AddCommGroup.toAddCommMonoid.{0} (NLA.KE04.Vec n)
          (@WithLp.instAddCommGroup.{0}
            (@OfNat.ofNat.{0} ENNReal (nat_lit 2)
              (@instOfNatAtLeastTwo.{0} ENNReal (nat_lit 2)
                (@AddMonoidWithOne.toNatCast.{0} ENNReal
                  (@AddCommMonoidWithOne.toAddMonoidWithOne.{0} ENNReal ENNReal.instAddCommMonoidWithOne))
                PiLp.innerProductSpace._proof_1))
            ((i : Fin n) → (fun (x : Fin n) => Real) i)
            (@Pi.addCommGroup.{0, 0} (Fin n) (fun (x : Fin n) => Real) fun (i : Fin n) => Real.instAddCommGroup)))
        (@AddCommGroup.toAddCommMonoid.{0} (NLA.KE04.Vec n)
          (@WithLp.instAddCommGroup.{0}
            (@OfNat.ofNat.{0} ENNReal (nat_lit 2)
              (@instOfNatAtLeastTwo.{0} ENNReal (nat_lit 2)
                (@AddMonoidWithOne.toNatCast.{0} ENNReal
                  (@AddCommMonoidWithOne.toAddMonoidWithOne.{0} ENNReal ENNReal.instAddCommMonoidWithOne))
                PiLp.innerProductSpace._proof_1))
            ((i : Fin n) → (fun (x : Fin n) => Real) i)
            (@Pi.addCommGroup.{0, 0} (Fin n) (fun (x : Fin n) => Real) fun (i : Fin n) => Real.instAddCommGroup)))
        (@WithLp.instModule.{0, 0}
          (@OfNat.ofNat.{0} ENNReal (nat_lit 2)
            (@instOfNatAtLeastTwo.{0} ENNReal (nat_lit 2)
              (@AddMonoidWithOne.toNatCast.{0} ENNReal
                (@AddCommMonoidWithOne.toAddMonoidWithOne.{0} ENNReal ENNReal.instAddCommMonoidWithOne))
              PiLp.innerProductSpace._proof_1))
          Real ((i : Fin n) → (fun (x : Fin n) => Real) i) Real.semiring
          (@Pi.addCommGroup.{0, 0} (Fin n) (fun (x : Fin n) => Real) fun (i : Fin n) => Real.instAddCommGroup)
          (@Pi.Function.module.{0, 0, 0} (Fin n) Real Real Real.semiring
            (@Semiring.toAddCommMonoid.{0} Real (@Ring.toSemiring.{0} Real Real.instRing))
            (@Semiring.toModule.{0} Real Real.semiring)))
        (@WithLp.instModule.{0, 0}
          (@OfNat.ofNat.{0} ENNReal (nat_lit 2)
            (@instOfNatAtLeastTwo.{0} ENNReal (nat_lit 2)
              (@AddMonoidWithOne.toNatCast.{0} ENNReal
                (@AddCommMonoidWithOne.toAddMonoidWithOne.{0} ENNReal ENNReal.instAddCommMonoidWithOne))
              PiLp.innerProductSpace._proof_1))
          Real ((i : Fin n) → (fun (x : Fin n) => Real) i) Real.semiring
          (@Pi.addCommGroup.{0, 0} (Fin n) (fun (x : Fin n) => Real) fun (i : Fin n) => Real.instAddCommGroup)
          (@Pi.Function.module.{0, 0, 0} (Fin n) Real Real Real.semiring
            (@Semiring.toAddCommMonoid.{0} Real (@Ring.toSemiring.{0} Real Real.instRing))
            (@Semiring.toModule.{0} Real Real.semiring))))
      (NLA.KE04.Vec n) (fun (x : NLA.KE04.Vec n) => NLA.KE04.Vec n)
      (@LinearMap.instFunLike.{0, 0, 0, 0} Real Real (NLA.KE04.Vec n) (NLA.KE04.Vec n) Real.semiring Real.semiring
        (@AddCommGroup.toAddCommMonoid.{0} (NLA.KE04.Vec n)
          (@WithLp.instAddCommGroup.{0}
            (@OfNat.ofNat.{0} ENNReal (nat_lit 2)
              (@instOfNatAtLeastTwo.{0} ENNReal (nat_lit 2)
                (@AddMonoidWithOne.toNatCast.{0} ENNReal
                  (@AddCommMonoidWithOne.toAddMonoidWithOne.{0} ENNReal ENNReal.instAddCommMonoidWithOne))
                PiLp.innerProductSpace._proof_1))
            ((i : Fin n) → (fun (x : Fin n) => Real) i)
            (@Pi.addCommGroup.{0, 0} (Fin n) (fun (x : Fin n) => Real) fun (i : Fin n) => Real.instAddCommGroup)))
        (@AddCommGroup.toAddCommMonoid.{0} (NLA.KE04.Vec n)
          (@WithLp.instAddCommGroup.{0}
            (@OfNat.ofNat.{0} ENNReal (nat_lit 2)
              (@instOfNatAtLeastTwo.{0} ENNReal (nat_lit 2)
                (@AddMonoidWithOne.toNatCast.{0} ENNReal
                  (@AddCommMonoidWithOne.toAddMonoidWithOne.{0} ENNReal ENNReal.instAddCommMonoidWithOne))
                PiLp.innerProductSpace._proof_1))
            ((i : Fin n) → (fun (x : Fin n) => Real) i)
            (@Pi.addCommGroup.{0, 0} (Fin n) (fun (x : Fin n) => Real) fun (i : Fin n) => Real.instAddCommGroup)))
        (@WithLp.instModule.{0, 0}
          (@OfNat.ofNat.{0} ENNReal (nat_lit 2)
            (@instOfNatAtLeastTwo.{0} ENNReal (nat_lit 2)
              (@AddMonoidWithOne.toNatCast.{0} ENNReal
                (@AddCommMonoidWithOne.toAddMonoidWithOne.{0} ENNReal ENNReal.instAddCommMonoidWithOne))
              PiLp.innerProductSpace._proof_1))
          Real ((i : Fin n) → (fun (x : Fin n) => Real) i) Real.semiring
          (@Pi.addCommGroup.{0, 0} (Fin n) (fun (x : Fin n) => Real) fun (i : Fin n) => Real.instAddCommGroup)
          (@Pi.Function.module.{0, 0, 0} (Fin n) Real Real Real.semiring
            (@Semiring.toAddCommMonoid.{0} Real (@Ring.toSemiring.{0} Real Real.instRing))
            (@Semiring.toModule.{0} Real Real.semiring)))
        (@WithLp.instModule.{0, 0}
          (@OfNat.ofNat.{0} ENNReal (nat_lit 2)
            (@instOfNatAtLeastTwo.{0} ENNReal (nat_lit 2)
              (@AddMonoidWithOne.toNatCast.{0} ENNReal
                (@AddCommMonoidWithOne.toAddMonoidWithOne.{0} ENNReal ENNReal.instAddCommMonoidWithOne))
              PiLp.innerProductSpace._proof_1))
          Real ((i : Fin n) → (fun (x : Fin n) => Real) i) Real.semiring
          (@Pi.addCommGroup.{0, 0} (Fin n) (fun (x : Fin n) => Real) fun (i : Fin n) => Real.instAddCommGroup)
          (@Pi.Function.module.{0, 0, 0} (Fin n) Real Real Real.semiring
            (@Semiring.toAddCommMonoid.{0} Real (@Ring.toSemiring.{0} Real Real.instRing))
            (@Semiring.toModule.{0} Real Real.semiring)))
        (@RingHom.id.{0} Real (@Semiring.toNonAssocSemiring.{0} Real Real.semiring)))
      (@NLA.KE04.act n n (@NLA.KE04.quadraticMatrix n A a b)) x) :=
fun {n p : Nat} (A : NLA.KE04.Mat n) (V : NLA.KE04.Rect n p) (k j : Nat)
    (hk : @LE.le.{0} Nat instLENat (@OfNat.ofNat.{0} Nat (nat_lit 1) (instOfNatNat (nat_lit 1))) k)
    (hkj : @LT.lt.{0} Nat instLTNat k j)
    (Qj : NLA.KE04.Rect n (@HMul.hMul.{0, 0, 0} Nat Nat Nat (@instHMul.{0} Nat instMulNat) j p))
    (hQj : @NLA.KE04.IsKrylovBasis n p A V j Qj) (x : NLA.KE04.Vec n)
    (hx :
      @Membership.mem.{0, 0} (NLA.KE04.Vec n)
        (@Submodule.{0, 0} Real (NLA.KE04.Vec n) Real.semiring
          (@AddCommGroup.toAddCommMonoid.{0} (NLA.KE04.Vec n)
            (@WithLp.instAddCommGroup.{0}
              (@OfNat.ofNat.{0} ENNReal (nat_lit 2)
                (@instOfNatAtLeastTwo.{0} ENNReal (nat_lit 2)
                  (@AddMonoidWithOne.toNatCast.{0} ENNReal
                    (@AddCommMonoidWithOne.toAddMonoidWithOne.{0} ENNReal ENNReal.instAddCommMonoidWithOne))
                  PiLp.innerProductSpace._proof_1))
              ((i : Fin n) → (fun (x : Fin n) => Real) i)
              (@Pi.addCommGroup.{0, 0} (Fin n) (fun (x : Fin n) => Real) fun (i : Fin n) => Real.instAddCommGroup)))
          (@WithLp.instModule.{0, 0}
            (@OfNat.ofNat.{0} ENNReal (nat_lit 2)
              (@instOfNatAtLeastTwo.{0} ENNReal (nat_lit 2)
                (@AddMonoidWithOne.toNatCast.{0} ENNReal
                  (@AddCommMonoidWithOne.toAddMonoidWithOne.{0} ENNReal ENNReal.instAddCommMonoidWithOne))
                PiLp.innerProductSpace._proof_1))
            Real ((i : Fin n) → (fun (x : Fin n) => Real) i) Real.semiring
            (@Pi.addCommGroup.{0, 0} (Fin n) (fun (x : Fin n) => Real) fun (i : Fin n) => Real.instAddCommGroup)
            (@Pi.Function.module.{0, 0, 0} (Fin n) Real Real Real.semiring
              (@Semiring.toAddCommMonoid.{0} Real (@Ring.toSemiring.{0} Real Real.instRing))
              (@Semiring.toModule.{0} Real Real.semiring))))
        (@SetLike.instMembership.{0, 0}
          (@Submodule.{0, 0} Real (NLA.KE04.Vec n) Real.semiring
            (@AddCommGroup.toAddCommMonoid.{0} (NLA.KE04.Vec n)
              (@WithLp.instAddCommGroup.{0}
                (@OfNat.ofNat.{0} ENNReal (nat_lit 2)
                  (@instOfNatAtLeastTwo.{0} ENNReal (nat_lit 2)
                    (@AddMonoidWithOne.toNatCast.{0} ENNReal
                      (@AddCommMonoidWithOne.toAddMonoidWithOne.{0} ENNReal ENNReal.instAddCommMonoidWithOne))
                    PiLp.innerProductSpace._proof_1))
                ((i : Fin n) → (fun (x : Fin n) => Real) i)
                (@Pi.addCommGroup.{0, 0} (Fin n) (fun (x : Fin n) => Real) fun (i : Fin n) => Real.instAddCommGroup)))
            (@WithLp.instModule.{0, 0}
              (@OfNat.ofNat.{0} ENNReal (nat_lit 2)
                (@instOfNatAtLeastTwo.{0} ENNReal (nat_lit 2)
                  (@AddMonoidWithOne.toNatCast.{0} ENNReal
                    (@AddCommMonoidWithOne.toAddMonoidWithOne.{0} ENNReal ENNReal.instAddCommMonoidWithOne))
                  PiLp.innerProductSpace._proof_1))
              Real ((i : Fin n) → (fun (x : Fin n) => Real) i) Real.semiring
              (@Pi.addCommGroup.{0, 0} (Fin n) (fun (x : Fin n) => Real) fun (i : Fin n) => Real.instAddCommGroup)
              (@Pi.Function.module.{0, 0, 0} (Fin n) Real Real Real.semiring
                (@Semiring.toAddCommMonoid.{0} Real (@Ring.toSemiring.{0} Real Real.instRing))
                (@Semiring.toModule.{0} Real Real.semiring))))
          (NLA.KE04.Vec n)
          (@Submodule.setLike.{0, 0} Real (NLA.KE04.Vec n) Real.semiring
            (@AddCommGroup.toAddCommMonoid.{0} (NLA.KE04.Vec n)
              (@WithLp.instAddCommGroup.{0}
                (@OfNat.ofNat.{0} ENNReal (nat_lit 2)
                  (@instOfNatAtLeastTwo.{0} ENNReal (nat_lit 2)
                    (@AddMonoidWithOne.toNatCast.{0} ENNReal
                      (@AddCommMonoidWithOne.toAddMonoidWithOne.{0} ENNReal ENNReal.instAddCommMonoidWithOne))
                    PiLp.innerProductSpace._proof_1))
                ((i : Fin n) → (fun (x : Fin n) => Real) i)
                (@Pi.addCommGroup.{0, 0} (Fin n) (fun (x : Fin n) => Real) fun (i : Fin n) => Real.instAddCommGroup)))
            (@WithLp.instModule.{0, 0}
              (@OfNat.ofNat.{0} ENNReal (nat_lit 2)
                (@instOfNatAtLeastTwo.{0} ENNReal (nat_lit 2)
                  (@AddMonoidWithOne.toNatCast.{0} ENNReal
                    (@AddCommMonoidWithOne.toAddMonoidWithOne.{0} ENNReal ENNReal.instAddCommMonoidWithOne))
                  PiLp.innerProductSpace._proof_1))
              Real ((i : Fin n) → (fun (x : Fin n) => Real) i) Real.semiring
              (@Pi.addCommGroup.{0, 0} (Fin n) (fun (x : Fin n) => Real) fun (i : Fin n) => Real.instAddCommGroup)
              (@Pi.Function.module.{0, 0, 0} (Fin n) Real Real Real.semiring
                (@Semiring.toAddCommMonoid.{0} Real (@Ring.toSemiring.{0} Real Real.instRing))
                (@Semiring.toModule.{0} Real Real.semiring)))))
        (@NLA.KE04.krylov n p A V
          (@HSub.hSub.{0, 0, 0} Nat Nat Nat (@instHSub.{0} Nat instSubNat) k
            (@OfNat.ofNat.{0} Nat (nat_lit 1) (instOfNatNat (nat_lit 1)))))
        x)
    (a b : Real) =>
  sorryAx.{0}
    (∀ (tag : Lean.Name),
      @Eq.{1} (NLA.KE04.Vec n)
        (@DFunLike.coe.{1, 1, 1}
          (@LinearMap.{0, 0, 0, 0} Real Real Real.semiring Real.semiring
            (@RingHom.id.{0} Real (@Semiring.toNonAssocSemiring.{0} Real Real.semiring)) (NLA.KE04.Vec n)
            (NLA.KE04.Vec n)
            (@AddCommGroup.toAddCommMonoid.{0} (NLA.KE04.Vec n)
              (@WithLp.instAddCommGroup.{0}
                (@OfNat.ofNat.{0} ENNReal (nat_lit 2)
                  (@instOfNatAtLeastTwo.{0} ENNReal (nat_lit 2)
                    (@AddMonoidWithOne.toNatCast.{0} ENNReal
                      (@AddCommMonoidWithOne.toAddMonoidWithOne.{0} ENNReal ENNReal.instAddCommMonoidWithOne))
                    PiLp.innerProductSpace._proof_1))
                ((i : Fin n) → (fun (x : Fin n) => Real) i)
                (@Pi.addCommGroup.{0, 0} (Fin n) (fun (x : Fin n) => Real) fun (i : Fin n) => Real.instAddCommGroup)))
            (@AddCommGroup.toAddCommMonoid.{0} (NLA.KE04.Vec n)
              (@WithLp.instAddCommGroup.{0}
                (@OfNat.ofNat.{0} ENNReal (nat_lit 2)
                  (@instOfNatAtLeastTwo.{0} ENNReal (nat_lit 2)
                    (@AddMonoidWithOne.toNatCast.{0} ENNReal
                      (@AddCommMonoidWithOne.toAddMonoidWithOne.{0} ENNReal ENNReal.instAddCommMonoidWithOne))
                    PiLp.innerProductSpace._proof_1))
                ((i : Fin n) → (fun (x : Fin n) => Real) i)
                (@Pi.addCommGroup.{0, 0} (Fin n) (fun (x : Fin n) => Real) fun (i : Fin n) => Real.instAddCommGroup)))
            (@WithLp.instModule.{0, 0}
              (@OfNat.ofNat.{0} ENNReal (nat_lit 2)
                (@instOfNatAtLeastTwo.{0} ENNReal (nat_lit 2)
                  (@AddMonoidWithOne.toNatCast.{0} ENNReal
                    (@AddCommMonoidWithOne.toAddMonoidWithOne.{0} ENNReal ENNReal.instAddCommMonoidWithOne))
                  PiLp.innerProductSpace._proof_1))
              Real ((i : Fin n) → (fun (x : Fin n) => Real) i) Real.semiring
              (@Pi.addCommGroup.{0, 0} (Fin n) (fun (x : Fin n) => Real) fun (i : Fin n) => Real.instAddCommGroup)
              (@Pi.Function.module.{0, 0, 0} (Fin n) Real Real Real.semiring
                (@Semiring.toAddCommMonoid.{0} Real (@Ring.toSemiring.{0} Real Real.instRing))
                (@Semiring.toModule.{0} Real Real.semiring)))
            (@WithLp.instModule.{0, 0}
              (@OfNat.ofNat.{0} ENNReal (nat_lit 2)
                (@instOfNatAtLeastTwo.{0} ENNReal (nat_lit 2)
                  (@AddMonoidWithOne.toNatCast.{0} ENNReal
                    (@AddCommMonoidWithOne.toAddMonoidWithOne.{0} ENNReal ENNReal.instAddCommMonoidWithOne))
                  PiLp.innerProductSpace._proof_1))
              Real ((i : Fin n) → (fun (x : Fin n) => Real) i) Real.semiring
              (@Pi.addCommGroup.{0, 0} (Fin n) (fun (x : Fin n) => Real) fun (i : Fin n) => Real.instAddCommGroup)
              (@Pi.Function.module.{0, 0, 0} (Fin n) Real Real Real.semiring
                (@Semiring.toAddCommMonoid.{0} Real (@Ring.toSemiring.{0} Real Real.instRing))
                (@Semiring.toModule.{0} Real Real.semiring))))
          (NLA.KE04.Vec n) (fun (x : NLA.KE04.Vec n) => NLA.KE04.Vec n)
          (@LinearMap.instFunLike.{0, 0, 0, 0} Real Real (NLA.KE04.Vec n) (NLA.KE04.Vec n) Real.semiring Real.semiring
            (@AddCommGroup.toAddCommMonoid.{0} (NLA.KE04.Vec n)
              (@WithLp.instAddCommGroup.{0}
                (@OfNat.ofNat.{0} ENNReal (nat_lit 2)
                  (@instOfNatAtLeastTwo.{0} ENNReal (nat_lit 2)
                    (@AddMonoidWithOne.toNatCast.{0} ENNReal
                      (@AddCommMonoidWithOne.toAddMonoidWithOne.{0} ENNReal ENNReal.instAddCommMonoidWithOne))
                    PiLp.innerProductSpace._proof_1))
                ((i : Fin n) → (fun (x : Fin n) => Real) i)
                (@Pi.addCommGroup.{0, 0} (Fin n) (fun (x : Fin n) => Real) fun (i : Fin n) => Real.instAddCommGroup)))
            (@AddCommGroup.toAddCommMonoid.{0} (NLA.KE04.Vec n)
              (@WithLp.instAddCommGroup.{0}
                (@OfNat.ofNat.{0} ENNReal (nat_lit 2)
                  (@instOfNatAtLeastTwo.{0} ENNReal (nat_lit 2)
                    (@AddMonoidWithOne.toNatCast.{0} ENNReal
                      (@AddCommMonoidWithOne.toAddMonoidWithOne.{0} ENNReal ENNReal.instAddCommMonoidWithOne))
                    PiLp.innerProductSpace._proof_1))
                ((i : Fin n) → (fun (x : Fin n) => Real) i)
                (@Pi.addCommGroup.{0, 0} (Fin n) (fun (x : Fin n) => Real) fun (i : Fin n) => Real.instAddCommGroup)))
            (@WithLp.instModule.{0, 0}
              (@OfNat.ofNat.{0} ENNReal (nat_lit 2)
                (@instOfNatAtLeastTwo.{0} ENNReal (nat_lit 2)
                  (@AddMonoidWithOne.toNatCast.{0} ENNReal
                    (@AddCommMonoidWithOne.toAddMonoidWithOne.{0} ENNReal ENNReal.instAddCommMonoidWithOne))
                  PiLp.innerProductSpace._proof_1))
              Real ((i : Fin n) → (fun (x : Fin n) => Real) i) Real.semiring
              (@Pi.addCommGroup.{0, 0} (Fin n) (fun (x : Fin n) => Real) fun (i : Fin n) => Real.instAddCommGroup)
              (@Pi.Function.module.{0, 0, 0} (Fin n) Real Real Real.semiring
                (@Semiring.toAddCommMonoid.{0} Real (@Ring.toSemiring.{0} Real Real.instRing))
                (@Semiring.toModule.{0} Real Real.semiring)))
            (@WithLp.instModule.{0, 0}
              (@OfNat.ofNat.{0} ENNReal (nat_lit 2)
                (@instOfNatAtLeastTwo.{0} ENNReal (nat_lit 2)
                  (@AddMonoidWithOne.toNatCast.{0} ENNReal
                    (@AddCommMonoidWithOne.toAddMonoidWithOne.{0} ENNReal ENNReal.instAddCommMonoidWithOne))
                  PiLp.innerProductSpace._proof_1))
              Real ((i : Fin n) → (fun (x : Fin n) => Real) i) Real.semiring
              (@Pi.addCommGroup.{0, 0} (Fin n) (fun (x : Fin n) => Real) fun (i : Fin n) => Real.instAddCommGroup)
              (@Pi.Function.module.{0, 0, 0} (Fin n) Real Real Real.semiring
                (@Semiring.toAddCommMonoid.{0} Real (@Ring.toSemiring.{0} Real Real.instRing))
                (@Semiring.toModule.{0} Real Real.semiring)))
            (@RingHom.id.{0} Real (@Semiring.toNonAssocSemiring.{0} Real Real.semiring)))
          (@NLA.KE04.act n n
            (@NLA.KE04.compressedQuadratic n (@HMul.hMul.{0, 0, 0} Nat Nat Nat (@instHMul.{0} Nat instMulNat) j p) A Qj
              a b))
          x)
        (@DFunLike.coe.{1, 1, 1}
          (@LinearMap.{0, 0, 0, 0} Real Real Real.semiring Real.semiring
            (@RingHom.id.{0} Real (@Semiring.toNonAssocSemiring.{0} Real Real.semiring)) (NLA.KE04.Vec n)
            (NLA.KE04.Vec n)
            (@AddCommGroup.toAddCommMonoid.{0} (NLA.KE04.Vec n)
              (@WithLp.instAddCommGroup.{0}
                (@OfNat.ofNat.{0} ENNReal (nat_lit 2)
                  (@instOfNatAtLeastTwo.{0} ENNReal (nat_lit 2)
                    (@AddMonoidWithOne.toNatCast.{0} ENNReal
                      (@AddCommMonoidWithOne.toAddMonoidWithOne.{0} ENNReal ENNReal.instAddCommMonoidWithOne))
                    PiLp.innerProductSpace._proof_1))
                ((i : Fin n) → (fun (x : Fin n) => Real) i)
                (@Pi.addCommGroup.{0, 0} (Fin n) (fun (x : Fin n) => Real) fun (i : Fin n) => Real.instAddCommGroup)))
            (@AddCommGroup.toAddCommMonoid.{0} (NLA.KE04.Vec n)
              (@WithLp.instAddCommGroup.{0}
                (@OfNat.ofNat.{0} ENNReal (nat_lit 2)
                  (@instOfNatAtLeastTwo.{0} ENNReal (nat_lit 2)
                    (@AddMonoidWithOne.toNatCast.{0} ENNReal
                      (@AddCommMonoidWithOne.toAddMonoidWithOne.{0} ENNReal ENNReal.instAddCommMonoidWithOne))
                    PiLp.innerProductSpace._proof_1))
                ((i : Fin n) → (fun (x : Fin n) => Real) i)
                (@Pi.addCommGroup.{0, 0} (Fin n) (fun (x : Fin n) => Real) fun (i : Fin n) => Real.instAddCommGroup)))
            (@WithLp.instModule.{0, 0}
              (@OfNat.ofNat.{0} ENNReal (nat_lit 2)
                (@instOfNatAtLeastTwo.{0} ENNReal (nat_lit 2)
                  (@AddMonoidWithOne.toNatCast.{0} ENNReal
                    (@AddCommMonoidWithOne.toAddMonoidWithOne.{0} ENNReal ENNReal.instAddCommMonoidWithOne))
                  PiLp.innerProductSpace._proof_1))
              Real ((i : Fin n) → (fun (x : Fin n) => Real) i) Real.semiring
              (@Pi.addCommGroup.{0, 0} (Fin n) (fun (x : Fin n) => Real) fun (i : Fin n) => Real.instAddCommGroup)
              (@Pi.Function.module.{0, 0, 0} (Fin n) Real Real Real.semiring
                (@Semiring.toAddCommMonoid.{0} Real (@Ring.toSemiring.{0} Real Real.instRing))
                (@Semiring.toModule.{0} Real Real.semiring)))
            (@WithLp.instModule.{0, 0}
              (@OfNat.ofNat.{0} ENNReal (nat_lit 2)
                (@instOfNatAtLeastTwo.{0} ENNReal (nat_lit 2)
                  (@AddMonoidWithOne.toNatCast.{0} ENNReal
                    (@AddCommMonoidWithOne.toAddMonoidWithOne.{0} ENNReal ENNReal.instAddCommMonoidWithOne))
                  PiLp.innerProductSpace._proof_1))
              Real ((i : Fin n) → (fun (x : Fin n) => Real) i) Real.semiring
              (@Pi.addCommGroup.{0, 0} (Fin n) (fun (x : Fin n) => Real) fun (i : Fin n) => Real.instAddCommGroup)
              (@Pi.Function.module.{0, 0, 0} (Fin n) Real Real Real.semiring
                (@Semiring.toAddCommMonoid.{0} Real (@Ring.toSemiring.{0} Real Real.instRing))
                (@Semiring.toModule.{0} Real Real.semiring))))
          (NLA.KE04.Vec n) (fun (x : NLA.KE04.Vec n) => NLA.KE04.Vec n)
          (@LinearMap.instFunLike.{0, 0, 0, 0} Real Real (NLA.KE04.Vec n) (NLA.KE04.Vec n) Real.semiring Real.semiring
            (@AddCommGroup.toAddCommMonoid.{0} (NLA.KE04.Vec n)
              (@WithLp.instAddCommGroup.{0}
                (@OfNat.ofNat.{0} ENNReal (nat_lit 2)
                  (@instOfNatAtLeastTwo.{0} ENNReal (nat_lit 2)
                    (@AddMonoidWithOne.toNatCast.{0} ENNReal
                      (@AddCommMonoidWithOne.toAddMonoidWithOne.{0} ENNReal ENNReal.instAddCommMonoidWithOne))
                    PiLp.innerProductSpace._proof_1))
                ((i : Fin n) → (fun (x : Fin n) => Real) i)
                (@Pi.addCommGroup.{0, 0} (Fin n) (fun (x : Fin n) => Real) fun (i : Fin n) => Real.instAddCommGroup)))
            (@AddCommGroup.toAddCommMonoid.{0} (NLA.KE04.Vec n)
              (@WithLp.instAddCommGroup.{0}
                (@OfNat.ofNat.{0} ENNReal (nat_lit 2)
                  (@instOfNatAtLeastTwo.{0} ENNReal (nat_lit 2)
                    (@AddMonoidWithOne.toNatCast.{0} ENNReal
                      (@AddCommMonoidWithOne.toAddMonoidWithOne.{0} ENNReal ENNReal.instAddCommMonoidWithOne))
                    PiLp.innerProductSpace._proof_1))
                ((i : Fin n) → (fun (x : Fin n) => Real) i)
                (@Pi.addCommGroup.{0, 0} (Fin n) (fun (x : Fin n) => Real) fun (i : Fin n) => Real.instAddCommGroup)))
            (@WithLp.instModule.{0, 0}
              (@OfNat.ofNat.{0} ENNReal (nat_lit 2)
                (@instOfNatAtLeastTwo.{0} ENNReal (nat_lit 2)
                  (@AddMonoidWithOne.toNatCast.{0} ENNReal
                    (@AddCommMonoidWithOne.toAddMonoidWithOne.{0} ENNReal ENNReal.instAddCommMonoidWithOne))
                  PiLp.innerProductSpace._proof_1))
              Real ((i : Fin n) → (fun (x : Fin n) => Real) i) Real.semiring
              (@Pi.addCommGroup.{0, 0} (Fin n) (fun (x : Fin n) => Real) fun (i : Fin n) => Real.instAddCommGroup)
              (@Pi.Function.module.{0, 0, 0} (Fin n) Real Real Real.semiring
                (@Semiring.toAddCommMonoid.{0} Real (@Ring.toSemiring.{0} Real Real.instRing))
                (@Semiring.toModule.{0} Real Real.semiring)))
            (@WithLp.instModule.{0, 0}
              (@OfNat.ofNat.{0} ENNReal (nat_lit 2)
                (@instOfNatAtLeastTwo.{0} ENNReal (nat_lit 2)
                  (@AddMonoidWithOne.toNatCast.{0} ENNReal
                    (@AddCommMonoidWithOne.toAddMonoidWithOne.{0} ENNReal ENNReal.instAddCommMonoidWithOne))
                  PiLp.innerProductSpace._proof_1))
              Real ((i : Fin n) → (fun (x : Fin n) => Real) i) Real.semiring
              (@Pi.addCommGroup.{0, 0} (Fin n) (fun (x : Fin n) => Real) fun (i : Fin n) => Real.instAddCommGroup)
              (@Pi.Function.module.{0, 0, 0} (Fin n) Real Real Real.semiring
                (@Semiring.toAddCommMonoid.{0} Real (@Ring.toSemiring.{0} Real Real.instRing))
                (@Semiring.toModule.{0} Real Real.semiring)))
            (@RingHom.id.{0} Real (@Semiring.toNonAssocSemiring.{0} Real Real.semiring)))
          (@NLA.KE04.act n n (@NLA.KE04.quadraticMatrix n A a b)) x))
    Bool.false
    (Lean.Name.num
      (Lean.Name.str
        (Lean.Name.str
          (Lean.Name.num
            (Lean.Name.str
              (Lean.Name.str
                (Lean.Name.str
                  (Lean.Name.num
                    (Lean.Name.num
                      (Lean.Name.num
                        (Lean.Name.num
                          (Lean.Name.num
                            (Lean.Name.num (Lean.Name.str Lean.Name.anonymous "Challenge")
                              (@OfNat.ofNat.{0} Nat (nat_lit 153) (instOfNatNat (nat_lit 153))))
                            (@OfNat.ofNat.{0} Nat (nat_lit 79) (instOfNatNat (nat_lit 79))))
                          (@OfNat.ofNat.{0} Nat (nat_lit 153) (instOfNatNat (nat_lit 153))))
                        (@OfNat.ofNat.{0} Nat (nat_lit 84) (instOfNatNat (nat_lit 84))))
                      (@OfNat.ofNat.{0} Nat (nat_lit 79) (instOfNatNat (nat_lit 79))))
                    (@OfNat.ofNat.{0} Nat (nat_lit 84) (instOfNatNat (nat_lit 84))))
                  "_sorry")
                "_@")
              "Challenge")
            (@OfNat.ofNat.{0} Nat (nat_lit 3405403720) (instOfNatNat (nat_lit 3405403720))))
          "_hygCtx")
        "_hyg")
      (@OfNat.ofNat.{0} Nat (nat_lit 93) (instOfNatNat (nat_lit 93))))
theorem NLA.KE04.fullRank_quadratic_nonannihilation : ∀ {n p : Nat} (A : NLA.KE04.Mat n) (V : NLA.KE04.Rect n p)
  (k : Nat) (hk : @LE.le.{0} Nat instLENat (@OfNat.ofNat.{0} Nat (nat_lit 2) (instOfNatNat (nat_lit 2))) k)
  (hfull :
    @NLA.KE04.FullBlockDimension n p A V
      (@HAdd.hAdd.{0, 0, 0} Nat Nat Nat (@instHAdd.{0} Nat instAddNat) k
        (@OfNat.ofNat.{0} Nat (nat_lit 1) (instOfNatNat (nat_lit 1)))))
  (x : NLA.KE04.Vec n)
  (hx :
    @Membership.mem.{0, 0} (NLA.KE04.Vec n)
      (@Submodule.{0, 0} Real (NLA.KE04.Vec n) Real.semiring
        (@AddCommGroup.toAddCommMonoid.{0} (NLA.KE04.Vec n)
          (@WithLp.instAddCommGroup.{0}
            (@OfNat.ofNat.{0} ENNReal (nat_lit 2)
              (@instOfNatAtLeastTwo.{0} ENNReal (nat_lit 2)
                (@AddMonoidWithOne.toNatCast.{0} ENNReal
                  (@AddCommMonoidWithOne.toAddMonoidWithOne.{0} ENNReal ENNReal.instAddCommMonoidWithOne))
                PiLp.innerProductSpace._proof_1))
            ((i : Fin n) → (fun (x : Fin n) => Real) i)
            (@Pi.addCommGroup.{0, 0} (Fin n) (fun (x : Fin n) => Real) fun (i : Fin n) => Real.instAddCommGroup)))
        (@WithLp.instModule.{0, 0}
          (@OfNat.ofNat.{0} ENNReal (nat_lit 2)
            (@instOfNatAtLeastTwo.{0} ENNReal (nat_lit 2)
              (@AddMonoidWithOne.toNatCast.{0} ENNReal
                (@AddCommMonoidWithOne.toAddMonoidWithOne.{0} ENNReal ENNReal.instAddCommMonoidWithOne))
              PiLp.innerProductSpace._proof_1))
          Real ((i : Fin n) → (fun (x : Fin n) => Real) i) Real.semiring
          (@Pi.addCommGroup.{0, 0} (Fin n) (fun (x : Fin n) => Real) fun (i : Fin n) => Real.instAddCommGroup)
          (@Pi.Function.module.{0, 0, 0} (Fin n) Real Real Real.semiring
            (@Semiring.toAddCommMonoid.{0} Real (@Ring.toSemiring.{0} Real Real.instRing))
            (@Semiring.toModule.{0} Real Real.semiring))))
      (@SetLike.instMembership.{0, 0}
        (@Submodule.{0, 0} Real (NLA.KE04.Vec n) Real.semiring
          (@AddCommGroup.toAddCommMonoid.{0} (NLA.KE04.Vec n)
            (@WithLp.instAddCommGroup.{0}
              (@OfNat.ofNat.{0} ENNReal (nat_lit 2)
                (@instOfNatAtLeastTwo.{0} ENNReal (nat_lit 2)
                  (@AddMonoidWithOne.toNatCast.{0} ENNReal
                    (@AddCommMonoidWithOne.toAddMonoidWithOne.{0} ENNReal ENNReal.instAddCommMonoidWithOne))
                  PiLp.innerProductSpace._proof_1))
              ((i : Fin n) → (fun (x : Fin n) => Real) i)
              (@Pi.addCommGroup.{0, 0} (Fin n) (fun (x : Fin n) => Real) fun (i : Fin n) => Real.instAddCommGroup)))
          (@WithLp.instModule.{0, 0}
            (@OfNat.ofNat.{0} ENNReal (nat_lit 2)
              (@instOfNatAtLeastTwo.{0} ENNReal (nat_lit 2)
                (@AddMonoidWithOne.toNatCast.{0} ENNReal
                  (@AddCommMonoidWithOne.toAddMonoidWithOne.{0} ENNReal ENNReal.instAddCommMonoidWithOne))
                PiLp.innerProductSpace._proof_1))
            Real ((i : Fin n) → (fun (x : Fin n) => Real) i) Real.semiring
            (@Pi.addCommGroup.{0, 0} (Fin n) (fun (x : Fin n) => Real) fun (i : Fin n) => Real.instAddCommGroup)
            (@Pi.Function.module.{0, 0, 0} (Fin n) Real Real Real.semiring
              (@Semiring.toAddCommMonoid.{0} Real (@Ring.toSemiring.{0} Real Real.instRing))
              (@Semiring.toModule.{0} Real Real.semiring))))
        (NLA.KE04.Vec n)
        (@Submodule.setLike.{0, 0} Real (NLA.KE04.Vec n) Real.semiring
          (@AddCommGroup.toAddCommMonoid.{0} (NLA.KE04.Vec n)
            (@WithLp.instAddCommGroup.{0}
              (@OfNat.ofNat.{0} ENNReal (nat_lit 2)
                (@instOfNatAtLeastTwo.{0} ENNReal (nat_lit 2)
                  (@AddMonoidWithOne.toNatCast.{0} ENNReal
                    (@AddCommMonoidWithOne.toAddMonoidWithOne.{0} ENNReal ENNReal.instAddCommMonoidWithOne))
                  PiLp.innerProductSpace._proof_1))
              ((i : Fin n) → (fun (x : Fin n) => Real) i)
              (@Pi.addCommGroup.{0, 0} (Fin n) (fun (x : Fin n) => Real) fun (i : Fin n) => Real.instAddCommGroup)))
          (@WithLp.instModule.{0, 0}
            (@OfNat.ofNat.{0} ENNReal (nat_lit 2)
              (@instOfNatAtLeastTwo.{0} ENNReal (nat_lit 2)
                (@AddMonoidWithOne.toNatCast.{0} ENNReal
                  (@AddCommMonoidWithOne.toAddMonoidWithOne.{0} ENNReal ENNReal.instAddCommMonoidWithOne))
                PiLp.innerProductSpace._proof_1))
            Real ((i : Fin n) → (fun (x : Fin n) => Real) i) Real.semiring
            (@Pi.addCommGroup.{0, 0} (Fin n) (fun (x : Fin n) => Real) fun (i : Fin n) => Real.instAddCommGroup)
            (@Pi.Function.module.{0, 0, 0} (Fin n) Real Real Real.semiring
              (@Semiring.toAddCommMonoid.{0} Real (@Ring.toSemiring.{0} Real Real.instRing))
              (@Semiring.toModule.{0} Real Real.semiring)))))
      (@NLA.KE04.krylov n p A V
        (@HSub.hSub.{0, 0, 0} Nat Nat Nat (@instHSub.{0} Nat instSubNat) k
          (@OfNat.ofNat.{0} Nat (nat_lit 1) (instOfNatNat (nat_lit 1)))))
      x)
  (hne :
    @Ne.{1} (NLA.KE04.Vec n) x
      (@OfNat.ofNat.{0} (NLA.KE04.Vec n) (nat_lit 0)
        (@Zero.toOfNat0.{0} (NLA.KE04.Vec n)
          (@NegZeroClass.toZero.{0} (NLA.KE04.Vec n)
            (@SubNegZeroMonoid.toNegZeroClass.{0} (NLA.KE04.Vec n)
              (@SubtractionMonoid.toSubNegZeroMonoid.{0} (NLA.KE04.Vec n)
                (@SubtractionCommMonoid.toSubtractionMonoid.{0} (NLA.KE04.Vec n)
                  (@AddCommGroup.toDivisionAddCommMonoid.{0} (NLA.KE04.Vec n)
                    (@WithLp.instAddCommGroup.{0}
                      (@OfNat.ofNat.{0} ENNReal (nat_lit 2)
                        (@instOfNatAtLeastTwo.{0} ENNReal (nat_lit 2)
                          (@AddMonoidWithOne.toNatCast.{0} ENNReal
                            (@AddCommMonoidWithOne.toAddMonoidWithOne.{0} ENNReal ENNReal.instAddCommMonoidWithOne))
                          PiLp.innerProductSpace._proof_1))
                      ((i : Fin n) → (fun (x : Fin n) => Real) i)
                      (@Pi.addCommGroup.{0, 0} (Fin n) (fun (x : Fin n) => Real) fun (i : Fin n) =>
                        Real.instAddCommGroup))))))))))
  (a b : Real),
  @Ne.{1} (NLA.KE04.Vec n)
    (@DFunLike.coe.{1, 1, 1}
      (@LinearMap.{0, 0, 0, 0} Real Real Real.semiring Real.semiring
        (@RingHom.id.{0} Real (@Semiring.toNonAssocSemiring.{0} Real Real.semiring)) (NLA.KE04.Vec n) (NLA.KE04.Vec n)
        (@AddCommGroup.toAddCommMonoid.{0} (NLA.KE04.Vec n)
          (@WithLp.instAddCommGroup.{0}
            (@OfNat.ofNat.{0} ENNReal (nat_lit 2)
              (@instOfNatAtLeastTwo.{0} ENNReal (nat_lit 2)
                (@AddMonoidWithOne.toNatCast.{0} ENNReal
                  (@AddCommMonoidWithOne.toAddMonoidWithOne.{0} ENNReal ENNReal.instAddCommMonoidWithOne))
                PiLp.innerProductSpace._proof_1))
            ((i : Fin n) → (fun (x : Fin n) => Real) i)
            (@Pi.addCommGroup.{0, 0} (Fin n) (fun (x : Fin n) => Real) fun (i : Fin n) => Real.instAddCommGroup)))
        (@AddCommGroup.toAddCommMonoid.{0} (NLA.KE04.Vec n)
          (@WithLp.instAddCommGroup.{0}
            (@OfNat.ofNat.{0} ENNReal (nat_lit 2)
              (@instOfNatAtLeastTwo.{0} ENNReal (nat_lit 2)
                (@AddMonoidWithOne.toNatCast.{0} ENNReal
                  (@AddCommMonoidWithOne.toAddMonoidWithOne.{0} ENNReal ENNReal.instAddCommMonoidWithOne))
                PiLp.innerProductSpace._proof_1))
            ((i : Fin n) → (fun (x : Fin n) => Real) i)
            (@Pi.addCommGroup.{0, 0} (Fin n) (fun (x : Fin n) => Real) fun (i : Fin n) => Real.instAddCommGroup)))
        (@WithLp.instModule.{0, 0}
          (@OfNat.ofNat.{0} ENNReal (nat_lit 2)
            (@instOfNatAtLeastTwo.{0} ENNReal (nat_lit 2)
              (@AddMonoidWithOne.toNatCast.{0} ENNReal
                (@AddCommMonoidWithOne.toAddMonoidWithOne.{0} ENNReal ENNReal.instAddCommMonoidWithOne))
              PiLp.innerProductSpace._proof_1))
          Real ((i : Fin n) → (fun (x : Fin n) => Real) i) Real.semiring
          (@Pi.addCommGroup.{0, 0} (Fin n) (fun (x : Fin n) => Real) fun (i : Fin n) => Real.instAddCommGroup)
          (@Pi.Function.module.{0, 0, 0} (Fin n) Real Real Real.semiring
            (@Semiring.toAddCommMonoid.{0} Real (@Ring.toSemiring.{0} Real Real.instRing))
            (@Semiring.toModule.{0} Real Real.semiring)))
        (@WithLp.instModule.{0, 0}
          (@OfNat.ofNat.{0} ENNReal (nat_lit 2)
            (@instOfNatAtLeastTwo.{0} ENNReal (nat_lit 2)
              (@AddMonoidWithOne.toNatCast.{0} ENNReal
                (@AddCommMonoidWithOne.toAddMonoidWithOne.{0} ENNReal ENNReal.instAddCommMonoidWithOne))
              PiLp.innerProductSpace._proof_1))
          Real ((i : Fin n) → (fun (x : Fin n) => Real) i) Real.semiring
          (@Pi.addCommGroup.{0, 0} (Fin n) (fun (x : Fin n) => Real) fun (i : Fin n) => Real.instAddCommGroup)
          (@Pi.Function.module.{0, 0, 0} (Fin n) Real Real Real.semiring
            (@Semiring.toAddCommMonoid.{0} Real (@Ring.toSemiring.{0} Real Real.instRing))
            (@Semiring.toModule.{0} Real Real.semiring))))
      (NLA.KE04.Vec n) (fun (x : NLA.KE04.Vec n) => NLA.KE04.Vec n)
      (@LinearMap.instFunLike.{0, 0, 0, 0} Real Real (NLA.KE04.Vec n) (NLA.KE04.Vec n) Real.semiring Real.semiring
        (@AddCommGroup.toAddCommMonoid.{0} (NLA.KE04.Vec n)
          (@WithLp.instAddCommGroup.{0}
            (@OfNat.ofNat.{0} ENNReal (nat_lit 2)
              (@instOfNatAtLeastTwo.{0} ENNReal (nat_lit 2)
                (@AddMonoidWithOne.toNatCast.{0} ENNReal
                  (@AddCommMonoidWithOne.toAddMonoidWithOne.{0} ENNReal ENNReal.instAddCommMonoidWithOne))
                PiLp.innerProductSpace._proof_1))
            ((i : Fin n) → (fun (x : Fin n) => Real) i)
            (@Pi.addCommGroup.{0, 0} (Fin n) (fun (x : Fin n) => Real) fun (i : Fin n) => Real.instAddCommGroup)))
        (@AddCommGroup.toAddCommMonoid.{0} (NLA.KE04.Vec n)
          (@WithLp.instAddCommGroup.{0}
            (@OfNat.ofNat.{0} ENNReal (nat_lit 2)
              (@instOfNatAtLeastTwo.{0} ENNReal (nat_lit 2)
                (@AddMonoidWithOne.toNatCast.{0} ENNReal
                  (@AddCommMonoidWithOne.toAddMonoidWithOne.{0} ENNReal ENNReal.instAddCommMonoidWithOne))
                PiLp.innerProductSpace._proof_1))
            ((i : Fin n) → (fun (x : Fin n) => Real) i)
            (@Pi.addCommGroup.{0, 0} (Fin n) (fun (x : Fin n) => Real) fun (i : Fin n) => Real.instAddCommGroup)))
        (@WithLp.instModule.{0, 0}
          (@OfNat.ofNat.{0} ENNReal (nat_lit 2)
            (@instOfNatAtLeastTwo.{0} ENNReal (nat_lit 2)
              (@AddMonoidWithOne.toNatCast.{0} ENNReal
                (@AddCommMonoidWithOne.toAddMonoidWithOne.{0} ENNReal ENNReal.instAddCommMonoidWithOne))
              PiLp.innerProductSpace._proof_1))
          Real ((i : Fin n) → (fun (x : Fin n) => Real) i) Real.semiring
          (@Pi.addCommGroup.{0, 0} (Fin n) (fun (x : Fin n) => Real) fun (i : Fin n) => Real.instAddCommGroup)
          (@Pi.Function.module.{0, 0, 0} (Fin n) Real Real Real.semiring
            (@Semiring.toAddCommMonoid.{0} Real (@Ring.toSemiring.{0} Real Real.instRing))
            (@Semiring.toModule.{0} Real Real.semiring)))
        (@WithLp.instModule.{0, 0}
          (@OfNat.ofNat.{0} ENNReal (nat_lit 2)
            (@instOfNatAtLeastTwo.{0} ENNReal (nat_lit 2)
              (@AddMonoidWithOne.toNatCast.{0} ENNReal
                (@AddCommMonoidWithOne.toAddMonoidWithOne.{0} ENNReal ENNReal.instAddCommMonoidWithOne))
              PiLp.innerProductSpace._proof_1))
          Real ((i : Fin n) → (fun (x : Fin n) => Real) i) Real.semiring
          (@Pi.addCommGroup.{0, 0} (Fin n) (fun (x : Fin n) => Real) fun (i : Fin n) => Real.instAddCommGroup)
          (@Pi.Function.module.{0, 0, 0} (Fin n) Real Real Real.semiring
            (@Semiring.toAddCommMonoid.{0} Real (@Ring.toSemiring.{0} Real Real.instRing))
            (@Semiring.toModule.{0} Real Real.semiring)))
        (@RingHom.id.{0} Real (@Semiring.toNonAssocSemiring.{0} Real Real.semiring)))
      (@NLA.KE04.act n n (@NLA.KE04.quadraticMatrix n A a b)) x)
    (@OfNat.ofNat.{0} (NLA.KE04.Vec n) (nat_lit 0)
      (@Zero.toOfNat0.{0} (NLA.KE04.Vec n)
        (@NegZeroClass.toZero.{0} (NLA.KE04.Vec n)
          (@SubNegZeroMonoid.toNegZeroClass.{0} (NLA.KE04.Vec n)
            (@SubtractionMonoid.toSubNegZeroMonoid.{0} (NLA.KE04.Vec n)
              (@SubtractionCommMonoid.toSubtractionMonoid.{0} (NLA.KE04.Vec n)
                (@AddCommGroup.toDivisionAddCommMonoid.{0} (NLA.KE04.Vec n)
                  (@WithLp.instAddCommGroup.{0}
                    (@OfNat.ofNat.{0} ENNReal (nat_lit 2)
                      (@instOfNatAtLeastTwo.{0} ENNReal (nat_lit 2)
                        (@AddMonoidWithOne.toNatCast.{0} ENNReal
                          (@AddCommMonoidWithOne.toAddMonoidWithOne.{0} ENNReal ENNReal.instAddCommMonoidWithOne))
                        PiLp.innerProductSpace._proof_1))
                    ((i : Fin n) → (fun (x : Fin n) => Real) i)
                    (@Pi.addCommGroup.{0, 0} (Fin n) (fun (x : Fin n) => Real) fun (i : Fin n) =>
                      Real.instAddCommGroup))))))))) :=
fun {n p : Nat} (A : NLA.KE04.Mat n) (V : NLA.KE04.Rect n p) (k : Nat)
    (hk : @LE.le.{0} Nat instLENat (@OfNat.ofNat.{0} Nat (nat_lit 2) (instOfNatNat (nat_lit 2))) k)
    (hfull :
      @NLA.KE04.FullBlockDimension n p A V
        (@HAdd.hAdd.{0, 0, 0} Nat Nat Nat (@instHAdd.{0} Nat instAddNat) k
          (@OfNat.ofNat.{0} Nat (nat_lit 1) (instOfNatNat (nat_lit 1)))))
    (x : NLA.KE04.Vec n)
    (hx :
      @Membership.mem.{0, 0} (NLA.KE04.Vec n)
        (@Submodule.{0, 0} Real (NLA.KE04.Vec n) Real.semiring
          (@AddCommGroup.toAddCommMonoid.{0} (NLA.KE04.Vec n)
            (@WithLp.instAddCommGroup.{0}
              (@OfNat.ofNat.{0} ENNReal (nat_lit 2)
                (@instOfNatAtLeastTwo.{0} ENNReal (nat_lit 2)
                  (@AddMonoidWithOne.toNatCast.{0} ENNReal
                    (@AddCommMonoidWithOne.toAddMonoidWithOne.{0} ENNReal ENNReal.instAddCommMonoidWithOne))
                  PiLp.innerProductSpace._proof_1))
              ((i : Fin n) → (fun (x : Fin n) => Real) i)
              (@Pi.addCommGroup.{0, 0} (Fin n) (fun (x : Fin n) => Real) fun (i : Fin n) => Real.instAddCommGroup)))
          (@WithLp.instModule.{0, 0}
            (@OfNat.ofNat.{0} ENNReal (nat_lit 2)
              (@instOfNatAtLeastTwo.{0} ENNReal (nat_lit 2)
                (@AddMonoidWithOne.toNatCast.{0} ENNReal
                  (@AddCommMonoidWithOne.toAddMonoidWithOne.{0} ENNReal ENNReal.instAddCommMonoidWithOne))
                PiLp.innerProductSpace._proof_1))
            Real ((i : Fin n) → (fun (x : Fin n) => Real) i) Real.semiring
            (@Pi.addCommGroup.{0, 0} (Fin n) (fun (x : Fin n) => Real) fun (i : Fin n) => Real.instAddCommGroup)
            (@Pi.Function.module.{0, 0, 0} (Fin n) Real Real Real.semiring
              (@Semiring.toAddCommMonoid.{0} Real (@Ring.toSemiring.{0} Real Real.instRing))
              (@Semiring.toModule.{0} Real Real.semiring))))
        (@SetLike.instMembership.{0, 0}
          (@Submodule.{0, 0} Real (NLA.KE04.Vec n) Real.semiring
            (@AddCommGroup.toAddCommMonoid.{0} (NLA.KE04.Vec n)
              (@WithLp.instAddCommGroup.{0}
                (@OfNat.ofNat.{0} ENNReal (nat_lit 2)
                  (@instOfNatAtLeastTwo.{0} ENNReal (nat_lit 2)
                    (@AddMonoidWithOne.toNatCast.{0} ENNReal
                      (@AddCommMonoidWithOne.toAddMonoidWithOne.{0} ENNReal ENNReal.instAddCommMonoidWithOne))
                    PiLp.innerProductSpace._proof_1))
                ((i : Fin n) → (fun (x : Fin n) => Real) i)
                (@Pi.addCommGroup.{0, 0} (Fin n) (fun (x : Fin n) => Real) fun (i : Fin n) => Real.instAddCommGroup)))
            (@WithLp.instModule.{0, 0}
              (@OfNat.ofNat.{0} ENNReal (nat_lit 2)
                (@instOfNatAtLeastTwo.{0} ENNReal (nat_lit 2)
                  (@AddMonoidWithOne.toNatCast.{0} ENNReal
                    (@AddCommMonoidWithOne.toAddMonoidWithOne.{0} ENNReal ENNReal.instAddCommMonoidWithOne))
                  PiLp.innerProductSpace._proof_1))
              Real ((i : Fin n) → (fun (x : Fin n) => Real) i) Real.semiring
              (@Pi.addCommGroup.{0, 0} (Fin n) (fun (x : Fin n) => Real) fun (i : Fin n) => Real.instAddCommGroup)
              (@Pi.Function.module.{0, 0, 0} (Fin n) Real Real Real.semiring
                (@Semiring.toAddCommMonoid.{0} Real (@Ring.toSemiring.{0} Real Real.instRing))
                (@Semiring.toModule.{0} Real Real.semiring))))
          (NLA.KE04.Vec n)
          (@Submodule.setLike.{0, 0} Real (NLA.KE04.Vec n) Real.semiring
            (@AddCommGroup.toAddCommMonoid.{0} (NLA.KE04.Vec n)
              (@WithLp.instAddCommGroup.{0}
                (@OfNat.ofNat.{0} ENNReal (nat_lit 2)
                  (@instOfNatAtLeastTwo.{0} ENNReal (nat_lit 2)
                    (@AddMonoidWithOne.toNatCast.{0} ENNReal
                      (@AddCommMonoidWithOne.toAddMonoidWithOne.{0} ENNReal ENNReal.instAddCommMonoidWithOne))
                    PiLp.innerProductSpace._proof_1))
                ((i : Fin n) → (fun (x : Fin n) => Real) i)
                (@Pi.addCommGroup.{0, 0} (Fin n) (fun (x : Fin n) => Real) fun (i : Fin n) => Real.instAddCommGroup)))
            (@WithLp.instModule.{0, 0}
              (@OfNat.ofNat.{0} ENNReal (nat_lit 2)
                (@instOfNatAtLeastTwo.{0} ENNReal (nat_lit 2)
                  (@AddMonoidWithOne.toNatCast.{0} ENNReal
                    (@AddCommMonoidWithOne.toAddMonoidWithOne.{0} ENNReal ENNReal.instAddCommMonoidWithOne))
                  PiLp.innerProductSpace._proof_1))
              Real ((i : Fin n) → (fun (x : Fin n) => Real) i) Real.semiring
              (@Pi.addCommGroup.{0, 0} (Fin n) (fun (x : Fin n) => Real) fun (i : Fin n) => Real.instAddCommGroup)
              (@Pi.Function.module.{0, 0, 0} (Fin n) Real Real Real.semiring
                (@Semiring.toAddCommMonoid.{0} Real (@Ring.toSemiring.{0} Real Real.instRing))
                (@Semiring.toModule.{0} Real Real.semiring)))))
        (@NLA.KE04.krylov n p A V
          (@HSub.hSub.{0, 0, 0} Nat Nat Nat (@instHSub.{0} Nat instSubNat) k
            (@OfNat.ofNat.{0} Nat (nat_lit 1) (instOfNatNat (nat_lit 1)))))
        x)
    (hne :
      @Ne.{1} (NLA.KE04.Vec n) x
        (@OfNat.ofNat.{0} (NLA.KE04.Vec n) (nat_lit 0)
          (@Zero.toOfNat0.{0} (NLA.KE04.Vec n)
            (@NegZeroClass.toZero.{0} (NLA.KE04.Vec n)
              (@SubNegZeroMonoid.toNegZeroClass.{0} (NLA.KE04.Vec n)
                (@SubtractionMonoid.toSubNegZeroMonoid.{0} (NLA.KE04.Vec n)
                  (@SubtractionCommMonoid.toSubtractionMonoid.{0} (NLA.KE04.Vec n)
                    (@AddCommGroup.toDivisionAddCommMonoid.{0} (NLA.KE04.Vec n)
                      (@WithLp.instAddCommGroup.{0}
                        (@OfNat.ofNat.{0} ENNReal (nat_lit 2)
                          (@instOfNatAtLeastTwo.{0} ENNReal (nat_lit 2)
                            (@AddMonoidWithOne.toNatCast.{0} ENNReal
                              (@AddCommMonoidWithOne.toAddMonoidWithOne.{0} ENNReal ENNReal.instAddCommMonoidWithOne))
                            PiLp.innerProductSpace._proof_1))
                        ((i : Fin n) → (fun (x : Fin n) => Real) i)
                        (@Pi.addCommGroup.{0, 0} (Fin n) (fun (x : Fin n) => Real) fun (i : Fin n) =>
                          Real.instAddCommGroup))))))))))
    (a b : Real) =>
  sorryAx.{0}
    (∀ (tag : Lean.Name),
      @Ne.{1} (NLA.KE04.Vec n)
        (@DFunLike.coe.{1, 1, 1}
          (@LinearMap.{0, 0, 0, 0} Real Real Real.semiring Real.semiring
            (@RingHom.id.{0} Real (@Semiring.toNonAssocSemiring.{0} Real Real.semiring)) (NLA.KE04.Vec n)
            (NLA.KE04.Vec n)
            (@AddCommGroup.toAddCommMonoid.{0} (NLA.KE04.Vec n)
              (@WithLp.instAddCommGroup.{0}
                (@OfNat.ofNat.{0} ENNReal (nat_lit 2)
                  (@instOfNatAtLeastTwo.{0} ENNReal (nat_lit 2)
                    (@AddMonoidWithOne.toNatCast.{0} ENNReal
                      (@AddCommMonoidWithOne.toAddMonoidWithOne.{0} ENNReal ENNReal.instAddCommMonoidWithOne))
                    PiLp.innerProductSpace._proof_1))
                ((i : Fin n) → (fun (x : Fin n) => Real) i)
                (@Pi.addCommGroup.{0, 0} (Fin n) (fun (x : Fin n) => Real) fun (i : Fin n) => Real.instAddCommGroup)))
            (@AddCommGroup.toAddCommMonoid.{0} (NLA.KE04.Vec n)
              (@WithLp.instAddCommGroup.{0}
                (@OfNat.ofNat.{0} ENNReal (nat_lit 2)
                  (@instOfNatAtLeastTwo.{0} ENNReal (nat_lit 2)
                    (@AddMonoidWithOne.toNatCast.{0} ENNReal
                      (@AddCommMonoidWithOne.toAddMonoidWithOne.{0} ENNReal ENNReal.instAddCommMonoidWithOne))
                    PiLp.innerProductSpace._proof_1))
                ((i : Fin n) → (fun (x : Fin n) => Real) i)
                (@Pi.addCommGroup.{0, 0} (Fin n) (fun (x : Fin n) => Real) fun (i : Fin n) => Real.instAddCommGroup)))
            (@WithLp.instModule.{0, 0}
              (@OfNat.ofNat.{0} ENNReal (nat_lit 2)
                (@instOfNatAtLeastTwo.{0} ENNReal (nat_lit 2)
                  (@AddMonoidWithOne.toNatCast.{0} ENNReal
                    (@AddCommMonoidWithOne.toAddMonoidWithOne.{0} ENNReal ENNReal.instAddCommMonoidWithOne))
                  PiLp.innerProductSpace._proof_1))
              Real ((i : Fin n) → (fun (x : Fin n) => Real) i) Real.semiring
              (@Pi.addCommGroup.{0, 0} (Fin n) (fun (x : Fin n) => Real) fun (i : Fin n) => Real.instAddCommGroup)
              (@Pi.Function.module.{0, 0, 0} (Fin n) Real Real Real.semiring
                (@Semiring.toAddCommMonoid.{0} Real (@Ring.toSemiring.{0} Real Real.instRing))
                (@Semiring.toModule.{0} Real Real.semiring)))
            (@WithLp.instModule.{0, 0}
              (@OfNat.ofNat.{0} ENNReal (nat_lit 2)
                (@instOfNatAtLeastTwo.{0} ENNReal (nat_lit 2)
                  (@AddMonoidWithOne.toNatCast.{0} ENNReal
                    (@AddCommMonoidWithOne.toAddMonoidWithOne.{0} ENNReal ENNReal.instAddCommMonoidWithOne))
                  PiLp.innerProductSpace._proof_1))
              Real ((i : Fin n) → (fun (x : Fin n) => Real) i) Real.semiring
              (@Pi.addCommGroup.{0, 0} (Fin n) (fun (x : Fin n) => Real) fun (i : Fin n) => Real.instAddCommGroup)
              (@Pi.Function.module.{0, 0, 0} (Fin n) Real Real Real.semiring
                (@Semiring.toAddCommMonoid.{0} Real (@Ring.toSemiring.{0} Real Real.instRing))
                (@Semiring.toModule.{0} Real Real.semiring))))
          (NLA.KE04.Vec n) (fun (x : NLA.KE04.Vec n) => NLA.KE04.Vec n)
          (@LinearMap.instFunLike.{0, 0, 0, 0} Real Real (NLA.KE04.Vec n) (NLA.KE04.Vec n) Real.semiring Real.semiring
            (@AddCommGroup.toAddCommMonoid.{0} (NLA.KE04.Vec n)
              (@WithLp.instAddCommGroup.{0}
                (@OfNat.ofNat.{0} ENNReal (nat_lit 2)
                  (@instOfNatAtLeastTwo.{0} ENNReal (nat_lit 2)
                    (@AddMonoidWithOne.toNatCast.{0} ENNReal
                      (@AddCommMonoidWithOne.toAddMonoidWithOne.{0} ENNReal ENNReal.instAddCommMonoidWithOne))
                    PiLp.innerProductSpace._proof_1))
                ((i : Fin n) → (fun (x : Fin n) => Real) i)
                (@Pi.addCommGroup.{0, 0} (Fin n) (fun (x : Fin n) => Real) fun (i : Fin n) => Real.instAddCommGroup)))
            (@AddCommGroup.toAddCommMonoid.{0} (NLA.KE04.Vec n)
              (@WithLp.instAddCommGroup.{0}
                (@OfNat.ofNat.{0} ENNReal (nat_lit 2)
                  (@instOfNatAtLeastTwo.{0} ENNReal (nat_lit 2)
                    (@AddMonoidWithOne.toNatCast.{0} ENNReal
                      (@AddCommMonoidWithOne.toAddMonoidWithOne.{0} ENNReal ENNReal.instAddCommMonoidWithOne))
                    PiLp.innerProductSpace._proof_1))
                ((i : Fin n) → (fun (x : Fin n) => Real) i)
                (@Pi.addCommGroup.{0, 0} (Fin n) (fun (x : Fin n) => Real) fun (i : Fin n) => Real.instAddCommGroup)))
            (@WithLp.instModule.{0, 0}
              (@OfNat.ofNat.{0} ENNReal (nat_lit 2)
                (@instOfNatAtLeastTwo.{0} ENNReal (nat_lit 2)
                  (@AddMonoidWithOne.toNatCast.{0} ENNReal
                    (@AddCommMonoidWithOne.toAddMonoidWithOne.{0} ENNReal ENNReal.instAddCommMonoidWithOne))
                  PiLp.innerProductSpace._proof_1))
              Real ((i : Fin n) → (fun (x : Fin n) => Real) i) Real.semiring
              (@Pi.addCommGroup.{0, 0} (Fin n) (fun (x : Fin n) => Real) fun (i : Fin n) => Real.instAddCommGroup)
              (@Pi.Function.module.{0, 0, 0} (Fin n) Real Real Real.semiring
                (@Semiring.toAddCommMonoid.{0} Real (@Ring.toSemiring.{0} Real Real.instRing))
                (@Semiring.toModule.{0} Real Real.semiring)))
            (@WithLp.instModule.{0, 0}
              (@OfNat.ofNat.{0} ENNReal (nat_lit 2)
                (@instOfNatAtLeastTwo.{0} ENNReal (nat_lit 2)
                  (@AddMonoidWithOne.toNatCast.{0} ENNReal
                    (@AddCommMonoidWithOne.toAddMonoidWithOne.{0} ENNReal ENNReal.instAddCommMonoidWithOne))
                  PiLp.innerProductSpace._proof_1))
              Real ((i : Fin n) → (fun (x : Fin n) => Real) i) Real.semiring
              (@Pi.addCommGroup.{0, 0} (Fin n) (fun (x : Fin n) => Real) fun (i : Fin n) => Real.instAddCommGroup)
              (@Pi.Function.module.{0, 0, 0} (Fin n) Real Real Real.semiring
                (@Semiring.toAddCommMonoid.{0} Real (@Ring.toSemiring.{0} Real Real.instRing))
                (@Semiring.toModule.{0} Real Real.semiring)))
            (@RingHom.id.{0} Real (@Semiring.toNonAssocSemiring.{0} Real Real.semiring)))
          (@NLA.KE04.act n n (@NLA.KE04.quadraticMatrix n A a b)) x)
        (@OfNat.ofNat.{0} (NLA.KE04.Vec n) (nat_lit 0)
          (@Zero.toOfNat0.{0} (NLA.KE04.Vec n)
            (@NegZeroClass.toZero.{0} (NLA.KE04.Vec n)
              (@SubNegZeroMonoid.toNegZeroClass.{0} (NLA.KE04.Vec n)
                (@SubtractionMonoid.toSubNegZeroMonoid.{0} (NLA.KE04.Vec n)
                  (@SubtractionCommMonoid.toSubtractionMonoid.{0} (NLA.KE04.Vec n)
                    (@AddCommGroup.toDivisionAddCommMonoid.{0} (NLA.KE04.Vec n)
                      (@WithLp.instAddCommGroup.{0}
                        (@OfNat.ofNat.{0} ENNReal (nat_lit 2)
                          (@instOfNatAtLeastTwo.{0} ENNReal (nat_lit 2)
                            (@AddMonoidWithOne.toNatCast.{0} ENNReal
                              (@AddCommMonoidWithOne.toAddMonoidWithOne.{0} ENNReal ENNReal.instAddCommMonoidWithOne))
                            PiLp.innerProductSpace._proof_1))
                        ((i : Fin n) → (fun (x : Fin n) => Real) i)
                        (@Pi.addCommGroup.{0, 0} (Fin n) (fun (x : Fin n) => Real) fun (i : Fin n) =>
                          Real.instAddCommGroup))))))))))
    Bool.false
    (Lean.Name.num
      (Lean.Name.str
        (Lean.Name.str
          (Lean.Name.num
            (Lean.Name.str
              (Lean.Name.str
                (Lean.Name.str
                  (Lean.Name.num
                    (Lean.Name.num
                      (Lean.Name.num
                        (Lean.Name.num
                          (Lean.Name.num
                            (Lean.Name.num (Lean.Name.str Lean.Name.anonymous "Challenge")
                              (@OfNat.ofNat.{0} Nat (nat_lit 159) (instOfNatNat (nat_lit 159))))
                            (@OfNat.ofNat.{0} Nat (nat_lit 44) (instOfNatNat (nat_lit 44))))
                          (@OfNat.ofNat.{0} Nat (nat_lit 159) (instOfNatNat (nat_lit 159))))
                        (@OfNat.ofNat.{0} Nat (nat_lit 49) (instOfNatNat (nat_lit 49))))
                      (@OfNat.ofNat.{0} Nat (nat_lit 44) (instOfNatNat (nat_lit 44))))
                    (@OfNat.ofNat.{0} Nat (nat_lit 49) (instOfNatNat (nat_lit 49))))
                  "_sorry")
                "_@")
              "Challenge")
            (@OfNat.ofNat.{0} Nat (nat_lit 1074908963) (instOfNatNat (nat_lit 1074908963))))
          "_hygCtx")
        "_hyg")
      (@OfNat.ofNat.{0} Nat (nat_lit 77) (instOfNatNat (nat_lit 77))))
theorem NLA.KE04.strictIntervalOccupancy : NLA.KE04.FullPrefixBlockLanczosClaim :=
sorryAx.{0} (∀ (tag : Lean.Name), NLA.KE04.FullPrefixBlockLanczosClaim) Bool.false
  (Lean.Name.num
    (Lean.Name.str
      (Lean.Name.str
        (Lean.Name.num
          (Lean.Name.str
            (Lean.Name.str
              (Lean.Name.str
                (Lean.Name.num
                  (Lean.Name.num
                    (Lean.Name.num
                      (Lean.Name.num
                        (Lean.Name.num
                          (Lean.Name.num (Lean.Name.str Lean.Name.anonymous "Challenge")
                            (@OfNat.ofNat.{0} Nat (nat_lit 162) (instOfNatNat (nat_lit 162))))
                          (@OfNat.ofNat.{0} Nat (nat_lit 68) (instOfNatNat (nat_lit 68))))
                        (@OfNat.ofNat.{0} Nat (nat_lit 162) (instOfNatNat (nat_lit 162))))
                      (@OfNat.ofNat.{0} Nat (nat_lit 73) (instOfNatNat (nat_lit 73))))
                    (@OfNat.ofNat.{0} Nat (nat_lit 68) (instOfNatNat (nat_lit 68))))
                  (@OfNat.ofNat.{0} Nat (nat_lit 73) (instOfNatNat (nat_lit 73))))
                "_sorry")
              "_@")
            "Challenge")
          (@OfNat.ofNat.{0} Nat (nat_lit 2128417906) (instOfNatNat (nat_lit 2128417906))))
        "_hygCtx")
      "_hyg")
    (@OfNat.ofNat.{0} Nat (nat_lit 9) (instOfNatNat (nat_lit 9))))
theorem NLA.KE04.fullPrefix_implies_canonical : NLA.KE04.FullPrefixBlockLanczosClaim →
  NLA.KE04.BlockLanczosConjecture :=
sorryAx.{0} (∀ (tag : Lean.Name), NLA.KE04.FullPrefixBlockLanczosClaim → NLA.KE04.BlockLanczosConjecture) Bool.false
  (Lean.Name.num
    (Lean.Name.str
      (Lean.Name.str
        (Lean.Name.num
          (Lean.Name.str
            (Lean.Name.str
              (Lean.Name.str
                (Lean.Name.num
                  (Lean.Name.num
                    (Lean.Name.num
                      (Lean.Name.num
                        (Lean.Name.num
                          (Lean.Name.num (Lean.Name.str Lean.Name.anonymous "Challenge")
                            (@OfNat.ofNat.{0} Nat (nat_lit 165) (instOfNatNat (nat_lit 165))))
                          (@OfNat.ofNat.{0} Nat (nat_lit 98) (instOfNatNat (nat_lit 98))))
                        (@OfNat.ofNat.{0} Nat (nat_lit 165) (instOfNatNat (nat_lit 165))))
                      (@OfNat.ofNat.{0} Nat (nat_lit 103) (instOfNatNat (nat_lit 103))))
                    (@OfNat.ofNat.{0} Nat (nat_lit 98) (instOfNatNat (nat_lit 98))))
                  (@OfNat.ofNat.{0} Nat (nat_lit 103) (instOfNatNat (nat_lit 103))))
                "_sorry")
              "_@")
            "Challenge")
          (@OfNat.ofNat.{0} Nat (nat_lit 4166710968) (instOfNatNat (nat_lit 4166710968))))
        "_hygCtx")
      "_hyg")
    (@OfNat.ofNat.{0} Nat (nat_lit 11) (instOfNatNat (nat_lit 11))))
theorem NLA.KE04.blockLanczosConjecture : NLA.KE04.BlockLanczosConjecture :=
sorryAx.{0} (∀ (tag : Lean.Name), NLA.KE04.BlockLanczosConjecture) Bool.false
  (Lean.Name.num
    (Lean.Name.str
      (Lean.Name.str
        (Lean.Name.num
          (Lean.Name.str
            (Lean.Name.str
              (Lean.Name.str
                (Lean.Name.num
                  (Lean.Name.num
                    (Lean.Name.num
                      (Lean.Name.num
                        (Lean.Name.num
                          (Lean.Name.num (Lean.Name.str Lean.Name.anonymous "Challenge")
                            (@OfNat.ofNat.{0} Nat (nat_lit 168) (instOfNatNat (nat_lit 168))))
                          (@OfNat.ofNat.{0} Nat (nat_lit 62) (instOfNatNat (nat_lit 62))))
                        (@OfNat.ofNat.{0} Nat (nat_lit 168) (instOfNatNat (nat_lit 168))))
                      (@OfNat.ofNat.{0} Nat (nat_lit 67) (instOfNatNat (nat_lit 67))))
                    (@OfNat.ofNat.{0} Nat (nat_lit 62) (instOfNatNat (nat_lit 62))))
                  (@OfNat.ofNat.{0} Nat (nat_lit 67) (instOfNatNat (nat_lit 67))))
                "_sorry")
              "_@")
            "Challenge")
          (@OfNat.ofNat.{0} Nat (nat_lit 680750310) (instOfNatNat (nat_lit 680750310))))
        "_hygCtx")
      "_hyg")
    (@OfNat.ofNat.{0} Nat (nat_lit 9) (instOfNatNat (nat_lit 9))))
