'NLA.KE04.Vec' depends on axioms: [propext, Classical.choice, Quot.sound]
'NLA.KE04.Rect' depends on axioms: [propext, Classical.choice, Quot.sound]
'NLA.KE04.Mat' depends on axioms: [propext, Classical.choice, Quot.sound]
'NLA.KE04.column' depends on axioms: [propext, Classical.choice, Quot.sound]
'NLA.KE04.act' depends on axioms: [propext, Classical.choice, Quot.sound]
'NLA.KE04.columnSpace' depends on axioms: [propext, Classical.choice, Quot.sound]
'NLA.KE04.FullColumnRank' depends on axioms: [propext, Classical.choice, Quot.sound]
'NLA.KE04.krylovColumns' depends on axioms: [propext, Classical.choice, Quot.sound]
'NLA.KE04.krylov' depends on axioms: [propext, Classical.choice, Quot.sound]
'NLA.KE04.krylovCombination' depends on axioms: [propext, Classical.choice, Quot.sound]
'NLA.KE04.FullBlockDimension' depends on axioms: [propext, Classical.choice, Quot.sound]
'NLA.KE04.LastFullBlockIteration' depends on axioms: [propext, Classical.choice, Quot.sound]
'NLA.KE04.IsKrylovBasis' depends on axioms: [propext, Classical.choice, Quot.sound]
'NLA.KE04.frameProjection' depends on axioms: [propext, Classical.choice, Quot.sound]
'NLA.KE04.compression' depends on axioms: [propext, Classical.choice, Quot.sound]
'NLA.KE04.orderedEigenvalues' depends on axioms: [propext, Classical.choice, Quot.sound]
'NLA.KE04.orderedEigenbasis' depends on axioms: [propext, Classical.choice, Quot.sound]
'NLA.KE04.eigenvalueAt' depends on axioms: [propext, Classical.choice, Quot.sound]
'NLA.KE04.ritzValues' depends on axioms: [propext, Classical.choice, Quot.sound]
'NLA.KE04.ritzValueAt' depends on axioms: [propext, Classical.choice, Quot.sound]
'NLA.KE04.monicQuadratic' depends on axioms: [propext, Classical.choice, Quot.sound]
'NLA.KE04.quadraticMatrix' depends on axioms: [propext, Classical.choice, Quot.sound]
'NLA.KE04.compressedQuadratic' depends on axioms: [propext, Classical.choice, Quot.sound]
'NLA.KE04.form' depends on axioms: [propext, Classical.choice, Quot.sound]
'NLA.KE04.IterationOccupancy' depends on axioms: [propext, Classical.choice, Quot.sound]
'NLA.KE04.FullPrefixBlockLanczosClaim' depends on axioms: [propext, Classical.choice, Quot.sound]
'NLA.KE04.BlockLanczosConjecture' depends on axioms: [propext, Classical.choice, Quot.sound]
DEFINITION_CLOSURE NLA.KE04.Vec: axioms=[propext,
 Classical.choice,
 Quot.sound]; dependencies=[Nat, Nat, EuclideanSpace, Real, Fin]
DEFINITION_CLOSURE NLA.KE04.Rect: axioms=[propext,
 Classical.choice,
 Quot.sound]; dependencies=[Nat, Nat, Matrix, Fin, Real]
DEFINITION_CLOSURE NLA.KE04.Mat: axioms=[propext, Classical.choice, Quot.sound]; dependencies=[Nat, Nat, NLA.KE04.Rect]
DEFINITION_CLOSURE NLA.KE04.column: axioms=[propext,
 Classical.choice,
 Quot.sound]; dependencies=[Nat,
 NLA.KE04.Rect,
 Fin,
 NLA.KE04.Vec,
 Nat,
 NLA.KE04.Rect,
 Fin,
 WithLp.toLp,
 OfNat.ofNat,
 ENNReal,
 instOfNatAtLeastTwo,
 AddMonoidWithOne.toNatCast,
 AddCommMonoidWithOne.toAddMonoidWithOne,
 ENNReal.instAddCommMonoidWithOne,
 NLA.KE04.column._proof_1,
 Real]
DEFINITION_CLOSURE NLA.KE04.column._proof_1: axioms=[propext]; dependencies=[Nat.AtLeastTwo,
 HAdd.hAdd,
 Nat,
 instHAdd,
 instAddNat,
 OfNat.ofNat,
 instOfNatNat,
 Nat.instAtLeastTwoHAddOfNat,
 OfNat.ofNat,
 Nat,
 instOfNatNat,
 Nat.instNeZeroSucc]
DEFINITION_CLOSURE NLA.KE04.act: axioms=[propext,
 Classical.choice,
 Quot.sound]; dependencies=[Nat,
 NLA.KE04.Rect,
 LinearMap,
 Real,
 Real.semiring,
 RingHom.id,
 Semiring.toNonAssocSemiring,
 NLA.KE04.Vec,
 AddCommGroup.toAddCommMonoid,
 WithLp.instAddCommGroup,
 OfNat.ofNat,
 ENNReal,
 instOfNatAtLeastTwo,
 AddMonoidWithOne.toNatCast,
 AddCommMonoidWithOne.toAddMonoidWithOne,
 ENNReal.instAddCommMonoidWithOne,
 PiLp.innerProductSpace._proof_1,
 Fin,
 Pi.addCommGroup,
 Real.instAddCommGroup,
 WithLp.instModule,
 Pi.Function.module,
 Semiring.toAddCommMonoid,
 Ring.toSemiring,
 Real.instRing,
 Semiring.toModule,
 Nat,
 NLA.KE04.Rect,
 DFunLike.coe,
 LinearEquiv,
 Real,
 DivisionSemiring.toSemiring,
 Semifield.toDivisionSemiring,
 Field.toSemifield,
 NormedField.toField,
 DenselyNormedField.toNormedField,
 RCLike.toDenselyNormedField,
 Real.instRCLike,
 RingHom.id,
 Semiring.toNonAssocSemiring,
 NLA.KE04.act._proof_1,
 Matrix,
 Fin,
 LinearMap,
 EuclideanSpace,
 AddCommGroup.toAddCommMonoid,
 WithLp.instAddCommGroup,
 OfNat.ofNat,
 ENNReal,
 instOfNatAtLeastTwo,
 AddMonoidWithOne.toNatCast,
 AddCommMonoidWithOne.toAddMonoidWithOne,
 ENNReal.instAddCommMonoidWithOne,
 PiLp.innerProductSpace._proof_1,
 Pi.addCommGroup,
 Ring.toAddCommGroup,
 DivisionRing.toRing,
 Field.toDivisionRing,
 WithLp.instModule,
 Pi.Function.module,
 Semiring.toAddCommMonoid,
 Ring.toSemiring,
 Semiring.toModule,
 Matrix.addCommMonoid,
 LinearMap.addCommMonoid,
 Matrix.module,
 LinearMap.module,
 NLA.KE04.act._proof_2,
 EquivLike.toFunLike,
 DFinsupp.instEquivLikeLinearEquiv,
 Matrix.toEuclideanLin,
 Fin.fintype,
 instDecidableEqFin]
DEFINITION_CLOSURE NLA.KE04.act._proof_1: axioms=[propext,
 Classical.choice,
 Quot.sound]; dependencies=[RingHomInvPair,
 Real,
 DivisionSemiring.toSemiring,
 Semifield.toDivisionSemiring,
 Field.toSemifield,
 NormedField.toField,
 DenselyNormedField.toNormedField,
 RCLike.toDenselyNormedField,
 Real.instRCLike,
 RingHom.id,
 Semiring.toNonAssocSemiring,
 RingHomInvPair.ids,
 Real,
 DivisionSemiring.toSemiring,
 Semifield.toDivisionSemiring,
 Field.toSemifield,
 NormedField.toField,
 DenselyNormedField.toNormedField,
 RCLike.toDenselyNormedField,
 Real.instRCLike]
DEFINITION_CLOSURE NLA.KE04.act._proof_2: axioms=[propext,
 Classical.choice,
 Quot.sound]; dependencies=[Nat,
 SMulCommClass,
 Real,
 WithLp,
 OfNat.ofNat,
 ENNReal,
 instOfNatAtLeastTwo,
 AddMonoidWithOne.toNatCast,
 AddCommMonoidWithOne.toAddMonoidWithOne,
 ENNReal.instAddCommMonoidWithOne,
 PiLp.innerProductSpace._proof_1,
 Fin,
 WithLp.instSMul,
 SemigroupAction.toSMul,
 Monoid.toSemigroup,
 Semiring.toMonoid,
 DivisionSemiring.toSemiring,
 Semifield.toDivisionSemiring,
 Field.toSemifield,
 NormedField.toField,
 DenselyNormedField.toNormedField,
 RCLike.toDenselyNormedField,
 Real.instRCLike,
 MulAction.toSemigroupAction,
 DistribMulAction.toMulAction,
 SubNegMonoid.toAddMonoid,
 AddGroup.toSubNegMonoid,
 AddCommGroup.toAddGroup,
 Pi.addCommGroup,
 Ring.toAddCommGroup,
 DivisionRing.toRing,
 Field.toDivisionRing,
 Module.toDistribMulAction,
 AddCommGroup.toAddCommMonoid,
 Pi.Function.module,
 Semiring.toAddCommMonoid,
 Ring.toSemiring,
 Semiring.toModule,
 Nat,
 WithLp.instSMulCommClass,
 OfNat.ofNat,
 ENNReal,
 instOfNatAtLeastTwo,
 AddMonoidWithOne.toNatCast,
 AddCommMonoidWithOne.toAddMonoidWithOne,
 ENNReal.instAddCommMonoidWithOne,
 PiLp.innerProductSpace._proof_1,
 Real,
 Fin,
 SemigroupAction.toSMul,
 Monoid.toSemigroup,
 Semiring.toMonoid,
 DivisionSemiring.toSemiring,
 Semifield.toDivisionSemiring,
 Field.toSemifield,
 NormedField.toField,
 DenselyNormedField.toNormedField,
 RCLike.toDenselyNormedField,
 Real.instRCLike,
 MulAction.toSemigroupAction,
 DistribMulAction.toMulAction,
 SubNegMonoid.toAddMonoid,
 AddGroup.toSubNegMonoid,
 AddCommGroup.toAddGroup,
 Pi.addCommGroup,
 Ring.toAddCommGroup,
 DivisionRing.toRing,
 Field.toDivisionRing,
 Module.toDistribMulAction,
 AddCommGroup.toAddCommMonoid,
 Pi.Function.module,
 Semiring.toAddCommMonoid,
 Ring.toSemiring,
 Semiring.toModule,
 Function.smulCommClass,
 AddCommMonoid.toAddMonoid,
 Algebra.to_smulCommClass,
 Semifield.toCommSemiring,
 CommSemiring.toSemiring,
 Algebra.id]
DEFINITION_CLOSURE NLA.KE04.columnSpace: axioms=[propext,
 Classical.choice,
 Quot.sound]; dependencies=[Nat,
 NLA.KE04.Rect,
 Submodule,
 Real,
 NLA.KE04.Vec,
 Real.semiring,
 AddCommGroup.toAddCommMonoid,
 WithLp.instAddCommGroup,
 OfNat.ofNat,
 ENNReal,
 instOfNatAtLeastTwo,
 AddMonoidWithOne.toNatCast,
 AddCommMonoidWithOne.toAddMonoidWithOne,
 ENNReal.instAddCommMonoidWithOne,
 PiLp.innerProductSpace._proof_1,
 Fin,
 Pi.addCommGroup,
 Real.instAddCommGroup,
 WithLp.instModule,
 Pi.Function.module,
 Semiring.toAddCommMonoid,
 Ring.toSemiring,
 Real.instRing,
 Semiring.toModule,
 Nat,
 NLA.KE04.Rect,
 Submodule.span,
 Real,
 NLA.KE04.Vec,
 Real.semiring,
 AddCommGroup.toAddCommMonoid,
 WithLp.instAddCommGroup,
 OfNat.ofNat,
 ENNReal,
 instOfNatAtLeastTwo,
 AddMonoidWithOne.toNatCast,
 AddCommMonoidWithOne.toAddMonoidWithOne,
 ENNReal.instAddCommMonoidWithOne,
 PiLp.innerProductSpace._proof_1,
 Fin,
 Pi.addCommGroup,
 Real.instAddCommGroup,
 WithLp.instModule,
 Pi.Function.module,
 Semiring.toAddCommMonoid,
 Ring.toSemiring,
 Real.instRing,
 Semiring.toModule,
 Set.range,
 NLA.KE04.column]
DEFINITION_CLOSURE NLA.KE04.FullColumnRank: axioms=[propext,
 Classical.choice,
 Quot.sound]; dependencies=[Nat,
 NLA.KE04.Rect,
 Nat,
 NLA.KE04.Rect,
 LinearIndependent,
 Fin,
 Real,
 NLA.KE04.Vec,
 NLA.KE04.column,
 Real.semiring,
 AddCommGroup.toAddCommMonoid,
 WithLp.instAddCommGroup,
 OfNat.ofNat,
 ENNReal,
 instOfNatAtLeastTwo,
 AddMonoidWithOne.toNatCast,
 AddCommMonoidWithOne.toAddMonoidWithOne,
 ENNReal.instAddCommMonoidWithOne,
 PiLp.innerProductSpace._proof_1,
 Pi.addCommGroup,
 Real.instAddCommGroup,
 WithLp.instModule,
 Pi.Function.module,
 Semiring.toAddCommMonoid,
 Ring.toSemiring,
 Real.instRing,
 Semiring.toModule]
DEFINITION_CLOSURE NLA.KE04.krylovColumns: axioms=[propext,
 Classical.choice,
 Quot.sound]; dependencies=[Nat,
 NLA.KE04.Mat,
 NLA.KE04.Rect,
 Prod,
 Fin,
 NLA.KE04.Vec,
 Nat,
 NLA.KE04.Mat,
 NLA.KE04.Rect,
 Prod,
 Fin,
 NLA.KE04.column,
 HMul.hMul,
 Matrix,
 Real,
 Matrix.instHMulOfFintypeOfMulOfAddCommMonoid,
 Fin.fintype,
 Real.instMul,
 Real.instAddCommMonoid,
 HPow.hPow,
 instHPow,
 NPow.toPow,
 Monoid.toNPow,
 Semiring.toMonoid,
 Matrix.semiring,
 Real.semiring,
 instDecidableEqFin,
 Fin.val,
 Prod.fst,
 Prod.snd]
DEFINITION_CLOSURE NLA.KE04.krylov: axioms=[propext,
 Classical.choice,
 Quot.sound]; dependencies=[Nat,
 NLA.KE04.Mat,
 NLA.KE04.Rect,
 Submodule,
 Real,
 NLA.KE04.Vec,
 Real.semiring,
 AddCommGroup.toAddCommMonoid,
 WithLp.instAddCommGroup,
 OfNat.ofNat,
 ENNReal,
 instOfNatAtLeastTwo,
 AddMonoidWithOne.toNatCast,
 AddCommMonoidWithOne.toAddMonoidWithOne,
 ENNReal.instAddCommMonoidWithOne,
 PiLp.innerProductSpace._proof_1,
 Fin,
 Pi.addCommGroup,
 Real.instAddCommGroup,
 WithLp.instModule,
 Pi.Function.module,
 Semiring.toAddCommMonoid,
 Ring.toSemiring,
 Real.instRing,
 Semiring.toModule,
 Nat,
 NLA.KE04.Mat,
 NLA.KE04.Rect,
 Submodule.span,
 Real,
 NLA.KE04.Vec,
 Real.semiring,
 AddCommGroup.toAddCommMonoid,
 WithLp.instAddCommGroup,
 OfNat.ofNat,
 ENNReal,
 instOfNatAtLeastTwo,
 AddMonoidWithOne.toNatCast,
 AddCommMonoidWithOne.toAddMonoidWithOne,
 ENNReal.instAddCommMonoidWithOne,
 PiLp.innerProductSpace._proof_1,
 Fin,
 Pi.addCommGroup,
 Real.instAddCommGroup,
 WithLp.instModule,
 Pi.Function.module,
 Semiring.toAddCommMonoid,
 Ring.toSemiring,
 Real.instRing,
 Semiring.toModule,
 Set.range,
 Prod,
 NLA.KE04.krylovColumns]
DEFINITION_CLOSURE NLA.KE04.krylovCombination: axioms=[propext,
 Classical.choice,
 Quot.sound]; dependencies=[Nat,
 NLA.KE04.Mat,
 NLA.KE04.Rect,
 LinearMap,
 Real,
 Real.semiring,
 RingHom.id,
 Semiring.toNonAssocSemiring,
 Prod,
 Fin,
 NLA.KE04.Vec,
 Pi.addCommMonoid,
 Real.instAddCommMonoid,
 AddCommGroup.toAddCommMonoid,
 WithLp.instAddCommGroup,
 OfNat.ofNat,
 ENNReal,
 instOfNatAtLeastTwo,
 AddMonoidWithOne.toNatCast,
 AddCommMonoidWithOne.toAddMonoidWithOne,
 ENNReal.instAddCommMonoidWithOne,
 PiLp.innerProductSpace._proof_1,
 Pi.addCommGroup,
 Real.instAddCommGroup,
 Pi.Function.module,
 Semiring.toModule,
 WithLp.instModule,
 Semiring.toAddCommMonoid,
 Ring.toSemiring,
 Real.instRing,
 Nat,
 NLA.KE04.Mat,
 NLA.KE04.Rect,
 Fintype.linearCombination,
 Prod,
 Fin,
 NLA.KE04.Vec,
 Real,
 instFintypeProd,
 Fin.fintype,
 Real.semiring,
 AddCommGroup.toAddCommMonoid,
 WithLp.instAddCommGroup,
 OfNat.ofNat,
 ENNReal,
 instOfNatAtLeastTwo,
 AddMonoidWithOne.toNatCast,
 AddCommMonoidWithOne.toAddMonoidWithOne,
 ENNReal.instAddCommMonoidWithOne,
 PiLp.innerProductSpace._proof_1,
 Pi.addCommGroup,
 Real.instAddCommGroup,
 WithLp.instModule,
 Pi.Function.module,
 Semiring.toAddCommMonoid,
 Ring.toSemiring,
 Real.instRing,
 Semiring.toModule,
 NLA.KE04.krylovColumns]
DEFINITION_CLOSURE NLA.KE04.FullBlockDimension: axioms=[propext,
 Classical.choice,
 Quot.sound]; dependencies=[Nat,
 NLA.KE04.Mat,
 NLA.KE04.Rect,
 Nat,
 NLA.KE04.Mat,
 NLA.KE04.Rect,
 Eq,
 Module.finrank,
 Real,
 Subtype,
 NLA.KE04.Vec,
 Membership.mem,
 Submodule,
 Real.semiring,
 AddCommGroup.toAddCommMonoid,
 WithLp.instAddCommGroup,
 OfNat.ofNat,
 ENNReal,
 instOfNatAtLeastTwo,
 AddMonoidWithOne.toNatCast,
 AddCommMonoidWithOne.toAddMonoidWithOne,
 ENNReal.instAddCommMonoidWithOne,
 PiLp.innerProductSpace._proof_1,
 Fin,
 Pi.addCommGroup,
 Real.instAddCommGroup,
 WithLp.instModule,
 Pi.Function.module,
 Semiring.toAddCommMonoid,
 Ring.toSemiring,
 Real.instRing,
 Semiring.toModule,
 SetLike.instMembership,
 Submodule.setLike,
 NLA.KE04.krylov,
 Submodule.addCommMonoid,
 Submodule.module,
 HMul.hMul,
 instHMul,
 instMulNat]
DEFINITION_CLOSURE NLA.KE04.LastFullBlockIteration: axioms=[propext,
 Classical.choice,
 Quot.sound]; dependencies=[Nat,
 NLA.KE04.Mat,
 NLA.KE04.Rect,
 Nat,
 NLA.KE04.Mat,
 NLA.KE04.Rect,
 And,
 NLA.KE04.FullBlockDimension,
 LE.le,
 instLENat]
DEFINITION_CLOSURE NLA.KE04.IsKrylovBasis: axioms=[propext,
 Classical.choice,
 Quot.sound]; dependencies=[Nat,
 NLA.KE04.Mat,
 NLA.KE04.Rect,
 HMul.hMul,
 instHMul,
 instMulNat,
 Nat,
 NLA.KE04.Mat,
 NLA.KE04.Rect,
 HMul.hMul,
 instHMul,
 instMulNat,
 And,
 Eq,
 Matrix,
 Fin,
 Real,
 Matrix.instHMulOfFintypeOfMulOfAddCommMonoid,
 Fin.fintype,
 Real.instMul,
 Real.instAddCommMonoid,
 Matrix.transpose,
 OfNat.ofNat,
 One.toOfNat1,
 Matrix.one,
 instDecidableEqFin,
 Real.instZero,
 Real.instOne,
 Submodule,
 NLA.KE04.Vec,
 Real.semiring,
 AddCommGroup.toAddCommMonoid,
 WithLp.instAddCommGroup,
 ENNReal,
 instOfNatAtLeastTwo,
 AddMonoidWithOne.toNatCast,
 AddCommMonoidWithOne.toAddMonoidWithOne,
 ENNReal.instAddCommMonoidWithOne,
 PiLp.innerProductSpace._proof_1,
 Pi.addCommGroup,
 Real.instAddCommGroup,
 WithLp.instModule,
 Pi.Function.module,
 Semiring.toAddCommMonoid,
 Ring.toSemiring,
 Real.instRing,
 Semiring.toModule,
 NLA.KE04.columnSpace,
 NLA.KE04.krylov]
DEFINITION_CLOSURE NLA.KE04.frameProjection: axioms=[propext,
 Classical.choice,
 Quot.sound]; dependencies=[Nat,
 NLA.KE04.Rect,
 NLA.KE04.Mat,
 Nat,
 NLA.KE04.Rect,
 HMul.hMul,
 Matrix,
 Fin,
 Real,
 Matrix.instHMulOfFintypeOfMulOfAddCommMonoid,
 Fin.fintype,
 Real.instMul,
 Real.instAddCommMonoid,
 Matrix.conjTranspose,
 InvolutiveStar.toStar,
 StarAddMonoid.toInvolutiveStar,
 AddCommMonoid.toAddMonoid,
 NonUnitalNonAssocSemiring.toAddCommMonoid,
 NonUnitalNonAssocRing.toNonUnitalNonAssocSemiring,
 NonUnitalNonAssocCommRing.toNonUnitalNonAssocRing,
 NonUnitalCommRing.toNonUnitalNonAssocCommRing,
 CommRing.toNonUnitalCommRing,
 Real.commRing,
 StarRing.toStarAddMonoid,
 instStarRingReal]
DEFINITION_CLOSURE NLA.KE04.compression: axioms=[propext,
 Classical.choice,
 Quot.sound]; dependencies=[Nat,
 NLA.KE04.Mat,
 NLA.KE04.Rect,
 Nat,
 NLA.KE04.Mat,
 NLA.KE04.Rect,
 HMul.hMul,
 Matrix,
 Fin,
 Real,
 Matrix.instHMulOfFintypeOfMulOfAddCommMonoid,
 Fin.fintype,
 Real.instMul,
 Real.instAddCommMonoid,
 Matrix.conjTranspose,
 InvolutiveStar.toStar,
 StarAddMonoid.toInvolutiveStar,
 AddCommMonoid.toAddMonoid,
 NonUnitalNonAssocSemiring.toAddCommMonoid,
 NonUnitalNonAssocRing.toNonUnitalNonAssocSemiring,
 NonUnitalNonAssocCommRing.toNonUnitalNonAssocRing,
 NonUnitalCommRing.toNonUnitalNonAssocCommRing,
 CommRing.toNonUnitalCommRing,
 Real.commRing,
 StarRing.toStarAddMonoid,
 instStarRingReal]
DEFINITION_CLOSURE NLA.KE04.orderedEigenvalues: axioms=[propext,
 Classical.choice,
 Quot.sound]; dependencies=[Nat,
 NLA.KE04.Mat,
 Matrix.IsHermitian,
 Real,
 Fin,
 InvolutiveStar.toStar,
 StarAddMonoid.toInvolutiveStar,
 AddCommMonoid.toAddMonoid,
 NonUnitalNonAssocSemiring.toAddCommMonoid,
 NonUnitalNonAssocRing.toNonUnitalNonAssocSemiring,
 NonUnitalNonAssocCommRing.toNonUnitalNonAssocRing,
 NonUnitalCommRing.toNonUnitalNonAssocCommRing,
 CommRing.toNonUnitalCommRing,
 Real.commRing,
 StarRing.toStarAddMonoid,
 instStarRingReal,
 Nat,
 NLA.KE04.Mat,
 Matrix.IsHermitian,
 Real,
 Fin,
 InvolutiveStar.toStar,
 StarAddMonoid.toInvolutiveStar,
 AddCommMonoid.toAddMonoid,
 NonUnitalNonAssocSemiring.toAddCommMonoid,
 NonUnitalNonAssocRing.toNonUnitalNonAssocSemiring,
 NonUnitalNonAssocCommRing.toNonUnitalNonAssocRing,
 NonUnitalCommRing.toNonUnitalNonAssocCommRing,
 CommRing.toNonUnitalCommRing,
 Real.commRing,
 StarRing.toStarAddMonoid,
 instStarRingReal,
 LinearMap.IsSymmetric.eigenvalues,
 Real.instRCLike,
 EuclideanSpace,
 PiLp.normedAddCommGroup,
 OfNat.ofNat,
 ENNReal,
 instOfNatAtLeastTwo,
 AddMonoidWithOne.toNatCast,
 AddCommMonoidWithOne.toAddMonoidWithOne,
 ENNReal.instAddCommMonoidWithOne,
 PiLp.innerProductSpace._proof_1,
 fact_one_le_two_ennreal,
 Fin.fintype,
 Real.normedAddCommGroup,
 PiLp.innerProductSpace,
 NonUnitalNormedRing.toNormedAddCommGroup,
 NonUnitalNormedCommRing.toNonUnitalNormedRing,
 NormedCommRing.toNonUnitalNormedCommRing,
 NormedField.toNormedCommRing,
 DenselyNormedField.toNormedField,
 RCLike.toDenselyNormedField,
 RCLike.innerProductSpace,
 DFunLike.coe,
 LinearEquiv,
 DivisionSemiring.toSemiring,
 Semifield.toDivisionSemiring,
 Field.toSemifield,
 NormedField.toField,
 RingHom.id,
 Semiring.toNonAssocSemiring,
 NLA.KE04.act._proof_1,
 Matrix,
 LinearMap,
 AddCommGroup.toAddCommMonoid,
 WithLp.instAddCommGroup,
 Pi.addCommGroup,
 Ring.toAddCommGroup,
 DivisionRing.toRing,
 Field.toDivisionRing,
 WithLp.instModule,
 Pi.Function.module,
 Semiring.toAddCommMonoid,
 Ring.toSemiring,
 Semiring.toModule,
 Matrix.addCommMonoid,
 LinearMap.addCommMonoid,
 Matrix.module,
 LinearMap.module,
 NLA.KE04.act._proof_2,
 EquivLike.toFunLike,
 DFinsupp.instEquivLikeLinearEquiv,
 Matrix.toEuclideanLin,
 instDecidableEqFin,
 NLA.KE04.orderedEigenvalues._proof_1,
 NLA.KE04.orderedEigenvalues._proof_2,
 finrank_euclideanSpace_fin,
 Fin.rev]
DEFINITION_CLOSURE NLA.KE04.orderedEigenvalues._proof_1: axioms=[propext,
 Classical.choice,
 Quot.sound]; dependencies=[Nat,
 Module.Finite,
 Real,
 WithLp,
 OfNat.ofNat,
 ENNReal,
 instOfNatAtLeastTwo,
 AddMonoidWithOne.toNatCast,
 AddCommMonoidWithOne.toAddMonoidWithOne,
 ENNReal.instAddCommMonoidWithOne,
 PiLp.innerProductSpace._proof_1,
 Fin,
 DivisionSemiring.toSemiring,
 DivisionRing.toDivisionSemiring,
 Field.toDivisionRing,
 NormedField.toField,
 DenselyNormedField.toNormedField,
 RCLike.toDenselyNormedField,
 Real.instRCLike,
 AddCommGroup.toAddCommMonoid,
 WithLp.instAddCommGroup,
 Pi.addCommGroup,
 SeminormedAddCommGroup.toAddCommGroup,
 NormedAddCommGroup.toSeminormedAddCommGroup,
 Real.normedAddCommGroup,
 WithLp.instModule,
 Pi.module,
 Semifield.toDivisionSemiring,
 Field.toSemifield,
 NonUnitalNormedRing.toNormedAddCommGroup,
 NonUnitalNormedCommRing.toNonUnitalNormedRing,
 NormedCommRing.toNonUnitalNormedCommRing,
 NormedField.toNormedCommRing,
 NormedSpace.toModule,
 InnerProductSpace.toNormedSpace,
 RCLike.innerProductSpace,
 Nat,
 WithLp.instModuleFinite,
 OfNat.ofNat,
 ENNReal,
 instOfNatAtLeastTwo,
 AddMonoidWithOne.toNatCast,
 AddCommMonoidWithOne.toAddMonoidWithOne,
 ENNReal.instAddCommMonoidWithOne,
 PiLp.innerProductSpace._proof_1,
 Real,
 Fin,
 DivisionSemiring.toSemiring,
 DivisionRing.toDivisionSemiring,
 Field.toDivisionRing,
 NormedField.toField,
 DenselyNormedField.toNormedField,
 RCLike.toDenselyNormedField,
 Real.instRCLike,
 Pi.addCommGroup,
 SeminormedAddCommGroup.toAddCommGroup,
 NormedAddCommGroup.toSeminormedAddCommGroup,
 Real.normedAddCommGroup,
 Pi.module,
 Semifield.toDivisionSemiring,
 Field.toSemifield,
 AddCommGroup.toAddCommMonoid,
 NonUnitalNormedRing.toNormedAddCommGroup,
 NonUnitalNormedCommRing.toNonUnitalNormedRing,
 NormedCommRing.toNonUnitalNormedCommRing,
 NormedField.toNormedCommRing,
 NormedSpace.toModule,
 InnerProductSpace.toNormedSpace,
 RCLike.innerProductSpace,
 FiniteDimensional.finiteDimensional_pi',
 Finite.of_fintype,
 Fin.fintype,
 FiniteDimensional.rclike_to_real]
DEFINITION_CLOSURE NLA.KE04.orderedEigenvalues._proof_2: axioms=[propext,
 Classical.choice,
 Quot.sound]; dependencies=[Nat,
 NLA.KE04.Mat,
 Matrix.IsHermitian,
 Real,
 Fin,
 InvolutiveStar.toStar,
 StarAddMonoid.toInvolutiveStar,
 AddCommMonoid.toAddMonoid,
 NonUnitalNonAssocSemiring.toAddCommMonoid,
 NonUnitalNonAssocRing.toNonUnitalNonAssocSemiring,
 NonUnitalNonAssocCommRing.toNonUnitalNonAssocRing,
 NonUnitalCommRing.toNonUnitalNonAssocCommRing,
 CommRing.toNonUnitalCommRing,
 Real.commRing,
 StarRing.toStarAddMonoid,
 instStarRingReal,
 LinearMap.IsSymmetric,
 EuclideanSpace,
 Real.instRCLike,
 PiLp.seminormedAddCommGroup,
 OfNat.ofNat,
 ENNReal,
 instOfNatAtLeastTwo,
 AddMonoidWithOne.toNatCast,
 AddCommMonoidWithOne.toAddMonoidWithOne,
 ENNReal.instAddCommMonoidWithOne,
 PiLp.innerProductSpace._proof_1,
 fact_one_le_two_ennreal,
 Fin.fintype,
 NonUnitalSeminormedRing.toSeminormedAddCommGroup,
 NonUnitalSeminormedCommRing.toNonUnitalSeminormedRing,
 SeminormedCommRing.toNonUnitalSeminormedCommRing,
 NormedCommRing.toSeminormedCommRing,
 NormedField.toNormedCommRing,
 DenselyNormedField.toNormedField,
 RCLike.toDenselyNormedField,
 PiLp.innerProductSpace,
 NonUnitalNormedRing.toNormedAddCommGroup,
 NonUnitalNormedCommRing.toNonUnitalNormedRing,
 NormedCommRing.toNonUnitalNormedCommRing,
 RCLike.innerProductSpace,
 DFunLike.coe,
 LinearEquiv,
 DivisionSemiring.toSemiring,
 Semifield.toDivisionSemiring,
 Field.toSemifield,
 NormedField.toField,
 RingHom.id,
 Semiring.toNonAssocSemiring,
 NLA.KE04.act._proof_1,
 Matrix,
 LinearMap,
 AddCommGroup.toAddCommMonoid,
 WithLp.instAddCommGroup,
 Pi.addCommGroup,
 Ring.toAddCommGroup,
 DivisionRing.toRing,
 Field.toDivisionRing,
 WithLp.instModule,
 Pi.Function.module,
 Semiring.toAddCommMonoid,
 Ring.toSemiring,
 Semiring.toModule,
 Matrix.addCommMonoid,
 LinearMap.addCommMonoid,
 Matrix.module,
 LinearMap.module,
 NLA.KE04.act._proof_2,
 EquivLike.toFunLike,
 DFinsupp.instEquivLikeLinearEquiv,
 Matrix.toEuclideanLin,
 instDecidableEqFin,
 Nat,
 NLA.KE04.Mat,
 Matrix.IsHermitian,
 Real,
 Fin,
 InvolutiveStar.toStar,
 StarAddMonoid.toInvolutiveStar,
 AddCommMonoid.toAddMonoid,
 NonUnitalNonAssocSemiring.toAddCommMonoid,
 NonUnitalNonAssocRing.toNonUnitalNonAssocSemiring,
 NonUnitalNonAssocCommRing.toNonUnitalNonAssocRing,
 NonUnitalCommRing.toNonUnitalNonAssocCommRing,
 CommRing.toNonUnitalCommRing,
 Real.commRing,
 StarRing.toStarAddMonoid,
 instStarRingReal,
 Iff.mpr,
 LinearMap.IsSymmetric,
 EuclideanSpace,
 Real.instRCLike,
 PiLp.seminormedAddCommGroup,
 OfNat.ofNat,
 ENNReal,
 instOfNatAtLeastTwo,
 AddMonoidWithOne.toNatCast,
 AddCommMonoidWithOne.toAddMonoidWithOne,
 ENNReal.instAddCommMonoidWithOne,
 PiLp.innerProductSpace._proof_1,
 fact_one_le_two_ennreal,
 Fin.fintype,
 NonUnitalSeminormedRing.toSeminormedAddCommGroup,
 NonUnitalSeminormedCommRing.toNonUnitalSeminormedRing,
 SeminormedCommRing.toNonUnitalSeminormedCommRing,
 NormedCommRing.toSeminormedCommRing,
 NormedField.toNormedCommRing,
 DenselyNormedField.toNormedField,
 RCLike.toDenselyNormedField,
 PiLp.innerProductSpace,
 NonUnitalNormedRing.toNormedAddCommGroup,
 NonUnitalNormedCommRing.toNonUnitalNormedRing,
 NormedCommRing.toNonUnitalNormedCommRing,
 RCLike.innerProductSpace,
 DFunLike.coe,
 LinearEquiv,
 DivisionSemiring.toSemiring,
 Semifield.toDivisionSemiring,
 Field.toSemifield,
 NormedField.toField,
 RingHom.id,
 Semiring.toNonAssocSemiring,
 RingHomInvPair.ids,
 Matrix,
 LinearMap,
 AddCommGroup.toAddCommMonoid,
 WithLp.instAddCommGroup,
 Pi.addCommGroup,
 Ring.toAddCommGroup,
 DivisionRing.toRing,
 Field.toDivisionRing,
 WithLp.instModule,
 Pi.Function.module,
 Semiring.toAddCommMonoid,
 Ring.toSemiring,
 Semiring.toModule,
 Matrix.addCommMonoid,
 LinearMap.addCommMonoid,
 Matrix.module,
 LinearMap.module,
 WithLp.instSMulCommClass,
 SemigroupAction.toSMul,
 Monoid.toSemigroup,
 Semiring.toMonoid,
 MulAction.toSemigroupAction,
 DistribMulAction.toMulAction,
 SubNegMonoid.toAddMonoid,
 AddGroup.toSubNegMonoid,
 AddCommGroup.toAddGroup,
 Module.toDistribMulAction,
 Function.smulCommClass,
 Algebra.to_smulCommClass,
 Semifield.toCommSemiring,
 CommSemiring.toSemiring,
 Algebra.id,
 EquivLike.toFunLike,
 DFinsupp.instEquivLikeLinearEquiv,
 Matrix.toEuclideanLin,
 instDecidableEqFin,
 Field.toCommRing,
 RCLike.toStarRing,
 Matrix.isSymmetric_toEuclideanLin_iff]
DEFINITION_CLOSURE NLA.KE04.orderedEigenbasis: axioms=[propext,
 Classical.choice,
 Quot.sound]; dependencies=[Nat,
 NLA.KE04.Mat,
 Matrix.IsHermitian,
 Real,
 Fin,
 InvolutiveStar.toStar,
 StarAddMonoid.toInvolutiveStar,
 AddCommMonoid.toAddMonoid,
 NonUnitalNonAssocSemiring.toAddCommMonoid,
 NonUnitalNonAssocRing.toNonUnitalNonAssocSemiring,
 NonUnitalNonAssocCommRing.toNonUnitalNonAssocRing,
 NonUnitalCommRing.toNonUnitalNonAssocCommRing,
 CommRing.toNonUnitalCommRing,
 Real.commRing,
 StarRing.toStarAddMonoid,
 instStarRingReal,
 OrthonormalBasis,
 Real.instRCLike,
 NLA.KE04.Vec,
 PiLp.normedAddCommGroup,
 OfNat.ofNat,
 ENNReal,
 instOfNatAtLeastTwo,
 AddMonoidWithOne.toNatCast,
 AddCommMonoidWithOne.toAddMonoidWithOne,
 ENNReal.instAddCommMonoidWithOne,
 PiLp.innerProductSpace._proof_1,
 fact_one_le_two_ennreal,
 Fin.fintype,
 Real.normedAddCommGroup,
 PiLp.innerProductSpace,
 RCLike.toInnerProductSpaceReal,
 Nat,
 NLA.KE04.Mat,
 Matrix.IsHermitian,
 Real,
 Fin,
 InvolutiveStar.toStar,
 StarAddMonoid.toInvolutiveStar,
 AddCommMonoid.toAddMonoid,
 NonUnitalNonAssocSemiring.toAddCommMonoid,
 NonUnitalNonAssocRing.toNonUnitalNonAssocSemiring,
 NonUnitalNonAssocCommRing.toNonUnitalNonAssocRing,
 NonUnitalCommRing.toNonUnitalNonAssocCommRing,
 CommRing.toNonUnitalCommRing,
 Real.commRing,
 StarRing.toStarAddMonoid,
 instStarRingReal,
 OrthonormalBasis.reindex,
 Real.instRCLike,
 EuclideanSpace,
 PiLp.normedAddCommGroup,
 OfNat.ofNat,
 ENNReal,
 instOfNatAtLeastTwo,
 AddMonoidWithOne.toNatCast,
 AddCommMonoidWithOne.toAddMonoidWithOne,
 ENNReal.instAddCommMonoidWithOne,
 PiLp.innerProductSpace._proof_1,
 fact_one_le_two_ennreal,
 Fin.fintype,
 Real.normedAddCommGroup,
 PiLp.innerProductSpace,
 NonUnitalNormedRing.toNormedAddCommGroup,
 NonUnitalNormedCommRing.toNonUnitalNormedRing,
 NormedCommRing.toNonUnitalNormedCommRing,
 NormedField.toNormedCommRing,
 DenselyNormedField.toNormedField,
 RCLike.toDenselyNormedField,
 RCLike.innerProductSpace,
 LinearMap.IsSymmetric.eigenvectorBasis,
 DFunLike.coe,
 LinearEquiv,
 DivisionSemiring.toSemiring,
 Semifield.toDivisionSemiring,
 Field.toSemifield,
 NormedField.toField,
 RingHom.id,
 Semiring.toNonAssocSemiring,
 NLA.KE04.act._proof_1,
 Matrix,
 LinearMap,
 AddCommGroup.toAddCommMonoid,
 WithLp.instAddCommGroup,
 Pi.addCommGroup,
 Ring.toAddCommGroup,
 DivisionRing.toRing,
 Field.toDivisionRing,
 WithLp.instModule,
 Pi.Function.module,
 Semiring.toAddCommMonoid,
 Ring.toSemiring,
 Semiring.toModule,
 Matrix.addCommMonoid,
 LinearMap.addCommMonoid,
 Matrix.module,
 LinearMap.module,
 NLA.KE04.act._proof_2,
 EquivLike.toFunLike,
 DFinsupp.instEquivLikeLinearEquiv,
 Matrix.toEuclideanLin,
 instDecidableEqFin,
 NLA.KE04.orderedEigenvalues._proof_1,
 NLA.KE04.orderedEigenvalues._proof_2,
 finrank_euclideanSpace_fin,
 Fin.revPerm]
DEFINITION_CLOSURE NLA.KE04.eigenvalueAt: axioms=[propext,
 Classical.choice,
 Quot.sound]; dependencies=[Nat,
 NLA.KE04.Mat,
 Matrix.IsHermitian,
 Real,
 Fin,
 InvolutiveStar.toStar,
 StarAddMonoid.toInvolutiveStar,
 AddCommMonoid.toAddMonoid,
 NonUnitalNonAssocSemiring.toAddCommMonoid,
 NonUnitalNonAssocRing.toNonUnitalNonAssocSemiring,
 NonUnitalNonAssocCommRing.toNonUnitalNonAssocRing,
 NonUnitalCommRing.toNonUnitalNonAssocCommRing,
 CommRing.toNonUnitalCommRing,
 Real.commRing,
 StarRing.toStarAddMonoid,
 instStarRingReal,
 Nat,
 NLA.KE04.Mat,
 Matrix.IsHermitian,
 Real,
 Fin,
 InvolutiveStar.toStar,
 StarAddMonoid.toInvolutiveStar,
 AddCommMonoid.toAddMonoid,
 NonUnitalNonAssocSemiring.toAddCommMonoid,
 NonUnitalNonAssocRing.toNonUnitalNonAssocSemiring,
 NonUnitalNonAssocCommRing.toNonUnitalNonAssocRing,
 NonUnitalCommRing.toNonUnitalNonAssocCommRing,
 CommRing.toNonUnitalCommRing,
 Real.commRing,
 StarRing.toStarAddMonoid,
 instStarRingReal,
 dite,
 LT.lt,
 instLTNat,
 Nat.decLt,
 NLA.KE04.orderedEigenvalues,
 Fin.mk,
 Not,
 OfNat.ofNat,
 Zero.toOfNat0,
 Real.instZero]
DEFINITION_CLOSURE NLA.KE04.ritzValues: axioms=[propext,
 Classical.choice,
 Quot.sound]; dependencies=[Nat,
 NLA.KE04.Mat,
 Matrix.IsHermitian,
 Real,
 Fin,
 InvolutiveStar.toStar,
 StarAddMonoid.toInvolutiveStar,
 AddCommMonoid.toAddMonoid,
 NonUnitalNonAssocSemiring.toAddCommMonoid,
 NonUnitalNonAssocRing.toNonUnitalNonAssocSemiring,
 NonUnitalNonAssocCommRing.toNonUnitalNonAssocRing,
 NonUnitalCommRing.toNonUnitalNonAssocCommRing,
 CommRing.toNonUnitalCommRing,
 Real.commRing,
 StarRing.toStarAddMonoid,
 instStarRingReal,
 NLA.KE04.Rect,
 Nat,
 NLA.KE04.Mat,
 Matrix.IsHermitian,
 Real,
 Fin,
 InvolutiveStar.toStar,
 StarAddMonoid.toInvolutiveStar,
 AddCommMonoid.toAddMonoid,
 NonUnitalNonAssocSemiring.toAddCommMonoid,
 NonUnitalNonAssocRing.toNonUnitalNonAssocSemiring,
 NonUnitalNonAssocCommRing.toNonUnitalNonAssocRing,
 NonUnitalCommRing.toNonUnitalNonAssocCommRing,
 CommRing.toNonUnitalCommRing,
 Real.commRing,
 StarRing.toStarAddMonoid,
 instStarRingReal,
 NLA.KE04.Rect,
 NLA.KE04.orderedEigenvalues,
 NLA.KE04.compression,
 NLA.KE04.ritzValues._proof_1]
DEFINITION_CLOSURE NLA.KE04.ritzValues._proof_1: axioms=[propext,
 Classical.choice,
 Quot.sound]; dependencies=[Nat,
 NLA.KE04.Mat,
 Matrix.IsHermitian,
 Real,
 Fin,
 InvolutiveStar.toStar,
 StarAddMonoid.toInvolutiveStar,
 AddCommMonoid.toAddMonoid,
 NonUnitalNonAssocSemiring.toAddCommMonoid,
 NonUnitalNonAssocRing.toNonUnitalNonAssocSemiring,
 NonUnitalNonAssocCommRing.toNonUnitalNonAssocRing,
 NonUnitalCommRing.toNonUnitalNonAssocCommRing,
 CommRing.toNonUnitalCommRing,
 Real.commRing,
 StarRing.toStarAddMonoid,
 instStarRingReal,
 NLA.KE04.Rect,
 NonUnitalSemiring.toNonUnitalNonAssocSemiring,
 NonUnitalCommSemiring.toNonUnitalSemiring,
 NonUnitalCommRing.toNonUnitalCommSemiring,
 HMul.hMul,
 Matrix,
 Matrix.instHMulOfFintypeOfMulOfAddCommMonoid,
 Fin.fintype,
 Distrib.toMul,
 NonUnitalNonAssocSemiring.toDistrib,
 Matrix.conjTranspose,
 Nat,
 NLA.KE04.Mat,
 Matrix.IsHermitian,
 Real,
 Fin,
 InvolutiveStar.toStar,
 StarAddMonoid.toInvolutiveStar,
 AddCommMonoid.toAddMonoid,
 NonUnitalNonAssocSemiring.toAddCommMonoid,
 NonUnitalNonAssocRing.toNonUnitalNonAssocSemiring,
 NonUnitalNonAssocCommRing.toNonUnitalNonAssocRing,
 NonUnitalCommRing.toNonUnitalNonAssocCommRing,
 CommRing.toNonUnitalCommRing,
 Real.commRing,
 StarRing.toStarAddMonoid,
 instStarRingReal,
 NLA.KE04.Rect,
 Matrix.isHermitian_conjTranspose_mul_mul,
 NonUnitalCommSemiring.toNonUnitalSemiring,
 NonUnitalCommRing.toNonUnitalCommSemiring,
 Fin.fintype]
DEFINITION_CLOSURE NLA.KE04.ritzValueAt: axioms=[propext,
 Classical.choice,
 Quot.sound]; dependencies=[Nat,
 NLA.KE04.Mat,
 Matrix.IsHermitian,
 Real,
 Fin,
 InvolutiveStar.toStar,
 StarAddMonoid.toInvolutiveStar,
 AddCommMonoid.toAddMonoid,
 NonUnitalNonAssocSemiring.toAddCommMonoid,
 NonUnitalNonAssocRing.toNonUnitalNonAssocSemiring,
 NonUnitalNonAssocCommRing.toNonUnitalNonAssocRing,
 NonUnitalCommRing.toNonUnitalNonAssocCommRing,
 CommRing.toNonUnitalCommRing,
 Real.commRing,
 StarRing.toStarAddMonoid,
 instStarRingReal,
 NLA.KE04.Rect,
 Nat,
 NLA.KE04.Mat,
 Matrix.IsHermitian,
 Real,
 Fin,
 InvolutiveStar.toStar,
 StarAddMonoid.toInvolutiveStar,
 AddCommMonoid.toAddMonoid,
 NonUnitalNonAssocSemiring.toAddCommMonoid,
 NonUnitalNonAssocRing.toNonUnitalNonAssocSemiring,
 NonUnitalNonAssocCommRing.toNonUnitalNonAssocRing,
 NonUnitalCommRing.toNonUnitalNonAssocCommRing,
 CommRing.toNonUnitalCommRing,
 Real.commRing,
 StarRing.toStarAddMonoid,
 instStarRingReal,
 NLA.KE04.Rect,
 NLA.KE04.eigenvalueAt,
 NLA.KE04.compression,
 NLA.KE04.ritzValues._proof_1]
DEFINITION_CLOSURE NLA.KE04.monicQuadratic: axioms=[propext,
 Classical.choice,
 Quot.sound]; dependencies=[Real,
 Polynomial,
 Real.semiring,
 Real,
 HMul.hMul,
 Polynomial,
 Real.semiring,
 instHMul,
 Polynomial.instMul,
 HSub.hSub,
 instHSub,
 Polynomial.instSub,
 Real.instRing,
 Polynomial.X,
 DFunLike.coe,
 RingHom,
 Semiring.toNonAssocSemiring,
 Polynomial.semiring,
 RingHom.instFunLike,
 Polynomial.C]
DEFINITION_CLOSURE NLA.KE04.quadraticMatrix: axioms=[propext,
 Classical.choice,
 Quot.sound]; dependencies=[Nat,
 NLA.KE04.Mat,
 Real,
 Nat,
 NLA.KE04.Mat,
 Real,
 HMul.hMul,
 Matrix,
 Fin,
 Matrix.instHMulOfFintypeOfMulOfAddCommMonoid,
 Fin.fintype,
 Real.instMul,
 Real.instAddCommMonoid,
 HSub.hSub,
 instHSub,
 Matrix.sub,
 Real.instSub,
 HSMul.hSMul,
 instHSMul,
 Matrix.smul,
 instSMulOfMul,
 OfNat.ofNat,
 One.toOfNat1,
 Matrix.one,
 instDecidableEqFin,
 Real.instZero,
 Real.instOne]
DEFINITION_CLOSURE NLA.KE04.compressedQuadratic: axioms=[propext,
 Classical.choice,
 Quot.sound]; dependencies=[Nat,
 NLA.KE04.Mat,
 NLA.KE04.Rect,
 Real,
 Nat,
 NLA.KE04.Mat,
 NLA.KE04.Rect,
 Real,
 HMul.hMul,
 Matrix,
 Fin,
 Matrix.instHMulOfFintypeOfMulOfAddCommMonoid,
 Fin.fintype,
 Real.instMul,
 Real.instAddCommMonoid,
 NLA.KE04.quadraticMatrix,
 NLA.KE04.compression,
 Matrix.conjTranspose,
 InvolutiveStar.toStar,
 StarAddMonoid.toInvolutiveStar,
 AddCommMonoid.toAddMonoid,
 NonUnitalNonAssocSemiring.toAddCommMonoid,
 NonUnitalNonAssocRing.toNonUnitalNonAssocSemiring,
 NonUnitalNonAssocCommRing.toNonUnitalNonAssocRing,
 NonUnitalCommRing.toNonUnitalNonAssocCommRing,
 CommRing.toNonUnitalCommRing,
 Real.commRing,
 StarRing.toStarAddMonoid,
 instStarRingReal]
DEFINITION_CLOSURE NLA.KE04.form: axioms=[propext,
 Classical.choice,
 Quot.sound]; dependencies=[Nat,
 NLA.KE04.Mat,
 NLA.KE04.Vec,
 Real,
 Nat,
 NLA.KE04.Mat,
 NLA.KE04.Vec,
 Inner.inner,
 Real,
 InnerProductSpace.toInner,
 Real.instRCLike,
 PiLp.seminormedAddCommGroup,
 OfNat.ofNat,
 ENNReal,
 instOfNatAtLeastTwo,
 AddMonoidWithOne.toNatCast,
 AddCommMonoidWithOne.toAddMonoidWithOne,
 ENNReal.instAddCommMonoidWithOne,
 NLA.KE04.column._proof_1,
 Fin,
 fact_one_le_two_ennreal,
 Fin.fintype,
 NormedAddCommGroup.toSeminormedAddCommGroup,
 Real.normedAddCommGroup,
 PiLp.innerProductSpace,
 RCLike.toInnerProductSpaceReal,
 DFunLike.coe,
 LinearMap,
 Real.semiring,
 RingHom.id,
 Semiring.toNonAssocSemiring,
 AddCommGroup.toAddCommMonoid,
 WithLp.instAddCommGroup,
 PiLp.innerProductSpace._proof_1,
 Pi.addCommGroup,
 Real.instAddCommGroup,
 WithLp.instModule,
 Pi.Function.module,
 Semiring.toAddCommMonoid,
 Ring.toSemiring,
 Real.instRing,
 Semiring.toModule,
 LinearMap.instFunLike,
 NLA.KE04.act]
DEFINITION_CLOSURE NLA.KE04.IterationOccupancy: axioms=[propext,
 Classical.choice,
 Quot.sound]; dependencies=[Nat,
 NLA.KE04.Mat,
 Matrix.IsHermitian,
 Real,
 Fin,
 InvolutiveStar.toStar,
 StarAddMonoid.toInvolutiveStar,
 AddCommMonoid.toAddMonoid,
 NonUnitalNonAssocSemiring.toAddCommMonoid,
 NonUnitalNonAssocRing.toNonUnitalNonAssocSemiring,
 NonUnitalNonAssocCommRing.toNonUnitalNonAssocRing,
 NonUnitalCommRing.toNonUnitalNonAssocCommRing,
 CommRing.toNonUnitalCommRing,
 Real.commRing,
 StarRing.toStarAddMonoid,
 instStarRingReal,
 NLA.KE04.Rect,
 Nat,
 NLA.KE04.Mat,
 Matrix.IsHermitian,
 Real,
 Fin,
 InvolutiveStar.toStar,
 StarAddMonoid.toInvolutiveStar,
 AddCommMonoid.toAddMonoid,
 NonUnitalNonAssocSemiring.toAddCommMonoid,
 NonUnitalNonAssocRing.toNonUnitalNonAssocSemiring,
 NonUnitalNonAssocCommRing.toNonUnitalNonAssocRing,
 NonUnitalCommRing.toNonUnitalNonAssocCommRing,
 CommRing.toNonUnitalCommRing,
 Real.commRing,
 StarRing.toStarAddMonoid,
 instStarRingReal,
 NLA.KE04.Rect,
 LE.le,
 instLENat,
 OfNat.ofNat,
 instOfNatNat,
 LT.lt,
 instLTNat,
 HMul.hMul,
 instHMul,
 instMulNat,
 NLA.KE04.IsKrylovBasis,
 HSub.hSub,
 instHSub,
 instSubNat,
 Exists,
 And,
 Real.instLT,
 NLA.KE04.ritzValueAt,
 NLA.KE04.ritzValues,
 HAdd.hAdd,
 instHAdd,
 instAddNat]
DEFINITION_CLOSURE NLA.KE04.FullPrefixBlockLanczosClaim: axioms=[propext,
 Classical.choice,
 Quot.sound]; dependencies=[Nat,
 NLA.KE04.Mat,
 Matrix.IsHermitian,
 Real,
 Fin,
 InvolutiveStar.toStar,
 StarAddMonoid.toInvolutiveStar,
 AddCommMonoid.toAddMonoid,
 NonUnitalNonAssocSemiring.toAddCommMonoid,
 NonUnitalNonAssocRing.toNonUnitalNonAssocSemiring,
 NonUnitalNonAssocCommRing.toNonUnitalNonAssocRing,
 NonUnitalCommRing.toNonUnitalNonAssocCommRing,
 CommRing.toNonUnitalCommRing,
 Real.commRing,
 StarRing.toStarAddMonoid,
 instStarRingReal,
 NLA.KE04.Rect,
 NLA.KE04.FullColumnRank,
 NLA.KE04.FullBlockDimension,
 NLA.KE04.IterationOccupancy]
DEFINITION_CLOSURE NLA.KE04.BlockLanczosConjecture: axioms=[propext,
 Classical.choice,
 Quot.sound]; dependencies=[Nat,
 NLA.KE04.Mat,
 Matrix.IsHermitian,
 Real,
 Fin,
 InvolutiveStar.toStar,
 StarAddMonoid.toInvolutiveStar,
 AddCommMonoid.toAddMonoid,
 NonUnitalNonAssocSemiring.toAddCommMonoid,
 NonUnitalNonAssocRing.toNonUnitalNonAssocSemiring,
 NonUnitalNonAssocCommRing.toNonUnitalNonAssocRing,
 NonUnitalCommRing.toNonUnitalNonAssocCommRing,
 CommRing.toNonUnitalCommRing,
 Real.commRing,
 StarRing.toStarAddMonoid,
 instStarRingReal,
 NLA.KE04.Rect,
 NLA.KE04.FullColumnRank,
 NLA.KE04.LastFullBlockIteration,
 NLA.KE04.IterationOccupancy]
DEFINITION_COUNTS roots=27, closure=33
@[reducible] def NLA.KE04.Vec : (n : Nat) → Type :=
fun (n : Nat) => EuclideanSpace.{0, 0} Real (Fin n)
@[reducible] def NLA.KE04.Rect : (n m : Nat) → Type :=
fun (n m : Nat) => Matrix.{0, 0, 0} (Fin n) (Fin m) Real
@[reducible] def NLA.KE04.Mat : (n : Nat) → Type :=
fun (n : Nat) => NLA.KE04.Rect n n
def NLA.KE04.column : {n m : Nat} → (M : NLA.KE04.Rect n m) → (j : Fin m) → NLA.KE04.Vec n :=
fun {n m : Nat} (M : NLA.KE04.Rect n m) (j : Fin m) =>
  @WithLp.toLp.{0}
    (@OfNat.ofNat.{0} ENNReal (nat_lit 2)
      (@instOfNatAtLeastTwo.{0} ENNReal (nat_lit 2)
        (@AddMonoidWithOne.toNatCast.{0} ENNReal
          (@AddCommMonoidWithOne.toAddMonoidWithOne.{0} ENNReal ENNReal.instAddCommMonoidWithOne))
        NLA.KE04.column._proof_1))
    ((i : Fin n) → (fun (x : Fin n) => Real) i) fun (i : Fin n) => M i j
def NLA.KE04.act : {n m : Nat} →
  (M : NLA.KE04.Rect n m) →
    @LinearMap.{0, 0, 0, 0} Real Real Real.semiring Real.semiring
      (@RingHom.id.{0} Real (@Semiring.toNonAssocSemiring.{0} Real Real.semiring)) (NLA.KE04.Vec m) (NLA.KE04.Vec n)
      (@AddCommGroup.toAddCommMonoid.{0} (NLA.KE04.Vec m)
        (@WithLp.instAddCommGroup.{0}
          (@OfNat.ofNat.{0} ENNReal (nat_lit 2)
            (@instOfNatAtLeastTwo.{0} ENNReal (nat_lit 2)
              (@AddMonoidWithOne.toNatCast.{0} ENNReal
                (@AddCommMonoidWithOne.toAddMonoidWithOne.{0} ENNReal ENNReal.instAddCommMonoidWithOne))
              PiLp.innerProductSpace._proof_1))
          ((i : Fin m) → (fun (x : Fin m) => Real) i)
          (@Pi.addCommGroup.{0, 0} (Fin m) (fun (x : Fin m) => Real) fun (i : Fin m) => Real.instAddCommGroup)))
      (@AddCommGroup.toAddCommMonoid.{0} (NLA.KE04.Vec n)
        (@WithLp.instAddCommGroup.{0}
          (@OfNat.ofNat.{0} ENNReal (nat_lit 2)
            (@instOfNatAtLeastTwo.{0} ENNReal (nat_lit 2)
              (@AddMonoidWithOne.toNatCast.{0} ENNReal
                (@AddCommMonoidWithOne.toAddMonoidWithOne.{0} ENNReal ENNReal.instAddCommMonoidWithOne))
              PiLp.innerProductSpace._proof_1))
          ((i : Fin n) → (fun (x : Fin n) => Real) i)
          (@Pi.addCommGroup.{0, 0} (Fin n) (fun (x : Fin n) => Real) fun (i : Fin n) => Real.instAddCommGroup)))
      (@WithLp.instModule.{0, 0}
        (@OfNat.ofNat.{0} ENNReal (nat_lit 2)
          (@instOfNatAtLeastTwo.{0} ENNReal (nat_lit 2)
            (@AddMonoidWithOne.toNatCast.{0} ENNReal
              (@AddCommMonoidWithOne.toAddMonoidWithOne.{0} ENNReal ENNReal.instAddCommMonoidWithOne))
            PiLp.innerProductSpace._proof_1))
        Real ((i : Fin m) → (fun (x : Fin m) => Real) i) Real.semiring
        (@Pi.addCommGroup.{0, 0} (Fin m) (fun (x : Fin m) => Real) fun (i : Fin m) => Real.instAddCommGroup)
        (@Pi.Function.module.{0, 0, 0} (Fin m) Real Real Real.semiring
          (@Semiring.toAddCommMonoid.{0} Real (@Ring.toSemiring.{0} Real Real.instRing))
          (@Semiring.toModule.{0} Real Real.semiring)))
      (@WithLp.instModule.{0, 0}
        (@OfNat.ofNat.{0} ENNReal (nat_lit 2)
          (@instOfNatAtLeastTwo.{0} ENNReal (nat_lit 2)
            (@AddMonoidWithOne.toNatCast.{0} ENNReal
              (@AddCommMonoidWithOne.toAddMonoidWithOne.{0} ENNReal ENNReal.instAddCommMonoidWithOne))
            PiLp.innerProductSpace._proof_1))
        Real ((i : Fin n) → (fun (x : Fin n) => Real) i) Real.semiring
        (@Pi.addCommGroup.{0, 0} (Fin n) (fun (x : Fin n) => Real) fun (i : Fin n) => Real.instAddCommGroup)
        (@Pi.Function.module.{0, 0, 0} (Fin n) Real Real Real.semiring
          (@Semiring.toAddCommMonoid.{0} Real (@Ring.toSemiring.{0} Real Real.instRing))
          (@Semiring.toModule.{0} Real Real.semiring))) :=
fun {n m : Nat} (M : NLA.KE04.Rect n m) =>
  @DFunLike.coe.{1, 1, 1}
    (@LinearEquiv.{0, 0, 0, 0} Real Real
      (@DivisionSemiring.toSemiring.{0} Real
        (@Semifield.toDivisionSemiring.{0} Real
          (@Field.toSemifield.{0} Real
            (@NormedField.toField.{0} Real
              (@DenselyNormedField.toNormedField.{0} Real (@RCLike.toDenselyNormedField.{0} Real Real.instRCLike))))))
      (@DivisionSemiring.toSemiring.{0} Real
        (@Semifield.toDivisionSemiring.{0} Real
          (@Field.toSemifield.{0} Real
            (@NormedField.toField.{0} Real
              (@DenselyNormedField.toNormedField.{0} Real (@RCLike.toDenselyNormedField.{0} Real Real.instRCLike))))))
      (@RingHom.id.{0} Real
        (@Semiring.toNonAssocSemiring.{0} Real
          (@DivisionSemiring.toSemiring.{0} Real
            (@Semifield.toDivisionSemiring.{0} Real
              (@Field.toSemifield.{0} Real
                (@NormedField.toField.{0} Real
                  (@DenselyNormedField.toNormedField.{0} Real
                    (@RCLike.toDenselyNormedField.{0} Real Real.instRCLike))))))))
      (@RingHom.id.{0} Real
        (@Semiring.toNonAssocSemiring.{0} Real
          (@DivisionSemiring.toSemiring.{0} Real
            (@Semifield.toDivisionSemiring.{0} Real
              (@Field.toSemifield.{0} Real
                (@NormedField.toField.{0} Real
                  (@DenselyNormedField.toNormedField.{0} Real
                    (@RCLike.toDenselyNormedField.{0} Real Real.instRCLike))))))))
      NLA.KE04.act._proof_1 NLA.KE04.act._proof_1 (Matrix.{0, 0, 0} (Fin n) (Fin m) Real)
      (@LinearMap.{0, 0, 0, 0} Real Real
        (@DivisionSemiring.toSemiring.{0} Real
          (@Semifield.toDivisionSemiring.{0} Real
            (@Field.toSemifield.{0} Real
              (@NormedField.toField.{0} Real
                (@DenselyNormedField.toNormedField.{0} Real (@RCLike.toDenselyNormedField.{0} Real Real.instRCLike))))))
        (@DivisionSemiring.toSemiring.{0} Real
          (@Semifield.toDivisionSemiring.{0} Real
            (@Field.toSemifield.{0} Real
              (@NormedField.toField.{0} Real
                (@DenselyNormedField.toNormedField.{0} Real (@RCLike.toDenselyNormedField.{0} Real Real.instRCLike))))))
        (@RingHom.id.{0} Real
          (@Semiring.toNonAssocSemiring.{0} Real
            (@DivisionSemiring.toSemiring.{0} Real
              (@Semifield.toDivisionSemiring.{0} Real
                (@Field.toSemifield.{0} Real
                  (@NormedField.toField.{0} Real
                    (@DenselyNormedField.toNormedField.{0} Real
                      (@RCLike.toDenselyNormedField.{0} Real Real.instRCLike))))))))
        (EuclideanSpace.{0, 0} Real (Fin m)) (EuclideanSpace.{0, 0} Real (Fin n))
        (@AddCommGroup.toAddCommMonoid.{0} (EuclideanSpace.{0, 0} Real (Fin m))
          (@WithLp.instAddCommGroup.{0}
            (@OfNat.ofNat.{0} ENNReal (nat_lit 2)
              (@instOfNatAtLeastTwo.{0} ENNReal (nat_lit 2)
                (@AddMonoidWithOne.toNatCast.{0} ENNReal
                  (@AddCommMonoidWithOne.toAddMonoidWithOne.{0} ENNReal ENNReal.instAddCommMonoidWithOne))
                PiLp.innerProductSpace._proof_1))
            ((i : Fin m) → (fun (x : Fin m) => Real) i)
            (@Pi.addCommGroup.{0, 0} (Fin m) (fun (x : Fin m) => Real) fun (i : Fin m) =>
              @Ring.toAddCommGroup.{0} Real
                (@DivisionRing.toRing.{0} Real
                  (@Field.toDivisionRing.{0} Real
                    (@NormedField.toField.{0} Real
                      (@DenselyNormedField.toNormedField.{0} Real
                        (@RCLike.toDenselyNormedField.{0} Real Real.instRCLike))))))))
        (@AddCommGroup.toAddCommMonoid.{0} (EuclideanSpace.{0, 0} Real (Fin n))
          (@WithLp.instAddCommGroup.{0}
            (@OfNat.ofNat.{0} ENNReal (nat_lit 2)
              (@instOfNatAtLeastTwo.{0} ENNReal (nat_lit 2)
                (@AddMonoidWithOne.toNatCast.{0} ENNReal
                  (@AddCommMonoidWithOne.toAddMonoidWithOne.{0} ENNReal ENNReal.instAddCommMonoidWithOne))
                PiLp.innerProductSpace._proof_1))
            ((i : Fin n) → (fun (x : Fin n) => Real) i)
            (@Pi.addCommGroup.{0, 0} (Fin n) (fun (x : Fin n) => Real) fun (i : Fin n) =>
              @Ring.toAddCommGroup.{0} Real
                (@DivisionRing.toRing.{0} Real
                  (@Field.toDivisionRing.{0} Real
                    (@NormedField.toField.{0} Real
                      (@DenselyNormedField.toNormedField.{0} Real
                        (@RCLike.toDenselyNormedField.{0} Real Real.instRCLike))))))))
        (@WithLp.instModule.{0, 0}
          (@OfNat.ofNat.{0} ENNReal (nat_lit 2)
            (@instOfNatAtLeastTwo.{0} ENNReal (nat_lit 2)
              (@AddMonoidWithOne.toNatCast.{0} ENNReal
                (@AddCommMonoidWithOne.toAddMonoidWithOne.{0} ENNReal ENNReal.instAddCommMonoidWithOne))
              PiLp.innerProductSpace._proof_1))
          Real ((i : Fin m) → (fun (x : Fin m) => Real) i)
          (@DivisionSemiring.toSemiring.{0} Real
            (@Semifield.toDivisionSemiring.{0} Real
              (@Field.toSemifield.{0} Real
                (@NormedField.toField.{0} Real
                  (@DenselyNormedField.toNormedField.{0} Real
                    (@RCLike.toDenselyNormedField.{0} Real Real.instRCLike))))))
          (@Pi.addCommGroup.{0, 0} (Fin m) (fun (x : Fin m) => Real) fun (i : Fin m) =>
            @Ring.toAddCommGroup.{0} Real
              (@DivisionRing.toRing.{0} Real
                (@Field.toDivisionRing.{0} Real
                  (@NormedField.toField.{0} Real
                    (@DenselyNormedField.toNormedField.{0} Real
                      (@RCLike.toDenselyNormedField.{0} Real Real.instRCLike))))))
          (@Pi.Function.module.{0, 0, 0} (Fin m) Real Real
            (@DivisionSemiring.toSemiring.{0} Real
              (@Semifield.toDivisionSemiring.{0} Real
                (@Field.toSemifield.{0} Real
                  (@NormedField.toField.{0} Real
                    (@DenselyNormedField.toNormedField.{0} Real
                      (@RCLike.toDenselyNormedField.{0} Real Real.instRCLike))))))
            (@Semiring.toAddCommMonoid.{0} Real
              (@Ring.toSemiring.{0} Real
                (@DivisionRing.toRing.{0} Real
                  (@Field.toDivisionRing.{0} Real
                    (@NormedField.toField.{0} Real
                      (@DenselyNormedField.toNormedField.{0} Real
                        (@RCLike.toDenselyNormedField.{0} Real Real.instRCLike)))))))
            (@Semiring.toModule.{0} Real
              (@DivisionSemiring.toSemiring.{0} Real
                (@Semifield.toDivisionSemiring.{0} Real
                  (@Field.toSemifield.{0} Real
                    (@NormedField.toField.{0} Real
                      (@DenselyNormedField.toNormedField.{0} Real
                        (@RCLike.toDenselyNormedField.{0} Real Real.instRCLike)))))))))
        (@WithLp.instModule.{0, 0}
          (@OfNat.ofNat.{0} ENNReal (nat_lit 2)
            (@instOfNatAtLeastTwo.{0} ENNReal (nat_lit 2)
              (@AddMonoidWithOne.toNatCast.{0} ENNReal
                (@AddCommMonoidWithOne.toAddMonoidWithOne.{0} ENNReal ENNReal.instAddCommMonoidWithOne))
              PiLp.innerProductSpace._proof_1))
          Real ((i : Fin n) → (fun (x : Fin n) => Real) i)
          (@DivisionSemiring.toSemiring.{0} Real
            (@Semifield.toDivisionSemiring.{0} Real
              (@Field.toSemifield.{0} Real
                (@NormedField.toField.{0} Real
                  (@DenselyNormedField.toNormedField.{0} Real
                    (@RCLike.toDenselyNormedField.{0} Real Real.instRCLike))))))
          (@Pi.addCommGroup.{0, 0} (Fin n) (fun (x : Fin n) => Real) fun (i : Fin n) =>
            @Ring.toAddCommGroup.{0} Real
              (@DivisionRing.toRing.{0} Real
                (@Field.toDivisionRing.{0} Real
                  (@NormedField.toField.{0} Real
                    (@DenselyNormedField.toNormedField.{0} Real
                      (@RCLike.toDenselyNormedField.{0} Real Real.instRCLike))))))
          (@Pi.Function.module.{0, 0, 0} (Fin n) Real Real
            (@DivisionSemiring.toSemiring.{0} Real
              (@Semifield.toDivisionSemiring.{0} Real
                (@Field.toSemifield.{0} Real
                  (@NormedField.toField.{0} Real
                    (@DenselyNormedField.toNormedField.{0} Real
                      (@RCLike.toDenselyNormedField.{0} Real Real.instRCLike))))))
            (@Semiring.toAddCommMonoid.{0} Real
              (@Ring.toSemiring.{0} Real
                (@DivisionRing.toRing.{0} Real
                  (@Field.toDivisionRing.{0} Real
                    (@NormedField.toField.{0} Real
                      (@DenselyNormedField.toNormedField.{0} Real
                        (@RCLike.toDenselyNormedField.{0} Real Real.instRCLike)))))))
            (@Semiring.toModule.{0} Real
              (@DivisionSemiring.toSemiring.{0} Real
                (@Semifield.toDivisionSemiring.{0} Real
                  (@Field.toSemifield.{0} Real
                    (@NormedField.toField.{0} Real
                      (@DenselyNormedField.toNormedField.{0} Real
                        (@RCLike.toDenselyNormedField.{0} Real Real.instRCLike))))))))))
      (@Matrix.addCommMonoid.{0, 0, 0} (Fin n) (Fin m) Real
        (@Semiring.toAddCommMonoid.{0} Real
          (@DivisionSemiring.toSemiring.{0} Real
            (@Semifield.toDivisionSemiring.{0} Real
              (@Field.toSemifield.{0} Real
                (@NormedField.toField.{0} Real
                  (@DenselyNormedField.toNormedField.{0} Real
                    (@RCLike.toDenselyNormedField.{0} Real Real.instRCLike))))))))
      (@LinearMap.addCommMonoid.{0, 0, 0, 0} Real Real (EuclideanSpace.{0, 0} Real (Fin m))
        (EuclideanSpace.{0, 0} Real (Fin n))
        (@DivisionSemiring.toSemiring.{0} Real
          (@Semifield.toDivisionSemiring.{0} Real
            (@Field.toSemifield.{0} Real
              (@NormedField.toField.{0} Real
                (@DenselyNormedField.toNormedField.{0} Real (@RCLike.toDenselyNormedField.{0} Real Real.instRCLike))))))
        (@DivisionSemiring.toSemiring.{0} Real
          (@Semifield.toDivisionSemiring.{0} Real
            (@Field.toSemifield.{0} Real
              (@NormedField.toField.{0} Real
                (@DenselyNormedField.toNormedField.{0} Real (@RCLike.toDenselyNormedField.{0} Real Real.instRCLike))))))
        (@AddCommGroup.toAddCommMonoid.{0} (EuclideanSpace.{0, 0} Real (Fin m))
          (@WithLp.instAddCommGroup.{0}
            (@OfNat.ofNat.{0} ENNReal (nat_lit 2)
              (@instOfNatAtLeastTwo.{0} ENNReal (nat_lit 2)
                (@AddMonoidWithOne.toNatCast.{0} ENNReal
                  (@AddCommMonoidWithOne.toAddMonoidWithOne.{0} ENNReal ENNReal.instAddCommMonoidWithOne))
                PiLp.innerProductSpace._proof_1))
            ((i : Fin m) → (fun (x : Fin m) => Real) i)
            (@Pi.addCommGroup.{0, 0} (Fin m) (fun (x : Fin m) => Real) fun (i : Fin m) =>
              @Ring.toAddCommGroup.{0} Real
                (@DivisionRing.toRing.{0} Real
                  (@Field.toDivisionRing.{0} Real
                    (@NormedField.toField.{0} Real
                      (@DenselyNormedField.toNormedField.{0} Real
                        (@RCLike.toDenselyNormedField.{0} Real Real.instRCLike))))))))
        (@AddCommGroup.toAddCommMonoid.{0} (EuclideanSpace.{0, 0} Real (Fin n))
          (@WithLp.instAddCommGroup.{0}
            (@OfNat.ofNat.{0} ENNReal (nat_lit 2)
              (@instOfNatAtLeastTwo.{0} ENNReal (nat_lit 2)
                (@AddMonoidWithOne.toNatCast.{0} ENNReal
                  (@AddCommMonoidWithOne.toAddMonoidWithOne.{0} ENNReal ENNReal.instAddCommMonoidWithOne))
                PiLp.innerProductSpace._proof_1))
            ((i : Fin n) → (fun (x : Fin n) => Real) i)
            (@Pi.addCommGroup.{0, 0} (Fin n) (fun (x : Fin n) => Real) fun (i : Fin n) =>
              @Ring.toAddCommGroup.{0} Real
                (@DivisionRing.toRing.{0} Real
                  (@Field.toDivisionRing.{0} Real
                    (@NormedField.toField.{0} Real
                      (@DenselyNormedField.toNormedField.{0} Real
                        (@RCLike.toDenselyNormedField.{0} Real Real.instRCLike))))))))
        (@WithLp.instModule.{0, 0}
          (@OfNat.ofNat.{0} ENNReal (nat_lit 2)
            (@instOfNatAtLeastTwo.{0} ENNReal (nat_lit 2)
              (@AddMonoidWithOne.toNatCast.{0} ENNReal
                (@AddCommMonoidWithOne.toAddMonoidWithOne.{0} ENNReal ENNReal.instAddCommMonoidWithOne))
              PiLp.innerProductSpace._proof_1))
          Real ((i : Fin m) → (fun (x : Fin m) => Real) i)
          (@DivisionSemiring.toSemiring.{0} Real
            (@Semifield.toDivisionSemiring.{0} Real
              (@Field.toSemifield.{0} Real
                (@NormedField.toField.{0} Real
                  (@DenselyNormedField.toNormedField.{0} Real
                    (@RCLike.toDenselyNormedField.{0} Real Real.instRCLike))))))
          (@Pi.addCommGroup.{0, 0} (Fin m) (fun (x : Fin m) => Real) fun (i : Fin m) =>
            @Ring.toAddCommGroup.{0} Real
              (@DivisionRing.toRing.{0} Real
                (@Field.toDivisionRing.{0} Real
                  (@NormedField.toField.{0} Real
                    (@DenselyNormedField.toNormedField.{0} Real
                      (@RCLike.toDenselyNormedField.{0} Real Real.instRCLike))))))
          (@Pi.Function.module.{0, 0, 0} (Fin m) Real Real
            (@DivisionSemiring.toSemiring.{0} Real
              (@Semifield.toDivisionSemiring.{0} Real
                (@Field.toSemifield.{0} Real
                  (@NormedField.toField.{0} Real
                    (@DenselyNormedField.toNormedField.{0} Real
                      (@RCLike.toDenselyNormedField.{0} Real Real.instRCLike))))))
            (@Semiring.toAddCommMonoid.{0} Real
              (@Ring.toSemiring.{0} Real
                (@DivisionRing.toRing.{0} Real
                  (@Field.toDivisionRing.{0} Real
                    (@NormedField.toField.{0} Real
                      (@DenselyNormedField.toNormedField.{0} Real
                        (@RCLike.toDenselyNormedField.{0} Real Real.instRCLike)))))))
            (@Semiring.toModule.{0} Real
              (@DivisionSemiring.toSemiring.{0} Real
                (@Semifield.toDivisionSemiring.{0} Real
                  (@Field.toSemifield.{0} Real
                    (@NormedField.toField.{0} Real
                      (@DenselyNormedField.toNormedField.{0} Real
                        (@RCLike.toDenselyNormedField.{0} Real Real.instRCLike)))))))))
        (@WithLp.instModule.{0, 0}
          (@OfNat.ofNat.{0} ENNReal (nat_lit 2)
            (@instOfNatAtLeastTwo.{0} ENNReal (nat_lit 2)
              (@AddMonoidWithOne.toNatCast.{0} ENNReal
                (@AddCommMonoidWithOne.toAddMonoidWithOne.{0} ENNReal ENNReal.instAddCommMonoidWithOne))
              PiLp.innerProductSpace._proof_1))
          Real ((i : Fin n) → (fun (x : Fin n) => Real) i)
          (@DivisionSemiring.toSemiring.{0} Real
            (@Semifield.toDivisionSemiring.{0} Real
              (@Field.toSemifield.{0} Real
                (@NormedField.toField.{0} Real
                  (@DenselyNormedField.toNormedField.{0} Real
                    (@RCLike.toDenselyNormedField.{0} Real Real.instRCLike))))))
          (@Pi.addCommGroup.{0, 0} (Fin n) (fun (x : Fin n) => Real) fun (i : Fin n) =>
            @Ring.toAddCommGroup.{0} Real
              (@DivisionRing.toRing.{0} Real
                (@Field.toDivisionRing.{0} Real
                  (@NormedField.toField.{0} Real
                    (@DenselyNormedField.toNormedField.{0} Real
                      (@RCLike.toDenselyNormedField.{0} Real Real.instRCLike))))))
          (@Pi.Function.module.{0, 0, 0} (Fin n) Real Real
            (@DivisionSemiring.toSemiring.{0} Real
              (@Semifield.toDivisionSemiring.{0} Real
                (@Field.toSemifield.{0} Real
                  (@NormedField.toField.{0} Real
                    (@DenselyNormedField.toNormedField.{0} Real
                      (@RCLike.toDenselyNormedField.{0} Real Real.instRCLike))))))
            (@Semiring.toAddCommMonoid.{0} Real
              (@Ring.toSemiring.{0} Real
                (@DivisionRing.toRing.{0} Real
                  (@Field.toDivisionRing.{0} Real
                    (@NormedField.toField.{0} Real
                      (@DenselyNormedField.toNormedField.{0} Real
                        (@RCLike.toDenselyNormedField.{0} Real Real.instRCLike)))))))
            (@Semiring.toModule.{0} Real
              (@DivisionSemiring.toSemiring.{0} Real
                (@Semifield.toDivisionSemiring.{0} Real
                  (@Field.toSemifield.{0} Real
                    (@NormedField.toField.{0} Real
                      (@DenselyNormedField.toNormedField.{0} Real
                        (@RCLike.toDenselyNormedField.{0} Real Real.instRCLike)))))))))
        (@RingHom.id.{0} Real
          (@Semiring.toNonAssocSemiring.{0} Real
            (@DivisionSemiring.toSemiring.{0} Real
              (@Semifield.toDivisionSemiring.{0} Real
                (@Field.toSemifield.{0} Real
                  (@NormedField.toField.{0} Real
                    (@DenselyNormedField.toNormedField.{0} Real
                      (@RCLike.toDenselyNormedField.{0} Real Real.instRCLike)))))))))
      (@Matrix.module.{0, 0, 0, 0} (Fin n) (Fin m) Real Real
        (@DivisionSemiring.toSemiring.{0} Real
          (@Semifield.toDivisionSemiring.{0} Real
            (@Field.toSemifield.{0} Real
              (@NormedField.toField.{0} Real
                (@DenselyNormedField.toNormedField.{0} Real (@RCLike.toDenselyNormedField.{0} Real Real.instRCLike))))))
        (@Semiring.toAddCommMonoid.{0} Real
          (@DivisionSemiring.toSemiring.{0} Real
            (@Semifield.toDivisionSemiring.{0} Real
              (@Field.toSemifield.{0} Real
                (@NormedField.toField.{0} Real
                  (@DenselyNormedField.toNormedField.{0} Real
                    (@RCLike.toDenselyNormedField.{0} Real Real.instRCLike)))))))
        (@Semiring.toModule.{0} Real
          (@DivisionSemiring.toSemiring.{0} Real
            (@Semifield.toDivisionSemiring.{0} Real
              (@Field.toSemifield.{0} Real
                (@NormedField.toField.{0} Real
                  (@DenselyNormedField.toNormedField.{0} Real
                    (@RCLike.toDenselyNormedField.{0} Real Real.instRCLike))))))))
      (@LinearMap.module.{0, 0, 0, 0, 0} Real Real Real (EuclideanSpace.{0, 0} Real (Fin m))
        (EuclideanSpace.{0, 0} Real (Fin n))
        (@DivisionSemiring.toSemiring.{0} Real
          (@Semifield.toDivisionSemiring.{0} Real
            (@Field.toSemifield.{0} Real
              (@NormedField.toField.{0} Real
                (@DenselyNormedField.toNormedField.{0} Real (@RCLike.toDenselyNormedField.{0} Real Real.instRCLike))))))
        (@DivisionSemiring.toSemiring.{0} Real
          (@Semifield.toDivisionSemiring.{0} Real
            (@Field.toSemifield.{0} Real
              (@NormedField.toField.{0} Real
                (@DenselyNormedField.toNormedField.{0} Real (@RCLike.toDenselyNormedField.{0} Real Real.instRCLike))))))
        (@AddCommGroup.toAddCommMonoid.{0} (EuclideanSpace.{0, 0} Real (Fin m))
          (@WithLp.instAddCommGroup.{0}
            (@OfNat.ofNat.{0} ENNReal (nat_lit 2)
              (@instOfNatAtLeastTwo.{0} ENNReal (nat_lit 2)
                (@AddMonoidWithOne.toNatCast.{0} ENNReal
                  (@AddCommMonoidWithOne.toAddMonoidWithOne.{0} ENNReal ENNReal.instAddCommMonoidWithOne))
                PiLp.innerProductSpace._proof_1))
            ((i : Fin m) → (fun (x : Fin m) => Real) i)
            (@Pi.addCommGroup.{0, 0} (Fin m) (fun (x : Fin m) => Real) fun (i : Fin m) =>
              @Ring.toAddCommGroup.{0} Real
                (@DivisionRing.toRing.{0} Real
                  (@Field.toDivisionRing.{0} Real
                    (@NormedField.toField.{0} Real
                      (@DenselyNormedField.toNormedField.{0} Real
                        (@RCLike.toDenselyNormedField.{0} Real Real.instRCLike))))))))
        (@AddCommGroup.toAddCommMonoid.{0} (EuclideanSpace.{0, 0} Real (Fin n))
          (@WithLp.instAddCommGroup.{0}
            (@OfNat.ofNat.{0} ENNReal (nat_lit 2)
              (@instOfNatAtLeastTwo.{0} ENNReal (nat_lit 2)
                (@AddMonoidWithOne.toNatCast.{0} ENNReal
                  (@AddCommMonoidWithOne.toAddMonoidWithOne.{0} ENNReal ENNReal.instAddCommMonoidWithOne))
                PiLp.innerProductSpace._proof_1))
            ((i : Fin n) → (fun (x : Fin n) => Real) i)
            (@Pi.addCommGroup.{0, 0} (Fin n) (fun (x : Fin n) => Real) fun (i : Fin n) =>
              @Ring.toAddCommGroup.{0} Real
                (@DivisionRing.toRing.{0} Real
                  (@Field.toDivisionRing.{0} Real
                    (@NormedField.toField.{0} Real
                      (@DenselyNormedField.toNormedField.{0} Real
                        (@RCLike.toDenselyNormedField.{0} Real Real.instRCLike))))))))
        (@WithLp.instModule.{0, 0}
          (@OfNat.ofNat.{0} ENNReal (nat_lit 2)
            (@instOfNatAtLeastTwo.{0} ENNReal (nat_lit 2)
              (@AddMonoidWithOne.toNatCast.{0} ENNReal
                (@AddCommMonoidWithOne.toAddMonoidWithOne.{0} ENNReal ENNReal.instAddCommMonoidWithOne))
              PiLp.innerProductSpace._proof_1))
          Real ((i : Fin m) → (fun (x : Fin m) => Real) i)
          (@DivisionSemiring.toSemiring.{0} Real
            (@Semifield.toDivisionSemiring.{0} Real
              (@Field.toSemifield.{0} Real
                (@NormedField.toField.{0} Real
                  (@DenselyNormedField.toNormedField.{0} Real
                    (@RCLike.toDenselyNormedField.{0} Real Real.instRCLike))))))
          (@Pi.addCommGroup.{0, 0} (Fin m) (fun (x : Fin m) => Real) fun (i : Fin m) =>
            @Ring.toAddCommGroup.{0} Real
              (@DivisionRing.toRing.{0} Real
                (@Field.toDivisionRing.{0} Real
                  (@NormedField.toField.{0} Real
                    (@DenselyNormedField.toNormedField.{0} Real
                      (@RCLike.toDenselyNormedField.{0} Real Real.instRCLike))))))
          (@Pi.Function.module.{0, 0, 0} (Fin m) Real Real
            (@DivisionSemiring.toSemiring.{0} Real
              (@Semifield.toDivisionSemiring.{0} Real
                (@Field.toSemifield.{0} Real
                  (@NormedField.toField.{0} Real
                    (@DenselyNormedField.toNormedField.{0} Real
                      (@RCLike.toDenselyNormedField.{0} Real Real.instRCLike))))))
            (@Semiring.toAddCommMonoid.{0} Real
              (@Ring.toSemiring.{0} Real
                (@DivisionRing.toRing.{0} Real
                  (@Field.toDivisionRing.{0} Real
                    (@NormedField.toField.{0} Real
                      (@DenselyNormedField.toNormedField.{0} Real
                        (@RCLike.toDenselyNormedField.{0} Real Real.instRCLike)))))))
            (@Semiring.toModule.{0} Real
              (@DivisionSemiring.toSemiring.{0} Real
                (@Semifield.toDivisionSemiring.{0} Real
                  (@Field.toSemifield.{0} Real
                    (@NormedField.toField.{0} Real
                      (@DenselyNormedField.toNormedField.{0} Real
                        (@RCLike.toDenselyNormedField.{0} Real Real.instRCLike)))))))))
        (@WithLp.instModule.{0, 0}
          (@OfNat.ofNat.{0} ENNReal (nat_lit 2)
            (@instOfNatAtLeastTwo.{0} ENNReal (nat_lit 2)
              (@AddMonoidWithOne.toNatCast.{0} ENNReal
                (@AddCommMonoidWithOne.toAddMonoidWithOne.{0} ENNReal ENNReal.instAddCommMonoidWithOne))
              PiLp.innerProductSpace._proof_1))
          Real ((i : Fin n) → (fun (x : Fin n) => Real) i)
          (@DivisionSemiring.toSemiring.{0} Real
            (@Semifield.toDivisionSemiring.{0} Real
              (@Field.toSemifield.{0} Real
                (@NormedField.toField.{0} Real
                  (@DenselyNormedField.toNormedField.{0} Real
                    (@RCLike.toDenselyNormedField.{0} Real Real.instRCLike))))))
          (@Pi.addCommGroup.{0, 0} (Fin n) (fun (x : Fin n) => Real) fun (i : Fin n) =>
            @Ring.toAddCommGroup.{0} Real
              (@DivisionRing.toRing.{0} Real
                (@Field.toDivisionRing.{0} Real
                  (@NormedField.toField.{0} Real
                    (@DenselyNormedField.toNormedField.{0} Real
                      (@RCLike.toDenselyNormedField.{0} Real Real.instRCLike))))))
          (@Pi.Function.module.{0, 0, 0} (Fin n) Real Real
            (@DivisionSemiring.toSemiring.{0} Real
              (@Semifield.toDivisionSemiring.{0} Real
                (@Field.toSemifield.{0} Real
                  (@NormedField.toField.{0} Real
                    (@DenselyNormedField.toNormedField.{0} Real
                      (@RCLike.toDenselyNormedField.{0} Real Real.instRCLike))))))
            (@Semiring.toAddCommMonoid.{0} Real
              (@Ring.toSemiring.{0} Real
                (@DivisionRing.toRing.{0} Real
                  (@Field.toDivisionRing.{0} Real
                    (@NormedField.toField.{0} Real
                      (@DenselyNormedField.toNormedField.{0} Real
                        (@RCLike.toDenselyNormedField.{0} Real Real.instRCLike)))))))
            (@Semiring.toModule.{0} Real
              (@DivisionSemiring.toSemiring.{0} Real
                (@Semifield.toDivisionSemiring.{0} Real
                  (@Field.toSemifield.{0} Real
                    (@NormedField.toField.{0} Real
                      (@DenselyNormedField.toNormedField.{0} Real
                        (@RCLike.toDenselyNormedField.{0} Real Real.instRCLike)))))))))
        (@RingHom.id.{0} Real
          (@Semiring.toNonAssocSemiring.{0} Real
            (@DivisionSemiring.toSemiring.{0} Real
              (@Semifield.toDivisionSemiring.{0} Real
                (@Field.toSemifield.{0} Real
                  (@NormedField.toField.{0} Real
                    (@DenselyNormedField.toNormedField.{0} Real
                      (@RCLike.toDenselyNormedField.{0} Real Real.instRCLike))))))))
        (@DivisionSemiring.toSemiring.{0} Real
          (@Semifield.toDivisionSemiring.{0} Real
            (@Field.toSemifield.{0} Real
              (@NormedField.toField.{0} Real
                (@DenselyNormedField.toNormedField.{0} Real (@RCLike.toDenselyNormedField.{0} Real Real.instRCLike))))))
        (@WithLp.instModule.{0, 0}
          (@OfNat.ofNat.{0} ENNReal (nat_lit 2)
            (@instOfNatAtLeastTwo.{0} ENNReal (nat_lit 2)
              (@AddMonoidWithOne.toNatCast.{0} ENNReal
                (@AddCommMonoidWithOne.toAddMonoidWithOne.{0} ENNReal ENNReal.instAddCommMonoidWithOne))
              PiLp.innerProductSpace._proof_1))
          Real ((i : Fin n) → (fun (x : Fin n) => Real) i)
          (@DivisionSemiring.toSemiring.{0} Real
            (@Semifield.toDivisionSemiring.{0} Real
              (@Field.toSemifield.{0} Real
                (@NormedField.toField.{0} Real
                  (@DenselyNormedField.toNormedField.{0} Real
                    (@RCLike.toDenselyNormedField.{0} Real Real.instRCLike))))))
          (@Pi.addCommGroup.{0, 0} (Fin n) (fun (x : Fin n) => Real) fun (i : Fin n) =>
            @Ring.toAddCommGroup.{0} Real
              (@DivisionRing.toRing.{0} Real
                (@Field.toDivisionRing.{0} Real
                  (@NormedField.toField.{0} Real
                    (@DenselyNormedField.toNormedField.{0} Real
                      (@RCLike.toDenselyNormedField.{0} Real Real.instRCLike))))))
          (@Pi.Function.module.{0, 0, 0} (Fin n) Real Real
            (@DivisionSemiring.toSemiring.{0} Real
              (@Semifield.toDivisionSemiring.{0} Real
                (@Field.toSemifield.{0} Real
                  (@NormedField.toField.{0} Real
                    (@DenselyNormedField.toNormedField.{0} Real
                      (@RCLike.toDenselyNormedField.{0} Real Real.instRCLike))))))
            (@Semiring.toAddCommMonoid.{0} Real
              (@Ring.toSemiring.{0} Real
                (@DivisionRing.toRing.{0} Real
                  (@Field.toDivisionRing.{0} Real
                    (@NormedField.toField.{0} Real
                      (@DenselyNormedField.toNormedField.{0} Real
                        (@RCLike.toDenselyNormedField.{0} Real Real.instRCLike)))))))
            (@Semiring.toModule.{0} Real
              (@DivisionSemiring.toSemiring.{0} Real
                (@Semifield.toDivisionSemiring.{0} Real
                  (@Field.toSemifield.{0} Real
                    (@NormedField.toField.{0} Real
                      (@DenselyNormedField.toNormedField.{0} Real
                        (@RCLike.toDenselyNormedField.{0} Real Real.instRCLike)))))))))
        (@NLA.KE04.act._proof_2 n)))
    (Matrix.{0, 0, 0} (Fin n) (Fin m) Real)
    (fun (x : Matrix.{0, 0, 0} (Fin n) (Fin m) Real) =>
      @LinearMap.{0, 0, 0, 0} Real Real
        (@DivisionSemiring.toSemiring.{0} Real
          (@Semifield.toDivisionSemiring.{0} Real
            (@Field.toSemifield.{0} Real
              (@NormedField.toField.{0} Real
                (@DenselyNormedField.toNormedField.{0} Real (@RCLike.toDenselyNormedField.{0} Real Real.instRCLike))))))
        (@DivisionSemiring.toSemiring.{0} Real
          (@Semifield.toDivisionSemiring.{0} Real
            (@Field.toSemifield.{0} Real
              (@NormedField.toField.{0} Real
                (@DenselyNormedField.toNormedField.{0} Real (@RCLike.toDenselyNormedField.{0} Real Real.instRCLike))))))
        (@RingHom.id.{0} Real
          (@Semiring.toNonAssocSemiring.{0} Real
            (@DivisionSemiring.toSemiring.{0} Real
              (@Semifield.toDivisionSemiring.{0} Real
                (@Field.toSemifield.{0} Real
                  (@NormedField.toField.{0} Real
                    (@DenselyNormedField.toNormedField.{0} Real
                      (@RCLike.toDenselyNormedField.{0} Real Real.instRCLike))))))))
        (EuclideanSpace.{0, 0} Real (Fin m)) (EuclideanSpace.{0, 0} Real (Fin n))
        (@AddCommGroup.toAddCommMonoid.{0} (EuclideanSpace.{0, 0} Real (Fin m))
          (@WithLp.instAddCommGroup.{0}
            (@OfNat.ofNat.{0} ENNReal (nat_lit 2)
              (@instOfNatAtLeastTwo.{0} ENNReal (nat_lit 2)
                (@AddMonoidWithOne.toNatCast.{0} ENNReal
                  (@AddCommMonoidWithOne.toAddMonoidWithOne.{0} ENNReal ENNReal.instAddCommMonoidWithOne))
                PiLp.innerProductSpace._proof_1))
            ((i : Fin m) → (fun (x : Fin m) => Real) i)
            (@Pi.addCommGroup.{0, 0} (Fin m) (fun (x : Fin m) => Real) fun (i : Fin m) =>
              @Ring.toAddCommGroup.{0} Real
                (@DivisionRing.toRing.{0} Real
                  (@Field.toDivisionRing.{0} Real
                    (@NormedField.toField.{0} Real
                      (@DenselyNormedField.toNormedField.{0} Real
                        (@RCLike.toDenselyNormedField.{0} Real Real.instRCLike))))))))
        (@AddCommGroup.toAddCommMonoid.{0} (EuclideanSpace.{0, 0} Real (Fin n))
          (@WithLp.instAddCommGroup.{0}
            (@OfNat.ofNat.{0} ENNReal (nat_lit 2)
              (@instOfNatAtLeastTwo.{0} ENNReal (nat_lit 2)
                (@AddMonoidWithOne.toNatCast.{0} ENNReal
                  (@AddCommMonoidWithOne.toAddMonoidWithOne.{0} ENNReal ENNReal.instAddCommMonoidWithOne))
                PiLp.innerProductSpace._proof_1))
            ((i : Fin n) → (fun (x : Fin n) => Real) i)
            (@Pi.addCommGroup.{0, 0} (Fin n) (fun (x : Fin n) => Real) fun (i : Fin n) =>
              @Ring.toAddCommGroup.{0} Real
                (@DivisionRing.toRing.{0} Real
                  (@Field.toDivisionRing.{0} Real
                    (@NormedField.toField.{0} Real
                      (@DenselyNormedField.toNormedField.{0} Real
                        (@RCLike.toDenselyNormedField.{0} Real Real.instRCLike))))))))
        (@WithLp.instModule.{0, 0}
          (@OfNat.ofNat.{0} ENNReal (nat_lit 2)
            (@instOfNatAtLeastTwo.{0} ENNReal (nat_lit 2)
              (@AddMonoidWithOne.toNatCast.{0} ENNReal
                (@AddCommMonoidWithOne.toAddMonoidWithOne.{0} ENNReal ENNReal.instAddCommMonoidWithOne))
              PiLp.innerProductSpace._proof_1))
          Real ((i : Fin m) → (fun (x : Fin m) => Real) i)
          (@DivisionSemiring.toSemiring.{0} Real
            (@Semifield.toDivisionSemiring.{0} Real
              (@Field.toSemifield.{0} Real
                (@NormedField.toField.{0} Real
                  (@DenselyNormedField.toNormedField.{0} Real
                    (@RCLike.toDenselyNormedField.{0} Real Real.instRCLike))))))
          (@Pi.addCommGroup.{0, 0} (Fin m) (fun (x : Fin m) => Real) fun (i : Fin m) =>
            @Ring.toAddCommGroup.{0} Real
              (@DivisionRing.toRing.{0} Real
                (@Field.toDivisionRing.{0} Real
                  (@NormedField.toField.{0} Real
                    (@DenselyNormedField.toNormedField.{0} Real
                      (@RCLike.toDenselyNormedField.{0} Real Real.instRCLike))))))
          (@Pi.Function.module.{0, 0, 0} (Fin m) Real Real
            (@DivisionSemiring.toSemiring.{0} Real
              (@Semifield.toDivisionSemiring.{0} Real
                (@Field.toSemifield.{0} Real
                  (@NormedField.toField.{0} Real
                    (@DenselyNormedField.toNormedField.{0} Real
                      (@RCLike.toDenselyNormedField.{0} Real Real.instRCLike))))))
            (@Semiring.toAddCommMonoid.{0} Real
              (@Ring.toSemiring.{0} Real
                (@DivisionRing.toRing.{0} Real
                  (@Field.toDivisionRing.{0} Real
                    (@NormedField.toField.{0} Real
                      (@DenselyNormedField.toNormedField.{0} Real
                        (@RCLike.toDenselyNormedField.{0} Real Real.instRCLike)))))))
            (@Semiring.toModule.{0} Real
              (@DivisionSemiring.toSemiring.{0} Real
                (@Semifield.toDivisionSemiring.{0} Real
                  (@Field.toSemifield.{0} Real
                    (@NormedField.toField.{0} Real
                      (@DenselyNormedField.toNormedField.{0} Real
                        (@RCLike.toDenselyNormedField.{0} Real Real.instRCLike)))))))))
        (@WithLp.instModule.{0, 0}
          (@OfNat.ofNat.{0} ENNReal (nat_lit 2)
            (@instOfNatAtLeastTwo.{0} ENNReal (nat_lit 2)
              (@AddMonoidWithOne.toNatCast.{0} ENNReal
                (@AddCommMonoidWithOne.toAddMonoidWithOne.{0} ENNReal ENNReal.instAddCommMonoidWithOne))
              PiLp.innerProductSpace._proof_1))
          Real ((i : Fin n) → (fun (x : Fin n) => Real) i)
          (@DivisionSemiring.toSemiring.{0} Real
            (@Semifield.toDivisionSemiring.{0} Real
              (@Field.toSemifield.{0} Real
                (@NormedField.toField.{0} Real
                  (@DenselyNormedField.toNormedField.{0} Real
                    (@RCLike.toDenselyNormedField.{0} Real Real.instRCLike))))))
          (@Pi.addCommGroup.{0, 0} (Fin n) (fun (x : Fin n) => Real) fun (i : Fin n) =>
            @Ring.toAddCommGroup.{0} Real
              (@DivisionRing.toRing.{0} Real
                (@Field.toDivisionRing.{0} Real
                  (@NormedField.toField.{0} Real
                    (@DenselyNormedField.toNormedField.{0} Real
                      (@RCLike.toDenselyNormedField.{0} Real Real.instRCLike))))))
          (@Pi.Function.module.{0, 0, 0} (Fin n) Real Real
            (@DivisionSemiring.toSemiring.{0} Real
              (@Semifield.toDivisionSemiring.{0} Real
                (@Field.toSemifield.{0} Real
                  (@NormedField.toField.{0} Real
                    (@DenselyNormedField.toNormedField.{0} Real
                      (@RCLike.toDenselyNormedField.{0} Real Real.instRCLike))))))
            (@Semiring.toAddCommMonoid.{0} Real
              (@Ring.toSemiring.{0} Real
                (@DivisionRing.toRing.{0} Real
                  (@Field.toDivisionRing.{0} Real
                    (@NormedField.toField.{0} Real
                      (@DenselyNormedField.toNormedField.{0} Real
                        (@RCLike.toDenselyNormedField.{0} Real Real.instRCLike)))))))
            (@Semiring.toModule.{0} Real
              (@DivisionSemiring.toSemiring.{0} Real
                (@Semifield.toDivisionSemiring.{0} Real
                  (@Field.toSemifield.{0} Real
                    (@NormedField.toField.{0} Real
                      (@DenselyNormedField.toNormedField.{0} Real
                        (@RCLike.toDenselyNormedField.{0} Real Real.instRCLike))))))))))
    (@EquivLike.toFunLike.{1, 1, 1}
      (@LinearEquiv.{0, 0, 0, 0} Real Real
        (@DivisionSemiring.toSemiring.{0} Real
          (@Semifield.toDivisionSemiring.{0} Real
            (@Field.toSemifield.{0} Real
              (@NormedField.toField.{0} Real
                (@DenselyNormedField.toNormedField.{0} Real (@RCLike.toDenselyNormedField.{0} Real Real.instRCLike))))))
        (@DivisionSemiring.toSemiring.{0} Real
          (@Semifield.toDivisionSemiring.{0} Real
            (@Field.toSemifield.{0} Real
              (@NormedField.toField.{0} Real
                (@DenselyNormedField.toNormedField.{0} Real (@RCLike.toDenselyNormedField.{0} Real Real.instRCLike))))))
        (@RingHom.id.{0} Real
          (@Semiring.toNonAssocSemiring.{0} Real
            (@DivisionSemiring.toSemiring.{0} Real
              (@Semifield.toDivisionSemiring.{0} Real
                (@Field.toSemifield.{0} Real
                  (@NormedField.toField.{0} Real
                    (@DenselyNormedField.toNormedField.{0} Real
                      (@RCLike.toDenselyNormedField.{0} Real Real.instRCLike))))))))
        (@RingHom.id.{0} Real
          (@Semiring.toNonAssocSemiring.{0} Real
            (@DivisionSemiring.toSemiring.{0} Real
              (@Semifield.toDivisionSemiring.{0} Real
                (@Field.toSemifield.{0} Real
                  (@NormedField.toField.{0} Real
                    (@DenselyNormedField.toNormedField.{0} Real
                      (@RCLike.toDenselyNormedField.{0} Real Real.instRCLike))))))))
        NLA.KE04.act._proof_1 NLA.KE04.act._proof_1 (Matrix.{0, 0, 0} (Fin n) (Fin m) Real)
        (@LinearMap.{0, 0, 0, 0} Real Real
          (@DivisionSemiring.toSemiring.{0} Real
            (@Semifield.toDivisionSemiring.{0} Real
              (@Field.toSemifield.{0} Real
                (@NormedField.toField.{0} Real
                  (@DenselyNormedField.toNormedField.{0} Real
                    (@RCLike.toDenselyNormedField.{0} Real Real.instRCLike))))))
          (@DivisionSemiring.toSemiring.{0} Real
            (@Semifield.toDivisionSemiring.{0} Real
              (@Field.toSemifield.{0} Real
                (@NormedField.toField.{0} Real
                  (@DenselyNormedField.toNormedField.{0} Real
                    (@RCLike.toDenselyNormedField.{0} Real Real.instRCLike))))))
          (@RingHom.id.{0} Real
            (@Semiring.toNonAssocSemiring.{0} Real
              (@DivisionSemiring.toSemiring.{0} Real
                (@Semifield.toDivisionSemiring.{0} Real
                  (@Field.toSemifield.{0} Real
                    (@NormedField.toField.{0} Real
                      (@DenselyNormedField.toNormedField.{0} Real
                        (@RCLike.toDenselyNormedField.{0} Real Real.instRCLike))))))))
          (EuclideanSpace.{0, 0} Real (Fin m)) (EuclideanSpace.{0, 0} Real (Fin n))
          (@AddCommGroup.toAddCommMonoid.{0} (EuclideanSpace.{0, 0} Real (Fin m))
            (@WithLp.instAddCommGroup.{0}
              (@OfNat.ofNat.{0} ENNReal (nat_lit 2)
                (@instOfNatAtLeastTwo.{0} ENNReal (nat_lit 2)
                  (@AddMonoidWithOne.toNatCast.{0} ENNReal
                    (@AddCommMonoidWithOne.toAddMonoidWithOne.{0} ENNReal ENNReal.instAddCommMonoidWithOne))
                  PiLp.innerProductSpace._proof_1))
              ((i : Fin m) → (fun (x : Fin m) => Real) i)
              (@Pi.addCommGroup.{0, 0} (Fin m) (fun (x : Fin m) => Real) fun (i : Fin m) =>
                @Ring.toAddCommGroup.{0} Real
                  (@DivisionRing.toRing.{0} Real
                    (@Field.toDivisionRing.{0} Real
                      (@NormedField.toField.{0} Real
                        (@DenselyNormedField.toNormedField.{0} Real
                          (@RCLike.toDenselyNormedField.{0} Real Real.instRCLike))))))))
          (@AddCommGroup.toAddCommMonoid.{0} (EuclideanSpace.{0, 0} Real (Fin n))
            (@WithLp.instAddCommGroup.{0}
              (@OfNat.ofNat.{0} ENNReal (nat_lit 2)
                (@instOfNatAtLeastTwo.{0} ENNReal (nat_lit 2)
                  (@AddMonoidWithOne.toNatCast.{0} ENNReal
                    (@AddCommMonoidWithOne.toAddMonoidWithOne.{0} ENNReal ENNReal.instAddCommMonoidWithOne))
                  PiLp.innerProductSpace._proof_1))
              ((i : Fin n) → (fun (x : Fin n) => Real) i)
              (@Pi.addCommGroup.{0, 0} (Fin n) (fun (x : Fin n) => Real) fun (i : Fin n) =>
                @Ring.toAddCommGroup.{0} Real
                  (@DivisionRing.toRing.{0} Real
                    (@Field.toDivisionRing.{0} Real
                      (@NormedField.toField.{0} Real
                        (@DenselyNormedField.toNormedField.{0} Real
                          (@RCLike.toDenselyNormedField.{0} Real Real.instRCLike))))))))
          (@WithLp.instModule.{0, 0}
            (@OfNat.ofNat.{0} ENNReal (nat_lit 2)
              (@instOfNatAtLeastTwo.{0} ENNReal (nat_lit 2)
                (@AddMonoidWithOne.toNatCast.{0} ENNReal
                  (@AddCommMonoidWithOne.toAddMonoidWithOne.{0} ENNReal ENNReal.instAddCommMonoidWithOne))
                PiLp.innerProductSpace._proof_1))
            Real ((i : Fin m) → (fun (x : Fin m) => Real) i)
            (@DivisionSemiring.toSemiring.{0} Real
              (@Semifield.toDivisionSemiring.{0} Real
                (@Field.toSemifield.{0} Real
                  (@NormedField.toField.{0} Real
                    (@DenselyNormedField.toNormedField.{0} Real
                      (@RCLike.toDenselyNormedField.{0} Real Real.instRCLike))))))
            (@Pi.addCommGroup.{0, 0} (Fin m) (fun (x : Fin m) => Real) fun (i : Fin m) =>
              @Ring.toAddCommGroup.{0} Real
                (@DivisionRing.toRing.{0} Real
                  (@Field.toDivisionRing.{0} Real
                    (@NormedField.toField.{0} Real
                      (@DenselyNormedField.toNormedField.{0} Real
                        (@RCLike.toDenselyNormedField.{0} Real Real.instRCLike))))))
            (@Pi.Function.module.{0, 0, 0} (Fin m) Real Real
              (@DivisionSemiring.toSemiring.{0} Real
                (@Semifield.toDivisionSemiring.{0} Real
                  (@Field.toSemifield.{0} Real
                    (@NormedField.toField.{0} Real
                      (@DenselyNormedField.toNormedField.{0} Real
                        (@RCLike.toDenselyNormedField.{0} Real Real.instRCLike))))))
              (@Semiring.toAddCommMonoid.{0} Real
                (@Ring.toSemiring.{0} Real
                  (@DivisionRing.toRing.{0} Real
                    (@Field.toDivisionRing.{0} Real
                      (@NormedField.toField.{0} Real
                        (@DenselyNormedField.toNormedField.{0} Real
                          (@RCLike.toDenselyNormedField.{0} Real Real.instRCLike)))))))
              (@Semiring.toModule.{0} Real
                (@DivisionSemiring.toSemiring.{0} Real
                  (@Semifield.toDivisionSemiring.{0} Real
                    (@Field.toSemifield.{0} Real
                      (@NormedField.toField.{0} Real
                        (@DenselyNormedField.toNormedField.{0} Real
                          (@RCLike.toDenselyNormedField.{0} Real Real.instRCLike)))))))))
          (@WithLp.instModule.{0, 0}
            (@OfNat.ofNat.{0} ENNReal (nat_lit 2)
              (@instOfNatAtLeastTwo.{0} ENNReal (nat_lit 2)
                (@AddMonoidWithOne.toNatCast.{0} ENNReal
                  (@AddCommMonoidWithOne.toAddMonoidWithOne.{0} ENNReal ENNReal.instAddCommMonoidWithOne))
                PiLp.innerProductSpace._proof_1))
            Real ((i : Fin n) → (fun (x : Fin n) => Real) i)
            (@DivisionSemiring.toSemiring.{0} Real
              (@Semifield.toDivisionSemiring.{0} Real
                (@Field.toSemifield.{0} Real
                  (@NormedField.toField.{0} Real
                    (@DenselyNormedField.toNormedField.{0} Real
                      (@RCLike.toDenselyNormedField.{0} Real Real.instRCLike))))))
            (@Pi.addCommGroup.{0, 0} (Fin n) (fun (x : Fin n) => Real) fun (i : Fin n) =>
              @Ring.toAddCommGroup.{0} Real
                (@DivisionRing.toRing.{0} Real
                  (@Field.toDivisionRing.{0} Real
                    (@NormedField.toField.{0} Real
                      (@DenselyNormedField.toNormedField.{0} Real
                        (@RCLike.toDenselyNormedField.{0} Real Real.instRCLike))))))
            (@Pi.Function.module.{0, 0, 0} (Fin n) Real Real
              (@DivisionSemiring.toSemiring.{0} Real
                (@Semifield.toDivisionSemiring.{0} Real
                  (@Field.toSemifield.{0} Real
                    (@NormedField.toField.{0} Real
                      (@DenselyNormedField.toNormedField.{0} Real
                        (@RCLike.toDenselyNormedField.{0} Real Real.instRCLike))))))
              (@Semiring.toAddCommMonoid.{0} Real
                (@Ring.toSemiring.{0} Real
                  (@DivisionRing.toRing.{0} Real
                    (@Field.toDivisionRing.{0} Real
                      (@NormedField.toField.{0} Real
                        (@DenselyNormedField.toNormedField.{0} Real
                          (@RCLike.toDenselyNormedField.{0} Real Real.instRCLike)))))))
              (@Semiring.toModule.{0} Real
                (@DivisionSemiring.toSemiring.{0} Real
                  (@Semifield.toDivisionSemiring.{0} Real
                    (@Field.toSemifield.{0} Real
                      (@NormedField.toField.{0} Real
                        (@DenselyNormedField.toNormedField.{0} Real
                          (@RCLike.toDenselyNormedField.{0} Real Real.instRCLike))))))))))
        (@Matrix.addCommMonoid.{0, 0, 0} (Fin n) (Fin m) Real
          (@Semiring.toAddCommMonoid.{0} Real
            (@DivisionSemiring.toSemiring.{0} Real
              (@Semifield.toDivisionSemiring.{0} Real
                (@Field.toSemifield.{0} Real
                  (@NormedField.toField.{0} Real
                    (@DenselyNormedField.toNormedField.{0} Real
                      (@RCLike.toDenselyNormedField.{0} Real Real.instRCLike))))))))
        (@LinearMap.addCommMonoid.{0, 0, 0, 0} Real Real (EuclideanSpace.{0, 0} Real (Fin m))
          (EuclideanSpace.{0, 0} Real (Fin n))
          (@DivisionSemiring.toSemiring.{0} Real
            (@Semifield.toDivisionSemiring.{0} Real
              (@Field.toSemifield.{0} Real
                (@NormedField.toField.{0} Real
                  (@DenselyNormedField.toNormedField.{0} Real
                    (@RCLike.toDenselyNormedField.{0} Real Real.instRCLike))))))
          (@DivisionSemiring.toSemiring.{0} Real
            (@Semifield.toDivisionSemiring.{0} Real
              (@Field.toSemifield.{0} Real
                (@NormedField.toField.{0} Real
                  (@DenselyNormedField.toNormedField.{0} Real
                    (@RCLike.toDenselyNormedField.{0} Real Real.instRCLike))))))
          (@AddCommGroup.toAddCommMonoid.{0} (EuclideanSpace.{0, 0} Real (Fin m))
            (@WithLp.instAddCommGroup.{0}
              (@OfNat.ofNat.{0} ENNReal (nat_lit 2)
                (@instOfNatAtLeastTwo.{0} ENNReal (nat_lit 2)
                  (@AddMonoidWithOne.toNatCast.{0} ENNReal
                    (@AddCommMonoidWithOne.toAddMonoidWithOne.{0} ENNReal ENNReal.instAddCommMonoidWithOne))
                  PiLp.innerProductSpace._proof_1))
              ((i : Fin m) → (fun (x : Fin m) => Real) i)
              (@Pi.addCommGroup.{0, 0} (Fin m) (fun (x : Fin m) => Real) fun (i : Fin m) =>
                @Ring.toAddCommGroup.{0} Real
                  (@DivisionRing.toRing.{0} Real
                    (@Field.toDivisionRing.{0} Real
                      (@NormedField.toField.{0} Real
                        (@DenselyNormedField.toNormedField.{0} Real
                          (@RCLike.toDenselyNormedField.{0} Real Real.instRCLike))))))))
          (@AddCommGroup.toAddCommMonoid.{0} (EuclideanSpace.{0, 0} Real (Fin n))
            (@WithLp.instAddCommGroup.{0}
              (@OfNat.ofNat.{0} ENNReal (nat_lit 2)
                (@instOfNatAtLeastTwo.{0} ENNReal (nat_lit 2)
                  (@AddMonoidWithOne.toNatCast.{0} ENNReal
                    (@AddCommMonoidWithOne.toAddMonoidWithOne.{0} ENNReal ENNReal.instAddCommMonoidWithOne))
                  PiLp.innerProductSpace._proof_1))
              ((i : Fin n) → (fun (x : Fin n) => Real) i)
              (@Pi.addCommGroup.{0, 0} (Fin n) (fun (x : Fin n) => Real) fun (i : Fin n) =>
                @Ring.toAddCommGroup.{0} Real
                  (@DivisionRing.toRing.{0} Real
                    (@Field.toDivisionRing.{0} Real
                      (@NormedField.toField.{0} Real
                        (@DenselyNormedField.toNormedField.{0} Real
                          (@RCLike.toDenselyNormedField.{0} Real Real.instRCLike))))))))
          (@WithLp.instModule.{0, 0}
            (@OfNat.ofNat.{0} ENNReal (nat_lit 2)
              (@instOfNatAtLeastTwo.{0} ENNReal (nat_lit 2)
                (@AddMonoidWithOne.toNatCast.{0} ENNReal
                  (@AddCommMonoidWithOne.toAddMonoidWithOne.{0} ENNReal ENNReal.instAddCommMonoidWithOne))
                PiLp.innerProductSpace._proof_1))
            Real ((i : Fin m) → (fun (x : Fin m) => Real) i)
            (@DivisionSemiring.toSemiring.{0} Real
              (@Semifield.toDivisionSemiring.{0} Real
                (@Field.toSemifield.{0} Real
                  (@NormedField.toField.{0} Real
                    (@DenselyNormedField.toNormedField.{0} Real
                      (@RCLike.toDenselyNormedField.{0} Real Real.instRCLike))))))
            (@Pi.addCommGroup.{0, 0} (Fin m) (fun (x : Fin m) => Real) fun (i : Fin m) =>
              @Ring.toAddCommGroup.{0} Real
                (@DivisionRing.toRing.{0} Real
                  (@Field.toDivisionRing.{0} Real
                    (@NormedField.toField.{0} Real
                      (@DenselyNormedField.toNormedField.{0} Real
                        (@RCLike.toDenselyNormedField.{0} Real Real.instRCLike))))))
            (@Pi.Function.module.{0, 0, 0} (Fin m) Real Real
              (@DivisionSemiring.toSemiring.{0} Real
                (@Semifield.toDivisionSemiring.{0} Real
                  (@Field.toSemifield.{0} Real
                    (@NormedField.toField.{0} Real
                      (@DenselyNormedField.toNormedField.{0} Real
                        (@RCLike.toDenselyNormedField.{0} Real Real.instRCLike))))))
              (@Semiring.toAddCommMonoid.{0} Real
                (@Ring.toSemiring.{0} Real
                  (@DivisionRing.toRing.{0} Real
                    (@Field.toDivisionRing.{0} Real
                      (@NormedField.toField.{0} Real
                        (@DenselyNormedField.toNormedField.{0} Real
                          (@RCLike.toDenselyNormedField.{0} Real Real.instRCLike)))))))
              (@Semiring.toModule.{0} Real
                (@DivisionSemiring.toSemiring.{0} Real
                  (@Semifield.toDivisionSemiring.{0} Real
                    (@Field.toSemifield.{0} Real
                      (@NormedField.toField.{0} Real
                        (@DenselyNormedField.toNormedField.{0} Real
                          (@RCLike.toDenselyNormedField.{0} Real Real.instRCLike)))))))))
          (@WithLp.instModule.{0, 0}
            (@OfNat.ofNat.{0} ENNReal (nat_lit 2)
              (@instOfNatAtLeastTwo.{0} ENNReal (nat_lit 2)
                (@AddMonoidWithOne.toNatCast.{0} ENNReal
                  (@AddCommMonoidWithOne.toAddMonoidWithOne.{0} ENNReal ENNReal.instAddCommMonoidWithOne))
                PiLp.innerProductSpace._proof_1))
            Real ((i : Fin n) → (fun (x : Fin n) => Real) i)
            (@DivisionSemiring.toSemiring.{0} Real
              (@Semifield.toDivisionSemiring.{0} Real
                (@Field.toSemifield.{0} Real
                  (@NormedField.toField.{0} Real
                    (@DenselyNormedField.toNormedField.{0} Real
                      (@RCLike.toDenselyNormedField.{0} Real Real.instRCLike))))))
            (@Pi.addCommGroup.{0, 0} (Fin n) (fun (x : Fin n) => Real) fun (i : Fin n) =>
              @Ring.toAddCommGroup.{0} Real
                (@DivisionRing.toRing.{0} Real
                  (@Field.toDivisionRing.{0} Real
                    (@NormedField.toField.{0} Real
                      (@DenselyNormedField.toNormedField.{0} Real
                        (@RCLike.toDenselyNormedField.{0} Real Real.instRCLike))))))
            (@Pi.Function.module.{0, 0, 0} (Fin n) Real Real
              (@DivisionSemiring.toSemiring.{0} Real
                (@Semifield.toDivisionSemiring.{0} Real
                  (@Field.toSemifield.{0} Real
                    (@NormedField.toField.{0} Real
                      (@DenselyNormedField.toNormedField.{0} Real
                        (@RCLike.toDenselyNormedField.{0} Real Real.instRCLike))))))
              (@Semiring.toAddCommMonoid.{0} Real
                (@Ring.toSemiring.{0} Real
                  (@DivisionRing.toRing.{0} Real
                    (@Field.toDivisionRing.{0} Real
                      (@NormedField.toField.{0} Real
                        (@DenselyNormedField.toNormedField.{0} Real
                          (@RCLike.toDenselyNormedField.{0} Real Real.instRCLike)))))))
              (@Semiring.toModule.{0} Real
                (@DivisionSemiring.toSemiring.{0} Real
                  (@Semifield.toDivisionSemiring.{0} Real
                    (@Field.toSemifield.{0} Real
                      (@NormedField.toField.{0} Real
                        (@DenselyNormedField.toNormedField.{0} Real
                          (@RCLike.toDenselyNormedField.{0} Real Real.instRCLike)))))))))
          (@RingHom.id.{0} Real
            (@Semiring.toNonAssocSemiring.{0} Real
              (@DivisionSemiring.toSemiring.{0} Real
                (@Semifield.toDivisionSemiring.{0} Real
                  (@Field.toSemifield.{0} Real
                    (@NormedField.toField.{0} Real
                      (@DenselyNormedField.toNormedField.{0} Real
                        (@RCLike.toDenselyNormedField.{0} Real Real.instRCLike)))))))))
        (@Matrix.module.{0, 0, 0, 0} (Fin n) (Fin m) Real Real
          (@DivisionSemiring.toSemiring.{0} Real
            (@Semifield.toDivisionSemiring.{0} Real
              (@Field.toSemifield.{0} Real
                (@NormedField.toField.{0} Real
                  (@DenselyNormedField.toNormedField.{0} Real
                    (@RCLike.toDenselyNormedField.{0} Real Real.instRCLike))))))
          (@Semiring.toAddCommMonoid.{0} Real
            (@DivisionSemiring.toSemiring.{0} Real
              (@Semifield.toDivisionSemiring.{0} Real
                (@Field.toSemifield.{0} Real
                  (@NormedField.toField.{0} Real
                    (@DenselyNormedField.toNormedField.{0} Real
                      (@RCLike.toDenselyNormedField.{0} Real Real.instRCLike)))))))
          (@Semiring.toModule.{0} Real
            (@DivisionSemiring.toSemiring.{0} Real
              (@Semifield.toDivisionSemiring.{0} Real
                (@Field.toSemifield.{0} Real
                  (@NormedField.toField.{0} Real
                    (@DenselyNormedField.toNormedField.{0} Real
                      (@RCLike.toDenselyNormedField.{0} Real Real.instRCLike))))))))
        (@LinearMap.module.{0, 0, 0, 0, 0} Real Real Real (EuclideanSpace.{0, 0} Real (Fin m))
          (EuclideanSpace.{0, 0} Real (Fin n))
          (@DivisionSemiring.toSemiring.{0} Real
            (@Semifield.toDivisionSemiring.{0} Real
              (@Field.toSemifield.{0} Real
                (@NormedField.toField.{0} Real
                  (@DenselyNormedField.toNormedField.{0} Real
                    (@RCLike.toDenselyNormedField.{0} Real Real.instRCLike))))))
          (@DivisionSemiring.toSemiring.{0} Real
            (@Semifield.toDivisionSemiring.{0} Real
              (@Field.toSemifield.{0} Real
                (@NormedField.toField.{0} Real
                  (@DenselyNormedField.toNormedField.{0} Real
                    (@RCLike.toDenselyNormedField.{0} Real Real.instRCLike))))))
          (@AddCommGroup.toAddCommMonoid.{0} (EuclideanSpace.{0, 0} Real (Fin m))
            (@WithLp.instAddCommGroup.{0}
              (@OfNat.ofNat.{0} ENNReal (nat_lit 2)
                (@instOfNatAtLeastTwo.{0} ENNReal (nat_lit 2)
                  (@AddMonoidWithOne.toNatCast.{0} ENNReal
                    (@AddCommMonoidWithOne.toAddMonoidWithOne.{0} ENNReal ENNReal.instAddCommMonoidWithOne))
                  PiLp.innerProductSpace._proof_1))
              ((i : Fin m) → (fun (x : Fin m) => Real) i)
              (@Pi.addCommGroup.{0, 0} (Fin m) (fun (x : Fin m) => Real) fun (i : Fin m) =>
                @Ring.toAddCommGroup.{0} Real
                  (@DivisionRing.toRing.{0} Real
                    (@Field.toDivisionRing.{0} Real
                      (@NormedField.toField.{0} Real
                        (@DenselyNormedField.toNormedField.{0} Real
                          (@RCLike.toDenselyNormedField.{0} Real Real.instRCLike))))))))
          (@AddCommGroup.toAddCommMonoid.{0} (EuclideanSpace.{0, 0} Real (Fin n))
            (@WithLp.instAddCommGroup.{0}
              (@OfNat.ofNat.{0} ENNReal (nat_lit 2)
                (@instOfNatAtLeastTwo.{0} ENNReal (nat_lit 2)
                  (@AddMonoidWithOne.toNatCast.{0} ENNReal
                    (@AddCommMonoidWithOne.toAddMonoidWithOne.{0} ENNReal ENNReal.instAddCommMonoidWithOne))
                  PiLp.innerProductSpace._proof_1))
              ((i : Fin n) → (fun (x : Fin n) => Real) i)
              (@Pi.addCommGroup.{0, 0} (Fin n) (fun (x : Fin n) => Real) fun (i : Fin n) =>
                @Ring.toAddCommGroup.{0} Real
                  (@DivisionRing.toRing.{0} Real
                    (@Field.toDivisionRing.{0} Real
                      (@NormedField.toField.{0} Real
                        (@DenselyNormedField.toNormedField.{0} Real
                          (@RCLike.toDenselyNormedField.{0} Real Real.instRCLike))))))))
          (@WithLp.instModule.{0, 0}
            (@OfNat.ofNat.{0} ENNReal (nat_lit 2)
              (@instOfNatAtLeastTwo.{0} ENNReal (nat_lit 2)
                (@AddMonoidWithOne.toNatCast.{0} ENNReal
                  (@AddCommMonoidWithOne.toAddMonoidWithOne.{0} ENNReal ENNReal.instAddCommMonoidWithOne))
                PiLp.innerProductSpace._proof_1))
            Real ((i : Fin m) → (fun (x : Fin m) => Real) i)
            (@DivisionSemiring.toSemiring.{0} Real
              (@Semifield.toDivisionSemiring.{0} Real
                (@Field.toSemifield.{0} Real
                  (@NormedField.toField.{0} Real
                    (@DenselyNormedField.toNormedField.{0} Real
                      (@RCLike.toDenselyNormedField.{0} Real Real.instRCLike))))))
            (@Pi.addCommGroup.{0, 0} (Fin m) (fun (x : Fin m) => Real) fun (i : Fin m) =>
              @Ring.toAddCommGroup.{0} Real
                (@DivisionRing.toRing.{0} Real
                  (@Field.toDivisionRing.{0} Real
                    (@NormedField.toField.{0} Real
                      (@DenselyNormedField.toNormedField.{0} Real
                        (@RCLike.toDenselyNormedField.{0} Real Real.instRCLike))))))
            (@Pi.Function.module.{0, 0, 0} (Fin m) Real Real
              (@DivisionSemiring.toSemiring.{0} Real
                (@Semifield.toDivisionSemiring.{0} Real
                  (@Field.toSemifield.{0} Real
                    (@NormedField.toField.{0} Real
                      (@DenselyNormedField.toNormedField.{0} Real
                        (@RCLike.toDenselyNormedField.{0} Real Real.instRCLike))))))
              (@Semiring.toAddCommMonoid.{0} Real
                (@Ring.toSemiring.{0} Real
                  (@DivisionRing.toRing.{0} Real
                    (@Field.toDivisionRing.{0} Real
                      (@NormedField.toField.{0} Real
                        (@DenselyNormedField.toNormedField.{0} Real
                          (@RCLike.toDenselyNormedField.{0} Real Real.instRCLike)))))))
              (@Semiring.toModule.{0} Real
                (@DivisionSemiring.toSemiring.{0} Real
                  (@Semifield.toDivisionSemiring.{0} Real
                    (@Field.toSemifield.{0} Real
                      (@NormedField.toField.{0} Real
                        (@DenselyNormedField.toNormedField.{0} Real
                          (@RCLike.toDenselyNormedField.{0} Real Real.instRCLike)))))))))
          (@WithLp.instModule.{0, 0}
            (@OfNat.ofNat.{0} ENNReal (nat_lit 2)
              (@instOfNatAtLeastTwo.{0} ENNReal (nat_lit 2)
                (@AddMonoidWithOne.toNatCast.{0} ENNReal
                  (@AddCommMonoidWithOne.toAddMonoidWithOne.{0} ENNReal ENNReal.instAddCommMonoidWithOne))
                PiLp.innerProductSpace._proof_1))
            Real ((i : Fin n) → (fun (x : Fin n) => Real) i)
            (@DivisionSemiring.toSemiring.{0} Real
              (@Semifield.toDivisionSemiring.{0} Real
                (@Field.toSemifield.{0} Real
                  (@NormedField.toField.{0} Real
                    (@DenselyNormedField.toNormedField.{0} Real
                      (@RCLike.toDenselyNormedField.{0} Real Real.instRCLike))))))
            (@Pi.addCommGroup.{0, 0} (Fin n) (fun (x : Fin n) => Real) fun (i : Fin n) =>
              @Ring.toAddCommGroup.{0} Real
                (@DivisionRing.toRing.{0} Real
                  (@Field.toDivisionRing.{0} Real
                    (@NormedField.toField.{0} Real
                      (@DenselyNormedField.toNormedField.{0} Real
                        (@RCLike.toDenselyNormedField.{0} Real Real.instRCLike))))))
            (@Pi.Function.module.{0, 0, 0} (Fin n) Real Real
              (@DivisionSemiring.toSemiring.{0} Real
                (@Semifield.toDivisionSemiring.{0} Real
                  (@Field.toSemifield.{0} Real
                    (@NormedField.toField.{0} Real
                      (@DenselyNormedField.toNormedField.{0} Real
                        (@RCLike.toDenselyNormedField.{0} Real Real.instRCLike))))))
              (@Semiring.toAddCommMonoid.{0} Real
                (@Ring.toSemiring.{0} Real
                  (@DivisionRing.toRing.{0} Real
                    (@Field.toDivisionRing.{0} Real
                      (@NormedField.toField.{0} Real
                        (@DenselyNormedField.toNormedField.{0} Real
                          (@RCLike.toDenselyNormedField.{0} Real Real.instRCLike)))))))
              (@Semiring.toModule.{0} Real
                (@DivisionSemiring.toSemiring.{0} Real
                  (@Semifield.toDivisionSemiring.{0} Real
                    (@Field.toSemifield.{0} Real
                      (@NormedField.toField.{0} Real
                        (@DenselyNormedField.toNormedField.{0} Real
                          (@RCLike.toDenselyNormedField.{0} Real Real.instRCLike)))))))))
          (@RingHom.id.{0} Real
            (@Semiring.toNonAssocSemiring.{0} Real
              (@DivisionSemiring.toSemiring.{0} Real
                (@Semifield.toDivisionSemiring.{0} Real
                  (@Field.toSemifield.{0} Real
                    (@NormedField.toField.{0} Real
                      (@DenselyNormedField.toNormedField.{0} Real
                        (@RCLike.toDenselyNormedField.{0} Real Real.instRCLike))))))))
          (@DivisionSemiring.toSemiring.{0} Real
            (@Semifield.toDivisionSemiring.{0} Real
              (@Field.toSemifield.{0} Real
                (@NormedField.toField.{0} Real
                  (@DenselyNormedField.toNormedField.{0} Real
                    (@RCLike.toDenselyNormedField.{0} Real Real.instRCLike))))))
          (@WithLp.instModule.{0, 0}
            (@OfNat.ofNat.{0} ENNReal (nat_lit 2)
              (@instOfNatAtLeastTwo.{0} ENNReal (nat_lit 2)
                (@AddMonoidWithOne.toNatCast.{0} ENNReal
                  (@AddCommMonoidWithOne.toAddMonoidWithOne.{0} ENNReal ENNReal.instAddCommMonoidWithOne))
                PiLp.innerProductSpace._proof_1))
            Real ((i : Fin n) → (fun (x : Fin n) => Real) i)
            (@DivisionSemiring.toSemiring.{0} Real
              (@Semifield.toDivisionSemiring.{0} Real
                (@Field.toSemifield.{0} Real
                  (@NormedField.toField.{0} Real
                    (@DenselyNormedField.toNormedField.{0} Real
                      (@RCLike.toDenselyNormedField.{0} Real Real.instRCLike))))))
            (@Pi.addCommGroup.{0, 0} (Fin n) (fun (x : Fin n) => Real) fun (i : Fin n) =>
              @Ring.toAddCommGroup.{0} Real
                (@DivisionRing.toRing.{0} Real
                  (@Field.toDivisionRing.{0} Real
                    (@NormedField.toField.{0} Real
                      (@DenselyNormedField.toNormedField.{0} Real
                        (@RCLike.toDenselyNormedField.{0} Real Real.instRCLike))))))
            (@Pi.Function.module.{0, 0, 0} (Fin n) Real Real
              (@DivisionSemiring.toSemiring.{0} Real
                (@Semifield.toDivisionSemiring.{0} Real
                  (@Field.toSemifield.{0} Real
                    (@NormedField.toField.{0} Real
                      (@DenselyNormedField.toNormedField.{0} Real
                        (@RCLike.toDenselyNormedField.{0} Real Real.instRCLike))))))
              (@Semiring.toAddCommMonoid.{0} Real
                (@Ring.toSemiring.{0} Real
                  (@DivisionRing.toRing.{0} Real
                    (@Field.toDivisionRing.{0} Real
                      (@NormedField.toField.{0} Real
                        (@DenselyNormedField.toNormedField.{0} Real
                          (@RCLike.toDenselyNormedField.{0} Real Real.instRCLike)))))))
              (@Semiring.toModule.{0} Real
                (@DivisionSemiring.toSemiring.{0} Real
                  (@Semifield.toDivisionSemiring.{0} Real
                    (@Field.toSemifield.{0} Real
                      (@NormedField.toField.{0} Real
                        (@DenselyNormedField.toNormedField.{0} Real
                          (@RCLike.toDenselyNormedField.{0} Real Real.instRCLike)))))))))
          (@NLA.KE04.act._proof_2 n)))
      (Matrix.{0, 0, 0} (Fin n) (Fin m) Real)
      (@LinearMap.{0, 0, 0, 0} Real Real
        (@DivisionSemiring.toSemiring.{0} Real
          (@Semifield.toDivisionSemiring.{0} Real
            (@Field.toSemifield.{0} Real
              (@NormedField.toField.{0} Real
                (@DenselyNormedField.toNormedField.{0} Real (@RCLike.toDenselyNormedField.{0} Real Real.instRCLike))))))
        (@DivisionSemiring.toSemiring.{0} Real
          (@Semifield.toDivisionSemiring.{0} Real
            (@Field.toSemifield.{0} Real
              (@NormedField.toField.{0} Real
                (@DenselyNormedField.toNormedField.{0} Real (@RCLike.toDenselyNormedField.{0} Real Real.instRCLike))))))
        (@RingHom.id.{0} Real
          (@Semiring.toNonAssocSemiring.{0} Real
            (@DivisionSemiring.toSemiring.{0} Real
              (@Semifield.toDivisionSemiring.{0} Real
                (@Field.toSemifield.{0} Real
                  (@NormedField.toField.{0} Real
                    (@DenselyNormedField.toNormedField.{0} Real
                      (@RCLike.toDenselyNormedField.{0} Real Real.instRCLike))))))))
        (EuclideanSpace.{0, 0} Real (Fin m)) (EuclideanSpace.{0, 0} Real (Fin n))
        (@AddCommGroup.toAddCommMonoid.{0} (EuclideanSpace.{0, 0} Real (Fin m))
          (@WithLp.instAddCommGroup.{0}
            (@OfNat.ofNat.{0} ENNReal (nat_lit 2)
              (@instOfNatAtLeastTwo.{0} ENNReal (nat_lit 2)
                (@AddMonoidWithOne.toNatCast.{0} ENNReal
                  (@AddCommMonoidWithOne.toAddMonoidWithOne.{0} ENNReal ENNReal.instAddCommMonoidWithOne))
                PiLp.innerProductSpace._proof_1))
            ((i : Fin m) → (fun (x : Fin m) => Real) i)
            (@Pi.addCommGroup.{0, 0} (Fin m) (fun (x : Fin m) => Real) fun (i : Fin m) =>
              @Ring.toAddCommGroup.{0} Real
                (@DivisionRing.toRing.{0} Real
                  (@Field.toDivisionRing.{0} Real
                    (@NormedField.toField.{0} Real
                      (@DenselyNormedField.toNormedField.{0} Real
                        (@RCLike.toDenselyNormedField.{0} Real Real.instRCLike))))))))
        (@AddCommGroup.toAddCommMonoid.{0} (EuclideanSpace.{0, 0} Real (Fin n))
          (@WithLp.instAddCommGroup.{0}
            (@OfNat.ofNat.{0} ENNReal (nat_lit 2)
              (@instOfNatAtLeastTwo.{0} ENNReal (nat_lit 2)
                (@AddMonoidWithOne.toNatCast.{0} ENNReal
                  (@AddCommMonoidWithOne.toAddMonoidWithOne.{0} ENNReal ENNReal.instAddCommMonoidWithOne))
                PiLp.innerProductSpace._proof_1))
            ((i : Fin n) → (fun (x : Fin n) => Real) i)
            (@Pi.addCommGroup.{0, 0} (Fin n) (fun (x : Fin n) => Real) fun (i : Fin n) =>
              @Ring.toAddCommGroup.{0} Real
                (@DivisionRing.toRing.{0} Real
                  (@Field.toDivisionRing.{0} Real
                    (@NormedField.toField.{0} Real
                      (@DenselyNormedField.toNormedField.{0} Real
                        (@RCLike.toDenselyNormedField.{0} Real Real.instRCLike))))))))
        (@WithLp.instModule.{0, 0}
          (@OfNat.ofNat.{0} ENNReal (nat_lit 2)
            (@instOfNatAtLeastTwo.{0} ENNReal (nat_lit 2)
              (@AddMonoidWithOne.toNatCast.{0} ENNReal
                (@AddCommMonoidWithOne.toAddMonoidWithOne.{0} ENNReal ENNReal.instAddCommMonoidWithOne))
              PiLp.innerProductSpace._proof_1))
          Real ((i : Fin m) → (fun (x : Fin m) => Real) i)
          (@DivisionSemiring.toSemiring.{0} Real
            (@Semifield.toDivisionSemiring.{0} Real
              (@Field.toSemifield.{0} Real
                (@NormedField.toField.{0} Real
                  (@DenselyNormedField.toNormedField.{0} Real
                    (@RCLike.toDenselyNormedField.{0} Real Real.instRCLike))))))
          (@Pi.addCommGroup.{0, 0} (Fin m) (fun (x : Fin m) => Real) fun (i : Fin m) =>
            @Ring.toAddCommGroup.{0} Real
              (@DivisionRing.toRing.{0} Real
                (@Field.toDivisionRing.{0} Real
                  (@NormedField.toField.{0} Real
                    (@DenselyNormedField.toNormedField.{0} Real
                      (@RCLike.toDenselyNormedField.{0} Real Real.instRCLike))))))
          (@Pi.Function.module.{0, 0, 0} (Fin m) Real Real
            (@DivisionSemiring.toSemiring.{0} Real
              (@Semifield.toDivisionSemiring.{0} Real
                (@Field.toSemifield.{0} Real
                  (@NormedField.toField.{0} Real
                    (@DenselyNormedField.toNormedField.{0} Real
                      (@RCLike.toDenselyNormedField.{0} Real Real.instRCLike))))))
            (@Semiring.toAddCommMonoid.{0} Real
              (@Ring.toSemiring.{0} Real
                (@DivisionRing.toRing.{0} Real
                  (@Field.toDivisionRing.{0} Real
                    (@NormedField.toField.{0} Real
                      (@DenselyNormedField.toNormedField.{0} Real
                        (@RCLike.toDenselyNormedField.{0} Real Real.instRCLike)))))))
            (@Semiring.toModule.{0} Real
              (@DivisionSemiring.toSemiring.{0} Real
                (@Semifield.toDivisionSemiring.{0} Real
                  (@Field.toSemifield.{0} Real
                    (@NormedField.toField.{0} Real
                      (@DenselyNormedField.toNormedField.{0} Real
                        (@RCLike.toDenselyNormedField.{0} Real Real.instRCLike)))))))))
        (@WithLp.instModule.{0, 0}
          (@OfNat.ofNat.{0} ENNReal (nat_lit 2)
            (@instOfNatAtLeastTwo.{0} ENNReal (nat_lit 2)
              (@AddMonoidWithOne.toNatCast.{0} ENNReal
                (@AddCommMonoidWithOne.toAddMonoidWithOne.{0} ENNReal ENNReal.instAddCommMonoidWithOne))
              PiLp.innerProductSpace._proof_1))
          Real ((i : Fin n) → (fun (x : Fin n) => Real) i)
          (@DivisionSemiring.toSemiring.{0} Real
            (@Semifield.toDivisionSemiring.{0} Real
              (@Field.toSemifield.{0} Real
                (@NormedField.toField.{0} Real
                  (@DenselyNormedField.toNormedField.{0} Real
                    (@RCLike.toDenselyNormedField.{0} Real Real.instRCLike))))))
          (@Pi.addCommGroup.{0, 0} (Fin n) (fun (x : Fin n) => Real) fun (i : Fin n) =>
            @Ring.toAddCommGroup.{0} Real
              (@DivisionRing.toRing.{0} Real
                (@Field.toDivisionRing.{0} Real
                  (@NormedField.toField.{0} Real
                    (@DenselyNormedField.toNormedField.{0} Real
                      (@RCLike.toDenselyNormedField.{0} Real Real.instRCLike))))))
          (@Pi.Function.module.{0, 0, 0} (Fin n) Real Real
            (@DivisionSemiring.toSemiring.{0} Real
              (@Semifield.toDivisionSemiring.{0} Real
                (@Field.toSemifield.{0} Real
                  (@NormedField.toField.{0} Real
                    (@DenselyNormedField.toNormedField.{0} Real
                      (@RCLike.toDenselyNormedField.{0} Real Real.instRCLike))))))
            (@Semiring.toAddCommMonoid.{0} Real
              (@Ring.toSemiring.{0} Real
                (@DivisionRing.toRing.{0} Real
                  (@Field.toDivisionRing.{0} Real
                    (@NormedField.toField.{0} Real
                      (@DenselyNormedField.toNormedField.{0} Real
                        (@RCLike.toDenselyNormedField.{0} Real Real.instRCLike)))))))
            (@Semiring.toModule.{0} Real
              (@DivisionSemiring.toSemiring.{0} Real
                (@Semifield.toDivisionSemiring.{0} Real
                  (@Field.toSemifield.{0} Real
                    (@NormedField.toField.{0} Real
                      (@DenselyNormedField.toNormedField.{0} Real
                        (@RCLike.toDenselyNormedField.{0} Real Real.instRCLike))))))))))
      (@DFinsupp.instEquivLikeLinearEquiv.{0, 0, 0, 0} Real Real
        (@DivisionSemiring.toSemiring.{0} Real
          (@Semifield.toDivisionSemiring.{0} Real
            (@Field.toSemifield.{0} Real
              (@NormedField.toField.{0} Real
                (@DenselyNormedField.toNormedField.{0} Real (@RCLike.toDenselyNormedField.{0} Real Real.instRCLike))))))
        (@DivisionSemiring.toSemiring.{0} Real
          (@Semifield.toDivisionSemiring.{0} Real
            (@Field.toSemifield.{0} Real
              (@NormedField.toField.{0} Real
                (@DenselyNormedField.toNormedField.{0} Real (@RCLike.toDenselyNormedField.{0} Real Real.instRCLike))))))
        (@RingHom.id.{0} Real
          (@Semiring.toNonAssocSemiring.{0} Real
            (@DivisionSemiring.toSemiring.{0} Real
              (@Semifield.toDivisionSemiring.{0} Real
                (@Field.toSemifield.{0} Real
                  (@NormedField.toField.{0} Real
                    (@DenselyNormedField.toNormedField.{0} Real
                      (@RCLike.toDenselyNormedField.{0} Real Real.instRCLike))))))))
        (@RingHom.id.{0} Real
          (@Semiring.toNonAssocSemiring.{0} Real
            (@DivisionSemiring.toSemiring.{0} Real
              (@Semifield.toDivisionSemiring.{0} Real
                (@Field.toSemifield.{0} Real
                  (@NormedField.toField.{0} Real
                    (@DenselyNormedField.toNormedField.{0} Real
                      (@RCLike.toDenselyNormedField.{0} Real Real.instRCLike))))))))
        NLA.KE04.act._proof_1 NLA.KE04.act._proof_1 (Matrix.{0, 0, 0} (Fin n) (Fin m) Real)
        (@LinearMap.{0, 0, 0, 0} Real Real
          (@DivisionSemiring.toSemiring.{0} Real
            (@Semifield.toDivisionSemiring.{0} Real
              (@Field.toSemifield.{0} Real
                (@NormedField.toField.{0} Real
                  (@DenselyNormedField.toNormedField.{0} Real
                    (@RCLike.toDenselyNormedField.{0} Real Real.instRCLike))))))
          (@DivisionSemiring.toSemiring.{0} Real
            (@Semifield.toDivisionSemiring.{0} Real
              (@Field.toSemifield.{0} Real
                (@NormedField.toField.{0} Real
                  (@DenselyNormedField.toNormedField.{0} Real
                    (@RCLike.toDenselyNormedField.{0} Real Real.instRCLike))))))
          (@RingHom.id.{0} Real
            (@Semiring.toNonAssocSemiring.{0} Real
              (@DivisionSemiring.toSemiring.{0} Real
                (@Semifield.toDivisionSemiring.{0} Real
                  (@Field.toSemifield.{0} Real
                    (@NormedField.toField.{0} Real
                      (@DenselyNormedField.toNormedField.{0} Real
                        (@RCLike.toDenselyNormedField.{0} Real Real.instRCLike))))))))
          (EuclideanSpace.{0, 0} Real (Fin m)) (EuclideanSpace.{0, 0} Real (Fin n))
          (@AddCommGroup.toAddCommMonoid.{0} (EuclideanSpace.{0, 0} Real (Fin m))
            (@WithLp.instAddCommGroup.{0}
              (@OfNat.ofNat.{0} ENNReal (nat_lit 2)
                (@instOfNatAtLeastTwo.{0} ENNReal (nat_lit 2)
                  (@AddMonoidWithOne.toNatCast.{0} ENNReal
                    (@AddCommMonoidWithOne.toAddMonoidWithOne.{0} ENNReal ENNReal.instAddCommMonoidWithOne))
                  PiLp.innerProductSpace._proof_1))
              ((i : Fin m) → (fun (x : Fin m) => Real) i)
              (@Pi.addCommGroup.{0, 0} (Fin m) (fun (x : Fin m) => Real) fun (i : Fin m) =>
                @Ring.toAddCommGroup.{0} Real
                  (@DivisionRing.toRing.{0} Real
                    (@Field.toDivisionRing.{0} Real
                      (@NormedField.toField.{0} Real
                        (@DenselyNormedField.toNormedField.{0} Real
                          (@RCLike.toDenselyNormedField.{0} Real Real.instRCLike))))))))
          (@AddCommGroup.toAddCommMonoid.{0} (EuclideanSpace.{0, 0} Real (Fin n))
            (@WithLp.instAddCommGroup.{0}
              (@OfNat.ofNat.{0} ENNReal (nat_lit 2)
                (@instOfNatAtLeastTwo.{0} ENNReal (nat_lit 2)
                  (@AddMonoidWithOne.toNatCast.{0} ENNReal
                    (@AddCommMonoidWithOne.toAddMonoidWithOne.{0} ENNReal ENNReal.instAddCommMonoidWithOne))
                  PiLp.innerProductSpace._proof_1))
              ((i : Fin n) → (fun (x : Fin n) => Real) i)
              (@Pi.addCommGroup.{0, 0} (Fin n) (fun (x : Fin n) => Real) fun (i : Fin n) =>
                @Ring.toAddCommGroup.{0} Real
                  (@DivisionRing.toRing.{0} Real
                    (@Field.toDivisionRing.{0} Real
                      (@NormedField.toField.{0} Real
                        (@DenselyNormedField.toNormedField.{0} Real
                          (@RCLike.toDenselyNormedField.{0} Real Real.instRCLike))))))))
          (@WithLp.instModule.{0, 0}
            (@OfNat.ofNat.{0} ENNReal (nat_lit 2)
              (@instOfNatAtLeastTwo.{0} ENNReal (nat_lit 2)
                (@AddMonoidWithOne.toNatCast.{0} ENNReal
                  (@AddCommMonoidWithOne.toAddMonoidWithOne.{0} ENNReal ENNReal.instAddCommMonoidWithOne))
                PiLp.innerProductSpace._proof_1))
            Real ((i : Fin m) → (fun (x : Fin m) => Real) i)
            (@DivisionSemiring.toSemiring.{0} Real
              (@Semifield.toDivisionSemiring.{0} Real
                (@Field.toSemifield.{0} Real
                  (@NormedField.toField.{0} Real
                    (@DenselyNormedField.toNormedField.{0} Real
                      (@RCLike.toDenselyNormedField.{0} Real Real.instRCLike))))))
            (@Pi.addCommGroup.{0, 0} (Fin m) (fun (x : Fin m) => Real) fun (i : Fin m) =>
              @Ring.toAddCommGroup.{0} Real
                (@DivisionRing.toRing.{0} Real
                  (@Field.toDivisionRing.{0} Real
                    (@NormedField.toField.{0} Real
                      (@DenselyNormedField.toNormedField.{0} Real
                        (@RCLike.toDenselyNormedField.{0} Real Real.instRCLike))))))
            (@Pi.Function.module.{0, 0, 0} (Fin m) Real Real
              (@DivisionSemiring.toSemiring.{0} Real
                (@Semifield.toDivisionSemiring.{0} Real
                  (@Field.toSemifield.{0} Real
                    (@NormedField.toField.{0} Real
                      (@DenselyNormedField.toNormedField.{0} Real
                        (@RCLike.toDenselyNormedField.{0} Real Real.instRCLike))))))
              (@Semiring.toAddCommMonoid.{0} Real
                (@Ring.toSemiring.{0} Real
                  (@DivisionRing.toRing.{0} Real
                    (@Field.toDivisionRing.{0} Real
                      (@NormedField.toField.{0} Real
                        (@DenselyNormedField.toNormedField.{0} Real
                          (@RCLike.toDenselyNormedField.{0} Real Real.instRCLike)))))))
              (@Semiring.toModule.{0} Real
                (@DivisionSemiring.toSemiring.{0} Real
                  (@Semifield.toDivisionSemiring.{0} Real
                    (@Field.toSemifield.{0} Real
                      (@NormedField.toField.{0} Real
                        (@DenselyNormedField.toNormedField.{0} Real
                          (@RCLike.toDenselyNormedField.{0} Real Real.instRCLike)))))))))
          (@WithLp.instModule.{0, 0}
            (@OfNat.ofNat.{0} ENNReal (nat_lit 2)
              (@instOfNatAtLeastTwo.{0} ENNReal (nat_lit 2)
                (@AddMonoidWithOne.toNatCast.{0} ENNReal
                  (@AddCommMonoidWithOne.toAddMonoidWithOne.{0} ENNReal ENNReal.instAddCommMonoidWithOne))
                PiLp.innerProductSpace._proof_1))
            Real ((i : Fin n) → (fun (x : Fin n) => Real) i)
            (@DivisionSemiring.toSemiring.{0} Real
              (@Semifield.toDivisionSemiring.{0} Real
                (@Field.toSemifield.{0} Real
                  (@NormedField.toField.{0} Real
                    (@DenselyNormedField.toNormedField.{0} Real
                      (@RCLike.toDenselyNormedField.{0} Real Real.instRCLike))))))
            (@Pi.addCommGroup.{0, 0} (Fin n) (fun (x : Fin n) => Real) fun (i : Fin n) =>
              @Ring.toAddCommGroup.{0} Real
                (@DivisionRing.toRing.{0} Real
                  (@Field.toDivisionRing.{0} Real
                    (@NormedField.toField.{0} Real
                      (@DenselyNormedField.toNormedField.{0} Real
                        (@RCLike.toDenselyNormedField.{0} Real Real.instRCLike))))))
            (@Pi.Function.module.{0, 0, 0} (Fin n) Real Real
              (@DivisionSemiring.toSemiring.{0} Real
                (@Semifield.toDivisionSemiring.{0} Real
                  (@Field.toSemifield.{0} Real
                    (@NormedField.toField.{0} Real
                      (@DenselyNormedField.toNormedField.{0} Real
                        (@RCLike.toDenselyNormedField.{0} Real Real.instRCLike))))))
              (@Semiring.toAddCommMonoid.{0} Real
                (@Ring.toSemiring.{0} Real
                  (@DivisionRing.toRing.{0} Real
                    (@Field.toDivisionRing.{0} Real
                      (@NormedField.toField.{0} Real
                        (@DenselyNormedField.toNormedField.{0} Real
                          (@RCLike.toDenselyNormedField.{0} Real Real.instRCLike)))))))
              (@Semiring.toModule.{0} Real
                (@DivisionSemiring.toSemiring.{0} Real
                  (@Semifield.toDivisionSemiring.{0} Real
                    (@Field.toSemifield.{0} Real
                      (@NormedField.toField.{0} Real
                        (@DenselyNormedField.toNormedField.{0} Real
                          (@RCLike.toDenselyNormedField.{0} Real Real.instRCLike))))))))))
        (@Matrix.addCommMonoid.{0, 0, 0} (Fin n) (Fin m) Real
          (@Semiring.toAddCommMonoid.{0} Real
            (@DivisionSemiring.toSemiring.{0} Real
              (@Semifield.toDivisionSemiring.{0} Real
                (@Field.toSemifield.{0} Real
                  (@NormedField.toField.{0} Real
                    (@DenselyNormedField.toNormedField.{0} Real
                      (@RCLike.toDenselyNormedField.{0} Real Real.instRCLike))))))))
        (@LinearMap.addCommMonoid.{0, 0, 0, 0} Real Real (EuclideanSpace.{0, 0} Real (Fin m))
          (EuclideanSpace.{0, 0} Real (Fin n))
          (@DivisionSemiring.toSemiring.{0} Real
            (@Semifield.toDivisionSemiring.{0} Real
              (@Field.toSemifield.{0} Real
                (@NormedField.toField.{0} Real
                  (@DenselyNormedField.toNormedField.{0} Real
                    (@RCLike.toDenselyNormedField.{0} Real Real.instRCLike))))))
          (@DivisionSemiring.toSemiring.{0} Real
            (@Semifield.toDivisionSemiring.{0} Real
              (@Field.toSemifield.{0} Real
                (@NormedField.toField.{0} Real
                  (@DenselyNormedField.toNormedField.{0} Real
                    (@RCLike.toDenselyNormedField.{0} Real Real.instRCLike))))))
          (@AddCommGroup.toAddCommMonoid.{0} (EuclideanSpace.{0, 0} Real (Fin m))
            (@WithLp.instAddCommGroup.{0}
              (@OfNat.ofNat.{0} ENNReal (nat_lit 2)
                (@instOfNatAtLeastTwo.{0} ENNReal (nat_lit 2)
                  (@AddMonoidWithOne.toNatCast.{0} ENNReal
                    (@AddCommMonoidWithOne.toAddMonoidWithOne.{0} ENNReal ENNReal.instAddCommMonoidWithOne))
                  PiLp.innerProductSpace._proof_1))
              ((i : Fin m) → (fun (x : Fin m) => Real) i)
              (@Pi.addCommGroup.{0, 0} (Fin m) (fun (x : Fin m) => Real) fun (i : Fin m) =>
                @Ring.toAddCommGroup.{0} Real
                  (@DivisionRing.toRing.{0} Real
                    (@Field.toDivisionRing.{0} Real
                      (@NormedField.toField.{0} Real
                        (@DenselyNormedField.toNormedField.{0} Real
                          (@RCLike.toDenselyNormedField.{0} Real Real.instRCLike))))))))
          (@AddCommGroup.toAddCommMonoid.{0} (EuclideanSpace.{0, 0} Real (Fin n))
            (@WithLp.instAddCommGroup.{0}
              (@OfNat.ofNat.{0} ENNReal (nat_lit 2)
                (@instOfNatAtLeastTwo.{0} ENNReal (nat_lit 2)
                  (@AddMonoidWithOne.toNatCast.{0} ENNReal
                    (@AddCommMonoidWithOne.toAddMonoidWithOne.{0} ENNReal ENNReal.instAddCommMonoidWithOne))
                  PiLp.innerProductSpace._proof_1))
              ((i : Fin n) → (fun (x : Fin n) => Real) i)
              (@Pi.addCommGroup.{0, 0} (Fin n) (fun (x : Fin n) => Real) fun (i : Fin n) =>
                @Ring.toAddCommGroup.{0} Real
                  (@DivisionRing.toRing.{0} Real
                    (@Field.toDivisionRing.{0} Real
                      (@NormedField.toField.{0} Real
                        (@DenselyNormedField.toNormedField.{0} Real
                          (@RCLike.toDenselyNormedField.{0} Real Real.instRCLike))))))))
          (@WithLp.instModule.{0, 0}
            (@OfNat.ofNat.{0} ENNReal (nat_lit 2)
              (@instOfNatAtLeastTwo.{0} ENNReal (nat_lit 2)
                (@AddMonoidWithOne.toNatCast.{0} ENNReal
                  (@AddCommMonoidWithOne.toAddMonoidWithOne.{0} ENNReal ENNReal.instAddCommMonoidWithOne))
                PiLp.innerProductSpace._proof_1))
            Real ((i : Fin m) → (fun (x : Fin m) => Real) i)
            (@DivisionSemiring.toSemiring.{0} Real
              (@Semifield.toDivisionSemiring.{0} Real
                (@Field.toSemifield.{0} Real
                  (@NormedField.toField.{0} Real
                    (@DenselyNormedField.toNormedField.{0} Real
                      (@RCLike.toDenselyNormedField.{0} Real Real.instRCLike))))))
            (@Pi.addCommGroup.{0, 0} (Fin m) (fun (x : Fin m) => Real) fun (i : Fin m) =>
              @Ring.toAddCommGroup.{0} Real
                (@DivisionRing.toRing.{0} Real
                  (@Field.toDivisionRing.{0} Real
                    (@NormedField.toField.{0} Real
                      (@DenselyNormedField.toNormedField.{0} Real
                        (@RCLike.toDenselyNormedField.{0} Real Real.instRCLike))))))
            (@Pi.Function.module.{0, 0, 0} (Fin m) Real Real
              (@DivisionSemiring.toSemiring.{0} Real
                (@Semifield.toDivisionSemiring.{0} Real
                  (@Field.toSemifield.{0} Real
                    (@NormedField.toField.{0} Real
                      (@DenselyNormedField.toNormedField.{0} Real
                        (@RCLike.toDenselyNormedField.{0} Real Real.instRCLike))))))
              (@Semiring.toAddCommMonoid.{0} Real
                (@Ring.toSemiring.{0} Real
                  (@DivisionRing.toRing.{0} Real
                    (@Field.toDivisionRing.{0} Real
                      (@NormedField.toField.{0} Real
                        (@DenselyNormedField.toNormedField.{0} Real
                          (@RCLike.toDenselyNormedField.{0} Real Real.instRCLike)))))))
              (@Semiring.toModule.{0} Real
                (@DivisionSemiring.toSemiring.{0} Real
                  (@Semifield.toDivisionSemiring.{0} Real
                    (@Field.toSemifield.{0} Real
                      (@NormedField.toField.{0} Real
                        (@DenselyNormedField.toNormedField.{0} Real
                          (@RCLike.toDenselyNormedField.{0} Real Real.instRCLike)))))))))
          (@WithLp.instModule.{0, 0}
            (@OfNat.ofNat.{0} ENNReal (nat_lit 2)
              (@instOfNatAtLeastTwo.{0} ENNReal (nat_lit 2)
                (@AddMonoidWithOne.toNatCast.{0} ENNReal
                  (@AddCommMonoidWithOne.toAddMonoidWithOne.{0} ENNReal ENNReal.instAddCommMonoidWithOne))
                PiLp.innerProductSpace._proof_1))
            Real ((i : Fin n) → (fun (x : Fin n) => Real) i)
            (@DivisionSemiring.toSemiring.{0} Real
              (@Semifield.toDivisionSemiring.{0} Real
                (@Field.toSemifield.{0} Real
                  (@NormedField.toField.{0} Real
                    (@DenselyNormedField.toNormedField.{0} Real
                      (@RCLike.toDenselyNormedField.{0} Real Real.instRCLike))))))
            (@Pi.addCommGroup.{0, 0} (Fin n) (fun (x : Fin n) => Real) fun (i : Fin n) =>
              @Ring.toAddCommGroup.{0} Real
                (@DivisionRing.toRing.{0} Real
                  (@Field.toDivisionRing.{0} Real
                    (@NormedField.toField.{0} Real
                      (@DenselyNormedField.toNormedField.{0} Real
                        (@RCLike.toDenselyNormedField.{0} Real Real.instRCLike))))))
            (@Pi.Function.module.{0, 0, 0} (Fin n) Real Real
              (@DivisionSemiring.toSemiring.{0} Real
                (@Semifield.toDivisionSemiring.{0} Real
                  (@Field.toSemifield.{0} Real
                    (@NormedField.toField.{0} Real
                      (@DenselyNormedField.toNormedField.{0} Real
                        (@RCLike.toDenselyNormedField.{0} Real Real.instRCLike))))))
              (@Semiring.toAddCommMonoid.{0} Real
                (@Ring.toSemiring.{0} Real
                  (@DivisionRing.toRing.{0} Real
                    (@Field.toDivisionRing.{0} Real
                      (@NormedField.toField.{0} Real
                        (@DenselyNormedField.toNormedField.{0} Real
                          (@RCLike.toDenselyNormedField.{0} Real Real.instRCLike)))))))
              (@Semiring.toModule.{0} Real
                (@DivisionSemiring.toSemiring.{0} Real
                  (@Semifield.toDivisionSemiring.{0} Real
                    (@Field.toSemifield.{0} Real
                      (@NormedField.toField.{0} Real
                        (@DenselyNormedField.toNormedField.{0} Real
                          (@RCLike.toDenselyNormedField.{0} Real Real.instRCLike)))))))))
          (@RingHom.id.{0} Real
            (@Semiring.toNonAssocSemiring.{0} Real
              (@DivisionSemiring.toSemiring.{0} Real
                (@Semifield.toDivisionSemiring.{0} Real
                  (@Field.toSemifield.{0} Real
                    (@NormedField.toField.{0} Real
                      (@DenselyNormedField.toNormedField.{0} Real
                        (@RCLike.toDenselyNormedField.{0} Real Real.instRCLike)))))))))
        (@Matrix.module.{0, 0, 0, 0} (Fin n) (Fin m) Real Real
          (@DivisionSemiring.toSemiring.{0} Real
            (@Semifield.toDivisionSemiring.{0} Real
              (@Field.toSemifield.{0} Real
                (@NormedField.toField.{0} Real
                  (@DenselyNormedField.toNormedField.{0} Real
                    (@RCLike.toDenselyNormedField.{0} Real Real.instRCLike))))))
          (@Semiring.toAddCommMonoid.{0} Real
            (@DivisionSemiring.toSemiring.{0} Real
              (@Semifield.toDivisionSemiring.{0} Real
                (@Field.toSemifield.{0} Real
                  (@NormedField.toField.{0} Real
                    (@DenselyNormedField.toNormedField.{0} Real
                      (@RCLike.toDenselyNormedField.{0} Real Real.instRCLike)))))))
          (@Semiring.toModule.{0} Real
            (@DivisionSemiring.toSemiring.{0} Real
              (@Semifield.toDivisionSemiring.{0} Real
                (@Field.toSemifield.{0} Real
                  (@NormedField.toField.{0} Real
                    (@DenselyNormedField.toNormedField.{0} Real
                      (@RCLike.toDenselyNormedField.{0} Real Real.instRCLike))))))))
        (@LinearMap.module.{0, 0, 0, 0, 0} Real Real Real (EuclideanSpace.{0, 0} Real (Fin m))
          (EuclideanSpace.{0, 0} Real (Fin n))
          (@DivisionSemiring.toSemiring.{0} Real
            (@Semifield.toDivisionSemiring.{0} Real
              (@Field.toSemifield.{0} Real
                (@NormedField.toField.{0} Real
                  (@DenselyNormedField.toNormedField.{0} Real
                    (@RCLike.toDenselyNormedField.{0} Real Real.instRCLike))))))
          (@DivisionSemiring.toSemiring.{0} Real
            (@Semifield.toDivisionSemiring.{0} Real
              (@Field.toSemifield.{0} Real
                (@NormedField.toField.{0} Real
                  (@DenselyNormedField.toNormedField.{0} Real
                    (@RCLike.toDenselyNormedField.{0} Real Real.instRCLike))))))
          (@AddCommGroup.toAddCommMonoid.{0} (EuclideanSpace.{0, 0} Real (Fin m))
            (@WithLp.instAddCommGroup.{0}
              (@OfNat.ofNat.{0} ENNReal (nat_lit 2)
                (@instOfNatAtLeastTwo.{0} ENNReal (nat_lit 2)
                  (@AddMonoidWithOne.toNatCast.{0} ENNReal
                    (@AddCommMonoidWithOne.toAddMonoidWithOne.{0} ENNReal ENNReal.instAddCommMonoidWithOne))
                  PiLp.innerProductSpace._proof_1))
              ((i : Fin m) → (fun (x : Fin m) => Real) i)
              (@Pi.addCommGroup.{0, 0} (Fin m) (fun (x : Fin m) => Real) fun (i : Fin m) =>
                @Ring.toAddCommGroup.{0} Real
                  (@DivisionRing.toRing.{0} Real
                    (@Field.toDivisionRing.{0} Real
                      (@NormedField.toField.{0} Real
                        (@DenselyNormedField.toNormedField.{0} Real
                          (@RCLike.toDenselyNormedField.{0} Real Real.instRCLike))))))))
          (@AddCommGroup.toAddCommMonoid.{0} (EuclideanSpace.{0, 0} Real (Fin n))
            (@WithLp.instAddCommGroup.{0}
              (@OfNat.ofNat.{0} ENNReal (nat_lit 2)
                (@instOfNatAtLeastTwo.{0} ENNReal (nat_lit 2)
                  (@AddMonoidWithOne.toNatCast.{0} ENNReal
                    (@AddCommMonoidWithOne.toAddMonoidWithOne.{0} ENNReal ENNReal.instAddCommMonoidWithOne))
                  PiLp.innerProductSpace._proof_1))
              ((i : Fin n) → (fun (x : Fin n) => Real) i)
              (@Pi.addCommGroup.{0, 0} (Fin n) (fun (x : Fin n) => Real) fun (i : Fin n) =>
                @Ring.toAddCommGroup.{0} Real
                  (@DivisionRing.toRing.{0} Real
                    (@Field.toDivisionRing.{0} Real
                      (@NormedField.toField.{0} Real
                        (@DenselyNormedField.toNormedField.{0} Real
                          (@RCLike.toDenselyNormedField.{0} Real Real.instRCLike))))))))
          (@WithLp.instModule.{0, 0}
            (@OfNat.ofNat.{0} ENNReal (nat_lit 2)
              (@instOfNatAtLeastTwo.{0} ENNReal (nat_lit 2)
                (@AddMonoidWithOne.toNatCast.{0} ENNReal
                  (@AddCommMonoidWithOne.toAddMonoidWithOne.{0} ENNReal ENNReal.instAddCommMonoidWithOne))
                PiLp.innerProductSpace._proof_1))
            Real ((i : Fin m) → (fun (x : Fin m) => Real) i)
            (@DivisionSemiring.toSemiring.{0} Real
              (@Semifield.toDivisionSemiring.{0} Real
                (@Field.toSemifield.{0} Real
                  (@NormedField.toField.{0} Real
                    (@DenselyNormedField.toNormedField.{0} Real
                      (@RCLike.toDenselyNormedField.{0} Real Real.instRCLike))))))
            (@Pi.addCommGroup.{0, 0} (Fin m) (fun (x : Fin m) => Real) fun (i : Fin m) =>
              @Ring.toAddCommGroup.{0} Real
                (@DivisionRing.toRing.{0} Real
                  (@Field.toDivisionRing.{0} Real
                    (@NormedField.toField.{0} Real
                      (@DenselyNormedField.toNormedField.{0} Real
                        (@RCLike.toDenselyNormedField.{0} Real Real.instRCLike))))))
            (@Pi.Function.module.{0, 0, 0} (Fin m) Real Real
              (@DivisionSemiring.toSemiring.{0} Real
                (@Semifield.toDivisionSemiring.{0} Real
                  (@Field.toSemifield.{0} Real
                    (@NormedField.toField.{0} Real
                      (@DenselyNormedField.toNormedField.{0} Real
                        (@RCLike.toDenselyNormedField.{0} Real Real.instRCLike))))))
              (@Semiring.toAddCommMonoid.{0} Real
                (@Ring.toSemiring.{0} Real
                  (@DivisionRing.toRing.{0} Real
                    (@Field.toDivisionRing.{0} Real
                      (@NormedField.toField.{0} Real
                        (@DenselyNormedField.toNormedField.{0} Real
                          (@RCLike.toDenselyNormedField.{0} Real Real.instRCLike)))))))
              (@Semiring.toModule.{0} Real
                (@DivisionSemiring.toSemiring.{0} Real
                  (@Semifield.toDivisionSemiring.{0} Real
                    (@Field.toSemifield.{0} Real
                      (@NormedField.toField.{0} Real
                        (@DenselyNormedField.toNormedField.{0} Real
                          (@RCLike.toDenselyNormedField.{0} Real Real.instRCLike)))))))))
          (@WithLp.instModule.{0, 0}
            (@OfNat.ofNat.{0} ENNReal (nat_lit 2)
              (@instOfNatAtLeastTwo.{0} ENNReal (nat_lit 2)
                (@AddMonoidWithOne.toNatCast.{0} ENNReal
                  (@AddCommMonoidWithOne.toAddMonoidWithOne.{0} ENNReal ENNReal.instAddCommMonoidWithOne))
                PiLp.innerProductSpace._proof_1))
            Real ((i : Fin n) → (fun (x : Fin n) => Real) i)
            (@DivisionSemiring.toSemiring.{0} Real
              (@Semifield.toDivisionSemiring.{0} Real
                (@Field.toSemifield.{0} Real
                  (@NormedField.toField.{0} Real
                    (@DenselyNormedField.toNormedField.{0} Real
                      (@RCLike.toDenselyNormedField.{0} Real Real.instRCLike))))))
            (@Pi.addCommGroup.{0, 0} (Fin n) (fun (x : Fin n) => Real) fun (i : Fin n) =>
              @Ring.toAddCommGroup.{0} Real
                (@DivisionRing.toRing.{0} Real
                  (@Field.toDivisionRing.{0} Real
                    (@NormedField.toField.{0} Real
                      (@DenselyNormedField.toNormedField.{0} Real
                        (@RCLike.toDenselyNormedField.{0} Real Real.instRCLike))))))
            (@Pi.Function.module.{0, 0, 0} (Fin n) Real Real
              (@DivisionSemiring.toSemiring.{0} Real
                (@Semifield.toDivisionSemiring.{0} Real
                  (@Field.toSemifield.{0} Real
                    (@NormedField.toField.{0} Real
                      (@DenselyNormedField.toNormedField.{0} Real
                        (@RCLike.toDenselyNormedField.{0} Real Real.instRCLike))))))
              (@Semiring.toAddCommMonoid.{0} Real
                (@Ring.toSemiring.{0} Real
                  (@DivisionRing.toRing.{0} Real
                    (@Field.toDivisionRing.{0} Real
                      (@NormedField.toField.{0} Real
                        (@DenselyNormedField.toNormedField.{0} Real
                          (@RCLike.toDenselyNormedField.{0} Real Real.instRCLike)))))))
              (@Semiring.toModule.{0} Real
                (@DivisionSemiring.toSemiring.{0} Real
                  (@Semifield.toDivisionSemiring.{0} Real
                    (@Field.toSemifield.{0} Real
                      (@NormedField.toField.{0} Real
                        (@DenselyNormedField.toNormedField.{0} Real
                          (@RCLike.toDenselyNormedField.{0} Real Real.instRCLike)))))))))
          (@RingHom.id.{0} Real
            (@Semiring.toNonAssocSemiring.{0} Real
              (@DivisionSemiring.toSemiring.{0} Real
                (@Semifield.toDivisionSemiring.{0} Real
                  (@Field.toSemifield.{0} Real
                    (@NormedField.toField.{0} Real
                      (@DenselyNormedField.toNormedField.{0} Real
                        (@RCLike.toDenselyNormedField.{0} Real Real.instRCLike))))))))
          (@DivisionSemiring.toSemiring.{0} Real
            (@Semifield.toDivisionSemiring.{0} Real
              (@Field.toSemifield.{0} Real
                (@NormedField.toField.{0} Real
                  (@DenselyNormedField.toNormedField.{0} Real
                    (@RCLike.toDenselyNormedField.{0} Real Real.instRCLike))))))
          (@WithLp.instModule.{0, 0}
            (@OfNat.ofNat.{0} ENNReal (nat_lit 2)
              (@instOfNatAtLeastTwo.{0} ENNReal (nat_lit 2)
                (@AddMonoidWithOne.toNatCast.{0} ENNReal
                  (@AddCommMonoidWithOne.toAddMonoidWithOne.{0} ENNReal ENNReal.instAddCommMonoidWithOne))
                PiLp.innerProductSpace._proof_1))
            Real ((i : Fin n) → (fun (x : Fin n) => Real) i)
            (@DivisionSemiring.toSemiring.{0} Real
              (@Semifield.toDivisionSemiring.{0} Real
                (@Field.toSemifield.{0} Real
                  (@NormedField.toField.{0} Real
                    (@DenselyNormedField.toNormedField.{0} Real
                      (@RCLike.toDenselyNormedField.{0} Real Real.instRCLike))))))
            (@Pi.addCommGroup.{0, 0} (Fin n) (fun (x : Fin n) => Real) fun (i : Fin n) =>
              @Ring.toAddCommGroup.{0} Real
                (@DivisionRing.toRing.{0} Real
                  (@Field.toDivisionRing.{0} Real
                    (@NormedField.toField.{0} Real
                      (@DenselyNormedField.toNormedField.{0} Real
                        (@RCLike.toDenselyNormedField.{0} Real Real.instRCLike))))))
            (@Pi.Function.module.{0, 0, 0} (Fin n) Real Real
              (@DivisionSemiring.toSemiring.{0} Real
                (@Semifield.toDivisionSemiring.{0} Real
                  (@Field.toSemifield.{0} Real
                    (@NormedField.toField.{0} Real
                      (@DenselyNormedField.toNormedField.{0} Real
                        (@RCLike.toDenselyNormedField.{0} Real Real.instRCLike))))))
              (@Semiring.toAddCommMonoid.{0} Real
                (@Ring.toSemiring.{0} Real
                  (@DivisionRing.toRing.{0} Real
                    (@Field.toDivisionRing.{0} Real
                      (@NormedField.toField.{0} Real
                        (@DenselyNormedField.toNormedField.{0} Real
                          (@RCLike.toDenselyNormedField.{0} Real Real.instRCLike)))))))
              (@Semiring.toModule.{0} Real
                (@DivisionSemiring.toSemiring.{0} Real
                  (@Semifield.toDivisionSemiring.{0} Real
                    (@Field.toSemifield.{0} Real
                      (@NormedField.toField.{0} Real
                        (@DenselyNormedField.toNormedField.{0} Real
                          (@RCLike.toDenselyNormedField.{0} Real Real.instRCLike)))))))))
          (@NLA.KE04.act._proof_2 n))))
    (@Matrix.toEuclideanLin.{0, 0, 0} Real Real.instRCLike (Fin n) (Fin m) (Fin.fintype m) (instDecidableEqFin m)) M
def NLA.KE04.columnSpace : {n m : Nat} →
  (M : NLA.KE04.Rect n m) →
    @Submodule.{0, 0} Real (NLA.KE04.Vec n) Real.semiring
      (@AddCommGroup.toAddCommMonoid.{0} (NLA.KE04.Vec n)
        (@WithLp.instAddCommGroup.{0}
          (@OfNat.ofNat.{0} ENNReal (nat_lit 2)
            (@instOfNatAtLeastTwo.{0} ENNReal (nat_lit 2)
              (@AddMonoidWithOne.toNatCast.{0} ENNReal
                (@AddCommMonoidWithOne.toAddMonoidWithOne.{0} ENNReal ENNReal.instAddCommMonoidWithOne))
              PiLp.innerProductSpace._proof_1))
          ((i : Fin n) → (fun (x : Fin n) => Real) i)
          (@Pi.addCommGroup.{0, 0} (Fin n) (fun (x : Fin n) => Real) fun (i : Fin n) => Real.instAddCommGroup)))
      (@WithLp.instModule.{0, 0}
        (@OfNat.ofNat.{0} ENNReal (nat_lit 2)
          (@instOfNatAtLeastTwo.{0} ENNReal (nat_lit 2)
            (@AddMonoidWithOne.toNatCast.{0} ENNReal
              (@AddCommMonoidWithOne.toAddMonoidWithOne.{0} ENNReal ENNReal.instAddCommMonoidWithOne))
            PiLp.innerProductSpace._proof_1))
        Real ((i : Fin n) → (fun (x : Fin n) => Real) i) Real.semiring
        (@Pi.addCommGroup.{0, 0} (Fin n) (fun (x : Fin n) => Real) fun (i : Fin n) => Real.instAddCommGroup)
        (@Pi.Function.module.{0, 0, 0} (Fin n) Real Real Real.semiring
          (@Semiring.toAddCommMonoid.{0} Real (@Ring.toSemiring.{0} Real Real.instRing))
          (@Semiring.toModule.{0} Real Real.semiring))) :=
fun {n m : Nat} (M : NLA.KE04.Rect n m) =>
  @Submodule.span.{0, 0} Real (NLA.KE04.Vec n) Real.semiring
    (@AddCommGroup.toAddCommMonoid.{0} (NLA.KE04.Vec n)
      (@WithLp.instAddCommGroup.{0}
        (@OfNat.ofNat.{0} ENNReal (nat_lit 2)
          (@instOfNatAtLeastTwo.{0} ENNReal (nat_lit 2)
            (@AddMonoidWithOne.toNatCast.{0} ENNReal
              (@AddCommMonoidWithOne.toAddMonoidWithOne.{0} ENNReal ENNReal.instAddCommMonoidWithOne))
            PiLp.innerProductSpace._proof_1))
        ((i : Fin n) → (fun (x : Fin n) => Real) i)
        (@Pi.addCommGroup.{0, 0} (Fin n) (fun (x : Fin n) => Real) fun (i : Fin n) => Real.instAddCommGroup)))
    (@WithLp.instModule.{0, 0}
      (@OfNat.ofNat.{0} ENNReal (nat_lit 2)
        (@instOfNatAtLeastTwo.{0} ENNReal (nat_lit 2)
          (@AddMonoidWithOne.toNatCast.{0} ENNReal
            (@AddCommMonoidWithOne.toAddMonoidWithOne.{0} ENNReal ENNReal.instAddCommMonoidWithOne))
          PiLp.innerProductSpace._proof_1))
      Real ((i : Fin n) → (fun (x : Fin n) => Real) i) Real.semiring
      (@Pi.addCommGroup.{0, 0} (Fin n) (fun (x : Fin n) => Real) fun (i : Fin n) => Real.instAddCommGroup)
      (@Pi.Function.module.{0, 0, 0} (Fin n) Real Real Real.semiring
        (@Semiring.toAddCommMonoid.{0} Real (@Ring.toSemiring.{0} Real Real.instRing))
        (@Semiring.toModule.{0} Real Real.semiring)))
    (@Set.range.{0, 1} (NLA.KE04.Vec n) (Fin m) (@NLA.KE04.column n m M))
def NLA.KE04.FullColumnRank : {n p : Nat} → (V : NLA.KE04.Rect n p) → Prop :=
fun {n p : Nat} (V : NLA.KE04.Rect n p) =>
  @LinearIndependent.{0, 0, 0} (Fin p) Real (NLA.KE04.Vec n) (@NLA.KE04.column n p V) Real.semiring
    (@AddCommGroup.toAddCommMonoid.{0} (NLA.KE04.Vec n)
      (@WithLp.instAddCommGroup.{0}
        (@OfNat.ofNat.{0} ENNReal (nat_lit 2)
          (@instOfNatAtLeastTwo.{0} ENNReal (nat_lit 2)
            (@AddMonoidWithOne.toNatCast.{0} ENNReal
              (@AddCommMonoidWithOne.toAddMonoidWithOne.{0} ENNReal ENNReal.instAddCommMonoidWithOne))
            PiLp.innerProductSpace._proof_1))
        ((i : Fin n) → (fun (x : Fin n) => Real) i)
        (@Pi.addCommGroup.{0, 0} (Fin n) (fun (x : Fin n) => Real) fun (i : Fin n) => Real.instAddCommGroup)))
    (@WithLp.instModule.{0, 0}
      (@OfNat.ofNat.{0} ENNReal (nat_lit 2)
        (@instOfNatAtLeastTwo.{0} ENNReal (nat_lit 2)
          (@AddMonoidWithOne.toNatCast.{0} ENNReal
            (@AddCommMonoidWithOne.toAddMonoidWithOne.{0} ENNReal ENNReal.instAddCommMonoidWithOne))
          PiLp.innerProductSpace._proof_1))
      Real ((i : Fin n) → (fun (x : Fin n) => Real) i) Real.semiring
      (@Pi.addCommGroup.{0, 0} (Fin n) (fun (x : Fin n) => Real) fun (i : Fin n) => Real.instAddCommGroup)
      (@Pi.Function.module.{0, 0, 0} (Fin n) Real Real Real.semiring
        (@Semiring.toAddCommMonoid.{0} Real (@Ring.toSemiring.{0} Real Real.instRing))
        (@Semiring.toModule.{0} Real Real.semiring)))
def NLA.KE04.krylovColumns : {n p : Nat} →
  (A : NLA.KE04.Mat n) → (V : NLA.KE04.Rect n p) → (ell : Nat) → Prod.{0, 0} (Fin ell) (Fin p) → NLA.KE04.Vec n :=
fun {n p : Nat} (A : NLA.KE04.Mat n) (V : NLA.KE04.Rect n p) (ell : Nat) (rc : Prod.{0, 0} (Fin ell) (Fin p)) =>
  @NLA.KE04.column n p
    (@HMul.hMul.{0, 0, 0} (NLA.KE04.Mat n) (NLA.KE04.Rect n p) (Matrix.{0, 0, 0} (Fin n) (Fin p) Real)
      (@Matrix.instHMulOfFintypeOfMulOfAddCommMonoid.{0, 0, 0, 0} (Fin n) (Fin n) (Fin p) Real (Fin.fintype n)
        Real.instMul Real.instAddCommMonoid)
      (@HPow.hPow.{0, 0, 0} (NLA.KE04.Mat n) Nat (NLA.KE04.Mat n)
        (@instHPow.{0, 0} (NLA.KE04.Mat n) Nat
          (@NPow.toPow.{0} (NLA.KE04.Mat n)
            (@Monoid.toNPow.{0} (NLA.KE04.Mat n)
              (@Semiring.toMonoid.{0} (NLA.KE04.Mat n)
                (@Matrix.semiring.{0, 0} (Fin n) Real Real.semiring (Fin.fintype n) (instDecidableEqFin n))))))
        A (@Fin.val ell (@Prod.fst.{0, 0} (Fin ell) (Fin p) rc)))
      V)
    (@Prod.snd.{0, 0} (Fin ell) (Fin p) rc)
def NLA.KE04.krylov : {n p : Nat} →
  (A : NLA.KE04.Mat n) →
    (V : NLA.KE04.Rect n p) →
      (ell : Nat) →
        @Submodule.{0, 0} Real (NLA.KE04.Vec n) Real.semiring
          (@AddCommGroup.toAddCommMonoid.{0} (NLA.KE04.Vec n)
            (@WithLp.instAddCommGroup.{0}
              (@OfNat.ofNat.{0} ENNReal (nat_lit 2)
                (@instOfNatAtLeastTwo.{0} ENNReal (nat_lit 2)
                  (@AddMonoidWithOne.toNatCast.{0} ENNReal
                    (@AddCommMonoidWithOne.toAddMonoidWithOne.{0} ENNReal ENNReal.instAddCommMonoidWithOne))
                  PiLp.innerProductSpace._proof_1))
              ((i : Fin n) → (fun (x : Fin n) => Real) i)
              (@Pi.addCommGroup.{0, 0} (Fin n) (fun (x : Fin n) => Real) fun (i : Fin n) => Real.instAddCommGroup)))
          (@WithLp.instModule.{0, 0}
            (@OfNat.ofNat.{0} ENNReal (nat_lit 2)
              (@instOfNatAtLeastTwo.{0} ENNReal (nat_lit 2)
                (@AddMonoidWithOne.toNatCast.{0} ENNReal
                  (@AddCommMonoidWithOne.toAddMonoidWithOne.{0} ENNReal ENNReal.instAddCommMonoidWithOne))
                PiLp.innerProductSpace._proof_1))
            Real ((i : Fin n) → (fun (x : Fin n) => Real) i) Real.semiring
            (@Pi.addCommGroup.{0, 0} (Fin n) (fun (x : Fin n) => Real) fun (i : Fin n) => Real.instAddCommGroup)
            (@Pi.Function.module.{0, 0, 0} (Fin n) Real Real Real.semiring
              (@Semiring.toAddCommMonoid.{0} Real (@Ring.toSemiring.{0} Real Real.instRing))
              (@Semiring.toModule.{0} Real Real.semiring))) :=
fun {n p : Nat} (A : NLA.KE04.Mat n) (V : NLA.KE04.Rect n p) (ell : Nat) =>
  @Submodule.span.{0, 0} Real (NLA.KE04.Vec n) Real.semiring
    (@AddCommGroup.toAddCommMonoid.{0} (NLA.KE04.Vec n)
      (@WithLp.instAddCommGroup.{0}
        (@OfNat.ofNat.{0} ENNReal (nat_lit 2)
          (@instOfNatAtLeastTwo.{0} ENNReal (nat_lit 2)
            (@AddMonoidWithOne.toNatCast.{0} ENNReal
              (@AddCommMonoidWithOne.toAddMonoidWithOne.{0} ENNReal ENNReal.instAddCommMonoidWithOne))
            PiLp.innerProductSpace._proof_1))
        ((i : Fin n) → (fun (x : Fin n) => Real) i)
        (@Pi.addCommGroup.{0, 0} (Fin n) (fun (x : Fin n) => Real) fun (i : Fin n) => Real.instAddCommGroup)))
    (@WithLp.instModule.{0, 0}
      (@OfNat.ofNat.{0} ENNReal (nat_lit 2)
        (@instOfNatAtLeastTwo.{0} ENNReal (nat_lit 2)
          (@AddMonoidWithOne.toNatCast.{0} ENNReal
            (@AddCommMonoidWithOne.toAddMonoidWithOne.{0} ENNReal ENNReal.instAddCommMonoidWithOne))
          PiLp.innerProductSpace._proof_1))
      Real ((i : Fin n) → (fun (x : Fin n) => Real) i) Real.semiring
      (@Pi.addCommGroup.{0, 0} (Fin n) (fun (x : Fin n) => Real) fun (i : Fin n) => Real.instAddCommGroup)
      (@Pi.Function.module.{0, 0, 0} (Fin n) Real Real Real.semiring
        (@Semiring.toAddCommMonoid.{0} Real (@Ring.toSemiring.{0} Real Real.instRing))
        (@Semiring.toModule.{0} Real Real.semiring)))
    (@Set.range.{0, 1} (NLA.KE04.Vec n) (Prod.{0, 0} (Fin ell) (Fin p)) (@NLA.KE04.krylovColumns n p A V ell))
def NLA.KE04.krylovCombination : {n p : Nat} →
  (A : NLA.KE04.Mat n) →
    (V : NLA.KE04.Rect n p) →
      (ell : Nat) →
        @LinearMap.{0, 0, 0, 0} Real Real Real.semiring Real.semiring
          (@RingHom.id.{0} Real (@Semiring.toNonAssocSemiring.{0} Real Real.semiring))
          (Prod.{0, 0} (Fin ell) (Fin p) → Real) (NLA.KE04.Vec n)
          (@Pi.addCommMonoid.{0, 0} (Prod.{0, 0} (Fin ell) (Fin p)) (fun (a : Prod.{0, 0} (Fin ell) (Fin p)) => Real)
            fun (i : Prod.{0, 0} (Fin ell) (Fin p)) => Real.instAddCommMonoid)
          (@AddCommGroup.toAddCommMonoid.{0} (NLA.KE04.Vec n)
            (@WithLp.instAddCommGroup.{0}
              (@OfNat.ofNat.{0} ENNReal (nat_lit 2)
                (@instOfNatAtLeastTwo.{0} ENNReal (nat_lit 2)
                  (@AddMonoidWithOne.toNatCast.{0} ENNReal
                    (@AddCommMonoidWithOne.toAddMonoidWithOne.{0} ENNReal ENNReal.instAddCommMonoidWithOne))
                  PiLp.innerProductSpace._proof_1))
              ((i : Fin n) → (fun (x : Fin n) => Real) i)
              (@Pi.addCommGroup.{0, 0} (Fin n) (fun (x : Fin n) => Real) fun (i : Fin n) => Real.instAddCommGroup)))
          (@Pi.Function.module.{0, 0, 0} (Prod.{0, 0} (Fin ell) (Fin p)) Real Real Real.semiring Real.instAddCommMonoid
            (@Semiring.toModule.{0} Real Real.semiring))
          (@WithLp.instModule.{0, 0}
            (@OfNat.ofNat.{0} ENNReal (nat_lit 2)
              (@instOfNatAtLeastTwo.{0} ENNReal (nat_lit 2)
                (@AddMonoidWithOne.toNatCast.{0} ENNReal
                  (@AddCommMonoidWithOne.toAddMonoidWithOne.{0} ENNReal ENNReal.instAddCommMonoidWithOne))
                PiLp.innerProductSpace._proof_1))
            Real ((i : Fin n) → (fun (x : Fin n) => Real) i) Real.semiring
            (@Pi.addCommGroup.{0, 0} (Fin n) (fun (x : Fin n) => Real) fun (i : Fin n) => Real.instAddCommGroup)
            (@Pi.Function.module.{0, 0, 0} (Fin n) Real Real Real.semiring
              (@Semiring.toAddCommMonoid.{0} Real (@Ring.toSemiring.{0} Real Real.instRing))
              (@Semiring.toModule.{0} Real Real.semiring))) :=
fun {n p : Nat} (A : NLA.KE04.Mat n) (V : NLA.KE04.Rect n p) (ell : Nat) =>
  @Fintype.linearCombination.{0, 0, 0} (Prod.{0, 0} (Fin ell) (Fin p)) (NLA.KE04.Vec n) Real
    (@instFintypeProd.{0, 0} (Fin ell) (Fin p) (Fin.fintype ell) (Fin.fintype p)) Real.semiring
    (@AddCommGroup.toAddCommMonoid.{0} (NLA.KE04.Vec n)
      (@WithLp.instAddCommGroup.{0}
        (@OfNat.ofNat.{0} ENNReal (nat_lit 2)
          (@instOfNatAtLeastTwo.{0} ENNReal (nat_lit 2)
            (@AddMonoidWithOne.toNatCast.{0} ENNReal
              (@AddCommMonoidWithOne.toAddMonoidWithOne.{0} ENNReal ENNReal.instAddCommMonoidWithOne))
            PiLp.innerProductSpace._proof_1))
        ((i : Fin n) → (fun (x : Fin n) => Real) i)
        (@Pi.addCommGroup.{0, 0} (Fin n) (fun (x : Fin n) => Real) fun (i : Fin n) => Real.instAddCommGroup)))
    (@WithLp.instModule.{0, 0}
      (@OfNat.ofNat.{0} ENNReal (nat_lit 2)
        (@instOfNatAtLeastTwo.{0} ENNReal (nat_lit 2)
          (@AddMonoidWithOne.toNatCast.{0} ENNReal
            (@AddCommMonoidWithOne.toAddMonoidWithOne.{0} ENNReal ENNReal.instAddCommMonoidWithOne))
          PiLp.innerProductSpace._proof_1))
      Real ((i : Fin n) → (fun (x : Fin n) => Real) i) Real.semiring
      (@Pi.addCommGroup.{0, 0} (Fin n) (fun (x : Fin n) => Real) fun (i : Fin n) => Real.instAddCommGroup)
      (@Pi.Function.module.{0, 0, 0} (Fin n) Real Real Real.semiring
        (@Semiring.toAddCommMonoid.{0} Real (@Ring.toSemiring.{0} Real Real.instRing))
        (@Semiring.toModule.{0} Real Real.semiring)))
    (@NLA.KE04.krylovColumns n p A V ell)
def NLA.KE04.FullBlockDimension : {n p : Nat} → (A : NLA.KE04.Mat n) → (V : NLA.KE04.Rect n p) → (ell : Nat) → Prop :=
fun {n p : Nat} (A : NLA.KE04.Mat n) (V : NLA.KE04.Rect n p) (ell : Nat) =>
  @Eq.{1} Nat
    (@Module.finrank.{0, 0} Real
      (@Subtype.{1} (NLA.KE04.Vec n) fun (x : NLA.KE04.Vec n) =>
        @Membership.mem.{0, 0} (NLA.KE04.Vec n)
          (@Submodule.{0, 0} Real (NLA.KE04.Vec n) Real.semiring
            (@AddCommGroup.toAddCommMonoid.{0} (NLA.KE04.Vec n)
              (@WithLp.instAddCommGroup.{0}
                (@OfNat.ofNat.{0} ENNReal (nat_lit 2)
                  (@instOfNatAtLeastTwo.{0} ENNReal (nat_lit 2)
                    (@AddMonoidWithOne.toNatCast.{0} ENNReal
                      (@AddCommMonoidWithOne.toAddMonoidWithOne.{0} ENNReal ENNReal.instAddCommMonoidWithOne))
                    PiLp.innerProductSpace._proof_1))
                ((i : Fin n) → (fun (x : Fin n) => Real) i)
                (@Pi.addCommGroup.{0, 0} (Fin n) (fun (x : Fin n) => Real) fun (i : Fin n) => Real.instAddCommGroup)))
            (@WithLp.instModule.{0, 0}
              (@OfNat.ofNat.{0} ENNReal (nat_lit 2)
                (@instOfNatAtLeastTwo.{0} ENNReal (nat_lit 2)
                  (@AddMonoidWithOne.toNatCast.{0} ENNReal
                    (@AddCommMonoidWithOne.toAddMonoidWithOne.{0} ENNReal ENNReal.instAddCommMonoidWithOne))
                  PiLp.innerProductSpace._proof_1))
              Real ((i : Fin n) → (fun (x : Fin n) => Real) i) Real.semiring
              (@Pi.addCommGroup.{0, 0} (Fin n) (fun (x : Fin n) => Real) fun (i : Fin n) => Real.instAddCommGroup)
              (@Pi.Function.module.{0, 0, 0} (Fin n) Real Real Real.semiring
                (@Semiring.toAddCommMonoid.{0} Real (@Ring.toSemiring.{0} Real Real.instRing))
                (@Semiring.toModule.{0} Real Real.semiring))))
          (@SetLike.instMembership.{0, 0}
            (@Submodule.{0, 0} Real (NLA.KE04.Vec n) Real.semiring
              (@AddCommGroup.toAddCommMonoid.{0} (NLA.KE04.Vec n)
                (@WithLp.instAddCommGroup.{0}
                  (@OfNat.ofNat.{0} ENNReal (nat_lit 2)
                    (@instOfNatAtLeastTwo.{0} ENNReal (nat_lit 2)
                      (@AddMonoidWithOne.toNatCast.{0} ENNReal
                        (@AddCommMonoidWithOne.toAddMonoidWithOne.{0} ENNReal ENNReal.instAddCommMonoidWithOne))
                      PiLp.innerProductSpace._proof_1))
                  ((i : Fin n) → (fun (x : Fin n) => Real) i)
                  (@Pi.addCommGroup.{0, 0} (Fin n) (fun (x : Fin n) => Real) fun (i : Fin n) => Real.instAddCommGroup)))
              (@WithLp.instModule.{0, 0}
                (@OfNat.ofNat.{0} ENNReal (nat_lit 2)
                  (@instOfNatAtLeastTwo.{0} ENNReal (nat_lit 2)
                    (@AddMonoidWithOne.toNatCast.{0} ENNReal
                      (@AddCommMonoidWithOne.toAddMonoidWithOne.{0} ENNReal ENNReal.instAddCommMonoidWithOne))
                    PiLp.innerProductSpace._proof_1))
                Real ((i : Fin n) → (fun (x : Fin n) => Real) i) Real.semiring
                (@Pi.addCommGroup.{0, 0} (Fin n) (fun (x : Fin n) => Real) fun (i : Fin n) => Real.instAddCommGroup)
                (@Pi.Function.module.{0, 0, 0} (Fin n) Real Real Real.semiring
                  (@Semiring.toAddCommMonoid.{0} Real (@Ring.toSemiring.{0} Real Real.instRing))
                  (@Semiring.toModule.{0} Real Real.semiring))))
            (NLA.KE04.Vec n)
            (@Submodule.setLike.{0, 0} Real (NLA.KE04.Vec n) Real.semiring
              (@AddCommGroup.toAddCommMonoid.{0} (NLA.KE04.Vec n)
                (@WithLp.instAddCommGroup.{0}
                  (@OfNat.ofNat.{0} ENNReal (nat_lit 2)
                    (@instOfNatAtLeastTwo.{0} ENNReal (nat_lit 2)
                      (@AddMonoidWithOne.toNatCast.{0} ENNReal
                        (@AddCommMonoidWithOne.toAddMonoidWithOne.{0} ENNReal ENNReal.instAddCommMonoidWithOne))
                      PiLp.innerProductSpace._proof_1))
                  ((i : Fin n) → (fun (x : Fin n) => Real) i)
                  (@Pi.addCommGroup.{0, 0} (Fin n) (fun (x : Fin n) => Real) fun (i : Fin n) => Real.instAddCommGroup)))
              (@WithLp.instModule.{0, 0}
                (@OfNat.ofNat.{0} ENNReal (nat_lit 2)
                  (@instOfNatAtLeastTwo.{0} ENNReal (nat_lit 2)
                    (@AddMonoidWithOne.toNatCast.{0} ENNReal
                      (@AddCommMonoidWithOne.toAddMonoidWithOne.{0} ENNReal ENNReal.instAddCommMonoidWithOne))
                    PiLp.innerProductSpace._proof_1))
                Real ((i : Fin n) → (fun (x : Fin n) => Real) i) Real.semiring
                (@Pi.addCommGroup.{0, 0} (Fin n) (fun (x : Fin n) => Real) fun (i : Fin n) => Real.instAddCommGroup)
                (@Pi.Function.module.{0, 0, 0} (Fin n) Real Real Real.semiring
                  (@Semiring.toAddCommMonoid.{0} Real (@Ring.toSemiring.{0} Real Real.instRing))
                  (@Semiring.toModule.{0} Real Real.semiring)))))
          (@NLA.KE04.krylov n p A V ell) x)
      Real.semiring
      (@Submodule.addCommMonoid.{0, 0} Real (NLA.KE04.Vec n) Real.semiring
        (@AddCommGroup.toAddCommMonoid.{0} (NLA.KE04.Vec n)
          (@WithLp.instAddCommGroup.{0}
            (@OfNat.ofNat.{0} ENNReal (nat_lit 2)
              (@instOfNatAtLeastTwo.{0} ENNReal (nat_lit 2)
                (@AddMonoidWithOne.toNatCast.{0} ENNReal
                  (@AddCommMonoidWithOne.toAddMonoidWithOne.{0} ENNReal ENNReal.instAddCommMonoidWithOne))
                PiLp.innerProductSpace._proof_1))
            ((i : Fin n) → (fun (x : Fin n) => Real) i)
            (@Pi.addCommGroup.{0, 0} (Fin n) (fun (x : Fin n) => Real) fun (i : Fin n) => Real.instAddCommGroup)))
        (@WithLp.instModule.{0, 0}
          (@OfNat.ofNat.{0} ENNReal (nat_lit 2)
            (@instOfNatAtLeastTwo.{0} ENNReal (nat_lit 2)
              (@AddMonoidWithOne.toNatCast.{0} ENNReal
                (@AddCommMonoidWithOne.toAddMonoidWithOne.{0} ENNReal ENNReal.instAddCommMonoidWithOne))
              PiLp.innerProductSpace._proof_1))
          Real ((i : Fin n) → (fun (x : Fin n) => Real) i) Real.semiring
          (@Pi.addCommGroup.{0, 0} (Fin n) (fun (x : Fin n) => Real) fun (i : Fin n) => Real.instAddCommGroup)
          (@Pi.Function.module.{0, 0, 0} (Fin n) Real Real Real.semiring
            (@Semiring.toAddCommMonoid.{0} Real (@Ring.toSemiring.{0} Real Real.instRing))
            (@Semiring.toModule.{0} Real Real.semiring)))
        (@NLA.KE04.krylov n p A V ell))
      (@Submodule.module.{0, 0} Real (NLA.KE04.Vec n) Real.semiring
        (@AddCommGroup.toAddCommMonoid.{0} (NLA.KE04.Vec n)
          (@WithLp.instAddCommGroup.{0}
            (@OfNat.ofNat.{0} ENNReal (nat_lit 2)
              (@instOfNatAtLeastTwo.{0} ENNReal (nat_lit 2)
                (@AddMonoidWithOne.toNatCast.{0} ENNReal
                  (@AddCommMonoidWithOne.toAddMonoidWithOne.{0} ENNReal ENNReal.instAddCommMonoidWithOne))
                PiLp.innerProductSpace._proof_1))
            ((i : Fin n) → (fun (x : Fin n) => Real) i)
            (@Pi.addCommGroup.{0, 0} (Fin n) (fun (x : Fin n) => Real) fun (i : Fin n) => Real.instAddCommGroup)))
        (@WithLp.instModule.{0, 0}
          (@OfNat.ofNat.{0} ENNReal (nat_lit 2)
            (@instOfNatAtLeastTwo.{0} ENNReal (nat_lit 2)
              (@AddMonoidWithOne.toNatCast.{0} ENNReal
                (@AddCommMonoidWithOne.toAddMonoidWithOne.{0} ENNReal ENNReal.instAddCommMonoidWithOne))
              PiLp.innerProductSpace._proof_1))
          Real ((i : Fin n) → (fun (x : Fin n) => Real) i) Real.semiring
          (@Pi.addCommGroup.{0, 0} (Fin n) (fun (x : Fin n) => Real) fun (i : Fin n) => Real.instAddCommGroup)
          (@Pi.Function.module.{0, 0, 0} (Fin n) Real Real Real.semiring
            (@Semiring.toAddCommMonoid.{0} Real (@Ring.toSemiring.{0} Real Real.instRing))
            (@Semiring.toModule.{0} Real Real.semiring)))
        (@NLA.KE04.krylov n p A V ell)))
    (@HMul.hMul.{0, 0, 0} Nat Nat Nat (@instHMul.{0} Nat instMulNat) ell p)
def NLA.KE04.LastFullBlockIteration : {n p : Nat} → (A : NLA.KE04.Mat n) → (V : NLA.KE04.Rect n p) → (s : Nat) → Prop :=
fun {n p : Nat} (A : NLA.KE04.Mat n) (V : NLA.KE04.Rect n p) (s : Nat) =>
  And (@NLA.KE04.FullBlockDimension n p A V s)
    (∀ (t : Nat), @NLA.KE04.FullBlockDimension n p A V t → @LE.le.{0} Nat instLENat t s)
def NLA.KE04.IsKrylovBasis : {n p : Nat} →
  (A : NLA.KE04.Mat n) →
    (V : NLA.KE04.Rect n p) →
      (ell : Nat) →
        (Q : NLA.KE04.Rect n (@HMul.hMul.{0, 0, 0} Nat Nat Nat (@instHMul.{0} Nat instMulNat) ell p)) → Prop :=
fun {n p : Nat} (A : NLA.KE04.Mat n) (V : NLA.KE04.Rect n p) (ell : Nat)
    (Q : NLA.KE04.Rect n (@HMul.hMul.{0, 0, 0} Nat Nat Nat (@instHMul.{0} Nat instMulNat) ell p)) =>
  And
    (@Eq.{1}
      (Matrix.{0, 0, 0} (Fin (@HMul.hMul.{0, 0, 0} Nat Nat Nat (@instHMul.{0} Nat instMulNat) ell p))
        (Fin (@HMul.hMul.{0, 0, 0} Nat Nat Nat (@instHMul.{0} Nat instMulNat) ell p)) Real)
      (@HMul.hMul.{0, 0, 0}
        (Matrix.{0, 0, 0} (Fin (@HMul.hMul.{0, 0, 0} Nat Nat Nat (@instHMul.{0} Nat instMulNat) ell p)) (Fin n) Real)
        (NLA.KE04.Rect n (@HMul.hMul.{0, 0, 0} Nat Nat Nat (@instHMul.{0} Nat instMulNat) ell p))
        (Matrix.{0, 0, 0} (Fin (@HMul.hMul.{0, 0, 0} Nat Nat Nat (@instHMul.{0} Nat instMulNat) ell p))
          (Fin (@HMul.hMul.{0, 0, 0} Nat Nat Nat (@instHMul.{0} Nat instMulNat) ell p)) Real)
        (@Matrix.instHMulOfFintypeOfMulOfAddCommMonoid.{0, 0, 0, 0}
          (Fin (@HMul.hMul.{0, 0, 0} Nat Nat Nat (@instHMul.{0} Nat instMulNat) ell p)) (Fin n)
          (Fin (@HMul.hMul.{0, 0, 0} Nat Nat Nat (@instHMul.{0} Nat instMulNat) ell p)) Real (Fin.fintype n)
          Real.instMul Real.instAddCommMonoid)
        (@Matrix.transpose.{0, 0, 0} (Fin n)
          (Fin (@HMul.hMul.{0, 0, 0} Nat Nat Nat (@instHMul.{0} Nat instMulNat) ell p)) Real Q)
        Q)
      (@OfNat.ofNat.{0}
        (Matrix.{0, 0, 0} (Fin (@HMul.hMul.{0, 0, 0} Nat Nat Nat (@instHMul.{0} Nat instMulNat) ell p))
          (Fin (@HMul.hMul.{0, 0, 0} Nat Nat Nat (@instHMul.{0} Nat instMulNat) ell p)) Real)
        (nat_lit 1)
        (@One.toOfNat1.{0}
          (Matrix.{0, 0, 0} (Fin (@HMul.hMul.{0, 0, 0} Nat Nat Nat (@instHMul.{0} Nat instMulNat) ell p))
            (Fin (@HMul.hMul.{0, 0, 0} Nat Nat Nat (@instHMul.{0} Nat instMulNat) ell p)) Real)
          (@Matrix.one.{0, 0} (Fin (@HMul.hMul.{0, 0, 0} Nat Nat Nat (@instHMul.{0} Nat instMulNat) ell p)) Real
            (instDecidableEqFin (@HMul.hMul.{0, 0, 0} Nat Nat Nat (@instHMul.{0} Nat instMulNat) ell p)) Real.instZero
            Real.instOne))))
    (@Eq.{1}
      (@Submodule.{0, 0} Real (NLA.KE04.Vec n) Real.semiring
        (@AddCommGroup.toAddCommMonoid.{0} (NLA.KE04.Vec n)
          (@WithLp.instAddCommGroup.{0}
            (@OfNat.ofNat.{0} ENNReal (nat_lit 2)
              (@instOfNatAtLeastTwo.{0} ENNReal (nat_lit 2)
                (@AddMonoidWithOne.toNatCast.{0} ENNReal
                  (@AddCommMonoidWithOne.toAddMonoidWithOne.{0} ENNReal ENNReal.instAddCommMonoidWithOne))
                PiLp.innerProductSpace._proof_1))
            ((i : Fin n) → (fun (x : Fin n) => Real) i)
            (@Pi.addCommGroup.{0, 0} (Fin n) (fun (x : Fin n) => Real) fun (i : Fin n) => Real.instAddCommGroup)))
        (@WithLp.instModule.{0, 0}
          (@OfNat.ofNat.{0} ENNReal (nat_lit 2)
            (@instOfNatAtLeastTwo.{0} ENNReal (nat_lit 2)
              (@AddMonoidWithOne.toNatCast.{0} ENNReal
                (@AddCommMonoidWithOne.toAddMonoidWithOne.{0} ENNReal ENNReal.instAddCommMonoidWithOne))
              PiLp.innerProductSpace._proof_1))
          Real ((i : Fin n) → (fun (x : Fin n) => Real) i) Real.semiring
          (@Pi.addCommGroup.{0, 0} (Fin n) (fun (x : Fin n) => Real) fun (i : Fin n) => Real.instAddCommGroup)
          (@Pi.Function.module.{0, 0, 0} (Fin n) Real Real Real.semiring
            (@Semiring.toAddCommMonoid.{0} Real (@Ring.toSemiring.{0} Real Real.instRing))
            (@Semiring.toModule.{0} Real Real.semiring))))
      (@NLA.KE04.columnSpace n (@HMul.hMul.{0, 0, 0} Nat Nat Nat (@instHMul.{0} Nat instMulNat) ell p) Q)
      (@NLA.KE04.krylov n p A V ell))
def NLA.KE04.frameProjection : {n m : Nat} → (Q : NLA.KE04.Rect n m) → NLA.KE04.Mat n :=
fun {n m : Nat} (Q : NLA.KE04.Rect n m) =>
  @HMul.hMul.{0, 0, 0} (NLA.KE04.Rect n m) (Matrix.{0, 0, 0} (Fin m) (Fin n) Real)
    (Matrix.{0, 0, 0} (Fin n) (Fin n) Real)
    (@Matrix.instHMulOfFintypeOfMulOfAddCommMonoid.{0, 0, 0, 0} (Fin n) (Fin m) (Fin n) Real (Fin.fintype m)
      Real.instMul Real.instAddCommMonoid)
    Q
    (@Matrix.conjTranspose.{0, 0, 0} (Fin n) (Fin m) Real
      (@InvolutiveStar.toStar.{0} Real
        (@StarAddMonoid.toInvolutiveStar.{0} Real
          (@AddCommMonoid.toAddMonoid.{0} Real
            (@NonUnitalNonAssocSemiring.toAddCommMonoid.{0} Real
              (@NonUnitalNonAssocRing.toNonUnitalNonAssocSemiring.{0} Real
                (@NonUnitalNonAssocCommRing.toNonUnitalNonAssocRing.{0} Real
                  (@NonUnitalCommRing.toNonUnitalNonAssocCommRing.{0} Real
                    (@CommRing.toNonUnitalCommRing.{0} Real Real.commRing))))))
          (@StarRing.toStarAddMonoid.{0} Real
            (@NonUnitalNonAssocRing.toNonUnitalNonAssocSemiring.{0} Real
              (@NonUnitalNonAssocCommRing.toNonUnitalNonAssocRing.{0} Real
                (@NonUnitalCommRing.toNonUnitalNonAssocCommRing.{0} Real
                  (@CommRing.toNonUnitalCommRing.{0} Real Real.commRing))))
            instStarRingReal)))
      Q)
def NLA.KE04.compression : {n m : Nat} → (A : NLA.KE04.Mat n) → (Q : NLA.KE04.Rect n m) → NLA.KE04.Mat m :=
fun {n m : Nat} (A : NLA.KE04.Mat n) (Q : NLA.KE04.Rect n m) =>
  @HMul.hMul.{0, 0, 0} (Matrix.{0, 0, 0} (Fin m) (Fin n) Real) (NLA.KE04.Rect n m)
    (Matrix.{0, 0, 0} (Fin m) (Fin m) Real)
    (@Matrix.instHMulOfFintypeOfMulOfAddCommMonoid.{0, 0, 0, 0} (Fin m) (Fin n) (Fin m) Real (Fin.fintype n)
      Real.instMul Real.instAddCommMonoid)
    (@HMul.hMul.{0, 0, 0} (Matrix.{0, 0, 0} (Fin m) (Fin n) Real) (NLA.KE04.Mat n)
      (Matrix.{0, 0, 0} (Fin m) (Fin n) Real)
      (@Matrix.instHMulOfFintypeOfMulOfAddCommMonoid.{0, 0, 0, 0} (Fin m) (Fin n) (Fin n) Real (Fin.fintype n)
        Real.instMul Real.instAddCommMonoid)
      (@Matrix.conjTranspose.{0, 0, 0} (Fin n) (Fin m) Real
        (@InvolutiveStar.toStar.{0} Real
          (@StarAddMonoid.toInvolutiveStar.{0} Real
            (@AddCommMonoid.toAddMonoid.{0} Real
              (@NonUnitalNonAssocSemiring.toAddCommMonoid.{0} Real
                (@NonUnitalNonAssocRing.toNonUnitalNonAssocSemiring.{0} Real
                  (@NonUnitalNonAssocCommRing.toNonUnitalNonAssocRing.{0} Real
                    (@NonUnitalCommRing.toNonUnitalNonAssocCommRing.{0} Real
                      (@CommRing.toNonUnitalCommRing.{0} Real Real.commRing))))))
            (@StarRing.toStarAddMonoid.{0} Real
              (@NonUnitalNonAssocRing.toNonUnitalNonAssocSemiring.{0} Real
                (@NonUnitalNonAssocCommRing.toNonUnitalNonAssocRing.{0} Real
                  (@NonUnitalCommRing.toNonUnitalNonAssocCommRing.{0} Real
                    (@CommRing.toNonUnitalCommRing.{0} Real Real.commRing))))
              instStarRingReal)))
        Q)
      A)
    Q
def NLA.KE04.orderedEigenvalues : {m : Nat} →
  (M : NLA.KE04.Mat m) →
    (hM :
        @Matrix.IsHermitian.{0, 0} Real (Fin m)
          (@InvolutiveStar.toStar.{0} Real
            (@StarAddMonoid.toInvolutiveStar.{0} Real
              (@AddCommMonoid.toAddMonoid.{0} Real
                (@NonUnitalNonAssocSemiring.toAddCommMonoid.{0} Real
                  (@NonUnitalNonAssocRing.toNonUnitalNonAssocSemiring.{0} Real
                    (@NonUnitalNonAssocCommRing.toNonUnitalNonAssocRing.{0} Real
                      (@NonUnitalCommRing.toNonUnitalNonAssocCommRing.{0} Real
                        (@CommRing.toNonUnitalCommRing.{0} Real Real.commRing))))))
              (@StarRing.toStarAddMonoid.{0} Real
                (@NonUnitalNonAssocRing.toNonUnitalNonAssocSemiring.{0} Real
                  (@NonUnitalNonAssocCommRing.toNonUnitalNonAssocRing.{0} Real
                    (@NonUnitalCommRing.toNonUnitalNonAssocCommRing.{0} Real
                      (@CommRing.toNonUnitalCommRing.{0} Real Real.commRing))))
                instStarRingReal)))
          M) →
      Fin m → Real :=
fun {m : Nat} (M : NLA.KE04.Mat m)
    (hM :
      @Matrix.IsHermitian.{0, 0} Real (Fin m)
        (@InvolutiveStar.toStar.{0} Real
          (@StarAddMonoid.toInvolutiveStar.{0} Real
            (@AddCommMonoid.toAddMonoid.{0} Real
              (@NonUnitalNonAssocSemiring.toAddCommMonoid.{0} Real
                (@NonUnitalNonAssocRing.toNonUnitalNonAssocSemiring.{0} Real
                  (@NonUnitalNonAssocCommRing.toNonUnitalNonAssocRing.{0} Real
                    (@NonUnitalCommRing.toNonUnitalNonAssocCommRing.{0} Real
                      (@CommRing.toNonUnitalCommRing.{0} Real Real.commRing))))))
            (@StarRing.toStarAddMonoid.{0} Real
              (@NonUnitalNonAssocRing.toNonUnitalNonAssocSemiring.{0} Real
                (@NonUnitalNonAssocCommRing.toNonUnitalNonAssocRing.{0} Real
                  (@NonUnitalCommRing.toNonUnitalNonAssocCommRing.{0} Real
                    (@CommRing.toNonUnitalCommRing.{0} Real Real.commRing))))
              instStarRingReal)))
        M)
    (r : Fin m) =>
  @LinearMap.IsSymmetric.eigenvalues.{0, 0} Real Real.instRCLike (EuclideanSpace.{0, 0} Real (Fin m))
    (@PiLp.normedAddCommGroup.{0, 0}
      (@OfNat.ofNat.{0} ENNReal (nat_lit 2)
        (@instOfNatAtLeastTwo.{0} ENNReal (nat_lit 2)
          (@AddMonoidWithOne.toNatCast.{0} ENNReal
            (@AddCommMonoidWithOne.toAddMonoidWithOne.{0} ENNReal ENNReal.instAddCommMonoidWithOne))
          PiLp.innerProductSpace._proof_1))
      (Fin m) (fun (x : Fin m) => Real) fact_one_le_two_ennreal (Fin.fintype m) fun (i : Fin m) =>
      Real.normedAddCommGroup)
    (@PiLp.innerProductSpace.{0, 0, 0} Real Real.instRCLike (Fin m) (Fin.fintype m) (fun (x : Fin m) => Real)
      (fun (i : Fin m) =>
        @NonUnitalNormedRing.toNormedAddCommGroup.{0} Real
          (@NonUnitalNormedCommRing.toNonUnitalNormedRing.{0} Real
            (@NormedCommRing.toNonUnitalNormedCommRing.{0} Real
              (@NormedField.toNormedCommRing.{0} Real
                (@DenselyNormedField.toNormedField.{0} Real (@RCLike.toDenselyNormedField.{0} Real Real.instRCLike))))))
      fun (i : Fin m) => @RCLike.innerProductSpace.{0} Real Real.instRCLike)
    (@DFunLike.coe.{1, 1, 1}
      (@LinearEquiv.{0, 0, 0, 0} Real Real
        (@DivisionSemiring.toSemiring.{0} Real
          (@Semifield.toDivisionSemiring.{0} Real
            (@Field.toSemifield.{0} Real
              (@NormedField.toField.{0} Real
                (@DenselyNormedField.toNormedField.{0} Real (@RCLike.toDenselyNormedField.{0} Real Real.instRCLike))))))
        (@DivisionSemiring.toSemiring.{0} Real
          (@Semifield.toDivisionSemiring.{0} Real
            (@Field.toSemifield.{0} Real
              (@NormedField.toField.{0} Real
                (@DenselyNormedField.toNormedField.{0} Real (@RCLike.toDenselyNormedField.{0} Real Real.instRCLike))))))
        (@RingHom.id.{0} Real
          (@Semiring.toNonAssocSemiring.{0} Real
            (@DivisionSemiring.toSemiring.{0} Real
              (@Semifield.toDivisionSemiring.{0} Real
                (@Field.toSemifield.{0} Real
                  (@NormedField.toField.{0} Real
                    (@DenselyNormedField.toNormedField.{0} Real
                      (@RCLike.toDenselyNormedField.{0} Real Real.instRCLike))))))))
        (@RingHom.id.{0} Real
          (@Semiring.toNonAssocSemiring.{0} Real
            (@DivisionSemiring.toSemiring.{0} Real
              (@Semifield.toDivisionSemiring.{0} Real
                (@Field.toSemifield.{0} Real
                  (@NormedField.toField.{0} Real
                    (@DenselyNormedField.toNormedField.{0} Real
                      (@RCLike.toDenselyNormedField.{0} Real Real.instRCLike))))))))
        NLA.KE04.act._proof_1 NLA.KE04.act._proof_1 (Matrix.{0, 0, 0} (Fin m) (Fin m) Real)
        (@LinearMap.{0, 0, 0, 0} Real Real
          (@DivisionSemiring.toSemiring.{0} Real
            (@Semifield.toDivisionSemiring.{0} Real
              (@Field.toSemifield.{0} Real
                (@NormedField.toField.{0} Real
                  (@DenselyNormedField.toNormedField.{0} Real
                    (@RCLike.toDenselyNormedField.{0} Real Real.instRCLike))))))
          (@DivisionSemiring.toSemiring.{0} Real
            (@Semifield.toDivisionSemiring.{0} Real
              (@Field.toSemifield.{0} Real
                (@NormedField.toField.{0} Real
                  (@DenselyNormedField.toNormedField.{0} Real
                    (@RCLike.toDenselyNormedField.{0} Real Real.instRCLike))))))
          (@RingHom.id.{0} Real
            (@Semiring.toNonAssocSemiring.{0} Real
              (@DivisionSemiring.toSemiring.{0} Real
                (@Semifield.toDivisionSemiring.{0} Real
                  (@Field.toSemifield.{0} Real
                    (@NormedField.toField.{0} Real
                      (@DenselyNormedField.toNormedField.{0} Real
                        (@RCLike.toDenselyNormedField.{0} Real Real.instRCLike))))))))
          (EuclideanSpace.{0, 0} Real (Fin m)) (EuclideanSpace.{0, 0} Real (Fin m))
          (@AddCommGroup.toAddCommMonoid.{0} (EuclideanSpace.{0, 0} Real (Fin m))
            (@WithLp.instAddCommGroup.{0}
              (@OfNat.ofNat.{0} ENNReal (nat_lit 2)
                (@instOfNatAtLeastTwo.{0} ENNReal (nat_lit 2)
                  (@AddMonoidWithOne.toNatCast.{0} ENNReal
                    (@AddCommMonoidWithOne.toAddMonoidWithOne.{0} ENNReal ENNReal.instAddCommMonoidWithOne))
                  PiLp.innerProductSpace._proof_1))
              ((i : Fin m) → (fun (x : Fin m) => Real) i)
              (@Pi.addCommGroup.{0, 0} (Fin m) (fun (x : Fin m) => Real) fun (i : Fin m) =>
                @Ring.toAddCommGroup.{0} Real
                  (@DivisionRing.toRing.{0} Real
                    (@Field.toDivisionRing.{0} Real
                      (@NormedField.toField.{0} Real
                        (@DenselyNormedField.toNormedField.{0} Real
                          (@RCLike.toDenselyNormedField.{0} Real Real.instRCLike))))))))
          (@AddCommGroup.toAddCommMonoid.{0} (EuclideanSpace.{0, 0} Real (Fin m))
            (@WithLp.instAddCommGroup.{0}
              (@OfNat.ofNat.{0} ENNReal (nat_lit 2)
                (@instOfNatAtLeastTwo.{0} ENNReal (nat_lit 2)
                  (@AddMonoidWithOne.toNatCast.{0} ENNReal
                    (@AddCommMonoidWithOne.toAddMonoidWithOne.{0} ENNReal ENNReal.instAddCommMonoidWithOne))
                  PiLp.innerProductSpace._proof_1))
              ((i : Fin m) → (fun (x : Fin m) => Real) i)
              (@Pi.addCommGroup.{0, 0} (Fin m) (fun (x : Fin m) => Real) fun (i : Fin m) =>
                @Ring.toAddCommGroup.{0} Real
                  (@DivisionRing.toRing.{0} Real
                    (@Field.toDivisionRing.{0} Real
                      (@NormedField.toField.{0} Real
                        (@DenselyNormedField.toNormedField.{0} Real
                          (@RCLike.toDenselyNormedField.{0} Real Real.instRCLike))))))))
          (@WithLp.instModule.{0, 0}
            (@OfNat.ofNat.{0} ENNReal (nat_lit 2)
              (@instOfNatAtLeastTwo.{0} ENNReal (nat_lit 2)
                (@AddMonoidWithOne.toNatCast.{0} ENNReal
                  (@AddCommMonoidWithOne.toAddMonoidWithOne.{0} ENNReal ENNReal.instAddCommMonoidWithOne))
                PiLp.innerProductSpace._proof_1))
            Real ((i : Fin m) → (fun (x : Fin m) => Real) i)
            (@DivisionSemiring.toSemiring.{0} Real
              (@Semifield.toDivisionSemiring.{0} Real
                (@Field.toSemifield.{0} Real
                  (@NormedField.toField.{0} Real
                    (@DenselyNormedField.toNormedField.{0} Real
                      (@RCLike.toDenselyNormedField.{0} Real Real.instRCLike))))))
            (@Pi.addCommGroup.{0, 0} (Fin m) (fun (x : Fin m) => Real) fun (i : Fin m) =>
              @Ring.toAddCommGroup.{0} Real
                (@DivisionRing.toRing.{0} Real
                  (@Field.toDivisionRing.{0} Real
                    (@NormedField.toField.{0} Real
                      (@DenselyNormedField.toNormedField.{0} Real
                        (@RCLike.toDenselyNormedField.{0} Real Real.instRCLike))))))
            (@Pi.Function.module.{0, 0, 0} (Fin m) Real Real
              (@DivisionSemiring.toSemiring.{0} Real
                (@Semifield.toDivisionSemiring.{0} Real
                  (@Field.toSemifield.{0} Real
                    (@NormedField.toField.{0} Real
                      (@DenselyNormedField.toNormedField.{0} Real
                        (@RCLike.toDenselyNormedField.{0} Real Real.instRCLike))))))
              (@Semiring.toAddCommMonoid.{0} Real
                (@Ring.toSemiring.{0} Real
                  (@DivisionRing.toRing.{0} Real
                    (@Field.toDivisionRing.{0} Real
                      (@NormedField.toField.{0} Real
                        (@DenselyNormedField.toNormedField.{0} Real
                          (@RCLike.toDenselyNormedField.{0} Real Real.instRCLike)))))))
              (@Semiring.toModule.{0} Real
                (@DivisionSemiring.toSemiring.{0} Real
                  (@Semifield.toDivisionSemiring.{0} Real
                    (@Field.toSemifield.{0} Real
                      (@NormedField.toField.{0} Real
                        (@DenselyNormedField.toNormedField.{0} Real
                          (@RCLike.toDenselyNormedField.{0} Real Real.instRCLike)))))))))
          (@WithLp.instModule.{0, 0}
            (@OfNat.ofNat.{0} ENNReal (nat_lit 2)
              (@instOfNatAtLeastTwo.{0} ENNReal (nat_lit 2)
                (@AddMonoidWithOne.toNatCast.{0} ENNReal
                  (@AddCommMonoidWithOne.toAddMonoidWithOne.{0} ENNReal ENNReal.instAddCommMonoidWithOne))
                PiLp.innerProductSpace._proof_1))
            Real ((i : Fin m) → (fun (x : Fin m) => Real) i)
            (@DivisionSemiring.toSemiring.{0} Real
              (@Semifield.toDivisionSemiring.{0} Real
                (@Field.toSemifield.{0} Real
                  (@NormedField.toField.{0} Real
                    (@DenselyNormedField.toNormedField.{0} Real
                      (@RCLike.toDenselyNormedField.{0} Real Real.instRCLike))))))
            (@Pi.addCommGroup.{0, 0} (Fin m) (fun (x : Fin m) => Real) fun (i : Fin m) =>
              @Ring.toAddCommGroup.{0} Real
                (@DivisionRing.toRing.{0} Real
                  (@Field.toDivisionRing.{0} Real
                    (@NormedField.toField.{0} Real
                      (@DenselyNormedField.toNormedField.{0} Real
                        (@RCLike.toDenselyNormedField.{0} Real Real.instRCLike))))))
            (@Pi.Function.module.{0, 0, 0} (Fin m) Real Real
              (@DivisionSemiring.toSemiring.{0} Real
                (@Semifield.toDivisionSemiring.{0} Real
                  (@Field.toSemifield.{0} Real
                    (@NormedField.toField.{0} Real
                      (@DenselyNormedField.toNormedField.{0} Real
                        (@RCLike.toDenselyNormedField.{0} Real Real.instRCLike))))))
              (@Semiring.toAddCommMonoid.{0} Real
                (@Ring.toSemiring.{0} Real
                  (@DivisionRing.toRing.{0} Real
                    (@Field.toDivisionRing.{0} Real
                      (@NormedField.toField.{0} Real
                        (@DenselyNormedField.toNormedField.{0} Real
                          (@RCLike.toDenselyNormedField.{0} Real Real.instRCLike)))))))
              (@Semiring.toModule.{0} Real
                (@DivisionSemiring.toSemiring.{0} Real
                  (@Semifield.toDivisionSemiring.{0} Real
                    (@Field.toSemifield.{0} Real
                      (@NormedField.toField.{0} Real
                        (@DenselyNormedField.toNormedField.{0} Real
                          (@RCLike.toDenselyNormedField.{0} Real Real.instRCLike))))))))))
        (@Matrix.addCommMonoid.{0, 0, 0} (Fin m) (Fin m) Real
          (@Semiring.toAddCommMonoid.{0} Real
            (@DivisionSemiring.toSemiring.{0} Real
              (@Semifield.toDivisionSemiring.{0} Real
                (@Field.toSemifield.{0} Real
                  (@NormedField.toField.{0} Real
                    (@DenselyNormedField.toNormedField.{0} Real
                      (@RCLike.toDenselyNormedField.{0} Real Real.instRCLike))))))))
        (@LinearMap.addCommMonoid.{0, 0, 0, 0} Real Real (EuclideanSpace.{0, 0} Real (Fin m))
          (EuclideanSpace.{0, 0} Real (Fin m))
          (@DivisionSemiring.toSemiring.{0} Real
            (@Semifield.toDivisionSemiring.{0} Real
              (@Field.toSemifield.{0} Real
                (@NormedField.toField.{0} Real
                  (@DenselyNormedField.toNormedField.{0} Real
                    (@RCLike.toDenselyNormedField.{0} Real Real.instRCLike))))))
          (@DivisionSemiring.toSemiring.{0} Real
            (@Semifield.toDivisionSemiring.{0} Real
              (@Field.toSemifield.{0} Real
                (@NormedField.toField.{0} Real
                  (@DenselyNormedField.toNormedField.{0} Real
                    (@RCLike.toDenselyNormedField.{0} Real Real.instRCLike))))))
          (@AddCommGroup.toAddCommMonoid.{0} (EuclideanSpace.{0, 0} Real (Fin m))
            (@WithLp.instAddCommGroup.{0}
              (@OfNat.ofNat.{0} ENNReal (nat_lit 2)
                (@instOfNatAtLeastTwo.{0} ENNReal (nat_lit 2)
                  (@AddMonoidWithOne.toNatCast.{0} ENNReal
                    (@AddCommMonoidWithOne.toAddMonoidWithOne.{0} ENNReal ENNReal.instAddCommMonoidWithOne))
                  PiLp.innerProductSpace._proof_1))
              ((i : Fin m) → (fun (x : Fin m) => Real) i)
              (@Pi.addCommGroup.{0, 0} (Fin m) (fun (x : Fin m) => Real) fun (i : Fin m) =>
                @Ring.toAddCommGroup.{0} Real
                  (@DivisionRing.toRing.{0} Real
                    (@Field.toDivisionRing.{0} Real
                      (@NormedField.toField.{0} Real
                        (@DenselyNormedField.toNormedField.{0} Real
                          (@RCLike.toDenselyNormedField.{0} Real Real.instRCLike))))))))
          (@AddCommGroup.toAddCommMonoid.{0} (EuclideanSpace.{0, 0} Real (Fin m))
            (@WithLp.instAddCommGroup.{0}
              (@OfNat.ofNat.{0} ENNReal (nat_lit 2)
                (@instOfNatAtLeastTwo.{0} ENNReal (nat_lit 2)
                  (@AddMonoidWithOne.toNatCast.{0} ENNReal
                    (@AddCommMonoidWithOne.toAddMonoidWithOne.{0} ENNReal ENNReal.instAddCommMonoidWithOne))
                  PiLp.innerProductSpace._proof_1))
              ((i : Fin m) → (fun (x : Fin m) => Real) i)
              (@Pi.addCommGroup.{0, 0} (Fin m) (fun (x : Fin m) => Real) fun (i : Fin m) =>
                @Ring.toAddCommGroup.{0} Real
                  (@DivisionRing.toRing.{0} Real
                    (@Field.toDivisionRing.{0} Real
                      (@NormedField.toField.{0} Real
                        (@DenselyNormedField.toNormedField.{0} Real
                          (@RCLike.toDenselyNormedField.{0} Real Real.instRCLike))))))))
          (@WithLp.instModule.{0, 0}
            (@OfNat.ofNat.{0} ENNReal (nat_lit 2)
              (@instOfNatAtLeastTwo.{0} ENNReal (nat_lit 2)
                (@AddMonoidWithOne.toNatCast.{0} ENNReal
                  (@AddCommMonoidWithOne.toAddMonoidWithOne.{0} ENNReal ENNReal.instAddCommMonoidWithOne))
                PiLp.innerProductSpace._proof_1))
            Real ((i : Fin m) → (fun (x : Fin m) => Real) i)
            (@DivisionSemiring.toSemiring.{0} Real
              (@Semifield.toDivisionSemiring.{0} Real
                (@Field.toSemifield.{0} Real
                  (@NormedField.toField.{0} Real
                    (@DenselyNormedField.toNormedField.{0} Real
                      (@RCLike.toDenselyNormedField.{0} Real Real.instRCLike))))))
            (@Pi.addCommGroup.{0, 0} (Fin m) (fun (x : Fin m) => Real) fun (i : Fin m) =>
              @Ring.toAddCommGroup.{0} Real
                (@DivisionRing.toRing.{0} Real
                  (@Field.toDivisionRing.{0} Real
                    (@NormedField.toField.{0} Real
                      (@DenselyNormedField.toNormedField.{0} Real
                        (@RCLike.toDenselyNormedField.{0} Real Real.instRCLike))))))
            (@Pi.Function.module.{0, 0, 0} (Fin m) Real Real
              (@DivisionSemiring.toSemiring.{0} Real
                (@Semifield.toDivisionSemiring.{0} Real
                  (@Field.toSemifield.{0} Real
                    (@NormedField.toField.{0} Real
                      (@DenselyNormedField.toNormedField.{0} Real
                        (@RCLike.toDenselyNormedField.{0} Real Real.instRCLike))))))
              (@Semiring.toAddCommMonoid.{0} Real
                (@Ring.toSemiring.{0} Real
                  (@DivisionRing.toRing.{0} Real
                    (@Field.toDivisionRing.{0} Real
                      (@NormedField.toField.{0} Real
                        (@DenselyNormedField.toNormedField.{0} Real
                          (@RCLike.toDenselyNormedField.{0} Real Real.instRCLike)))))))
              (@Semiring.toModule.{0} Real
                (@DivisionSemiring.toSemiring.{0} Real
                  (@Semifield.toDivisionSemiring.{0} Real
                    (@Field.toSemifield.{0} Real
                      (@NormedField.toField.{0} Real
                        (@DenselyNormedField.toNormedField.{0} Real
                          (@RCLike.toDenselyNormedField.{0} Real Real.instRCLike)))))))))
          (@WithLp.instModule.{0, 0}
            (@OfNat.ofNat.{0} ENNReal (nat_lit 2)
              (@instOfNatAtLeastTwo.{0} ENNReal (nat_lit 2)
                (@AddMonoidWithOne.toNatCast.{0} ENNReal
                  (@AddCommMonoidWithOne.toAddMonoidWithOne.{0} ENNReal ENNReal.instAddCommMonoidWithOne))
                PiLp.innerProductSpace._proof_1))
            Real ((i : Fin m) → (fun (x : Fin m) => Real) i)
            (@DivisionSemiring.toSemiring.{0} Real
              (@Semifield.toDivisionSemiring.{0} Real
                (@Field.toSemifield.{0} Real
                  (@NormedField.toField.{0} Real
                    (@DenselyNormedField.toNormedField.{0} Real
                      (@RCLike.toDenselyNormedField.{0} Real Real.instRCLike))))))
            (@Pi.addCommGroup.{0, 0} (Fin m) (fun (x : Fin m) => Real) fun (i : Fin m) =>
              @Ring.toAddCommGroup.{0} Real
                (@DivisionRing.toRing.{0} Real
                  (@Field.toDivisionRing.{0} Real
                    (@NormedField.toField.{0} Real
                      (@DenselyNormedField.toNormedField.{0} Real
                        (@RCLike.toDenselyNormedField.{0} Real Real.instRCLike))))))
            (@Pi.Function.module.{0, 0, 0} (Fin m) Real Real
              (@DivisionSemiring.toSemiring.{0} Real
                (@Semifield.toDivisionSemiring.{0} Real
                  (@Field.toSemifield.{0} Real
                    (@NormedField.toField.{0} Real
                      (@DenselyNormedField.toNormedField.{0} Real
                        (@RCLike.toDenselyNormedField.{0} Real Real.instRCLike))))))
              (@Semiring.toAddCommMonoid.{0} Real
                (@Ring.toSemiring.{0} Real
                  (@DivisionRing.toRing.{0} Real
                    (@Field.toDivisionRing.{0} Real
                      (@NormedField.toField.{0} Real
                        (@DenselyNormedField.toNormedField.{0} Real
                          (@RCLike.toDenselyNormedField.{0} Real Real.instRCLike)))))))
              (@Semiring.toModule.{0} Real
                (@DivisionSemiring.toSemiring.{0} Real
                  (@Semifield.toDivisionSemiring.{0} Real
                    (@Field.toSemifield.{0} Real
                      (@NormedField.toField.{0} Real
                        (@DenselyNormedField.toNormedField.{0} Real
                          (@RCLike.toDenselyNormedField.{0} Real Real.instRCLike)))))))))
          (@RingHom.id.{0} Real
            (@Semiring.toNonAssocSemiring.{0} Real
              (@DivisionSemiring.toSemiring.{0} Real
                (@Semifield.toDivisionSemiring.{0} Real
                  (@Field.toSemifield.{0} Real
                    (@NormedField.toField.{0} Real
                      (@DenselyNormedField.toNormedField.{0} Real
                        (@RCLike.toDenselyNormedField.{0} Real Real.instRCLike)))))))))
        (@Matrix.module.{0, 0, 0, 0} (Fin m) (Fin m) Real Real
          (@DivisionSemiring.toSemiring.{0} Real
            (@Semifield.toDivisionSemiring.{0} Real
              (@Field.toSemifield.{0} Real
                (@NormedField.toField.{0} Real
                  (@DenselyNormedField.toNormedField.{0} Real
                    (@RCLike.toDenselyNormedField.{0} Real Real.instRCLike))))))
          (@Semiring.toAddCommMonoid.{0} Real
            (@DivisionSemiring.toSemiring.{0} Real
              (@Semifield.toDivisionSemiring.{0} Real
                (@Field.toSemifield.{0} Real
                  (@NormedField.toField.{0} Real
                    (@DenselyNormedField.toNormedField.{0} Real
                      (@RCLike.toDenselyNormedField.{0} Real Real.instRCLike)))))))
          (@Semiring.toModule.{0} Real
            (@DivisionSemiring.toSemiring.{0} Real
              (@Semifield.toDivisionSemiring.{0} Real
                (@Field.toSemifield.{0} Real
                  (@NormedField.toField.{0} Real
                    (@DenselyNormedField.toNormedField.{0} Real
                      (@RCLike.toDenselyNormedField.{0} Real Real.instRCLike))))))))
        (@LinearMap.module.{0, 0, 0, 0, 0} Real Real Real (EuclideanSpace.{0, 0} Real (Fin m))
          (EuclideanSpace.{0, 0} Real (Fin m))
          (@DivisionSemiring.toSemiring.{0} Real
            (@Semifield.toDivisionSemiring.{0} Real
              (@Field.toSemifield.{0} Real
                (@NormedField.toField.{0} Real
                  (@DenselyNormedField.toNormedField.{0} Real
                    (@RCLike.toDenselyNormedField.{0} Real Real.instRCLike))))))
          (@DivisionSemiring.toSemiring.{0} Real
            (@Semifield.toDivisionSemiring.{0} Real
              (@Field.toSemifield.{0} Real
                (@NormedField.toField.{0} Real
                  (@DenselyNormedField.toNormedField.{0} Real
                    (@RCLike.toDenselyNormedField.{0} Real Real.instRCLike))))))
          (@AddCommGroup.toAddCommMonoid.{0} (EuclideanSpace.{0, 0} Real (Fin m))
            (@WithLp.instAddCommGroup.{0}
              (@OfNat.ofNat.{0} ENNReal (nat_lit 2)
                (@instOfNatAtLeastTwo.{0} ENNReal (nat_lit 2)
                  (@AddMonoidWithOne.toNatCast.{0} ENNReal
                    (@AddCommMonoidWithOne.toAddMonoidWithOne.{0} ENNReal ENNReal.instAddCommMonoidWithOne))
                  PiLp.innerProductSpace._proof_1))
              ((i : Fin m) → (fun (x : Fin m) => Real) i)
              (@Pi.addCommGroup.{0, 0} (Fin m) (fun (x : Fin m) => Real) fun (i : Fin m) =>
                @Ring.toAddCommGroup.{0} Real
                  (@DivisionRing.toRing.{0} Real
                    (@Field.toDivisionRing.{0} Real
                      (@NormedField.toField.{0} Real
                        (@DenselyNormedField.toNormedField.{0} Real
                          (@RCLike.toDenselyNormedField.{0} Real Real.instRCLike))))))))
          (@AddCommGroup.toAddCommMonoid.{0} (EuclideanSpace.{0, 0} Real (Fin m))
            (@WithLp.instAddCommGroup.{0}
              (@OfNat.ofNat.{0} ENNReal (nat_lit 2)
                (@instOfNatAtLeastTwo.{0} ENNReal (nat_lit 2)
                  (@AddMonoidWithOne.toNatCast.{0} ENNReal
                    (@AddCommMonoidWithOne.toAddMonoidWithOne.{0} ENNReal ENNReal.instAddCommMonoidWithOne))
                  PiLp.innerProductSpace._proof_1))
              ((i : Fin m) → (fun (x : Fin m) => Real) i)
              (@Pi.addCommGroup.{0, 0} (Fin m) (fun (x : Fin m) => Real) fun (i : Fin m) =>
                @Ring.toAddCommGroup.{0} Real
                  (@DivisionRing.toRing.{0} Real
                    (@Field.toDivisionRing.{0} Real
                      (@NormedField.toField.{0} Real
                        (@DenselyNormedField.toNormedField.{0} Real
                          (@RCLike.toDenselyNormedField.{0} Real Real.instRCLike))))))))
          (@WithLp.instModule.{0, 0}
            (@OfNat.ofNat.{0} ENNReal (nat_lit 2)
              (@instOfNatAtLeastTwo.{0} ENNReal (nat_lit 2)
                (@AddMonoidWithOne.toNatCast.{0} ENNReal
                  (@AddCommMonoidWithOne.toAddMonoidWithOne.{0} ENNReal ENNReal.instAddCommMonoidWithOne))
                PiLp.innerProductSpace._proof_1))
            Real ((i : Fin m) → (fun (x : Fin m) => Real) i)
            (@DivisionSemiring.toSemiring.{0} Real
              (@Semifield.toDivisionSemiring.{0} Real
                (@Field.toSemifield.{0} Real
                  (@NormedField.toField.{0} Real
                    (@DenselyNormedField.toNormedField.{0} Real
                      (@RCLike.toDenselyNormedField.{0} Real Real.instRCLike))))))
            (@Pi.addCommGroup.{0, 0} (Fin m) (fun (x : Fin m) => Real) fun (i : Fin m) =>
              @Ring.toAddCommGroup.{0} Real
                (@DivisionRing.toRing.{0} Real
                  (@Field.toDivisionRing.{0} Real
                    (@NormedField.toField.{0} Real
                      (@DenselyNormedField.toNormedField.{0} Real
                        (@RCLike.toDenselyNormedField.{0} Real Real.instRCLike))))))
            (@Pi.Function.module.{0, 0, 0} (Fin m) Real Real
              (@DivisionSemiring.toSemiring.{0} Real
                (@Semifield.toDivisionSemiring.{0} Real
                  (@Field.toSemifield.{0} Real
                    (@NormedField.toField.{0} Real
                      (@DenselyNormedField.toNormedField.{0} Real
                        (@RCLike.toDenselyNormedField.{0} Real Real.instRCLike))))))
              (@Semiring.toAddCommMonoid.{0} Real
                (@Ring.toSemiring.{0} Real
                  (@DivisionRing.toRing.{0} Real
                    (@Field.toDivisionRing.{0} Real
                      (@NormedField.toField.{0} Real
                        (@DenselyNormedField.toNormedField.{0} Real
                          (@RCLike.toDenselyNormedField.{0} Real Real.instRCLike)))))))
              (@Semiring.toModule.{0} Real
                (@DivisionSemiring.toSemiring.{0} Real
                  (@Semifield.toDivisionSemiring.{0} Real
                    (@Field.toSemifield.{0} Real
                      (@NormedField.toField.{0} Real
                        (@DenselyNormedField.toNormedField.{0} Real
                          (@RCLike.toDenselyNormedField.{0} Real Real.instRCLike)))))))))
          (@WithLp.instModule.{0, 0}
            (@OfNat.ofNat.{0} ENNReal (nat_lit 2)
              (@instOfNatAtLeastTwo.{0} ENNReal (nat_lit 2)
                (@AddMonoidWithOne.toNatCast.{0} ENNReal
                  (@AddCommMonoidWithOne.toAddMonoidWithOne.{0} ENNReal ENNReal.instAddCommMonoidWithOne))
                PiLp.innerProductSpace._proof_1))
            Real ((i : Fin m) → (fun (x : Fin m) => Real) i)
            (@DivisionSemiring.toSemiring.{0} Real
              (@Semifield.toDivisionSemiring.{0} Real
                (@Field.toSemifield.{0} Real
                  (@NormedField.toField.{0} Real
                    (@DenselyNormedField.toNormedField.{0} Real
                      (@RCLike.toDenselyNormedField.{0} Real Real.instRCLike))))))
            (@Pi.addCommGroup.{0, 0} (Fin m) (fun (x : Fin m) => Real) fun (i : Fin m) =>
              @Ring.toAddCommGroup.{0} Real
                (@DivisionRing.toRing.{0} Real
                  (@Field.toDivisionRing.{0} Real
                    (@NormedField.toField.{0} Real
                      (@DenselyNormedField.toNormedField.{0} Real
                        (@RCLike.toDenselyNormedField.{0} Real Real.instRCLike))))))
            (@Pi.Function.module.{0, 0, 0} (Fin m) Real Real
              (@DivisionSemiring.toSemiring.{0} Real
                (@Semifield.toDivisionSemiring.{0} Real
                  (@Field.toSemifield.{0} Real
                    (@NormedField.toField.{0} Real
                      (@DenselyNormedField.toNormedField.{0} Real
                        (@RCLike.toDenselyNormedField.{0} Real Real.instRCLike))))))
              (@Semiring.toAddCommMonoid.{0} Real
                (@Ring.toSemiring.{0} Real
                  (@DivisionRing.toRing.{0} Real
                    (@Field.toDivisionRing.{0} Real
                      (@NormedField.toField.{0} Real
                        (@DenselyNormedField.toNormedField.{0} Real
                          (@RCLike.toDenselyNormedField.{0} Real Real.instRCLike)))))))
              (@Semiring.toModule.{0} Real
                (@DivisionSemiring.toSemiring.{0} Real
                  (@Semifield.toDivisionSemiring.{0} Real
                    (@Field.toSemifield.{0} Real
                      (@NormedField.toField.{0} Real
                        (@DenselyNormedField.toNormedField.{0} Real
                          (@RCLike.toDenselyNormedField.{0} Real Real.instRCLike)))))))))
          (@RingHom.id.{0} Real
            (@Semiring.toNonAssocSemiring.{0} Real
              (@DivisionSemiring.toSemiring.{0} Real
                (@Semifield.toDivisionSemiring.{0} Real
                  (@Field.toSemifield.{0} Real
                    (@NormedField.toField.{0} Real
                      (@DenselyNormedField.toNormedField.{0} Real
                        (@RCLike.toDenselyNormedField.{0} Real Real.instRCLike))))))))
          (@DivisionSemiring.toSemiring.{0} Real
            (@Semifield.toDivisionSemiring.{0} Real
              (@Field.toSemifield.{0} Real
                (@NormedField.toField.{0} Real
                  (@DenselyNormedField.toNormedField.{0} Real
                    (@RCLike.toDenselyNormedField.{0} Real Real.instRCLike))))))
          (@WithLp.instModule.{0, 0}
            (@OfNat.ofNat.{0} ENNReal (nat_lit 2)
              (@instOfNatAtLeastTwo.{0} ENNReal (nat_lit 2)
                (@AddMonoidWithOne.toNatCast.{0} ENNReal
                  (@AddCommMonoidWithOne.toAddMonoidWithOne.{0} ENNReal ENNReal.instAddCommMonoidWithOne))
                PiLp.innerProductSpace._proof_1))
            Real ((i : Fin m) → (fun (x : Fin m) => Real) i)
            (@DivisionSemiring.toSemiring.{0} Real
              (@Semifield.toDivisionSemiring.{0} Real
                (@Field.toSemifield.{0} Real
                  (@NormedField.toField.{0} Real
                    (@DenselyNormedField.toNormedField.{0} Real
                      (@RCLike.toDenselyNormedField.{0} Real Real.instRCLike))))))
            (@Pi.addCommGroup.{0, 0} (Fin m) (fun (x : Fin m) => Real) fun (i : Fin m) =>
              @Ring.toAddCommGroup.{0} Real
                (@DivisionRing.toRing.{0} Real
                  (@Field.toDivisionRing.{0} Real
                    (@NormedField.toField.{0} Real
                      (@DenselyNormedField.toNormedField.{0} Real
                        (@RCLike.toDenselyNormedField.{0} Real Real.instRCLike))))))
            (@Pi.Function.module.{0, 0, 0} (Fin m) Real Real
              (@DivisionSemiring.toSemiring.{0} Real
                (@Semifield.toDivisionSemiring.{0} Real
                  (@Field.toSemifield.{0} Real
                    (@NormedField.toField.{0} Real
                      (@DenselyNormedField.toNormedField.{0} Real
                        (@RCLike.toDenselyNormedField.{0} Real Real.instRCLike))))))
              (@Semiring.toAddCommMonoid.{0} Real
                (@Ring.toSemiring.{0} Real
                  (@DivisionRing.toRing.{0} Real
                    (@Field.toDivisionRing.{0} Real
                      (@NormedField.toField.{0} Real
                        (@DenselyNormedField.toNormedField.{0} Real
                          (@RCLike.toDenselyNormedField.{0} Real Real.instRCLike)))))))
              (@Semiring.toModule.{0} Real
                (@DivisionSemiring.toSemiring.{0} Real
                  (@Semifield.toDivisionSemiring.{0} Real
                    (@Field.toSemifield.{0} Real
                      (@NormedField.toField.{0} Real
                        (@DenselyNormedField.toNormedField.{0} Real
                          (@RCLike.toDenselyNormedField.{0} Real Real.instRCLike)))))))))
          (@NLA.KE04.act._proof_2 m)))
      (Matrix.{0, 0, 0} (Fin m) (Fin m) Real)
      (fun (x : Matrix.{0, 0, 0} (Fin m) (Fin m) Real) =>
        @LinearMap.{0, 0, 0, 0} Real Real
          (@DivisionSemiring.toSemiring.{0} Real
            (@Semifield.toDivisionSemiring.{0} Real
              (@Field.toSemifield.{0} Real
                (@NormedField.toField.{0} Real
                  (@DenselyNormedField.toNormedField.{0} Real
                    (@RCLike.toDenselyNormedField.{0} Real Real.instRCLike))))))
          (@DivisionSemiring.toSemiring.{0} Real
            (@Semifield.toDivisionSemiring.{0} Real
              (@Field.toSemifield.{0} Real
                (@NormedField.toField.{0} Real
                  (@DenselyNormedField.toNormedField.{0} Real
                    (@RCLike.toDenselyNormedField.{0} Real Real.instRCLike))))))
          (@RingHom.id.{0} Real
            (@Semiring.toNonAssocSemiring.{0} Real
              (@DivisionSemiring.toSemiring.{0} Real
                (@Semifield.toDivisionSemiring.{0} Real
                  (@Field.toSemifield.{0} Real
                    (@NormedField.toField.{0} Real
                      (@DenselyNormedField.toNormedField.{0} Real
                        (@RCLike.toDenselyNormedField.{0} Real Real.instRCLike))))))))
          (EuclideanSpace.{0, 0} Real (Fin m)) (EuclideanSpace.{0, 0} Real (Fin m))
          (@AddCommGroup.toAddCommMonoid.{0} (EuclideanSpace.{0, 0} Real (Fin m))
            (@WithLp.instAddCommGroup.{0}
              (@OfNat.ofNat.{0} ENNReal (nat_lit 2)
                (@instOfNatAtLeastTwo.{0} ENNReal (nat_lit 2)
                  (@AddMonoidWithOne.toNatCast.{0} ENNReal
                    (@AddCommMonoidWithOne.toAddMonoidWithOne.{0} ENNReal ENNReal.instAddCommMonoidWithOne))
                  PiLp.innerProductSpace._proof_1))
              ((i : Fin m) → (fun (x : Fin m) => Real) i)
              (@Pi.addCommGroup.{0, 0} (Fin m) (fun (x : Fin m) => Real) fun (i : Fin m) =>
                @Ring.toAddCommGroup.{0} Real
                  (@DivisionRing.toRing.{0} Real
                    (@Field.toDivisionRing.{0} Real
                      (@NormedField.toField.{0} Real
                        (@DenselyNormedField.toNormedField.{0} Real
                          (@RCLike.toDenselyNormedField.{0} Real Real.instRCLike))))))))
          (@AddCommGroup.toAddCommMonoid.{0} (EuclideanSpace.{0, 0} Real (Fin m))
            (@WithLp.instAddCommGroup.{0}
              (@OfNat.ofNat.{0} ENNReal (nat_lit 2)
                (@instOfNatAtLeastTwo.{0} ENNReal (nat_lit 2)
                  (@AddMonoidWithOne.toNatCast.{0} ENNReal
                    (@AddCommMonoidWithOne.toAddMonoidWithOne.{0} ENNReal ENNReal.instAddCommMonoidWithOne))
                  PiLp.innerProductSpace._proof_1))
              ((i : Fin m) → (fun (x : Fin m) => Real) i)
              (@Pi.addCommGroup.{0, 0} (Fin m) (fun (x : Fin m) => Real) fun (i : Fin m) =>
                @Ring.toAddCommGroup.{0} Real
                  (@DivisionRing.toRing.{0} Real
                    (@Field.toDivisionRing.{0} Real
                      (@NormedField.toField.{0} Real
                        (@DenselyNormedField.toNormedField.{0} Real
                          (@RCLike.toDenselyNormedField.{0} Real Real.instRCLike))))))))
          (@WithLp.instModule.{0, 0}
            (@OfNat.ofNat.{0} ENNReal (nat_lit 2)
              (@instOfNatAtLeastTwo.{0} ENNReal (nat_lit 2)
                (@AddMonoidWithOne.toNatCast.{0} ENNReal
                  (@AddCommMonoidWithOne.toAddMonoidWithOne.{0} ENNReal ENNReal.instAddCommMonoidWithOne))
                PiLp.innerProductSpace._proof_1))
            Real ((i : Fin m) → (fun (x : Fin m) => Real) i)
            (@DivisionSemiring.toSemiring.{0} Real
              (@Semifield.toDivisionSemiring.{0} Real
                (@Field.toSemifield.{0} Real
                  (@NormedField.toField.{0} Real
                    (@DenselyNormedField.toNormedField.{0} Real
                      (@RCLike.toDenselyNormedField.{0} Real Real.instRCLike))))))
            (@Pi.addCommGroup.{0, 0} (Fin m) (fun (x : Fin m) => Real) fun (i : Fin m) =>
              @Ring.toAddCommGroup.{0} Real
                (@DivisionRing.toRing.{0} Real
                  (@Field.toDivisionRing.{0} Real
                    (@NormedField.toField.{0} Real
                      (@DenselyNormedField.toNormedField.{0} Real
                        (@RCLike.toDenselyNormedField.{0} Real Real.instRCLike))))))
            (@Pi.Function.module.{0, 0, 0} (Fin m) Real Real
              (@DivisionSemiring.toSemiring.{0} Real
                (@Semifield.toDivisionSemiring.{0} Real
                  (@Field.toSemifield.{0} Real
                    (@NormedField.toField.{0} Real
                      (@DenselyNormedField.toNormedField.{0} Real
                        (@RCLike.toDenselyNormedField.{0} Real Real.instRCLike))))))
              (@Semiring.toAddCommMonoid.{0} Real
                (@Ring.toSemiring.{0} Real
                  (@DivisionRing.toRing.{0} Real
                    (@Field.toDivisionRing.{0} Real
                      (@NormedField.toField.{0} Real
                        (@DenselyNormedField.toNormedField.{0} Real
                          (@RCLike.toDenselyNormedField.{0} Real Real.instRCLike)))))))
              (@Semiring.toModule.{0} Real
                (@DivisionSemiring.toSemiring.{0} Real
                  (@Semifield.toDivisionSemiring.{0} Real
                    (@Field.toSemifield.{0} Real
                      (@NormedField.toField.{0} Real
                        (@DenselyNormedField.toNormedField.{0} Real
                          (@RCLike.toDenselyNormedField.{0} Real Real.instRCLike)))))))))
          (@WithLp.instModule.{0, 0}
            (@OfNat.ofNat.{0} ENNReal (nat_lit 2)
              (@instOfNatAtLeastTwo.{0} ENNReal (nat_lit 2)
                (@AddMonoidWithOne.toNatCast.{0} ENNReal
                  (@AddCommMonoidWithOne.toAddMonoidWithOne.{0} ENNReal ENNReal.instAddCommMonoidWithOne))
                PiLp.innerProductSpace._proof_1))
            Real ((i : Fin m) → (fun (x : Fin m) => Real) i)
            (@DivisionSemiring.toSemiring.{0} Real
              (@Semifield.toDivisionSemiring.{0} Real
                (@Field.toSemifield.{0} Real
                  (@NormedField.toField.{0} Real
                    (@DenselyNormedField.toNormedField.{0} Real
                      (@RCLike.toDenselyNormedField.{0} Real Real.instRCLike))))))
            (@Pi.addCommGroup.{0, 0} (Fin m) (fun (x : Fin m) => Real) fun (i : Fin m) =>
              @Ring.toAddCommGroup.{0} Real
                (@DivisionRing.toRing.{0} Real
                  (@Field.toDivisionRing.{0} Real
                    (@NormedField.toField.{0} Real
                      (@DenselyNormedField.toNormedField.{0} Real
                        (@RCLike.toDenselyNormedField.{0} Real Real.instRCLike))))))
            (@Pi.Function.module.{0, 0, 0} (Fin m) Real Real
              (@DivisionSemiring.toSemiring.{0} Real
                (@Semifield.toDivisionSemiring.{0} Real
                  (@Field.toSemifield.{0} Real
                    (@NormedField.toField.{0} Real
                      (@DenselyNormedField.toNormedField.{0} Real
                        (@RCLike.toDenselyNormedField.{0} Real Real.instRCLike))))))
              (@Semiring.toAddCommMonoid.{0} Real
                (@Ring.toSemiring.{0} Real
                  (@DivisionRing.toRing.{0} Real
                    (@Field.toDivisionRing.{0} Real
                      (@NormedField.toField.{0} Real
                        (@DenselyNormedField.toNormedField.{0} Real
                          (@RCLike.toDenselyNormedField.{0} Real Real.instRCLike)))))))
              (@Semiring.toModule.{0} Real
                (@DivisionSemiring.toSemiring.{0} Real
                  (@Semifield.toDivisionSemiring.{0} Real
                    (@Field.toSemifield.{0} Real
                      (@NormedField.toField.{0} Real
                        (@DenselyNormedField.toNormedField.{0} Real
                          (@RCLike.toDenselyNormedField.{0} Real Real.instRCLike))))))))))
      (@EquivLike.toFunLike.{1, 1, 1}
        (@LinearEquiv.{0, 0, 0, 0} Real Real
          (@DivisionSemiring.toSemiring.{0} Real
            (@Semifield.toDivisionSemiring.{0} Real
              (@Field.toSemifield.{0} Real
                (@NormedField.toField.{0} Real
                  (@DenselyNormedField.toNormedField.{0} Real
                    (@RCLike.toDenselyNormedField.{0} Real Real.instRCLike))))))
          (@DivisionSemiring.toSemiring.{0} Real
            (@Semifield.toDivisionSemiring.{0} Real
              (@Field.toSemifield.{0} Real
                (@NormedField.toField.{0} Real
                  (@DenselyNormedField.toNormedField.{0} Real
                    (@RCLike.toDenselyNormedField.{0} Real Real.instRCLike))))))
          (@RingHom.id.{0} Real
            (@Semiring.toNonAssocSemiring.{0} Real
              (@DivisionSemiring.toSemiring.{0} Real
                (@Semifield.toDivisionSemiring.{0} Real
                  (@Field.toSemifield.{0} Real
                    (@NormedField.toField.{0} Real
                      (@DenselyNormedField.toNormedField.{0} Real
                        (@RCLike.toDenselyNormedField.{0} Real Real.instRCLike))))))))
          (@RingHom.id.{0} Real
            (@Semiring.toNonAssocSemiring.{0} Real
              (@DivisionSemiring.toSemiring.{0} Real
                (@Semifield.toDivisionSemiring.{0} Real
                  (@Field.toSemifield.{0} Real
                    (@NormedField.toField.{0} Real
                      (@DenselyNormedField.toNormedField.{0} Real
                        (@RCLike.toDenselyNormedField.{0} Real Real.instRCLike))))))))
          NLA.KE04.act._proof_1 NLA.KE04.act._proof_1 (Matrix.{0, 0, 0} (Fin m) (Fin m) Real)
          (@LinearMap.{0, 0, 0, 0} Real Real
            (@DivisionSemiring.toSemiring.{0} Real
              (@Semifield.toDivisionSemiring.{0} Real
                (@Field.toSemifield.{0} Real
                  (@NormedField.toField.{0} Real
                    (@DenselyNormedField.toNormedField.{0} Real
                      (@RCLike.toDenselyNormedField.{0} Real Real.instRCLike))))))
            (@DivisionSemiring.toSemiring.{0} Real
              (@Semifield.toDivisionSemiring.{0} Real
                (@Field.toSemifield.{0} Real
                  (@NormedField.toField.{0} Real
                    (@DenselyNormedField.toNormedField.{0} Real
                      (@RCLike.toDenselyNormedField.{0} Real Real.instRCLike))))))
            (@RingHom.id.{0} Real
              (@Semiring.toNonAssocSemiring.{0} Real
                (@DivisionSemiring.toSemiring.{0} Real
                  (@Semifield.toDivisionSemiring.{0} Real
                    (@Field.toSemifield.{0} Real
                      (@NormedField.toField.{0} Real
                        (@DenselyNormedField.toNormedField.{0} Real
                          (@RCLike.toDenselyNormedField.{0} Real Real.instRCLike))))))))
            (EuclideanSpace.{0, 0} Real (Fin m)) (EuclideanSpace.{0, 0} Real (Fin m))
            (@AddCommGroup.toAddCommMonoid.{0} (EuclideanSpace.{0, 0} Real (Fin m))
              (@WithLp.instAddCommGroup.{0}
                (@OfNat.ofNat.{0} ENNReal (nat_lit 2)
                  (@instOfNatAtLeastTwo.{0} ENNReal (nat_lit 2)
                    (@AddMonoidWithOne.toNatCast.{0} ENNReal
                      (@AddCommMonoidWithOne.toAddMonoidWithOne.{0} ENNReal ENNReal.instAddCommMonoidWithOne))
                    PiLp.innerProductSpace._proof_1))
                ((i : Fin m) → (fun (x : Fin m) => Real) i)
                (@Pi.addCommGroup.{0, 0} (Fin m) (fun (x : Fin m) => Real) fun (i : Fin m) =>
                  @Ring.toAddCommGroup.{0} Real
                    (@DivisionRing.toRing.{0} Real
                      (@Field.toDivisionRing.{0} Real
                        (@NormedField.toField.{0} Real
                          (@DenselyNormedField.toNormedField.{0} Real
                            (@RCLike.toDenselyNormedField.{0} Real Real.instRCLike))))))))
            (@AddCommGroup.toAddCommMonoid.{0} (EuclideanSpace.{0, 0} Real (Fin m))
              (@WithLp.instAddCommGroup.{0}
                (@OfNat.ofNat.{0} ENNReal (nat_lit 2)
                  (@instOfNatAtLeastTwo.{0} ENNReal (nat_lit 2)
                    (@AddMonoidWithOne.toNatCast.{0} ENNReal
                      (@AddCommMonoidWithOne.toAddMonoidWithOne.{0} ENNReal ENNReal.instAddCommMonoidWithOne))
                    PiLp.innerProductSpace._proof_1))
                ((i : Fin m) → (fun (x : Fin m) => Real) i)
                (@Pi.addCommGroup.{0, 0} (Fin m) (fun (x : Fin m) => Real) fun (i : Fin m) =>
                  @Ring.toAddCommGroup.{0} Real
                    (@DivisionRing.toRing.{0} Real
                      (@Field.toDivisionRing.{0} Real
                        (@NormedField.toField.{0} Real
                          (@DenselyNormedField.toNormedField.{0} Real
                            (@RCLike.toDenselyNormedField.{0} Real Real.instRCLike))))))))
            (@WithLp.instModule.{0, 0}
              (@OfNat.ofNat.{0} ENNReal (nat_lit 2)
                (@instOfNatAtLeastTwo.{0} ENNReal (nat_lit 2)
                  (@AddMonoidWithOne.toNatCast.{0} ENNReal
                    (@AddCommMonoidWithOne.toAddMonoidWithOne.{0} ENNReal ENNReal.instAddCommMonoidWithOne))
                  PiLp.innerProductSpace._proof_1))
              Real ((i : Fin m) → (fun (x : Fin m) => Real) i)
              (@DivisionSemiring.toSemiring.{0} Real
                (@Semifield.toDivisionSemiring.{0} Real
                  (@Field.toSemifield.{0} Real
                    (@NormedField.toField.{0} Real
                      (@DenselyNormedField.toNormedField.{0} Real
                        (@RCLike.toDenselyNormedField.{0} Real Real.instRCLike))))))
              (@Pi.addCommGroup.{0, 0} (Fin m) (fun (x : Fin m) => Real) fun (i : Fin m) =>
                @Ring.toAddCommGroup.{0} Real
                  (@DivisionRing.toRing.{0} Real
                    (@Field.toDivisionRing.{0} Real
                      (@NormedField.toField.{0} Real
                        (@DenselyNormedField.toNormedField.{0} Real
                          (@RCLike.toDenselyNormedField.{0} Real Real.instRCLike))))))
              (@Pi.Function.module.{0, 0, 0} (Fin m) Real Real
                (@DivisionSemiring.toSemiring.{0} Real
                  (@Semifield.toDivisionSemiring.{0} Real
                    (@Field.toSemifield.{0} Real
                      (@NormedField.toField.{0} Real
                        (@DenselyNormedField.toNormedField.{0} Real
                          (@RCLike.toDenselyNormedField.{0} Real Real.instRCLike))))))
                (@Semiring.toAddCommMonoid.{0} Real
                  (@Ring.toSemiring.{0} Real
                    (@DivisionRing.toRing.{0} Real
                      (@Field.toDivisionRing.{0} Real
                        (@NormedField.toField.{0} Real
                          (@DenselyNormedField.toNormedField.{0} Real
                            (@RCLike.toDenselyNormedField.{0} Real Real.instRCLike)))))))
                (@Semiring.toModule.{0} Real
                  (@DivisionSemiring.toSemiring.{0} Real
                    (@Semifield.toDivisionSemiring.{0} Real
                      (@Field.toSemifield.{0} Real
                        (@NormedField.toField.{0} Real
                          (@DenselyNormedField.toNormedField.{0} Real
                            (@RCLike.toDenselyNormedField.{0} Real Real.instRCLike)))))))))
            (@WithLp.instModule.{0, 0}
              (@OfNat.ofNat.{0} ENNReal (nat_lit 2)
                (@instOfNatAtLeastTwo.{0} ENNReal (nat_lit 2)
                  (@AddMonoidWithOne.toNatCast.{0} ENNReal
                    (@AddCommMonoidWithOne.toAddMonoidWithOne.{0} ENNReal ENNReal.instAddCommMonoidWithOne))
                  PiLp.innerProductSpace._proof_1))
              Real ((i : Fin m) → (fun (x : Fin m) => Real) i)
              (@DivisionSemiring.toSemiring.{0} Real
                (@Semifield.toDivisionSemiring.{0} Real
                  (@Field.toSemifield.{0} Real
                    (@NormedField.toField.{0} Real
                      (@DenselyNormedField.toNormedField.{0} Real
                        (@RCLike.toDenselyNormedField.{0} Real Real.instRCLike))))))
              (@Pi.addCommGroup.{0, 0} (Fin m) (fun (x : Fin m) => Real) fun (i : Fin m) =>
                @Ring.toAddCommGroup.{0} Real
                  (@DivisionRing.toRing.{0} Real
                    (@Field.toDivisionRing.{0} Real
                      (@NormedField.toField.{0} Real
                        (@DenselyNormedField.toNormedField.{0} Real
                          (@RCLike.toDenselyNormedField.{0} Real Real.instRCLike))))))
              (@Pi.Function.module.{0, 0, 0} (Fin m) Real Real
                (@DivisionSemiring.toSemiring.{0} Real
                  (@Semifield.toDivisionSemiring.{0} Real
                    (@Field.toSemifield.{0} Real
                      (@NormedField.toField.{0} Real
                        (@DenselyNormedField.toNormedField.{0} Real
                          (@RCLike.toDenselyNormedField.{0} Real Real.instRCLike))))))
                (@Semiring.toAddCommMonoid.{0} Real
                  (@Ring.toSemiring.{0} Real
                    (@DivisionRing.toRing.{0} Real
                      (@Field.toDivisionRing.{0} Real
                        (@NormedField.toField.{0} Real
                          (@DenselyNormedField.toNormedField.{0} Real
                            (@RCLike.toDenselyNormedField.{0} Real Real.instRCLike)))))))
                (@Semiring.toModule.{0} Real
                  (@DivisionSemiring.toSemiring.{0} Real
                    (@Semifield.toDivisionSemiring.{0} Real
                      (@Field.toSemifield.{0} Real
                        (@NormedField.toField.{0} Real
                          (@DenselyNormedField.toNormedField.{0} Real
                            (@RCLike.toDenselyNormedField.{0} Real Real.instRCLike))))))))))
          (@Matrix.addCommMonoid.{0, 0, 0} (Fin m) (Fin m) Real
            (@Semiring.toAddCommMonoid.{0} Real
              (@DivisionSemiring.toSemiring.{0} Real
                (@Semifield.toDivisionSemiring.{0} Real
                  (@Field.toSemifield.{0} Real
                    (@NormedField.toField.{0} Real
                      (@DenselyNormedField.toNormedField.{0} Real
                        (@RCLike.toDenselyNormedField.{0} Real Real.instRCLike))))))))
          (@LinearMap.addCommMonoid.{0, 0, 0, 0} Real Real (EuclideanSpace.{0, 0} Real (Fin m))
            (EuclideanSpace.{0, 0} Real (Fin m))
            (@DivisionSemiring.toSemiring.{0} Real
              (@Semifield.toDivisionSemiring.{0} Real
                (@Field.toSemifield.{0} Real
                  (@NormedField.toField.{0} Real
                    (@DenselyNormedField.toNormedField.{0} Real
                      (@RCLike.toDenselyNormedField.{0} Real Real.instRCLike))))))
            (@DivisionSemiring.toSemiring.{0} Real
              (@Semifield.toDivisionSemiring.{0} Real
                (@Field.toSemifield.{0} Real
                  (@NormedField.toField.{0} Real
                    (@DenselyNormedField.toNormedField.{0} Real
                      (@RCLike.toDenselyNormedField.{0} Real Real.instRCLike))))))
            (@AddCommGroup.toAddCommMonoid.{0} (EuclideanSpace.{0, 0} Real (Fin m))
              (@WithLp.instAddCommGroup.{0}
                (@OfNat.ofNat.{0} ENNReal (nat_lit 2)
                  (@instOfNatAtLeastTwo.{0} ENNReal (nat_lit 2)
                    (@AddMonoidWithOne.toNatCast.{0} ENNReal
                      (@AddCommMonoidWithOne.toAddMonoidWithOne.{0} ENNReal ENNReal.instAddCommMonoidWithOne))
                    PiLp.innerProductSpace._proof_1))
                ((i : Fin m) → (fun (x : Fin m) => Real) i)
                (@Pi.addCommGroup.{0, 0} (Fin m) (fun (x : Fin m) => Real) fun (i : Fin m) =>
                  @Ring.toAddCommGroup.{0} Real
                    (@DivisionRing.toRing.{0} Real
                      (@Field.toDivisionRing.{0} Real
                        (@NormedField.toField.{0} Real
                          (@DenselyNormedField.toNormedField.{0} Real
                            (@RCLike.toDenselyNormedField.{0} Real Real.instRCLike))))))))
            (@AddCommGroup.toAddCommMonoid.{0} (EuclideanSpace.{0, 0} Real (Fin m))
              (@WithLp.instAddCommGroup.{0}
                (@OfNat.ofNat.{0} ENNReal (nat_lit 2)
                  (@instOfNatAtLeastTwo.{0} ENNReal (nat_lit 2)
                    (@AddMonoidWithOne.toNatCast.{0} ENNReal
                      (@AddCommMonoidWithOne.toAddMonoidWithOne.{0} ENNReal ENNReal.instAddCommMonoidWithOne))
                    PiLp.innerProductSpace._proof_1))
                ((i : Fin m) → (fun (x : Fin m) => Real) i)
                (@Pi.addCommGroup.{0, 0} (Fin m) (fun (x : Fin m) => Real) fun (i : Fin m) =>
                  @Ring.toAddCommGroup.{0} Real
                    (@DivisionRing.toRing.{0} Real
                      (@Field.toDivisionRing.{0} Real
                        (@NormedField.toField.{0} Real
                          (@DenselyNormedField.toNormedField.{0} Real
                            (@RCLike.toDenselyNormedField.{0} Real Real.instRCLike))))))))
            (@WithLp.instModule.{0, 0}
              (@OfNat.ofNat.{0} ENNReal (nat_lit 2)
                (@instOfNatAtLeastTwo.{0} ENNReal (nat_lit 2)
                  (@AddMonoidWithOne.toNatCast.{0} ENNReal
                    (@AddCommMonoidWithOne.toAddMonoidWithOne.{0} ENNReal ENNReal.instAddCommMonoidWithOne))
                  PiLp.innerProductSpace._proof_1))
              Real ((i : Fin m) → (fun (x : Fin m) => Real) i)
              (@DivisionSemiring.toSemiring.{0} Real
                (@Semifield.toDivisionSemiring.{0} Real
                  (@Field.toSemifield.{0} Real
                    (@NormedField.toField.{0} Real
                      (@DenselyNormedField.toNormedField.{0} Real
                        (@RCLike.toDenselyNormedField.{0} Real Real.instRCLike))))))
              (@Pi.addCommGroup.{0, 0} (Fin m) (fun (x : Fin m) => Real) fun (i : Fin m) =>
                @Ring.toAddCommGroup.{0} Real
                  (@DivisionRing.toRing.{0} Real
                    (@Field.toDivisionRing.{0} Real
                      (@NormedField.toField.{0} Real
                        (@DenselyNormedField.toNormedField.{0} Real
                          (@RCLike.toDenselyNormedField.{0} Real Real.instRCLike))))))
              (@Pi.Function.module.{0, 0, 0} (Fin m) Real Real
                (@DivisionSemiring.toSemiring.{0} Real
                  (@Semifield.toDivisionSemiring.{0} Real
                    (@Field.toSemifield.{0} Real
                      (@NormedField.toField.{0} Real
                        (@DenselyNormedField.toNormedField.{0} Real
                          (@RCLike.toDenselyNormedField.{0} Real Real.instRCLike))))))
                (@Semiring.toAddCommMonoid.{0} Real
                  (@Ring.toSemiring.{0} Real
                    (@DivisionRing.toRing.{0} Real
                      (@Field.toDivisionRing.{0} Real
                        (@NormedField.toField.{0} Real
                          (@DenselyNormedField.toNormedField.{0} Real
                            (@RCLike.toDenselyNormedField.{0} Real Real.instRCLike)))))))
                (@Semiring.toModule.{0} Real
                  (@DivisionSemiring.toSemiring.{0} Real
                    (@Semifield.toDivisionSemiring.{0} Real
                      (@Field.toSemifield.{0} Real
                        (@NormedField.toField.{0} Real
                          (@DenselyNormedField.toNormedField.{0} Real
                            (@RCLike.toDenselyNormedField.{0} Real Real.instRCLike)))))))))
            (@WithLp.instModule.{0, 0}
              (@OfNat.ofNat.{0} ENNReal (nat_lit 2)
                (@instOfNatAtLeastTwo.{0} ENNReal (nat_lit 2)
                  (@AddMonoidWithOne.toNatCast.{0} ENNReal
                    (@AddCommMonoidWithOne.toAddMonoidWithOne.{0} ENNReal ENNReal.instAddCommMonoidWithOne))
                  PiLp.innerProductSpace._proof_1))
              Real ((i : Fin m) → (fun (x : Fin m) => Real) i)
              (@DivisionSemiring.toSemiring.{0} Real
                (@Semifield.toDivisionSemiring.{0} Real
                  (@Field.toSemifield.{0} Real
                    (@NormedField.toField.{0} Real
                      (@DenselyNormedField.toNormedField.{0} Real
                        (@RCLike.toDenselyNormedField.{0} Real Real.instRCLike))))))
              (@Pi.addCommGroup.{0, 0} (Fin m) (fun (x : Fin m) => Real) fun (i : Fin m) =>
                @Ring.toAddCommGroup.{0} Real
                  (@DivisionRing.toRing.{0} Real
                    (@Field.toDivisionRing.{0} Real
                      (@NormedField.toField.{0} Real
                        (@DenselyNormedField.toNormedField.{0} Real
                          (@RCLike.toDenselyNormedField.{0} Real Real.instRCLike))))))
              (@Pi.Function.module.{0, 0, 0} (Fin m) Real Real
                (@DivisionSemiring.toSemiring.{0} Real
                  (@Semifield.toDivisionSemiring.{0} Real
                    (@Field.toSemifield.{0} Real
                      (@NormedField.toField.{0} Real
                        (@DenselyNormedField.toNormedField.{0} Real
                          (@RCLike.toDenselyNormedField.{0} Real Real.instRCLike))))))
                (@Semiring.toAddCommMonoid.{0} Real
                  (@Ring.toSemiring.{0} Real
                    (@DivisionRing.toRing.{0} Real
                      (@Field.toDivisionRing.{0} Real
                        (@NormedField.toField.{0} Real
                          (@DenselyNormedField.toNormedField.{0} Real
                            (@RCLike.toDenselyNormedField.{0} Real Real.instRCLike)))))))
                (@Semiring.toModule.{0} Real
                  (@DivisionSemiring.toSemiring.{0} Real
                    (@Semifield.toDivisionSemiring.{0} Real
                      (@Field.toSemifield.{0} Real
                        (@NormedField.toField.{0} Real
                          (@DenselyNormedField.toNormedField.{0} Real
                            (@RCLike.toDenselyNormedField.{0} Real Real.instRCLike)))))))))
            (@RingHom.id.{0} Real
              (@Semiring.toNonAssocSemiring.{0} Real
                (@DivisionSemiring.toSemiring.{0} Real
                  (@Semifield.toDivisionSemiring.{0} Real
                    (@Field.toSemifield.{0} Real
                      (@NormedField.toField.{0} Real
                        (@DenselyNormedField.toNormedField.{0} Real
                          (@RCLike.toDenselyNormedField.{0} Real Real.instRCLike)))))))))
          (@Matrix.module.{0, 0, 0, 0} (Fin m) (Fin m) Real Real
            (@DivisionSemiring.toSemiring.{0} Real
              (@Semifield.toDivisionSemiring.{0} Real
                (@Field.toSemifield.{0} Real
                  (@NormedField.toField.{0} Real
                    (@DenselyNormedField.toNormedField.{0} Real
                      (@RCLike.toDenselyNormedField.{0} Real Real.instRCLike))))))
            (@Semiring.toAddCommMonoid.{0} Real
              (@DivisionSemiring.toSemiring.{0} Real
                (@Semifield.toDivisionSemiring.{0} Real
                  (@Field.toSemifield.{0} Real
                    (@NormedField.toField.{0} Real
                      (@DenselyNormedField.toNormedField.{0} Real
                        (@RCLike.toDenselyNormedField.{0} Real Real.instRCLike)))))))
            (@Semiring.toModule.{0} Real
              (@DivisionSemiring.toSemiring.{0} Real
                (@Semifield.toDivisionSemiring.{0} Real
                  (@Field.toSemifield.{0} Real
                    (@NormedField.toField.{0} Real
                      (@DenselyNormedField.toNormedField.{0} Real
                        (@RCLike.toDenselyNormedField.{0} Real Real.instRCLike))))))))
          (@LinearMap.module.{0, 0, 0, 0, 0} Real Real Real (EuclideanSpace.{0, 0} Real (Fin m))
            (EuclideanSpace.{0, 0} Real (Fin m))
            (@DivisionSemiring.toSemiring.{0} Real
              (@Semifield.toDivisionSemiring.{0} Real
                (@Field.toSemifield.{0} Real
                  (@NormedField.toField.{0} Real
                    (@DenselyNormedField.toNormedField.{0} Real
                      (@RCLike.toDenselyNormedField.{0} Real Real.instRCLike))))))
            (@DivisionSemiring.toSemiring.{0} Real
              (@Semifield.toDivisionSemiring.{0} Real
                (@Field.toSemifield.{0} Real
                  (@NormedField.toField.{0} Real
                    (@DenselyNormedField.toNormedField.{0} Real
                      (@RCLike.toDenselyNormedField.{0} Real Real.instRCLike))))))
            (@AddCommGroup.toAddCommMonoid.{0} (EuclideanSpace.{0, 0} Real (Fin m))
              (@WithLp.instAddCommGroup.{0}
                (@OfNat.ofNat.{0} ENNReal (nat_lit 2)
                  (@instOfNatAtLeastTwo.{0} ENNReal (nat_lit 2)
                    (@AddMonoidWithOne.toNatCast.{0} ENNReal
                      (@AddCommMonoidWithOne.toAddMonoidWithOne.{0} ENNReal ENNReal.instAddCommMonoidWithOne))
                    PiLp.innerProductSpace._proof_1))
                ((i : Fin m) → (fun (x : Fin m) => Real) i)
                (@Pi.addCommGroup.{0, 0} (Fin m) (fun (x : Fin m) => Real) fun (i : Fin m) =>
                  @Ring.toAddCommGroup.{0} Real
                    (@DivisionRing.toRing.{0} Real
                      (@Field.toDivisionRing.{0} Real
                        (@NormedField.toField.{0} Real
                          (@DenselyNormedField.toNormedField.{0} Real
                            (@RCLike.toDenselyNormedField.{0} Real Real.instRCLike))))))))
            (@AddCommGroup.toAddCommMonoid.{0} (EuclideanSpace.{0, 0} Real (Fin m))
              (@WithLp.instAddCommGroup.{0}
                (@OfNat.ofNat.{0} ENNReal (nat_lit 2)
                  (@instOfNatAtLeastTwo.{0} ENNReal (nat_lit 2)
                    (@AddMonoidWithOne.toNatCast.{0} ENNReal
                      (@AddCommMonoidWithOne.toAddMonoidWithOne.{0} ENNReal ENNReal.instAddCommMonoidWithOne))
                    PiLp.innerProductSpace._proof_1))
                ((i : Fin m) → (fun (x : Fin m) => Real) i)
                (@Pi.addCommGroup.{0, 0} (Fin m) (fun (x : Fin m) => Real) fun (i : Fin m) =>
                  @Ring.toAddCommGroup.{0} Real
                    (@DivisionRing.toRing.{0} Real
                      (@Field.toDivisionRing.{0} Real
                        (@NormedField.toField.{0} Real
                          (@DenselyNormedField.toNormedField.{0} Real
                            (@RCLike.toDenselyNormedField.{0} Real Real.instRCLike))))))))
            (@WithLp.instModule.{0, 0}
              (@OfNat.ofNat.{0} ENNReal (nat_lit 2)
                (@instOfNatAtLeastTwo.{0} ENNReal (nat_lit 2)
                  (@AddMonoidWithOne.toNatCast.{0} ENNReal
                    (@AddCommMonoidWithOne.toAddMonoidWithOne.{0} ENNReal ENNReal.instAddCommMonoidWithOne))
                  PiLp.innerProductSpace._proof_1))
              Real ((i : Fin m) → (fun (x : Fin m) => Real) i)
              (@DivisionSemiring.toSemiring.{0} Real
                (@Semifield.toDivisionSemiring.{0} Real
                  (@Field.toSemifield.{0} Real
                    (@NormedField.toField.{0} Real
                      (@DenselyNormedField.toNormedField.{0} Real
                        (@RCLike.toDenselyNormedField.{0} Real Real.instRCLike))))))
              (@Pi.addCommGroup.{0, 0} (Fin m) (fun (x : Fin m) => Real) fun (i : Fin m) =>
                @Ring.toAddCommGroup.{0} Real
                  (@DivisionRing.toRing.{0} Real
                    (@Field.toDivisionRing.{0} Real
                      (@NormedField.toField.{0} Real
                        (@DenselyNormedField.toNormedField.{0} Real
                          (@RCLike.toDenselyNormedField.{0} Real Real.instRCLike))))))
              (@Pi.Function.module.{0, 0, 0} (Fin m) Real Real
                (@DivisionSemiring.toSemiring.{0} Real
                  (@Semifield.toDivisionSemiring.{0} Real
                    (@Field.toSemifield.{0} Real
                      (@NormedField.toField.{0} Real
                        (@DenselyNormedField.toNormedField.{0} Real
                          (@RCLike.toDenselyNormedField.{0} Real Real.instRCLike))))))
                (@Semiring.toAddCommMonoid.{0} Real
                  (@Ring.toSemiring.{0} Real
                    (@DivisionRing.toRing.{0} Real
                      (@Field.toDivisionRing.{0} Real
                        (@NormedField.toField.{0} Real
                          (@DenselyNormedField.toNormedField.{0} Real
                            (@RCLike.toDenselyNormedField.{0} Real Real.instRCLike)))))))
                (@Semiring.toModule.{0} Real
                  (@DivisionSemiring.toSemiring.{0} Real
                    (@Semifield.toDivisionSemiring.{0} Real
                      (@Field.toSemifield.{0} Real
                        (@NormedField.toField.{0} Real
                          (@DenselyNormedField.toNormedField.{0} Real
                            (@RCLike.toDenselyNormedField.{0} Real Real.instRCLike)))))))))
            (@WithLp.instModule.{0, 0}
              (@OfNat.ofNat.{0} ENNReal (nat_lit 2)
                (@instOfNatAtLeastTwo.{0} ENNReal (nat_lit 2)
                  (@AddMonoidWithOne.toNatCast.{0} ENNReal
                    (@AddCommMonoidWithOne.toAddMonoidWithOne.{0} ENNReal ENNReal.instAddCommMonoidWithOne))
                  PiLp.innerProductSpace._proof_1))
              Real ((i : Fin m) → (fun (x : Fin m) => Real) i)
              (@DivisionSemiring.toSemiring.{0} Real
                (@Semifield.toDivisionSemiring.{0} Real
                  (@Field.toSemifield.{0} Real
                    (@NormedField.toField.{0} Real
                      (@DenselyNormedField.toNormedField.{0} Real
                        (@RCLike.toDenselyNormedField.{0} Real Real.instRCLike))))))
              (@Pi.addCommGroup.{0, 0} (Fin m) (fun (x : Fin m) => Real) fun (i : Fin m) =>
                @Ring.toAddCommGroup.{0} Real
                  (@DivisionRing.toRing.{0} Real
                    (@Field.toDivisionRing.{0} Real
                      (@NormedField.toField.{0} Real
                        (@DenselyNormedField.toNormedField.{0} Real
                          (@RCLike.toDenselyNormedField.{0} Real Real.instRCLike))))))
              (@Pi.Function.module.{0, 0, 0} (Fin m) Real Real
                (@DivisionSemiring.toSemiring.{0} Real
                  (@Semifield.toDivisionSemiring.{0} Real
                    (@Field.toSemifield.{0} Real
                      (@NormedField.toField.{0} Real
                        (@DenselyNormedField.toNormedField.{0} Real
                          (@RCLike.toDenselyNormedField.{0} Real Real.instRCLike))))))
                (@Semiring.toAddCommMonoid.{0} Real
                  (@Ring.toSemiring.{0} Real
                    (@DivisionRing.toRing.{0} Real
                      (@Field.toDivisionRing.{0} Real
                        (@NormedField.toField.{0} Real
                          (@DenselyNormedField.toNormedField.{0} Real
                            (@RCLike.toDenselyNormedField.{0} Real Real.instRCLike)))))))
                (@Semiring.toModule.{0} Real
                  (@DivisionSemiring.toSemiring.{0} Real
                    (@Semifield.toDivisionSemiring.{0} Real
                      (@Field.toSemifield.{0} Real
                        (@NormedField.toField.{0} Real
                          (@DenselyNormedField.toNormedField.{0} Real
                            (@RCLike.toDenselyNormedField.{0} Real Real.instRCLike)))))))))
            (@RingHom.id.{0} Real
              (@Semiring.toNonAssocSemiring.{0} Real
                (@DivisionSemiring.toSemiring.{0} Real
                  (@Semifield.toDivisionSemiring.{0} Real
                    (@Field.toSemifield.{0} Real
                      (@NormedField.toField.{0} Real
                        (@DenselyNormedField.toNormedField.{0} Real
                          (@RCLike.toDenselyNormedField.{0} Real Real.instRCLike))))))))
            (@DivisionSemiring.toSemiring.{0} Real
              (@Semifield.toDivisionSemiring.{0} Real
                (@Field.toSemifield.{0} Real
                  (@NormedField.toField.{0} Real
                    (@DenselyNormedField.toNormedField.{0} Real
                      (@RCLike.toDenselyNormedField.{0} Real Real.instRCLike))))))
            (@WithLp.instModule.{0, 0}
              (@OfNat.ofNat.{0} ENNReal (nat_lit 2)
                (@instOfNatAtLeastTwo.{0} ENNReal (nat_lit 2)
                  (@AddMonoidWithOne.toNatCast.{0} ENNReal
                    (@AddCommMonoidWithOne.toAddMonoidWithOne.{0} ENNReal ENNReal.instAddCommMonoidWithOne))
                  PiLp.innerProductSpace._proof_1))
              Real ((i : Fin m) → (fun (x : Fin m) => Real) i)
              (@DivisionSemiring.toSemiring.{0} Real
                (@Semifield.toDivisionSemiring.{0} Real
                  (@Field.toSemifield.{0} Real
                    (@NormedField.toField.{0} Real
                      (@DenselyNormedField.toNormedField.{0} Real
                        (@RCLike.toDenselyNormedField.{0} Real Real.instRCLike))))))
              (@Pi.addCommGroup.{0, 0} (Fin m) (fun (x : Fin m) => Real) fun (i : Fin m) =>
                @Ring.toAddCommGroup.{0} Real
                  (@DivisionRing.toRing.{0} Real
                    (@Field.toDivisionRing.{0} Real
                      (@NormedField.toField.{0} Real
                        (@DenselyNormedField.toNormedField.{0} Real
                          (@RCLike.toDenselyNormedField.{0} Real Real.instRCLike))))))
              (@Pi.Function.module.{0, 0, 0} (Fin m) Real Real
                (@DivisionSemiring.toSemiring.{0} Real
                  (@Semifield.toDivisionSemiring.{0} Real
                    (@Field.toSemifield.{0} Real
                      (@NormedField.toField.{0} Real
                        (@DenselyNormedField.toNormedField.{0} Real
                          (@RCLike.toDenselyNormedField.{0} Real Real.instRCLike))))))
                (@Semiring.toAddCommMonoid.{0} Real
                  (@Ring.toSemiring.{0} Real
                    (@DivisionRing.toRing.{0} Real
                      (@Field.toDivisionRing.{0} Real
                        (@NormedField.toField.{0} Real
                          (@DenselyNormedField.toNormedField.{0} Real
                            (@RCLike.toDenselyNormedField.{0} Real Real.instRCLike)))))))
                (@Semiring.toModule.{0} Real
                  (@DivisionSemiring.toSemiring.{0} Real
                    (@Semifield.toDivisionSemiring.{0} Real
                      (@Field.toSemifield.{0} Real
                        (@NormedField.toField.{0} Real
                          (@DenselyNormedField.toNormedField.{0} Real
                            (@RCLike.toDenselyNormedField.{0} Real Real.instRCLike)))))))))
            (@NLA.KE04.act._proof_2 m)))
        (Matrix.{0, 0, 0} (Fin m) (Fin m) Real)
        (@LinearMap.{0, 0, 0, 0} Real Real
          (@DivisionSemiring.toSemiring.{0} Real
            (@Semifield.toDivisionSemiring.{0} Real
              (@Field.toSemifield.{0} Real
                (@NormedField.toField.{0} Real
                  (@DenselyNormedField.toNormedField.{0} Real
                    (@RCLike.toDenselyNormedField.{0} Real Real.instRCLike))))))
          (@DivisionSemiring.toSemiring.{0} Real
            (@Semifield.toDivisionSemiring.{0} Real
              (@Field.toSemifield.{0} Real
                (@NormedField.toField.{0} Real
                  (@DenselyNormedField.toNormedField.{0} Real
                    (@RCLike.toDenselyNormedField.{0} Real Real.instRCLike))))))
          (@RingHom.id.{0} Real
            (@Semiring.toNonAssocSemiring.{0} Real
              (@DivisionSemiring.toSemiring.{0} Real
                (@Semifield.toDivisionSemiring.{0} Real
                  (@Field.toSemifield.{0} Real
                    (@NormedField.toField.{0} Real
                      (@DenselyNormedField.toNormedField.{0} Real
                        (@RCLike.toDenselyNormedField.{0} Real Real.instRCLike))))))))
          (EuclideanSpace.{0, 0} Real (Fin m)) (EuclideanSpace.{0, 0} Real (Fin m))
          (@AddCommGroup.toAddCommMonoid.{0} (EuclideanSpace.{0, 0} Real (Fin m))
            (@WithLp.instAddCommGroup.{0}
              (@OfNat.ofNat.{0} ENNReal (nat_lit 2)
                (@instOfNatAtLeastTwo.{0} ENNReal (nat_lit 2)
                  (@AddMonoidWithOne.toNatCast.{0} ENNReal
                    (@AddCommMonoidWithOne.toAddMonoidWithOne.{0} ENNReal ENNReal.instAddCommMonoidWithOne))
                  PiLp.innerProductSpace._proof_1))
              ((i : Fin m) → (fun (x : Fin m) => Real) i)
              (@Pi.addCommGroup.{0, 0} (Fin m) (fun (x : Fin m) => Real) fun (i : Fin m) =>
                @Ring.toAddCommGroup.{0} Real
                  (@DivisionRing.toRing.{0} Real
                    (@Field.toDivisionRing.{0} Real
                      (@NormedField.toField.{0} Real
                        (@DenselyNormedField.toNormedField.{0} Real
                          (@RCLike.toDenselyNormedField.{0} Real Real.instRCLike))))))))
          (@AddCommGroup.toAddCommMonoid.{0} (EuclideanSpace.{0, 0} Real (Fin m))
            (@WithLp.instAddCommGroup.{0}
              (@OfNat.ofNat.{0} ENNReal (nat_lit 2)
                (@instOfNatAtLeastTwo.{0} ENNReal (nat_lit 2)
                  (@AddMonoidWithOne.toNatCast.{0} ENNReal
                    (@AddCommMonoidWithOne.toAddMonoidWithOne.{0} ENNReal ENNReal.instAddCommMonoidWithOne))
                  PiLp.innerProductSpace._proof_1))
              ((i : Fin m) → (fun (x : Fin m) => Real) i)
              (@Pi.addCommGroup.{0, 0} (Fin m) (fun (x : Fin m) => Real) fun (i : Fin m) =>
                @Ring.toAddCommGroup.{0} Real
                  (@DivisionRing.toRing.{0} Real
                    (@Field.toDivisionRing.{0} Real
                      (@NormedField.toField.{0} Real
                        (@DenselyNormedField.toNormedField.{0} Real
                          (@RCLike.toDenselyNormedField.{0} Real Real.instRCLike))))))))
          (@WithLp.instModule.{0, 0}
            (@OfNat.ofNat.{0} ENNReal (nat_lit 2)
              (@instOfNatAtLeastTwo.{0} ENNReal (nat_lit 2)
                (@AddMonoidWithOne.toNatCast.{0} ENNReal
                  (@AddCommMonoidWithOne.toAddMonoidWithOne.{0} ENNReal ENNReal.instAddCommMonoidWithOne))
                PiLp.innerProductSpace._proof_1))
            Real ((i : Fin m) → (fun (x : Fin m) => Real) i)
            (@DivisionSemiring.toSemiring.{0} Real
              (@Semifield.toDivisionSemiring.{0} Real
                (@Field.toSemifield.{0} Real
                  (@NormedField.toField.{0} Real
                    (@DenselyNormedField.toNormedField.{0} Real
                      (@RCLike.toDenselyNormedField.{0} Real Real.instRCLike))))))
            (@Pi.addCommGroup.{0, 0} (Fin m) (fun (x : Fin m) => Real) fun (i : Fin m) =>
              @Ring.toAddCommGroup.{0} Real
                (@DivisionRing.toRing.{0} Real
                  (@Field.toDivisionRing.{0} Real
                    (@NormedField.toField.{0} Real
                      (@DenselyNormedField.toNormedField.{0} Real
                        (@RCLike.toDenselyNormedField.{0} Real Real.instRCLike))))))
            (@Pi.Function.module.{0, 0, 0} (Fin m) Real Real
              (@DivisionSemiring.toSemiring.{0} Real
                (@Semifield.toDivisionSemiring.{0} Real
                  (@Field.toSemifield.{0} Real
                    (@NormedField.toField.{0} Real
                      (@DenselyNormedField.toNormedField.{0} Real
                        (@RCLike.toDenselyNormedField.{0} Real Real.instRCLike))))))
              (@Semiring.toAddCommMonoid.{0} Real
                (@Ring.toSemiring.{0} Real
                  (@DivisionRing.toRing.{0} Real
                    (@Field.toDivisionRing.{0} Real
                      (@NormedField.toField.{0} Real
                        (@DenselyNormedField.toNormedField.{0} Real
                          (@RCLike.toDenselyNormedField.{0} Real Real.instRCLike)))))))
              (@Semiring.toModule.{0} Real
                (@DivisionSemiring.toSemiring.{0} Real
                  (@Semifield.toDivisionSemiring.{0} Real
                    (@Field.toSemifield.{0} Real
                      (@NormedField.toField.{0} Real
                        (@DenselyNormedField.toNormedField.{0} Real
                          (@RCLike.toDenselyNormedField.{0} Real Real.instRCLike)))))))))
          (@WithLp.instModule.{0, 0}
            (@OfNat.ofNat.{0} ENNReal (nat_lit 2)
              (@instOfNatAtLeastTwo.{0} ENNReal (nat_lit 2)
                (@AddMonoidWithOne.toNatCast.{0} ENNReal
                  (@AddCommMonoidWithOne.toAddMonoidWithOne.{0} ENNReal ENNReal.instAddCommMonoidWithOne))
                PiLp.innerProductSpace._proof_1))
            Real ((i : Fin m) → (fun (x : Fin m) => Real) i)
            (@DivisionSemiring.toSemiring.{0} Real
              (@Semifield.toDivisionSemiring.{0} Real
                (@Field.toSemifield.{0} Real
                  (@NormedField.toField.{0} Real
                    (@DenselyNormedField.toNormedField.{0} Real
                      (@RCLike.toDenselyNormedField.{0} Real Real.instRCLike))))))
            (@Pi.addCommGroup.{0, 0} (Fin m) (fun (x : Fin m) => Real) fun (i : Fin m) =>
              @Ring.toAddCommGroup.{0} Real
                (@DivisionRing.toRing.{0} Real
                  (@Field.toDivisionRing.{0} Real
                    (@NormedField.toField.{0} Real
                      (@DenselyNormedField.toNormedField.{0} Real
                        (@RCLike.toDenselyNormedField.{0} Real Real.instRCLike))))))
            (@Pi.Function.module.{0, 0, 0} (Fin m) Real Real
              (@DivisionSemiring.toSemiring.{0} Real
                (@Semifield.toDivisionSemiring.{0} Real
                  (@Field.toSemifield.{0} Real
                    (@NormedField.toField.{0} Real
                      (@DenselyNormedField.toNormedField.{0} Real
                        (@RCLike.toDenselyNormedField.{0} Real Real.instRCLike))))))
              (@Semiring.toAddCommMonoid.{0} Real
                (@Ring.toSemiring.{0} Real
                  (@DivisionRing.toRing.{0} Real
                    (@Field.toDivisionRing.{0} Real
                      (@NormedField.toField.{0} Real
                        (@DenselyNormedField.toNormedField.{0} Real
                          (@RCLike.toDenselyNormedField.{0} Real Real.instRCLike)))))))
              (@Semiring.toModule.{0} Real
                (@DivisionSemiring.toSemiring.{0} Real
                  (@Semifield.toDivisionSemiring.{0} Real
                    (@Field.toSemifield.{0} Real
                      (@NormedField.toField.{0} Real
                        (@DenselyNormedField.toNormedField.{0} Real
                          (@RCLike.toDenselyNormedField.{0} Real Real.instRCLike))))))))))
        (@DFinsupp.instEquivLikeLinearEquiv.{0, 0, 0, 0} Real Real
          (@DivisionSemiring.toSemiring.{0} Real
            (@Semifield.toDivisionSemiring.{0} Real
              (@Field.toSemifield.{0} Real
                (@NormedField.toField.{0} Real
                  (@DenselyNormedField.toNormedField.{0} Real
                    (@RCLike.toDenselyNormedField.{0} Real Real.instRCLike))))))
          (@DivisionSemiring.toSemiring.{0} Real
            (@Semifield.toDivisionSemiring.{0} Real
              (@Field.toSemifield.{0} Real
                (@NormedField.toField.{0} Real
                  (@DenselyNormedField.toNormedField.{0} Real
                    (@RCLike.toDenselyNormedField.{0} Real Real.instRCLike))))))
          (@RingHom.id.{0} Real
            (@Semiring.toNonAssocSemiring.{0} Real
              (@DivisionSemiring.toSemiring.{0} Real
                (@Semifield.toDivisionSemiring.{0} Real
                  (@Field.toSemifield.{0} Real
                    (@NormedField.toField.{0} Real
                      (@DenselyNormedField.toNormedField.{0} Real
                        (@RCLike.toDenselyNormedField.{0} Real Real.instRCLike))))))))
          (@RingHom.id.{0} Real
            (@Semiring.toNonAssocSemiring.{0} Real
              (@DivisionSemiring.toSemiring.{0} Real
                (@Semifield.toDivisionSemiring.{0} Real
                  (@Field.toSemifield.{0} Real
                    (@NormedField.toField.{0} Real
                      (@DenselyNormedField.toNormedField.{0} Real
                        (@RCLike.toDenselyNormedField.{0} Real Real.instRCLike))))))))
          NLA.KE04.act._proof_1 NLA.KE04.act._proof_1 (Matrix.{0, 0, 0} (Fin m) (Fin m) Real)
          (@LinearMap.{0, 0, 0, 0} Real Real
            (@DivisionSemiring.toSemiring.{0} Real
              (@Semifield.toDivisionSemiring.{0} Real
                (@Field.toSemifield.{0} Real
                  (@NormedField.toField.{0} Real
                    (@DenselyNormedField.toNormedField.{0} Real
                      (@RCLike.toDenselyNormedField.{0} Real Real.instRCLike))))))
            (@DivisionSemiring.toSemiring.{0} Real
              (@Semifield.toDivisionSemiring.{0} Real
                (@Field.toSemifield.{0} Real
                  (@NormedField.toField.{0} Real
                    (@DenselyNormedField.toNormedField.{0} Real
                      (@RCLike.toDenselyNormedField.{0} Real Real.instRCLike))))))
            (@RingHom.id.{0} Real
              (@Semiring.toNonAssocSemiring.{0} Real
                (@DivisionSemiring.toSemiring.{0} Real
                  (@Semifield.toDivisionSemiring.{0} Real
                    (@Field.toSemifield.{0} Real
                      (@NormedField.toField.{0} Real
                        (@DenselyNormedField.toNormedField.{0} Real
                          (@RCLike.toDenselyNormedField.{0} Real Real.instRCLike))))))))
            (EuclideanSpace.{0, 0} Real (Fin m)) (EuclideanSpace.{0, 0} Real (Fin m))
            (@AddCommGroup.toAddCommMonoid.{0} (EuclideanSpace.{0, 0} Real (Fin m))
              (@WithLp.instAddCommGroup.{0}
                (@OfNat.ofNat.{0} ENNReal (nat_lit 2)
                  (@instOfNatAtLeastTwo.{0} ENNReal (nat_lit 2)
                    (@AddMonoidWithOne.toNatCast.{0} ENNReal
                      (@AddCommMonoidWithOne.toAddMonoidWithOne.{0} ENNReal ENNReal.instAddCommMonoidWithOne))
                    PiLp.innerProductSpace._proof_1))
                ((i : Fin m) → (fun (x : Fin m) => Real) i)
                (@Pi.addCommGroup.{0, 0} (Fin m) (fun (x : Fin m) => Real) fun (i : Fin m) =>
                  @Ring.toAddCommGroup.{0} Real
                    (@DivisionRing.toRing.{0} Real
                      (@Field.toDivisionRing.{0} Real
                        (@NormedField.toField.{0} Real
                          (@DenselyNormedField.toNormedField.{0} Real
                            (@RCLike.toDenselyNormedField.{0} Real Real.instRCLike))))))))
            (@AddCommGroup.toAddCommMonoid.{0} (EuclideanSpace.{0, 0} Real (Fin m))
              (@WithLp.instAddCommGroup.{0}
                (@OfNat.ofNat.{0} ENNReal (nat_lit 2)
                  (@instOfNatAtLeastTwo.{0} ENNReal (nat_lit 2)
                    (@AddMonoidWithOne.toNatCast.{0} ENNReal
                      (@AddCommMonoidWithOne.toAddMonoidWithOne.{0} ENNReal ENNReal.instAddCommMonoidWithOne))
                    PiLp.innerProductSpace._proof_1))
                ((i : Fin m) → (fun (x : Fin m) => Real) i)
                (@Pi.addCommGroup.{0, 0} (Fin m) (fun (x : Fin m) => Real) fun (i : Fin m) =>
                  @Ring.toAddCommGroup.{0} Real
                    (@DivisionRing.toRing.{0} Real
                      (@Field.toDivisionRing.{0} Real
                        (@NormedField.toField.{0} Real
                          (@DenselyNormedField.toNormedField.{0} Real
                            (@RCLike.toDenselyNormedField.{0} Real Real.instRCLike))))))))
            (@WithLp.instModule.{0, 0}
              (@OfNat.ofNat.{0} ENNReal (nat_lit 2)
                (@instOfNatAtLeastTwo.{0} ENNReal (nat_lit 2)
                  (@AddMonoidWithOne.toNatCast.{0} ENNReal
                    (@AddCommMonoidWithOne.toAddMonoidWithOne.{0} ENNReal ENNReal.instAddCommMonoidWithOne))
                  PiLp.innerProductSpace._proof_1))
              Real ((i : Fin m) → (fun (x : Fin m) => Real) i)
              (@DivisionSemiring.toSemiring.{0} Real
                (@Semifield.toDivisionSemiring.{0} Real
                  (@Field.toSemifield.{0} Real
                    (@NormedField.toField.{0} Real
                      (@DenselyNormedField.toNormedField.{0} Real
                        (@RCLike.toDenselyNormedField.{0} Real Real.instRCLike))))))
              (@Pi.addCommGroup.{0, 0} (Fin m) (fun (x : Fin m) => Real) fun (i : Fin m) =>
                @Ring.toAddCommGroup.{0} Real
                  (@DivisionRing.toRing.{0} Real
                    (@Field.toDivisionRing.{0} Real
                      (@NormedField.toField.{0} Real
                        (@DenselyNormedField.toNormedField.{0} Real
                          (@RCLike.toDenselyNormedField.{0} Real Real.instRCLike))))))
              (@Pi.Function.module.{0, 0, 0} (Fin m) Real Real
                (@DivisionSemiring.toSemiring.{0} Real
                  (@Semifield.toDivisionSemiring.{0} Real
                    (@Field.toSemifield.{0} Real
                      (@NormedField.toField.{0} Real
                        (@DenselyNormedField.toNormedField.{0} Real
                          (@RCLike.toDenselyNormedField.{0} Real Real.instRCLike))))))
                (@Semiring.toAddCommMonoid.{0} Real
                  (@Ring.toSemiring.{0} Real
                    (@DivisionRing.toRing.{0} Real
                      (@Field.toDivisionRing.{0} Real
                        (@NormedField.toField.{0} Real
                          (@DenselyNormedField.toNormedField.{0} Real
                            (@RCLike.toDenselyNormedField.{0} Real Real.instRCLike)))))))
                (@Semiring.toModule.{0} Real
                  (@DivisionSemiring.toSemiring.{0} Real
                    (@Semifield.toDivisionSemiring.{0} Real
                      (@Field.toSemifield.{0} Real
                        (@NormedField.toField.{0} Real
                          (@DenselyNormedField.toNormedField.{0} Real
                            (@RCLike.toDenselyNormedField.{0} Real Real.instRCLike)))))))))
            (@WithLp.instModule.{0, 0}
              (@OfNat.ofNat.{0} ENNReal (nat_lit 2)
                (@instOfNatAtLeastTwo.{0} ENNReal (nat_lit 2)
                  (@AddMonoidWithOne.toNatCast.{0} ENNReal
                    (@AddCommMonoidWithOne.toAddMonoidWithOne.{0} ENNReal ENNReal.instAddCommMonoidWithOne))
                  PiLp.innerProductSpace._proof_1))
              Real ((i : Fin m) → (fun (x : Fin m) => Real) i)
              (@DivisionSemiring.toSemiring.{0} Real
                (@Semifield.toDivisionSemiring.{0} Real
                  (@Field.toSemifield.{0} Real
                    (@NormedField.toField.{0} Real
                      (@DenselyNormedField.toNormedField.{0} Real
                        (@RCLike.toDenselyNormedField.{0} Real Real.instRCLike))))))
              (@Pi.addCommGroup.{0, 0} (Fin m) (fun (x : Fin m) => Real) fun (i : Fin m) =>
                @Ring.toAddCommGroup.{0} Real
                  (@DivisionRing.toRing.{0} Real
                    (@Field.toDivisionRing.{0} Real
                      (@NormedField.toField.{0} Real
                        (@DenselyNormedField.toNormedField.{0} Real
                          (@RCLike.toDenselyNormedField.{0} Real Real.instRCLike))))))
              (@Pi.Function.module.{0, 0, 0} (Fin m) Real Real
                (@DivisionSemiring.toSemiring.{0} Real
                  (@Semifield.toDivisionSemiring.{0} Real
                    (@Field.toSemifield.{0} Real
                      (@NormedField.toField.{0} Real
                        (@DenselyNormedField.toNormedField.{0} Real
                          (@RCLike.toDenselyNormedField.{0} Real Real.instRCLike))))))
                (@Semiring.toAddCommMonoid.{0} Real
                  (@Ring.toSemiring.{0} Real
                    (@DivisionRing.toRing.{0} Real
                      (@Field.toDivisionRing.{0} Real
                        (@NormedField.toField.{0} Real
                          (@DenselyNormedField.toNormedField.{0} Real
                            (@RCLike.toDenselyNormedField.{0} Real Real.instRCLike)))))))
                (@Semiring.toModule.{0} Real
                  (@DivisionSemiring.toSemiring.{0} Real
                    (@Semifield.toDivisionSemiring.{0} Real
                      (@Field.toSemifield.{0} Real
                        (@NormedField.toField.{0} Real
                          (@DenselyNormedField.toNormedField.{0} Real
                            (@RCLike.toDenselyNormedField.{0} Real Real.instRCLike))))))))))
          (@Matrix.addCommMonoid.{0, 0, 0} (Fin m) (Fin m) Real
            (@Semiring.toAddCommMonoid.{0} Real
              (@DivisionSemiring.toSemiring.{0} Real
                (@Semifield.toDivisionSemiring.{0} Real
                  (@Field.toSemifield.{0} Real
                    (@NormedField.toField.{0} Real
                      (@DenselyNormedField.toNormedField.{0} Real
                        (@RCLike.toDenselyNormedField.{0} Real Real.instRCLike))))))))
          (@LinearMap.addCommMonoid.{0, 0, 0, 0} Real Real (EuclideanSpace.{0, 0} Real (Fin m))
            (EuclideanSpace.{0, 0} Real (Fin m))
            (@DivisionSemiring.toSemiring.{0} Real
              (@Semifield.toDivisionSemiring.{0} Real
                (@Field.toSemifield.{0} Real
                  (@NormedField.toField.{0} Real
                    (@DenselyNormedField.toNormedField.{0} Real
                      (@RCLike.toDenselyNormedField.{0} Real Real.instRCLike))))))
            (@DivisionSemiring.toSemiring.{0} Real
              (@Semifield.toDivisionSemiring.{0} Real
                (@Field.toSemifield.{0} Real
                  (@NormedField.toField.{0} Real
                    (@DenselyNormedField.toNormedField.{0} Real
                      (@RCLike.toDenselyNormedField.{0} Real Real.instRCLike))))))
            (@AddCommGroup.toAddCommMonoid.{0} (EuclideanSpace.{0, 0} Real (Fin m))
              (@WithLp.instAddCommGroup.{0}
                (@OfNat.ofNat.{0} ENNReal (nat_lit 2)
                  (@instOfNatAtLeastTwo.{0} ENNReal (nat_lit 2)
                    (@AddMonoidWithOne.toNatCast.{0} ENNReal
                      (@AddCommMonoidWithOne.toAddMonoidWithOne.{0} ENNReal ENNReal.instAddCommMonoidWithOne))
                    PiLp.innerProductSpace._proof_1))
                ((i : Fin m) → (fun (x : Fin m) => Real) i)
                (@Pi.addCommGroup.{0, 0} (Fin m) (fun (x : Fin m) => Real) fun (i : Fin m) =>
                  @Ring.toAddCommGroup.{0} Real
                    (@DivisionRing.toRing.{0} Real
                      (@Field.toDivisionRing.{0} Real
                        (@NormedField.toField.{0} Real
                          (@DenselyNormedField.toNormedField.{0} Real
                            (@RCLike.toDenselyNormedField.{0} Real Real.instRCLike))))))))
            (@AddCommGroup.toAddCommMonoid.{0} (EuclideanSpace.{0, 0} Real (Fin m))
              (@WithLp.instAddCommGroup.{0}
                (@OfNat.ofNat.{0} ENNReal (nat_lit 2)
                  (@instOfNatAtLeastTwo.{0} ENNReal (nat_lit 2)
                    (@AddMonoidWithOne.toNatCast.{0} ENNReal
                      (@AddCommMonoidWithOne.toAddMonoidWithOne.{0} ENNReal ENNReal.instAddCommMonoidWithOne))
                    PiLp.innerProductSpace._proof_1))
                ((i : Fin m) → (fun (x : Fin m) => Real) i)
                (@Pi.addCommGroup.{0, 0} (Fin m) (fun (x : Fin m) => Real) fun (i : Fin m) =>
                  @Ring.toAddCommGroup.{0} Real
                    (@DivisionRing.toRing.{0} Real
                      (@Field.toDivisionRing.{0} Real
                        (@NormedField.toField.{0} Real
                          (@DenselyNormedField.toNormedField.{0} Real
                            (@RCLike.toDenselyNormedField.{0} Real Real.instRCLike))))))))
            (@WithLp.instModule.{0, 0}
              (@OfNat.ofNat.{0} ENNReal (nat_lit 2)
                (@instOfNatAtLeastTwo.{0} ENNReal (nat_lit 2)
                  (@AddMonoidWithOne.toNatCast.{0} ENNReal
                    (@AddCommMonoidWithOne.toAddMonoidWithOne.{0} ENNReal ENNReal.instAddCommMonoidWithOne))
                  PiLp.innerProductSpace._proof_1))
              Real ((i : Fin m) → (fun (x : Fin m) => Real) i)
              (@DivisionSemiring.toSemiring.{0} Real
                (@Semifield.toDivisionSemiring.{0} Real
                  (@Field.toSemifield.{0} Real
                    (@NormedField.toField.{0} Real
                      (@DenselyNormedField.toNormedField.{0} Real
                        (@RCLike.toDenselyNormedField.{0} Real Real.instRCLike))))))
              (@Pi.addCommGroup.{0, 0} (Fin m) (fun (x : Fin m) => Real) fun (i : Fin m) =>
                @Ring.toAddCommGroup.{0} Real
                  (@DivisionRing.toRing.{0} Real
                    (@Field.toDivisionRing.{0} Real
                      (@NormedField.toField.{0} Real
                        (@DenselyNormedField.toNormedField.{0} Real
                          (@RCLike.toDenselyNormedField.{0} Real Real.instRCLike))))))
              (@Pi.Function.module.{0, 0, 0} (Fin m) Real Real
                (@DivisionSemiring.toSemiring.{0} Real
                  (@Semifield.toDivisionSemiring.{0} Real
                    (@Field.toSemifield.{0} Real
                      (@NormedField.toField.{0} Real
                        (@DenselyNormedField.toNormedField.{0} Real
                          (@RCLike.toDenselyNormedField.{0} Real Real.instRCLike))))))
                (@Semiring.toAddCommMonoid.{0} Real
                  (@Ring.toSemiring.{0} Real
                    (@DivisionRing.toRing.{0} Real
                      (@Field.toDivisionRing.{0} Real
                        (@NormedField.toField.{0} Real
                          (@DenselyNormedField.toNormedField.{0} Real
                            (@RCLike.toDenselyNormedField.{0} Real Real.instRCLike)))))))
                (@Semiring.toModule.{0} Real
                  (@DivisionSemiring.toSemiring.{0} Real
                    (@Semifield.toDivisionSemiring.{0} Real
                      (@Field.toSemifield.{0} Real
                        (@NormedField.toField.{0} Real
                          (@DenselyNormedField.toNormedField.{0} Real
                            (@RCLike.toDenselyNormedField.{0} Real Real.instRCLike)))))))))
            (@WithLp.instModule.{0, 0}
              (@OfNat.ofNat.{0} ENNReal (nat_lit 2)
                (@instOfNatAtLeastTwo.{0} ENNReal (nat_lit 2)
                  (@AddMonoidWithOne.toNatCast.{0} ENNReal
                    (@AddCommMonoidWithOne.toAddMonoidWithOne.{0} ENNReal ENNReal.instAddCommMonoidWithOne))
                  PiLp.innerProductSpace._proof_1))
              Real ((i : Fin m) → (fun (x : Fin m) => Real) i)
              (@DivisionSemiring.toSemiring.{0} Real
                (@Semifield.toDivisionSemiring.{0} Real
                  (@Field.toSemifield.{0} Real
                    (@NormedField.toField.{0} Real
                      (@DenselyNormedField.toNormedField.{0} Real
                        (@RCLike.toDenselyNormedField.{0} Real Real.instRCLike))))))
              (@Pi.addCommGroup.{0, 0} (Fin m) (fun (x : Fin m) => Real) fun (i : Fin m) =>
                @Ring.toAddCommGroup.{0} Real
                  (@DivisionRing.toRing.{0} Real
                    (@Field.toDivisionRing.{0} Real
                      (@NormedField.toField.{0} Real
                        (@DenselyNormedField.toNormedField.{0} Real
                          (@RCLike.toDenselyNormedField.{0} Real Real.instRCLike))))))
              (@Pi.Function.module.{0, 0, 0} (Fin m) Real Real
                (@DivisionSemiring.toSemiring.{0} Real
                  (@Semifield.toDivisionSemiring.{0} Real
                    (@Field.toSemifield.{0} Real
                      (@NormedField.toField.{0} Real
                        (@DenselyNormedField.toNormedField.{0} Real
                          (@RCLike.toDenselyNormedField.{0} Real Real.instRCLike))))))
                (@Semiring.toAddCommMonoid.{0} Real
                  (@Ring.toSemiring.{0} Real
                    (@DivisionRing.toRing.{0} Real
                      (@Field.toDivisionRing.{0} Real
                        (@NormedField.toField.{0} Real
                          (@DenselyNormedField.toNormedField.{0} Real
                            (@RCLike.toDenselyNormedField.{0} Real Real.instRCLike)))))))
                (@Semiring.toModule.{0} Real
                  (@DivisionSemiring.toSemiring.{0} Real
                    (@Semifield.toDivisionSemiring.{0} Real
                      (@Field.toSemifield.{0} Real
                        (@NormedField.toField.{0} Real
                          (@DenselyNormedField.toNormedField.{0} Real
                            (@RCLike.toDenselyNormedField.{0} Real Real.instRCLike)))))))))
            (@RingHom.id.{0} Real
              (@Semiring.toNonAssocSemiring.{0} Real
                (@DivisionSemiring.toSemiring.{0} Real
                  (@Semifield.toDivisionSemiring.{0} Real
                    (@Field.toSemifield.{0} Real
                      (@NormedField.toField.{0} Real
                        (@DenselyNormedField.toNormedField.{0} Real
                          (@RCLike.toDenselyNormedField.{0} Real Real.instRCLike)))))))))
          (@Matrix.module.{0, 0, 0, 0} (Fin m) (Fin m) Real Real
            (@DivisionSemiring.toSemiring.{0} Real
              (@Semifield.toDivisionSemiring.{0} Real
                (@Field.toSemifield.{0} Real
                  (@NormedField.toField.{0} Real
                    (@DenselyNormedField.toNormedField.{0} Real
                      (@RCLike.toDenselyNormedField.{0} Real Real.instRCLike))))))
            (@Semiring.toAddCommMonoid.{0} Real
              (@DivisionSemiring.toSemiring.{0} Real
                (@Semifield.toDivisionSemiring.{0} Real
                  (@Field.toSemifield.{0} Real
                    (@NormedField.toField.{0} Real
                      (@DenselyNormedField.toNormedField.{0} Real
                        (@RCLike.toDenselyNormedField.{0} Real Real.instRCLike)))))))
            (@Semiring.toModule.{0} Real
              (@DivisionSemiring.toSemiring.{0} Real
                (@Semifield.toDivisionSemiring.{0} Real
                  (@Field.toSemifield.{0} Real
                    (@NormedField.toField.{0} Real
                      (@DenselyNormedField.toNormedField.{0} Real
                        (@RCLike.toDenselyNormedField.{0} Real Real.instRCLike))))))))
          (@LinearMap.module.{0, 0, 0, 0, 0} Real Real Real (EuclideanSpace.{0, 0} Real (Fin m))
            (EuclideanSpace.{0, 0} Real (Fin m))
            (@DivisionSemiring.toSemiring.{0} Real
              (@Semifield.toDivisionSemiring.{0} Real
                (@Field.toSemifield.{0} Real
                  (@NormedField.toField.{0} Real
                    (@DenselyNormedField.toNormedField.{0} Real
                      (@RCLike.toDenselyNormedField.{0} Real Real.instRCLike))))))
            (@DivisionSemiring.toSemiring.{0} Real
              (@Semifield.toDivisionSemiring.{0} Real
                (@Field.toSemifield.{0} Real
                  (@NormedField.toField.{0} Real
                    (@DenselyNormedField.toNormedField.{0} Real
                      (@RCLike.toDenselyNormedField.{0} Real Real.instRCLike))))))
            (@AddCommGroup.toAddCommMonoid.{0} (EuclideanSpace.{0, 0} Real (Fin m))
              (@WithLp.instAddCommGroup.{0}
                (@OfNat.ofNat.{0} ENNReal (nat_lit 2)
                  (@instOfNatAtLeastTwo.{0} ENNReal (nat_lit 2)
                    (@AddMonoidWithOne.toNatCast.{0} ENNReal
                      (@AddCommMonoidWithOne.toAddMonoidWithOne.{0} ENNReal ENNReal.instAddCommMonoidWithOne))
                    PiLp.innerProductSpace._proof_1))
                ((i : Fin m) → (fun (x : Fin m) => Real) i)
                (@Pi.addCommGroup.{0, 0} (Fin m) (fun (x : Fin m) => Real) fun (i : Fin m) =>
                  @Ring.toAddCommGroup.{0} Real
                    (@DivisionRing.toRing.{0} Real
                      (@Field.toDivisionRing.{0} Real
                        (@NormedField.toField.{0} Real
                          (@DenselyNormedField.toNormedField.{0} Real
                            (@RCLike.toDenselyNormedField.{0} Real Real.instRCLike))))))))
            (@AddCommGroup.toAddCommMonoid.{0} (EuclideanSpace.{0, 0} Real (Fin m))
              (@WithLp.instAddCommGroup.{0}
                (@OfNat.ofNat.{0} ENNReal (nat_lit 2)
                  (@instOfNatAtLeastTwo.{0} ENNReal (nat_lit 2)
                    (@AddMonoidWithOne.toNatCast.{0} ENNReal
                      (@AddCommMonoidWithOne.toAddMonoidWithOne.{0} ENNReal ENNReal.instAddCommMonoidWithOne))
                    PiLp.innerProductSpace._proof_1))
                ((i : Fin m) → (fun (x : Fin m) => Real) i)
                (@Pi.addCommGroup.{0, 0} (Fin m) (fun (x : Fin m) => Real) fun (i : Fin m) =>
                  @Ring.toAddCommGroup.{0} Real
                    (@DivisionRing.toRing.{0} Real
                      (@Field.toDivisionRing.{0} Real
                        (@NormedField.toField.{0} Real
                          (@DenselyNormedField.toNormedField.{0} Real
                            (@RCLike.toDenselyNormedField.{0} Real Real.instRCLike))))))))
            (@WithLp.instModule.{0, 0}
              (@OfNat.ofNat.{0} ENNReal (nat_lit 2)
                (@instOfNatAtLeastTwo.{0} ENNReal (nat_lit 2)
                  (@AddMonoidWithOne.toNatCast.{0} ENNReal
                    (@AddCommMonoidWithOne.toAddMonoidWithOne.{0} ENNReal ENNReal.instAddCommMonoidWithOne))
                  PiLp.innerProductSpace._proof_1))
              Real ((i : Fin m) → (fun (x : Fin m) => Real) i)
              (@DivisionSemiring.toSemiring.{0} Real
                (@Semifield.toDivisionSemiring.{0} Real
                  (@Field.toSemifield.{0} Real
                    (@NormedField.toField.{0} Real
                      (@DenselyNormedField.toNormedField.{0} Real
                        (@RCLike.toDenselyNormedField.{0} Real Real.instRCLike))))))
              (@Pi.addCommGroup.{0, 0} (Fin m) (fun (x : Fin m) => Real) fun (i : Fin m) =>
                @Ring.toAddCommGroup.{0} Real
                  (@DivisionRing.toRing.{0} Real
                    (@Field.toDivisionRing.{0} Real
                      (@NormedField.toField.{0} Real
                        (@DenselyNormedField.toNormedField.{0} Real
                          (@RCLike.toDenselyNormedField.{0} Real Real.instRCLike))))))
              (@Pi.Function.module.{0, 0, 0} (Fin m) Real Real
                (@DivisionSemiring.toSemiring.{0} Real
                  (@Semifield.toDivisionSemiring.{0} Real
                    (@Field.toSemifield.{0} Real
                      (@NormedField.toField.{0} Real
                        (@DenselyNormedField.toNormedField.{0} Real
                          (@RCLike.toDenselyNormedField.{0} Real Real.instRCLike))))))
                (@Semiring.toAddCommMonoid.{0} Real
                  (@Ring.toSemiring.{0} Real
                    (@DivisionRing.toRing.{0} Real
                      (@Field.toDivisionRing.{0} Real
                        (@NormedField.toField.{0} Real
                          (@DenselyNormedField.toNormedField.{0} Real
                            (@RCLike.toDenselyNormedField.{0} Real Real.instRCLike)))))))
                (@Semiring.toModule.{0} Real
                  (@DivisionSemiring.toSemiring.{0} Real
                    (@Semifield.toDivisionSemiring.{0} Real
                      (@Field.toSemifield.{0} Real
                        (@NormedField.toField.{0} Real
                          (@DenselyNormedField.toNormedField.{0} Real
                            (@RCLike.toDenselyNormedField.{0} Real Real.instRCLike)))))))))
            (@WithLp.instModule.{0, 0}
              (@OfNat.ofNat.{0} ENNReal (nat_lit 2)
                (@instOfNatAtLeastTwo.{0} ENNReal (nat_lit 2)
                  (@AddMonoidWithOne.toNatCast.{0} ENNReal
                    (@AddCommMonoidWithOne.toAddMonoidWithOne.{0} ENNReal ENNReal.instAddCommMonoidWithOne))
                  PiLp.innerProductSpace._proof_1))
              Real ((i : Fin m) → (fun (x : Fin m) => Real) i)
              (@DivisionSemiring.toSemiring.{0} Real
                (@Semifield.toDivisionSemiring.{0} Real
                  (@Field.toSemifield.{0} Real
                    (@NormedField.toField.{0} Real
                      (@DenselyNormedField.toNormedField.{0} Real
                        (@RCLike.toDenselyNormedField.{0} Real Real.instRCLike))))))
              (@Pi.addCommGroup.{0, 0} (Fin m) (fun (x : Fin m) => Real) fun (i : Fin m) =>
                @Ring.toAddCommGroup.{0} Real
                  (@DivisionRing.toRing.{0} Real
                    (@Field.toDivisionRing.{0} Real
                      (@NormedField.toField.{0} Real
                        (@DenselyNormedField.toNormedField.{0} Real
                          (@RCLike.toDenselyNormedField.{0} Real Real.instRCLike))))))
              (@Pi.Function.module.{0, 0, 0} (Fin m) Real Real
                (@DivisionSemiring.toSemiring.{0} Real
                  (@Semifield.toDivisionSemiring.{0} Real
                    (@Field.toSemifield.{0} Real
                      (@NormedField.toField.{0} Real
                        (@DenselyNormedField.toNormedField.{0} Real
                          (@RCLike.toDenselyNormedField.{0} Real Real.instRCLike))))))
                (@Semiring.toAddCommMonoid.{0} Real
                  (@Ring.toSemiring.{0} Real
                    (@DivisionRing.toRing.{0} Real
                      (@Field.toDivisionRing.{0} Real
                        (@NormedField.toField.{0} Real
                          (@DenselyNormedField.toNormedField.{0} Real
                            (@RCLike.toDenselyNormedField.{0} Real Real.instRCLike)))))))
                (@Semiring.toModule.{0} Real
                  (@DivisionSemiring.toSemiring.{0} Real
                    (@Semifield.toDivisionSemiring.{0} Real
                      (@Field.toSemifield.{0} Real
                        (@NormedField.toField.{0} Real
                          (@DenselyNormedField.toNormedField.{0} Real
                            (@RCLike.toDenselyNormedField.{0} Real Real.instRCLike)))))))))
            (@RingHom.id.{0} Real
              (@Semiring.toNonAssocSemiring.{0} Real
                (@DivisionSemiring.toSemiring.{0} Real
                  (@Semifield.toDivisionSemiring.{0} Real
                    (@Field.toSemifield.{0} Real
                      (@NormedField.toField.{0} Real
                        (@DenselyNormedField.toNormedField.{0} Real
                          (@RCLike.toDenselyNormedField.{0} Real Real.instRCLike))))))))
            (@DivisionSemiring.toSemiring.{0} Real
              (@Semifield.toDivisionSemiring.{0} Real
                (@Field.toSemifield.{0} Real
                  (@NormedField.toField.{0} Real
                    (@DenselyNormedField.toNormedField.{0} Real
                      (@RCLike.toDenselyNormedField.{0} Real Real.instRCLike))))))
            (@WithLp.instModule.{0, 0}
              (@OfNat.ofNat.{0} ENNReal (nat_lit 2)
                (@instOfNatAtLeastTwo.{0} ENNReal (nat_lit 2)
                  (@AddMonoidWithOne.toNatCast.{0} ENNReal
                    (@AddCommMonoidWithOne.toAddMonoidWithOne.{0} ENNReal ENNReal.instAddCommMonoidWithOne))
                  PiLp.innerProductSpace._proof_1))
              Real ((i : Fin m) → (fun (x : Fin m) => Real) i)
              (@DivisionSemiring.toSemiring.{0} Real
                (@Semifield.toDivisionSemiring.{0} Real
                  (@Field.toSemifield.{0} Real
                    (@NormedField.toField.{0} Real
                      (@DenselyNormedField.toNormedField.{0} Real
                        (@RCLike.toDenselyNormedField.{0} Real Real.instRCLike))))))
              (@Pi.addCommGroup.{0, 0} (Fin m) (fun (x : Fin m) => Real) fun (i : Fin m) =>
                @Ring.toAddCommGroup.{0} Real
                  (@DivisionRing.toRing.{0} Real
                    (@Field.toDivisionRing.{0} Real
                      (@NormedField.toField.{0} Real
                        (@DenselyNormedField.toNormedField.{0} Real
                          (@RCLike.toDenselyNormedField.{0} Real Real.instRCLike))))))
              (@Pi.Function.module.{0, 0, 0} (Fin m) Real Real
                (@DivisionSemiring.toSemiring.{0} Real
                  (@Semifield.toDivisionSemiring.{0} Real
                    (@Field.toSemifield.{0} Real
                      (@NormedField.toField.{0} Real
                        (@DenselyNormedField.toNormedField.{0} Real
                          (@RCLike.toDenselyNormedField.{0} Real Real.instRCLike))))))
                (@Semiring.toAddCommMonoid.{0} Real
                  (@Ring.toSemiring.{0} Real
                    (@DivisionRing.toRing.{0} Real
                      (@Field.toDivisionRing.{0} Real
                        (@NormedField.toField.{0} Real
                          (@DenselyNormedField.toNormedField.{0} Real
                            (@RCLike.toDenselyNormedField.{0} Real Real.instRCLike)))))))
                (@Semiring.toModule.{0} Real
                  (@DivisionSemiring.toSemiring.{0} Real
                    (@Semifield.toDivisionSemiring.{0} Real
                      (@Field.toSemifield.{0} Real
                        (@NormedField.toField.{0} Real
                          (@DenselyNormedField.toNormedField.{0} Real
                            (@RCLike.toDenselyNormedField.{0} Real Real.instRCLike)))))))))
            (@NLA.KE04.act._proof_2 m))))
      (@Matrix.toEuclideanLin.{0, 0, 0} Real Real.instRCLike (Fin m) (Fin m) (Fin.fintype m) (instDecidableEqFin m)) M)
    (@NLA.KE04.orderedEigenvalues._proof_1 m) m (@NLA.KE04.orderedEigenvalues._proof_2 m M hM)
    (@finrank_euclideanSpace_fin.{0} Real Real.instRCLike m) (@Fin.rev m r)
def NLA.KE04.orderedEigenbasis : {m : Nat} →
  (M : NLA.KE04.Mat m) →
    (hM :
        @Matrix.IsHermitian.{0, 0} Real (Fin m)
          (@InvolutiveStar.toStar.{0} Real
            (@StarAddMonoid.toInvolutiveStar.{0} Real
              (@AddCommMonoid.toAddMonoid.{0} Real
                (@NonUnitalNonAssocSemiring.toAddCommMonoid.{0} Real
                  (@NonUnitalNonAssocRing.toNonUnitalNonAssocSemiring.{0} Real
                    (@NonUnitalNonAssocCommRing.toNonUnitalNonAssocRing.{0} Real
                      (@NonUnitalCommRing.toNonUnitalNonAssocCommRing.{0} Real
                        (@CommRing.toNonUnitalCommRing.{0} Real Real.commRing))))))
              (@StarRing.toStarAddMonoid.{0} Real
                (@NonUnitalNonAssocRing.toNonUnitalNonAssocSemiring.{0} Real
                  (@NonUnitalNonAssocCommRing.toNonUnitalNonAssocRing.{0} Real
                    (@NonUnitalCommRing.toNonUnitalNonAssocCommRing.{0} Real
                      (@CommRing.toNonUnitalCommRing.{0} Real Real.commRing))))
                instStarRingReal)))
          M) →
      @OrthonormalBasis.{0, 0, 0} (Fin m) Real Real.instRCLike (NLA.KE04.Vec m)
        (@PiLp.normedAddCommGroup.{0, 0}
          (@OfNat.ofNat.{0} ENNReal (nat_lit 2)
            (@instOfNatAtLeastTwo.{0} ENNReal (nat_lit 2)
              (@AddMonoidWithOne.toNatCast.{0} ENNReal
                (@AddCommMonoidWithOne.toAddMonoidWithOne.{0} ENNReal ENNReal.instAddCommMonoidWithOne))
              PiLp.innerProductSpace._proof_1))
          (Fin m) (fun (x : Fin m) => Real) fact_one_le_two_ennreal (Fin.fintype m) fun (i : Fin m) =>
          Real.normedAddCommGroup)
        (@PiLp.innerProductSpace.{0, 0, 0} Real Real.instRCLike (Fin m) (Fin.fintype m) (fun (x : Fin m) => Real)
          (fun (i : Fin m) => Real.normedAddCommGroup) fun (i : Fin m) =>
          @RCLike.toInnerProductSpaceReal.{0} Real Real.instRCLike)
        (Fin.fintype m) :=
fun {m : ⋯} (M : ⋯) (hM : ⋯) =>
  @OrthonormalBasis.reindex.{0, 0, 0, 0} (Fin m) (Fin m) Real Real.instRCLike (EuclideanSpace.{0, 0} Real (Fin m))
    (@PiLp.normedAddCommGroup.{0, 0}
      (@OfNat.ofNat.{0} ENNReal (nat_lit 2)
        (@instOfNatAtLeastTwo.{0} ENNReal (nat_lit 2)
          (@AddMonoidWithOne.toNatCast.{0} ENNReal
            (@AddCommMonoidWithOne.toAddMonoidWithOne.{0} ENNReal ENNReal.instAddCommMonoidWithOne))
          PiLp.innerProductSpace._proof_1))
      (Fin m) (fun (x : Fin m) => Real) fact_one_le_two_ennreal (Fin.fintype m) fun (i : Fin m) =>
      Real.normedAddCommGroup)
    (@PiLp.innerProductSpace.{0, 0, 0} Real Real.instRCLike (Fin m) (Fin.fintype m) (fun (x : Fin m) => Real)
      (fun (i : Fin m) =>
        @NonUnitalNormedRing.toNormedAddCommGroup.{0} Real
          (@NonUnitalNormedCommRing.toNonUnitalNormedRing.{0} Real
            (@NormedCommRing.toNonUnitalNormedCommRing.{0} Real
              (@NormedField.toNormedCommRing.{0} Real
                (@DenselyNormedField.toNormedField.{0} Real (@RCLike.toDenselyNormedField.{0} Real Real.instRCLike))))))
      fun (i : Fin m) => @RCLike.innerProductSpace.{0} Real Real.instRCLike)
    (Fin.fintype m) (Fin.fintype m)
    (@LinearMap.IsSymmetric.eigenvectorBasis.{0, 0} Real Real.instRCLike (EuclideanSpace.{0, 0} Real (Fin m))
      (@PiLp.normedAddCommGroup.{0, 0}
        (@OfNat.ofNat.{0} ENNReal (nat_lit 2)
          (@instOfNatAtLeastTwo.{0} ENNReal (nat_lit 2)
            (@AddMonoidWithOne.toNatCast.{0} ENNReal
              (@AddCommMonoidWithOne.toAddMonoidWithOne.{0} ENNReal ENNReal.instAddCommMonoidWithOne))
            PiLp.innerProductSpace._proof_1))
        (Fin m) (fun (x : Fin m) => Real) fact_one_le_two_ennreal (Fin.fintype m) fun (i : Fin m) =>
        Real.normedAddCommGroup)
      (@PiLp.innerProductSpace.{0, 0, 0} Real Real.instRCLike (Fin m) (Fin.fintype m) (fun (x : Fin m) => Real)
        (fun (i : Fin m) =>
          @NonUnitalNormedRing.toNormedAddCommGroup.{0} Real
            (@NonUnitalNormedCommRing.toNonUnitalNormedRing.{0} Real
              (@NormedCommRing.toNonUnitalNormedCommRing.{0} Real
                (@NormedField.toNormedCommRing.{0} Real
                  (@DenselyNormedField.toNormedField.{0} Real
                    (@RCLike.toDenselyNormedField.{0} Real Real.instRCLike))))))
        fun (i : Fin m) => @RCLike.innerProductSpace.{0} Real Real.instRCLike)
      (@DFunLike.coe.{1, 1, 1}
        (@LinearEquiv.{0, 0, 0, 0} Real Real
          (@DivisionSemiring.toSemiring.{0} Real
            (@Semifield.toDivisionSemiring.{0} Real
              (@Field.toSemifield.{0} Real
                (@NormedField.toField.{0} Real
                  (@DenselyNormedField.toNormedField.{0} Real
                    (@RCLike.toDenselyNormedField.{0} Real Real.instRCLike))))))
          (@DivisionSemiring.toSemiring.{0} Real
            (@Semifield.toDivisionSemiring.{0} Real
              (@Field.toSemifield.{0} Real
                (@NormedField.toField.{0} Real
                  (@DenselyNormedField.toNormedField.{0} Real
                    (@RCLike.toDenselyNormedField.{0} Real Real.instRCLike))))))
          (@RingHom.id.{0} Real
            (@Semiring.toNonAssocSemiring.{0} Real
              (@DivisionSemiring.toSemiring.{0} Real
                (@Semifield.toDivisionSemiring.{0} Real
                  (@Field.toSemifield.{0} Real
                    (@NormedField.toField.{0} Real
                      (@DenselyNormedField.toNormedField.{0} Real
                        (@RCLike.toDenselyNormedField.{0} Real Real.instRCLike))))))))
          (@RingHom.id.{0} Real
            (@Semiring.toNonAssocSemiring.{0} Real
              (@DivisionSemiring.toSemiring.{0} Real
                (@Semifield.toDivisionSemiring.{0} Real
                  (@Field.toSemifield.{0} Real
                    (@NormedField.toField.{0} Real
                      (@DenselyNormedField.toNormedField.{0} Real
                        (@RCLike.toDenselyNormedField.{0} Real Real.instRCLike))))))))
          NLA.KE04.act._proof_1 NLA.KE04.act._proof_1 (Matrix.{0, 0, 0} (Fin m) (Fin m) Real)
          (@LinearMap.{0, 0, 0, 0} Real Real
            (@DivisionSemiring.toSemiring.{0} Real
              (@Semifield.toDivisionSemiring.{0} Real
                (@Field.toSemifield.{0} Real
                  (@NormedField.toField.{0} Real
                    (@DenselyNormedField.toNormedField.{0} Real
                      (@RCLike.toDenselyNormedField.{0} Real Real.instRCLike))))))
            (@DivisionSemiring.toSemiring.{0} Real
              (@Semifield.toDivisionSemiring.{0} Real
                (@Field.toSemifield.{0} Real
                  (@NormedField.toField.{0} Real
                    (@DenselyNormedField.toNormedField.{0} Real
                      (@RCLike.toDenselyNormedField.{0} Real Real.instRCLike))))))
            (@RingHom.id.{0} Real
              (@Semiring.toNonAssocSemiring.{0} Real
                (@DivisionSemiring.toSemiring.{0} Real
                  (@Semifield.toDivisionSemiring.{0} Real
                    (@Field.toSemifield.{0} Real
                      (@NormedField.toField.{0} Real
                        (@DenselyNormedField.toNormedField.{0} Real
                          (@RCLike.toDenselyNormedField.{0} Real Real.instRCLike))))))))
            (EuclideanSpace.{0, 0} Real (Fin m)) (EuclideanSpace.{0, 0} Real (Fin m))
            (@AddCommGroup.toAddCommMonoid.{0} (EuclideanSpace.{0, 0} Real (Fin m))
              (@WithLp.instAddCommGroup.{0}
                (@OfNat.ofNat.{0} ENNReal (nat_lit 2)
                  (@instOfNatAtLeastTwo.{0} ENNReal (nat_lit 2)
                    (@AddMonoidWithOne.toNatCast.{0} ENNReal
                      (@AddCommMonoidWithOne.toAddMonoidWithOne.{0} ENNReal ENNReal.instAddCommMonoidWithOne))
                    PiLp.innerProductSpace._proof_1))
                ((i : Fin m) → (fun (x : Fin m) => Real) i)
                (@Pi.addCommGroup.{0, 0} (Fin m) (fun (x : Fin m) => Real) fun (i : Fin m) =>
                  @Ring.toAddCommGroup.{0} Real
                    (@DivisionRing.toRing.{0} Real
                      (@Field.toDivisionRing.{0} Real
                        (@NormedField.toField.{0} Real
                          (@DenselyNormedField.toNormedField.{0} Real
                            (@RCLike.toDenselyNormedField.{0} Real Real.instRCLike))))))))
            (@AddCommGroup.toAddCommMonoid.{0} (EuclideanSpace.{0, 0} Real (Fin m))
              (@WithLp.instAddCommGroup.{0}
                (@OfNat.ofNat.{0} ENNReal (nat_lit 2)
                  (@instOfNatAtLeastTwo.{0} ENNReal (nat_lit 2)
                    (@AddMonoidWithOne.toNatCast.{0} ENNReal
                      (@AddCommMonoidWithOne.toAddMonoidWithOne.{0} ENNReal ENNReal.instAddCommMonoidWithOne))
                    PiLp.innerProductSpace._proof_1))
                ((i : Fin m) → (fun (x : Fin m) => Real) i)
                (@Pi.addCommGroup.{0, 0} (Fin m) (fun (x : Fin m) => Real) fun (i : Fin m) =>
                  @Ring.toAddCommGroup.{0} Real
                    (@DivisionRing.toRing.{0} Real
                      (@Field.toDivisionRing.{0} Real
                        (@NormedField.toField.{0} Real
                          (@DenselyNormedField.toNormedField.{0} Real
                            (@RCLike.toDenselyNormedField.{0} Real Real.instRCLike))))))))
            (@WithLp.instModule.{0, 0}
              (@OfNat.ofNat.{0} ENNReal (nat_lit 2)
                (@instOfNatAtLeastTwo.{0} ENNReal (nat_lit 2)
                  (@AddMonoidWithOne.toNatCast.{0} ENNReal
                    (@AddCommMonoidWithOne.toAddMonoidWithOne.{0} ENNReal ENNReal.instAddCommMonoidWithOne))
                  PiLp.innerProductSpace._proof_1))
              Real ((i : Fin m) → (fun (x : Fin m) => Real) i)
              (@DivisionSemiring.toSemiring.{0} Real
                (@Semifield.toDivisionSemiring.{0} Real
                  (@Field.toSemifield.{0} Real
                    (@NormedField.toField.{0} Real
                      (@DenselyNormedField.toNormedField.{0} Real
                        (@RCLike.toDenselyNormedField.{0} Real Real.instRCLike))))))
              (@Pi.addCommGroup.{0, 0} (Fin m) (fun (x : Fin m) => Real) fun (i : Fin m) =>
                @Ring.toAddCommGroup.{0} Real
                  (@DivisionRing.toRing.{0} Real
                    (@Field.toDivisionRing.{0} Real
                      (@NormedField.toField.{0} Real
                        (@DenselyNormedField.toNormedField.{0} Real
                          (@RCLike.toDenselyNormedField.{0} Real Real.instRCLike))))))
              (@Pi.Function.module.{0, 0, 0} (Fin m) Real Real
                (@DivisionSemiring.toSemiring.{0} Real
                  (@Semifield.toDivisionSemiring.{0} Real
                    (@Field.toSemifield.{0} Real
                      (@NormedField.toField.{0} Real
                        (@DenselyNormedField.toNormedField.{0} Real
                          (@RCLike.toDenselyNormedField.{0} Real Real.instRCLike))))))
                (@Semiring.toAddCommMonoid.{0} Real
                  (@Ring.toSemiring.{0} Real
                    (@DivisionRing.toRing.{0} Real
                      (@Field.toDivisionRing.{0} Real
                        (@NormedField.toField.{0} Real
                          (@DenselyNormedField.toNormedField.{0} Real
                            (@RCLike.toDenselyNormedField.{0} Real Real.instRCLike)))))))
                (@Semiring.toModule.{0} Real
                  (@DivisionSemiring.toSemiring.{0} Real
                    (@Semifield.toDivisionSemiring.{0} Real
                      (@Field.toSemifield.{0} Real
                        (@NormedField.toField.{0} Real
                          (@DenselyNormedField.toNormedField.{0} Real
                            (@RCLike.toDenselyNormedField.{0} Real Real.instRCLike)))))))))
            (@WithLp.instModule.{0, 0}
              (@OfNat.ofNat.{0} ENNReal (nat_lit 2)
                (@instOfNatAtLeastTwo.{0} ENNReal (nat_lit 2)
                  (@AddMonoidWithOne.toNatCast.{0} ENNReal
                    (@AddCommMonoidWithOne.toAddMonoidWithOne.{0} ENNReal ENNReal.instAddCommMonoidWithOne))
                  PiLp.innerProductSpace._proof_1))
              Real ((i : Fin m) → (fun (x : Fin m) => Real) i)
              (@DivisionSemiring.toSemiring.{0} Real
                (@Semifield.toDivisionSemiring.{0} Real
                  (@Field.toSemifield.{0} Real
                    (@NormedField.toField.{0} Real
                      (@DenselyNormedField.toNormedField.{0} Real
                        (@RCLike.toDenselyNormedField.{0} Real Real.instRCLike))))))
              (@Pi.addCommGroup.{0, 0} (Fin m) (fun (x : Fin m) => Real) fun (i : Fin m) =>
                @Ring.toAddCommGroup.{0} Real
                  (@DivisionRing.toRing.{0} Real
                    (@Field.toDivisionRing.{0} Real
                      (@NormedField.toField.{0} Real
                        (@DenselyNormedField.toNormedField.{0} Real
                          (@RCLike.toDenselyNormedField.{0} Real Real.instRCLike))))))
              (@Pi.Function.module.{0, 0, 0} (Fin m) Real Real
                (@DivisionSemiring.toSemiring.{0} Real
                  (@Semifield.toDivisionSemiring.{0} Real
                    (@Field.toSemifield.{0} Real
                      (@NormedField.toField.{0} Real
                        (@DenselyNormedField.toNormedField.{0} Real
                          (@RCLike.toDenselyNormedField.{0} Real Real.instRCLike))))))
                (@Semiring.toAddCommMonoid.{0} Real
                  (@Ring.toSemiring.{0} Real
                    (@DivisionRing.toRing.{0} Real
                      (@Field.toDivisionRing.{0} Real
                        (@NormedField.toField.{0} Real
                          (@DenselyNormedField.toNormedField.{0} Real
                            (@RCLike.toDenselyNormedField.{0} Real Real.instRCLike)))))))
                (@Semiring.toModule.{0} Real
                  (@DivisionSemiring.toSemiring.{0} Real
                    (@Semifield.toDivisionSemiring.{0} Real
                      (@Field.toSemifield.{0} Real
                        (@NormedField.toField.{0} Real
                          (@DenselyNormedField.toNormedField.{0} Real
                            (@RCLike.toDenselyNormedField.{0} Real Real.instRCLike))))))))))
          (@Matrix.addCommMonoid.{0, 0, 0} (Fin m) (Fin m) Real
            (@Semiring.toAddCommMonoid.{0} Real
              (@DivisionSemiring.toSemiring.{0} Real
                (@Semifield.toDivisionSemiring.{0} Real
                  (@Field.toSemifield.{0} Real
                    (@NormedField.toField.{0} Real
                      (@DenselyNormedField.toNormedField.{0} Real
                        (@RCLike.toDenselyNormedField.{0} Real Real.instRCLike))))))))
          (@LinearMap.addCommMonoid.{0, 0, 0, 0} Real Real (EuclideanSpace.{0, 0} Real (Fin m))
            (EuclideanSpace.{0, 0} Real (Fin m))
            (@DivisionSemiring.toSemiring.{0} Real
              (@Semifield.toDivisionSemiring.{0} Real
                (@Field.toSemifield.{0} Real
                  (@NormedField.toField.{0} Real
                    (@DenselyNormedField.toNormedField.{0} Real
                      (@RCLike.toDenselyNormedField.{0} Real Real.instRCLike))))))
            (@DivisionSemiring.toSemiring.{0} Real
              (@Semifield.toDivisionSemiring.{0} Real
                (@Field.toSemifield.{0} Real
                  (@NormedField.toField.{0} Real
                    (@DenselyNormedField.toNormedField.{0} Real
                      (@RCLike.toDenselyNormedField.{0} Real Real.instRCLike))))))
            (@AddCommGroup.toAddCommMonoid.{0} (EuclideanSpace.{0, 0} Real (Fin m))
              (@WithLp.instAddCommGroup.{0}
                (@OfNat.ofNat.{0} ENNReal (nat_lit 2)
                  (@instOfNatAtLeastTwo.{0} ENNReal (nat_lit 2)
                    (@AddMonoidWithOne.toNatCast.{0} ENNReal
                      (@AddCommMonoidWithOne.toAddMonoidWithOne.{0} ENNReal ENNReal.instAddCommMonoidWithOne))
                    PiLp.innerProductSpace._proof_1))
                ((i : Fin m) → (fun (x : Fin m) => Real) i)
                (@Pi.addCommGroup.{0, 0} (Fin m) (fun (x : Fin m) => Real) fun (i : Fin m) =>
                  @Ring.toAddCommGroup.{0} Real
                    (@DivisionRing.toRing.{0} Real
                      (@Field.toDivisionRing.{0} Real
                        (@NormedField.toField.{0} Real
                          (@DenselyNormedField.toNormedField.{0} Real
                            (@RCLike.toDenselyNormedField.{0} Real Real.instRCLike))))))))
            (@AddCommGroup.toAddCommMonoid.{0} (EuclideanSpace.{0, 0} Real (Fin m))
              (@WithLp.instAddCommGroup.{0}
                (@OfNat.ofNat.{0} ENNReal (nat_lit 2)
                  (@instOfNatAtLeastTwo.{0} ENNReal (nat_lit 2)
                    (@AddMonoidWithOne.toNatCast.{0} ENNReal
                      (@AddCommMonoidWithOne.toAddMonoidWithOne.{0} ENNReal ENNReal.instAddCommMonoidWithOne))
                    PiLp.innerProductSpace._proof_1))
                ((i : Fin m) → (fun (x : Fin m) => Real) i)
                (@Pi.addCommGroup.{0, 0} (Fin m) (fun (x : Fin m) => Real) fun (i : Fin m) =>
                  @Ring.toAddCommGroup.{0} Real
                    (@DivisionRing.toRing.{0} Real
                      (@Field.toDivisionRing.{0} Real
                        (@NormedField.toField.{0} Real
                          (@DenselyNormedField.toNormedField.{0} Real
                            (@RCLike.toDenselyNormedField.{0} Real Real.instRCLike))))))))
            (@WithLp.instModule.{0, 0}
              (@OfNat.ofNat.{0} ENNReal (nat_lit 2)
                (@instOfNatAtLeastTwo.{0} ENNReal (nat_lit 2)
                  (@AddMonoidWithOne.toNatCast.{0} ENNReal
                    (@AddCommMonoidWithOne.toAddMonoidWithOne.{0} ENNReal ENNReal.instAddCommMonoidWithOne))
                  PiLp.innerProductSpace._proof_1))
              Real ((i : Fin m) → (fun (x : Fin m) => Real) i)
              (@DivisionSemiring.toSemiring.{0} Real
                (@Semifield.toDivisionSemiring.{0} Real
                  (@Field.toSemifield.{0} Real
                    (@NormedField.toField.{0} Real
                      (@DenselyNormedField.toNormedField.{0} Real
                        (@RCLike.toDenselyNormedField.{0} Real Real.instRCLike))))))
              (@Pi.addCommGroup.{0, 0} (Fin m) (fun (x : Fin m) => Real) fun (i : Fin m) =>
                @Ring.toAddCommGroup.{0} Real
                  (@DivisionRing.toRing.{0} Real
                    (@Field.toDivisionRing.{0} Real
                      (@NormedField.toField.{0} Real
                        (@DenselyNormedField.toNormedField.{0} Real
                          (@RCLike.toDenselyNormedField.{0} Real Real.instRCLike))))))
              (@Pi.Function.module.{0, 0, 0} (Fin m) Real Real
                (@DivisionSemiring.toSemiring.{0} Real
                  (@Semifield.toDivisionSemiring.{0} Real
                    (@Field.toSemifield.{0} Real
                      (@NormedField.toField.{0} Real
                        (@DenselyNormedField.toNormedField.{0} Real
                          (@RCLike.toDenselyNormedField.{0} Real Real.instRCLike))))))
                (@Semiring.toAddCommMonoid.{0} Real
                  (@Ring.toSemiring.{0} Real
                    (@DivisionRing.toRing.{0} Real
                      (@Field.toDivisionRing.{0} Real
                        (@NormedField.toField.{0} Real
                          (@DenselyNormedField.toNormedField.{0} Real
                            (@RCLike.toDenselyNormedField.{0} Real Real.instRCLike)))))))
                (@Semiring.toModule.{0} Real
                  (@DivisionSemiring.toSemiring.{0} Real
                    (@Semifield.toDivisionSemiring.{0} Real
                      (@Field.toSemifield.{0} Real
                        (@NormedField.toField.{0} Real
                          (@DenselyNormedField.toNormedField.{0} Real
                            (@RCLike.toDenselyNormedField.{0} Real Real.instRCLike)))))))))
            (@WithLp.instModule.{0, 0}
              (@OfNat.ofNat.{0} ENNReal (nat_lit 2)
                (@instOfNatAtLeastTwo.{0} ENNReal (nat_lit 2)
                  (@AddMonoidWithOne.toNatCast.{0} ENNReal
                    (@AddCommMonoidWithOne.toAddMonoidWithOne.{0} ENNReal ENNReal.instAddCommMonoidWithOne))
                  PiLp.innerProductSpace._proof_1))
              Real ((i : Fin m) → (fun (x : Fin m) => Real) i)
              (@DivisionSemiring.toSemiring.{0} Real
                (@Semifield.toDivisionSemiring.{0} Real
                  (@Field.toSemifield.{0} Real
                    (@NormedField.toField.{0} Real
                      (@DenselyNormedField.toNormedField.{0} Real
                        (@RCLike.toDenselyNormedField.{0} Real Real.instRCLike))))))
              (@Pi.addCommGroup.{0, 0} (Fin m) (fun (x : Fin m) => Real) fun (i : Fin m) =>
                @Ring.toAddCommGroup.{0} Real
                  (@DivisionRing.toRing.{0} Real
                    (@Field.toDivisionRing.{0} Real
                      (@NormedField.toField.{0} Real
                        (@DenselyNormedField.toNormedField.{0} Real
                          (@RCLike.toDenselyNormedField.{0} Real Real.instRCLike))))))
              (@Pi.Function.module.{0, 0, 0} (Fin m) Real Real
                (@DivisionSemiring.toSemiring.{0} Real
                  (@Semifield.toDivisionSemiring.{0} Real
                    (@Field.toSemifield.{0} Real
                      (@NormedField.toField.{0} Real
                        (@DenselyNormedField.toNormedField.{0} Real
                          (@RCLike.toDenselyNormedField.{0} Real Real.instRCLike))))))
                (@Semiring.toAddCommMonoid.{0} Real
                  (@Ring.toSemiring.{0} Real
                    (@DivisionRing.toRing.{0} Real
                      (@Field.toDivisionRing.{0} Real
                        (@NormedField.toField.{0} Real
                          (@DenselyNormedField.toNormedField.{0} Real
                            (@RCLike.toDenselyNormedField.{0} Real Real.instRCLike)))))))
                (@Semiring.toModule.{0} Real
                  (@DivisionSemiring.toSemiring.{0} Real
                    (@Semifield.toDivisionSemiring.{0} Real
                      (@Field.toSemifield.{0} Real
                        (@NormedField.toField.{0} Real
                          (@DenselyNormedField.toNormedField.{0} Real
                            (@RCLike.toDenselyNormedField.{0} Real Real.instRCLike)))))))))
            (@RingHom.id.{0} Real
              (@Semiring.toNonAssocSemiring.{0} Real
                (@DivisionSemiring.toSemiring.{0} Real
                  (@Semifield.toDivisionSemiring.{0} Real
                    (@Field.toSemifield.{0} Real
                      (@NormedField.toField.{0} Real
                        (@DenselyNormedField.toNormedField.{0} Real
                          (@RCLike.toDenselyNormedField.{0} Real Real.instRCLike)))))))))
          (@Matrix.module.{0, 0, 0, 0} (Fin m) (Fin m) Real Real
            (@DivisionSemiring.toSemiring.{0} Real
              (@Semifield.toDivisionSemiring.{0} Real
                (@Field.toSemifield.{0} Real
                  (@NormedField.toField.{0} Real
                    (@DenselyNormedField.toNormedField.{0} Real
                      (@RCLike.toDenselyNormedField.{0} Real Real.instRCLike))))))
            (@Semiring.toAddCommMonoid.{0} Real
              (@DivisionSemiring.toSemiring.{0} Real
                (@Semifield.toDivisionSemiring.{0} Real
                  (@Field.toSemifield.{0} Real
                    (@NormedField.toField.{0} Real
                      (@DenselyNormedField.toNormedField.{0} Real
                        (@RCLike.toDenselyNormedField.{0} Real Real.instRCLike)))))))
            (@Semiring.toModule.{0} Real
              (@DivisionSemiring.toSemiring.{0} Real
                (@Semifield.toDivisionSemiring.{0} Real
                  (@Field.toSemifield.{0} Real
                    (@NormedField.toField.{0} Real
                      (@DenselyNormedField.toNormedField.{0} Real
                        (@RCLike.toDenselyNormedField.{0} Real Real.instRCLike))))))))
          (@LinearMap.module.{0, 0, 0, 0, 0} Real Real Real (EuclideanSpace.{0, 0} Real (Fin m))
            (EuclideanSpace.{0, 0} Real (Fin m))
            (@DivisionSemiring.toSemiring.{0} Real
              (@Semifield.toDivisionSemiring.{0} Real
                (@Field.toSemifield.{0} Real
                  (@NormedField.toField.{0} Real
                    (@DenselyNormedField.toNormedField.{0} Real
                      (@RCLike.toDenselyNormedField.{0} Real Real.instRCLike))))))
            (@DivisionSemiring.toSemiring.{0} Real
              (@Semifield.toDivisionSemiring.{0} Real
                (@Field.toSemifield.{0} Real
                  (@NormedField.toField.{0} Real
                    (@DenselyNormedField.toNormedField.{0} Real
                      (@RCLike.toDenselyNormedField.{0} Real Real.instRCLike))))))
            (@AddCommGroup.toAddCommMonoid.{0} (EuclideanSpace.{0, 0} Real (Fin m))
              (@WithLp.instAddCommGroup.{0}
                (@OfNat.ofNat.{0} ENNReal (nat_lit 2)
                  (@instOfNatAtLeastTwo.{0} ENNReal (nat_lit 2)
                    (@AddMonoidWithOne.toNatCast.{0} ENNReal
                      (@AddCommMonoidWithOne.toAddMonoidWithOne.{0} ENNReal ENNReal.instAddCommMonoidWithOne))
                    PiLp.innerProductSpace._proof_1))
                ((i : Fin m) → (fun (x : Fin m) => Real) i)
                (@Pi.addCommGroup.{0, 0} (Fin m) (fun (x : Fin m) => Real) fun (i : Fin m) =>
                  @Ring.toAddCommGroup.{0} Real
                    (@DivisionRing.toRing.{0} Real
                      (@Field.toDivisionRing.{0} Real
                        (@NormedField.toField.{0} Real
                          (@DenselyNormedField.toNormedField.{0} Real
                            (@RCLike.toDenselyNormedField.{0} Real Real.instRCLike))))))))
            (@AddCommGroup.toAddCommMonoid.{0} (EuclideanSpace.{0, 0} Real (Fin m))
              (@WithLp.instAddCommGroup.{0}
                (@OfNat.ofNat.{0} ENNReal (nat_lit 2)
                  (@instOfNatAtLeastTwo.{0} ENNReal (nat_lit 2)
                    (@AddMonoidWithOne.toNatCast.{0} ENNReal
                      (@AddCommMonoidWithOne.toAddMonoidWithOne.{0} ENNReal ENNReal.instAddCommMonoidWithOne))
                    PiLp.innerProductSpace._proof_1))
                ((i : Fin m) → (fun (x : Fin m) => Real) i)
                (@Pi.addCommGroup.{0, 0} (Fin m) (fun (x : Fin m) => Real) fun (i : Fin m) =>
                  @Ring.toAddCommGroup.{0} Real
                    (@DivisionRing.toRing.{0} Real
                      (@Field.toDivisionRing.{0} Real
                        (@NormedField.toField.{0} Real
                          (@DenselyNormedField.toNormedField.{0} Real
                            (@RCLike.toDenselyNormedField.{0} Real Real.instRCLike))))))))
            (@WithLp.instModule.{0, 0}
              (@OfNat.ofNat.{0} ENNReal (nat_lit 2)
                (@instOfNatAtLeastTwo.{0} ENNReal (nat_lit 2)
                  (@AddMonoidWithOne.toNatCast.{0} ENNReal
                    (@AddCommMonoidWithOne.toAddMonoidWithOne.{0} ENNReal ENNReal.instAddCommMonoidWithOne))
                  PiLp.innerProductSpace._proof_1))
              Real ((i : Fin m) → (fun (x : Fin m) => Real) i)
              (@DivisionSemiring.toSemiring.{0} Real
                (@Semifield.toDivisionSemiring.{0} Real
                  (@Field.toSemifield.{0} Real
                    (@NormedField.toField.{0} Real
                      (@DenselyNormedField.toNormedField.{0} Real
                        (@RCLike.toDenselyNormedField.{0} Real Real.instRCLike))))))
              (@Pi.addCommGroup.{0, 0} (Fin m) (fun (x : Fin m) => Real) fun (i : Fin m) =>
                @Ring.toAddCommGroup.{0} Real
                  (@DivisionRing.toRing.{0} Real
                    (@Field.toDivisionRing.{0} Real
                      (@NormedField.toField.{0} Real
                        (@DenselyNormedField.toNormedField.{0} Real
                          (@RCLike.toDenselyNormedField.{0} Real Real.instRCLike))))))
              (@Pi.Function.module.{0, 0, 0} (Fin m) Real Real
                (@DivisionSemiring.toSemiring.{0} Real
                  (@Semifield.toDivisionSemiring.{0} Real
                    (@Field.toSemifield.{0} Real
                      (@NormedField.toField.{0} Real
                        (@DenselyNormedField.toNormedField.{0} Real
                          (@RCLike.toDenselyNormedField.{0} Real Real.instRCLike))))))
                (@Semiring.toAddCommMonoid.{0} Real
                  (@Ring.toSemiring.{0} Real
                    (@DivisionRing.toRing.{0} Real
                      (@Field.toDivisionRing.{0} Real
                        (@NormedField.toField.{0} Real
                          (@DenselyNormedField.toNormedField.{0} Real
                            (@RCLike.toDenselyNormedField.{0} Real Real.instRCLike)))))))
                (@Semiring.toModule.{0} Real
                  (@DivisionSemiring.toSemiring.{0} Real
                    (@Semifield.toDivisionSemiring.{0} Real
                      (@Field.toSemifield.{0} Real
                        (@NormedField.toField.{0} Real
                          (@DenselyNormedField.toNormedField.{0} Real
                            (@RCLike.toDenselyNormedField.{0} Real Real.instRCLike)))))))))
            (@WithLp.instModule.{0, 0}
              (@OfNat.ofNat.{0} ENNReal (nat_lit 2)
                (@instOfNatAtLeastTwo.{0} ENNReal (nat_lit 2)
                  (@AddMonoidWithOne.toNatCast.{0} ENNReal
                    (@AddCommMonoidWithOne.toAddMonoidWithOne.{0} ENNReal ENNReal.instAddCommMonoidWithOne))
                  PiLp.innerProductSpace._proof_1))
              Real ((i : Fin m) → (fun (x : Fin m) => Real) i)
              (@DivisionSemiring.toSemiring.{0} Real
                (@Semifield.toDivisionSemiring.{0} Real
                  (@Field.toSemifield.{0} Real
                    (@NormedField.toField.{0} Real
                      (@DenselyNormedField.toNormedField.{0} Real
                        (@RCLike.toDenselyNormedField.{0} Real Real.instRCLike))))))
              (@Pi.addCommGroup.{0, 0} (Fin m) (fun (x : Fin m) => Real) fun (i : Fin m) =>
                @Ring.toAddCommGroup.{0} Real
                  (@DivisionRing.toRing.{0} Real
                    (@Field.toDivisionRing.{0} Real
                      (@NormedField.toField.{0} Real
                        (@DenselyNormedField.toNormedField.{0} Real
                          (@RCLike.toDenselyNormedField.{0} Real Real.instRCLike))))))
              (@Pi.Function.module.{0, 0, 0} (Fin m) Real Real
                (@DivisionSemiring.toSemiring.{0} Real
                  (@Semifield.toDivisionSemiring.{0} Real
                    (@Field.toSemifield.{0} Real
                      (@NormedField.toField.{0} Real
                        (@DenselyNormedField.toNormedField.{0} Real
                          (@RCLike.toDenselyNormedField.{0} Real Real.instRCLike))))))
                (@Semiring.toAddCommMonoid.{0} Real
                  (@Ring.toSemiring.{0} Real
                    (@DivisionRing.toRing.{0} Real
                      (@Field.toDivisionRing.{0} Real
                        (@NormedField.toField.{0} Real
                          (@DenselyNormedField.toNormedField.{0} Real
                            (@RCLike.toDenselyNormedField.{0} Real Real.instRCLike)))))))
                (@Semiring.toModule.{0} Real
                  (@DivisionSemiring.toSemiring.{0} Real
                    (@Semifield.toDivisionSemiring.{0} Real
                      (@Field.toSemifield.{0} Real
                        (@NormedField.toField.{0} Real
                          (@DenselyNormedField.toNormedField.{0} Real
                            (@RCLike.toDenselyNormedField.{0} Real Real.instRCLike)))))))))
            (@RingHom.id.{0} Real
              (@Semiring.toNonAssocSemiring.{0} Real
                (@DivisionSemiring.toSemiring.{0} Real
                  (@Semifield.toDivisionSemiring.{0} Real
                    (@Field.toSemifield.{0} Real
                      (@NormedField.toField.{0} Real
                        (@DenselyNormedField.toNormedField.{0} Real
                          (@RCLike.toDenselyNormedField.{0} Real Real.instRCLike))))))))
            (@DivisionSemiring.toSemiring.{0} Real
              (@Semifield.toDivisionSemiring.{0} Real
                (@Field.toSemifield.{0} Real
                  (@NormedField.toField.{0} Real
                    (@DenselyNormedField.toNormedField.{0} Real
                      (@RCLike.toDenselyNormedField.{0} Real Real.instRCLike))))))
            (@WithLp.instModule.{0, 0}
              (@OfNat.ofNat.{0} ENNReal (nat_lit 2)
                (@instOfNatAtLeastTwo.{0} ENNReal (nat_lit 2)
                  (@AddMonoidWithOne.toNatCast.{0} ENNReal
                    (@AddCommMonoidWithOne.toAddMonoidWithOne.{0} ENNReal ENNReal.instAddCommMonoidWithOne))
                  PiLp.innerProductSpace._proof_1))
              Real ((i : Fin m) → (fun (x : Fin m) => Real) i)
              (@DivisionSemiring.toSemiring.{0} Real
                (@Semifield.toDivisionSemiring.{0} Real
                  (@Field.toSemifield.{0} Real
                    (@NormedField.toField.{0} Real
                      (@DenselyNormedField.toNormedField.{0} Real
                        (@RCLike.toDenselyNormedField.{0} Real Real.instRCLike))))))
              (@Pi.addCommGroup.{0, 0} (Fin m) (fun (x : Fin m) => Real) fun (i : Fin m) =>
                @Ring.toAddCommGroup.{0} Real
                  (@DivisionRing.toRing.{0} Real
                    (@Field.toDivisionRing.{0} Real
                      (@NormedField.toField.{0} Real
                        (@DenselyNormedField.toNormedField.{0} Real
                          (@RCLike.toDenselyNormedField.{0} Real Real.instRCLike))))))
              (@Pi.Function.module.{0, 0, 0} (Fin m) Real Real
                (@DivisionSemiring.toSemiring.{0} Real
                  (@Semifield.toDivisionSemiring.{0} Real
                    (@Field.toSemifield.{0} Real
                      (@NormedField.toField.{0} Real
                        (@DenselyNormedField.toNormedField.{0} Real
                          (@RCLike.toDenselyNormedField.{0} Real Real.instRCLike))))))
                (@Semiring.toAddCommMonoid.{0} Real
                  (@Ring.toSemiring.{0} Real
                    (@DivisionRing.toRing.{0} Real
                      (@Field.toDivisionRing.{0} Real
                        (@NormedField.toField.{0} Real
                          (@DenselyNormedField.toNormedField.{0} Real
                            (@RCLike.toDenselyNormedField.{0} Real Real.instRCLike)))))))
                (@Semiring.toModule.{0} Real
                  (@DivisionSemiring.toSemiring.{0} Real
                    (@Semifield.toDivisionSemiring.{0} Real
                      (@Field.toSemifield.{0} Real
                        (@NormedField.toField.{0} Real
                          (@DenselyNormedField.toNormedField.{0} Real
                            (@RCLike.toDenselyNormedField.{0} Real Real.instRCLike)))))))))
            (@NLA.KE04.act._proof_2 m)))
        (Matrix.{0, 0, 0} (Fin m) (Fin m) Real)
        (fun (x : Matrix.{0, 0, 0} (Fin m) (Fin m) Real) =>
          @LinearMap.{0, 0, 0, 0} Real Real
            (@DivisionSemiring.toSemiring.{0} Real
              (@Semifield.toDivisionSemiring.{0} Real
                (@Field.toSemifield.{0} Real
                  (@NormedField.toField.{0} Real
                    (@DenselyNormedField.toNormedField.{0} Real
                      (@RCLike.toDenselyNormedField.{0} Real Real.instRCLike))))))
            (@DivisionSemiring.toSemiring.{0} Real
              (@Semifield.toDivisionSemiring.{0} Real
                (@Field.toSemifield.{0} Real
                  (@NormedField.toField.{0} Real
                    (@DenselyNormedField.toNormedField.{0} Real
                      (@RCLike.toDenselyNormedField.{0} Real Real.instRCLike))))))
            (@RingHom.id.{0} Real
              (@Semiring.toNonAssocSemiring.{0} Real
                (@DivisionSemiring.toSemiring.{0} Real
                  (@Semifield.toDivisionSemiring.{0} Real
                    (@Field.toSemifield.{0} Real
                      (@NormedField.toField.{0} Real
                        (@DenselyNormedField.toNormedField.{0} Real
                          (@RCLike.toDenselyNormedField.{0} Real Real.instRCLike))))))))
            (EuclideanSpace.{0, 0} Real (Fin m)) (EuclideanSpace.{0, 0} Real (Fin m))
            (@AddCommGroup.toAddCommMonoid.{0} (EuclideanSpace.{0, 0} Real (Fin m))
              (@WithLp.instAddCommGroup.{0}
                (@OfNat.ofNat.{0} ENNReal (nat_lit 2)
                  (@instOfNatAtLeastTwo.{0} ENNReal (nat_lit 2)
                    (@AddMonoidWithOne.toNatCast.{0} ENNReal
                      (@AddCommMonoidWithOne.toAddMonoidWithOne.{0} ENNReal ENNReal.instAddCommMonoidWithOne))
                    PiLp.innerProductSpace._proof_1))
                ((i : Fin m) → (fun (x : Fin m) => Real) i)
                (@Pi.addCommGroup.{0, 0} (Fin m) (fun (x : Fin m) => Real) fun (i : Fin m) =>
                  @Ring.toAddCommGroup.{0} Real
                    (@DivisionRing.toRing.{0} Real
                      (@Field.toDivisionRing.{0} Real
                        (@NormedField.toField.{0} Real
                          (@DenselyNormedField.toNormedField.{0} Real
                            (@RCLike.toDenselyNormedField.{0} Real Real.instRCLike))))))))
            (@AddCommGroup.toAddCommMonoid.{0} (EuclideanSpace.{0, 0} Real (Fin m))
              (@WithLp.instAddCommGroup.{0}
                (@OfNat.ofNat.{0} ENNReal (nat_lit 2)
                  (@instOfNatAtLeastTwo.{0} ENNReal (nat_lit 2)
                    (@AddMonoidWithOne.toNatCast.{0} ENNReal
                      (@AddCommMonoidWithOne.toAddMonoidWithOne.{0} ENNReal ENNReal.instAddCommMonoidWithOne))
                    PiLp.innerProductSpace._proof_1))
                ((i : Fin m) → (fun (x : Fin m) => Real) i)
                (@Pi.addCommGroup.{0, 0} (Fin m) (fun (x : Fin m) => Real) fun (i : Fin m) =>
                  @Ring.toAddCommGroup.{0} Real
                    (@DivisionRing.toRing.{0} Real
                      (@Field.toDivisionRing.{0} Real
                        (@NormedField.toField.{0} Real
                          (@DenselyNormedField.toNormedField.{0} Real
                            (@RCLike.toDenselyNormedField.{0} Real Real.instRCLike))))))))
            (@WithLp.instModule.{0, 0}
              (@OfNat.ofNat.{0} ENNReal (nat_lit 2)
                (@instOfNatAtLeastTwo.{0} ENNReal (nat_lit 2)
                  (@AddMonoidWithOne.toNatCast.{0} ENNReal
                    (@AddCommMonoidWithOne.toAddMonoidWithOne.{0} ENNReal ENNReal.instAddCommMonoidWithOne))
                  PiLp.innerProductSpace._proof_1))
              Real ((i : Fin m) → (fun (x : Fin m) => Real) i)
              (@DivisionSemiring.toSemiring.{0} Real
                (@Semifield.toDivisionSemiring.{0} Real
                  (@Field.toSemifield.{0} Real
                    (@NormedField.toField.{0} Real
                      (@DenselyNormedField.toNormedField.{0} Real
                        (@RCLike.toDenselyNormedField.{0} Real Real.instRCLike))))))
              (@Pi.addCommGroup.{0, 0} (Fin m) (fun (x : Fin m) => Real) fun (i : Fin m) =>
                @Ring.toAddCommGroup.{0} Real
                  (@DivisionRing.toRing.{0} Real
                    (@Field.toDivisionRing.{0} Real
                      (@NormedField.toField.{0} Real
                        (@DenselyNormedField.toNormedField.{0} Real
                          (@RCLike.toDenselyNormedField.{0} Real Real.instRCLike))))))
              (@Pi.Function.module.{0, 0, 0} (Fin m) Real Real
                (@DivisionSemiring.toSemiring.{0} Real
                  (@Semifield.toDivisionSemiring.{0} Real
                    (@Field.toSemifield.{0} Real
                      (@NormedField.toField.{0} Real
                        (@DenselyNormedField.toNormedField.{0} Real
                          (@RCLike.toDenselyNormedField.{0} Real Real.instRCLike))))))
                (@Semiring.toAddCommMonoid.{0} Real
                  (@Ring.toSemiring.{0} Real
                    (@DivisionRing.toRing.{0} Real
                      (@Field.toDivisionRing.{0} Real
                        (@NormedField.toField.{0} Real
                          (@DenselyNormedField.toNormedField.{0} Real
                            (@RCLike.toDenselyNormedField.{0} Real Real.instRCLike)))))))
                (@Semiring.toModule.{0} Real
                  (@DivisionSemiring.toSemiring.{0} Real
                    (@Semifield.toDivisionSemiring.{0} Real
                      (@Field.toSemifield.{0} Real
                        (@NormedField.toField.{0} Real
                          (@DenselyNormedField.toNormedField.{0} Real
                            (@RCLike.toDenselyNormedField.{0} Real Real.instRCLike)))))))))
            (@WithLp.instModule.{0, 0}
              (@OfNat.ofNat.{0} ENNReal (nat_lit 2)
                (@instOfNatAtLeastTwo.{0} ENNReal (nat_lit 2)
                  (@AddMonoidWithOne.toNatCast.{0} ENNReal
                    (@AddCommMonoidWithOne.toAddMonoidWithOne.{0} ENNReal ENNReal.instAddCommMonoidWithOne))
                  PiLp.innerProductSpace._proof_1))
              Real ((i : Fin m) → (fun (x : Fin m) => Real) i)
              (@DivisionSemiring.toSemiring.{0} Real
                (@Semifield.toDivisionSemiring.{0} Real
                  (@Field.toSemifield.{0} Real
                    (@NormedField.toField.{0} Real
                      (@DenselyNormedField.toNormedField.{0} Real
                        (@RCLike.toDenselyNormedField.{0} Real Real.instRCLike))))))
              (@Pi.addCommGroup.{0, 0} (Fin m) (fun (x : Fin m) => Real) fun (i : Fin m) =>
                @Ring.toAddCommGroup.{0} Real
                  (@DivisionRing.toRing.{0} Real
                    (@Field.toDivisionRing.{0} Real
                      (@NormedField.toField.{0} Real
                        (@DenselyNormedField.toNormedField.{0} Real
                          (@RCLike.toDenselyNormedField.{0} Real Real.instRCLike))))))
              (@Pi.Function.module.{0, 0, 0} (Fin m) Real Real
                (@DivisionSemiring.toSemiring.{0} Real
                  (@Semifield.toDivisionSemiring.{0} Real
                    (@Field.toSemifield.{0} Real
                      (@NormedField.toField.{0} Real
                        (@DenselyNormedField.toNormedField.{0} Real
                          (@RCLike.toDenselyNormedField.{0} Real Real.instRCLike))))))
                (@Semiring.toAddCommMonoid.{0} Real
                  (@Ring.toSemiring.{0} Real
                    (@DivisionRing.toRing.{0} Real
                      (@Field.toDivisionRing.{0} Real
                        (@NormedField.toField.{0} Real
                          (@DenselyNormedField.toNormedField.{0} Real
                            (@RCLike.toDenselyNormedField.{0} Real Real.instRCLike)))))))
                (@Semiring.toModule.{0} Real
                  (@DivisionSemiring.toSemiring.{0} Real
                    (@Semifield.toDivisionSemiring.{0} Real
                      (@Field.toSemifield.{0} Real
                        (@NormedField.toField.{0} Real
                          (@DenselyNormedField.toNormedField.{0} Real
                            (@RCLike.toDenselyNormedField.{0} Real Real.instRCLike))))))))))
        (@EquivLike.toFunLike.{1, 1, 1}
          (@LinearEquiv.{0, 0, 0, 0} Real Real
            (@DivisionSemiring.toSemiring.{0} Real
              (@Semifield.toDivisionSemiring.{0} Real
                (@Field.toSemifield.{0} Real
                  (@NormedField.toField.{0} Real
                    (@DenselyNormedField.toNormedField.{0} Real
                      (@RCLike.toDenselyNormedField.{0} Real Real.instRCLike))))))
            (@DivisionSemiring.toSemiring.{0} Real
              (@Semifield.toDivisionSemiring.{0} Real
                (@Field.toSemifield.{0} Real
                  (@NormedField.toField.{0} Real
                    (@DenselyNormedField.toNormedField.{0} Real
                      (@RCLike.toDenselyNormedField.{0} Real Real.instRCLike))))))
            (@RingHom.id.{0} Real
              (@Semiring.toNonAssocSemiring.{0} Real
                (@DivisionSemiring.toSemiring.{0} Real
                  (@Semifield.toDivisionSemiring.{0} Real
                    (@Field.toSemifield.{0} Real
                      (@NormedField.toField.{0} Real
                        (@DenselyNormedField.toNormedField.{0} Real
                          (@RCLike.toDenselyNormedField.{0} Real Real.instRCLike))))))))
            (@RingHom.id.{0} Real
              (@Semiring.toNonAssocSemiring.{0} Real
                (@DivisionSemiring.toSemiring.{0} Real
                  (@Semifield.toDivisionSemiring.{0} Real
                    (@Field.toSemifield.{0} Real
                      (@NormedField.toField.{0} Real
                        (@DenselyNormedField.toNormedField.{0} Real
                          (@RCLike.toDenselyNormedField.{0} Real Real.instRCLike))))))))
            NLA.KE04.act._proof_1 NLA.KE04.act._proof_1 (Matrix.{0, 0, 0} (Fin m) (Fin m) Real)
            (@LinearMap.{0, 0, 0, 0} Real Real
              (@DivisionSemiring.toSemiring.{0} Real
                (@Semifield.toDivisionSemiring.{0} Real
                  (@Field.toSemifield.{0} Real
                    (@NormedField.toField.{0} Real
                      (@DenselyNormedField.toNormedField.{0} Real
                        (@RCLike.toDenselyNormedField.{0} Real Real.instRCLike))))))
              (@DivisionSemiring.toSemiring.{0} Real
                (@Semifield.toDivisionSemiring.{0} Real
                  (@Field.toSemifield.{0} Real
                    (@NormedField.toField.{0} Real
                      (@DenselyNormedField.toNormedField.{0} Real
                        (@RCLike.toDenselyNormedField.{0} Real Real.instRCLike))))))
              (@RingHom.id.{0} Real
                (@Semiring.toNonAssocSemiring.{0} Real
                  (@DivisionSemiring.toSemiring.{0} Real
                    (@Semifield.toDivisionSemiring.{0} Real
                      (@Field.toSemifield.{0} Real
                        (@NormedField.toField.{0} Real
                          (@DenselyNormedField.toNormedField.{0} Real
                            (@RCLike.toDenselyNormedField.{0} Real Real.instRCLike))))))))
              (EuclideanSpace.{0, 0} Real (Fin m)) (EuclideanSpace.{0, 0} Real (Fin m))
              (@AddCommGroup.toAddCommMonoid.{0} (EuclideanSpace.{0, 0} Real (Fin m))
                (@WithLp.instAddCommGroup.{0}
                  (@OfNat.ofNat.{0} ENNReal (nat_lit 2)
                    (@instOfNatAtLeastTwo.{0} ENNReal (nat_lit 2)
                      (@AddMonoidWithOne.toNatCast.{0} ENNReal
                        (@AddCommMonoidWithOne.toAddMonoidWithOne.{0} ENNReal ENNReal.instAddCommMonoidWithOne))
                      PiLp.innerProductSpace._proof_1))
                  ((i : Fin m) → (fun (x : Fin m) => Real) i)
                  (@Pi.addCommGroup.{0, 0} (Fin m) (fun (x : Fin m) => Real) fun (i : Fin m) =>
                    @Ring.toAddCommGroup.{0} Real
                      (@DivisionRing.toRing.{0} Real
                        (@Field.toDivisionRing.{0} Real
                          (@NormedField.toField.{0} Real
                            (@DenselyNormedField.toNormedField.{0} Real
                              (@RCLike.toDenselyNormedField.{0} Real Real.instRCLike))))))))
              (@AddCommGroup.toAddCommMonoid.{0} (EuclideanSpace.{0, 0} Real (Fin m))
                (@WithLp.instAddCommGroup.{0}
                  (@OfNat.ofNat.{0} ENNReal (nat_lit 2)
                    (@instOfNatAtLeastTwo.{0} ENNReal (nat_lit 2)
                      (@AddMonoidWithOne.toNatCast.{0} ENNReal
                        (@AddCommMonoidWithOne.toAddMonoidWithOne.{0} ENNReal ENNReal.instAddCommMonoidWithOne))
                      PiLp.innerProductSpace._proof_1))
                  ((i : Fin m) → (fun (x : Fin m) => Real) i)
                  (@Pi.addCommGroup.{0, 0} (Fin m) (fun (x : Fin m) => Real) fun (i : Fin m) =>
                    @Ring.toAddCommGroup.{0} Real
                      (@DivisionRing.toRing.{0} Real
                        (@Field.toDivisionRing.{0} Real
                          (@NormedField.toField.{0} Real
                            (@DenselyNormedField.toNormedField.{0} Real
                              (@RCLike.toDenselyNormedField.{0} Real Real.instRCLike))))))))
              (@WithLp.instModule.{0, 0}
                (@OfNat.ofNat.{0} ENNReal (nat_lit 2)
                  (@instOfNatAtLeastTwo.{0} ENNReal (nat_lit 2)
                    (@AddMonoidWithOne.toNatCast.{0} ENNReal
                      (@AddCommMonoidWithOne.toAddMonoidWithOne.{0} ENNReal ENNReal.instAddCommMonoidWithOne))
                    PiLp.innerProductSpace._proof_1))
                Real ((i : Fin m) → (fun (x : Fin m) => Real) i)
                (@DivisionSemiring.toSemiring.{0} Real
                  (@Semifield.toDivisionSemiring.{0} Real
                    (@Field.toSemifield.{0} Real
                      (@NormedField.toField.{0} Real
                        (@DenselyNormedField.toNormedField.{0} Real
                          (@RCLike.toDenselyNormedField.{0} Real Real.instRCLike))))))
                (@Pi.addCommGroup.{0, 0} (Fin m) (fun (x : Fin m) => Real) fun (i : Fin m) =>
                  @Ring.toAddCommGroup.{0} Real
                    (@DivisionRing.toRing.{0} Real
                      (@Field.toDivisionRing.{0} Real
                        (@NormedField.toField.{0} Real
                          (@DenselyNormedField.toNormedField.{0} Real
                            (@RCLike.toDenselyNormedField.{0} Real Real.instRCLike))))))
                (@Pi.Function.module.{0, 0, 0} (Fin m) Real Real
                  (@DivisionSemiring.toSemiring.{0} Real
                    (@Semifield.toDivisionSemiring.{0} Real
                      (@Field.toSemifield.{0} Real
                        (@NormedField.toField.{0} Real
                          (@DenselyNormedField.toNormedField.{0} Real
                            (@RCLike.toDenselyNormedField.{0} Real Real.instRCLike))))))
                  (@Semiring.toAddCommMonoid.{0} Real
                    (@Ring.toSemiring.{0} Real
                      (@DivisionRing.toRing.{0} Real
                        (@Field.toDivisionRing.{0} Real
                          (@NormedField.toField.{0} Real
                            (@DenselyNormedField.toNormedField.{0} Real
                              (@RCLike.toDenselyNormedField.{0} Real Real.instRCLike)))))))
                  (@Semiring.toModule.{0} Real
                    (@DivisionSemiring.toSemiring.{0} Real
                      (@Semifield.toDivisionSemiring.{0} Real
                        (@Field.toSemifield.{0} Real
                          (@NormedField.toField.{0} Real
                            (@DenselyNormedField.toNormedField.{0} Real
                              (@RCLike.toDenselyNormedField.{0} Real Real.instRCLike)))))))))
              (@WithLp.instModule.{0, 0}
                (@OfNat.ofNat.{0} ENNReal (nat_lit 2)
                  (@instOfNatAtLeastTwo.{0} ENNReal (nat_lit 2)
                    (@AddMonoidWithOne.toNatCast.{0} ENNReal
                      (@AddCommMonoidWithOne.toAddMonoidWithOne.{0} ENNReal ENNReal.instAddCommMonoidWithOne))
                    PiLp.innerProductSpace._proof_1))
                Real ((i : Fin m) → (fun (x : Fin m) => Real) i)
                (@DivisionSemiring.toSemiring.{0} Real
                  (@Semifield.toDivisionSemiring.{0} Real
                    (@Field.toSemifield.{0} Real
                      (@NormedField.toField.{0} Real
                        (@DenselyNormedField.toNormedField.{0} Real
                          (@RCLike.toDenselyNormedField.{0} Real Real.instRCLike))))))
                (@Pi.addCommGroup.{0, 0} (Fin m) (fun (x : Fin m) => Real) fun (i : Fin m) =>
                  @Ring.toAddCommGroup.{0} Real
                    (@DivisionRing.toRing.{0} Real
                      (@Field.toDivisionRing.{0} Real
                        (@NormedField.toField.{0} Real
                          (@DenselyNormedField.toNormedField.{0} Real
                            (@RCLike.toDenselyNormedField.{0} Real Real.instRCLike))))))
                (@Pi.Function.module.{0, 0, 0} (Fin m) Real Real
                  (@DivisionSemiring.toSemiring.{0} Real
                    (@Semifield.toDivisionSemiring.{0} Real
                      (@Field.toSemifield.{0} Real
                        (@NormedField.toField.{0} Real
                          (@DenselyNormedField.toNormedField.{0} Real
                            (@RCLike.toDenselyNormedField.{0} Real Real.instRCLike))))))
                  (@Semiring.toAddCommMonoid.{0} Real
                    (@Ring.toSemiring.{0} Real
                      (@DivisionRing.toRing.{0} Real
                        (@Field.toDivisionRing.{0} Real
                          (@NormedField.toField.{0} Real
                            (@DenselyNormedField.toNormedField.{0} Real
                              (@RCLike.toDenselyNormedField.{0} Real Real.instRCLike)))))))
                  (@Semiring.toModule.{0} Real
                    (@DivisionSemiring.toSemiring.{0} Real
                      (@Semifield.toDivisionSemiring.{0} Real
                        (@Field.toSemifield.{0} Real
                          (@NormedField.toField.{0} Real
                            (@DenselyNormedField.toNormedField.{0} Real
                              (@RCLike.toDenselyNormedField.{0} Real Real.instRCLike))))))))))
            (@Matrix.addCommMonoid.{0, 0, 0} (Fin m) (Fin m) Real
              (@Semiring.toAddCommMonoid.{0} Real
                (@DivisionSemiring.toSemiring.{0} Real
                  (@Semifield.toDivisionSemiring.{0} Real
                    (@Field.toSemifield.{0} Real
                      (@NormedField.toField.{0} Real
                        (@DenselyNormedField.toNormedField.{0} Real
                          (@RCLike.toDenselyNormedField.{0} Real Real.instRCLike))))))))
            (@LinearMap.addCommMonoid.{0, 0, 0, 0} Real Real (EuclideanSpace.{0, 0} Real (Fin m))
              (EuclideanSpace.{0, 0} Real (Fin m))
              (@DivisionSemiring.toSemiring.{0} Real
                (@Semifield.toDivisionSemiring.{0} Real
                  (@Field.toSemifield.{0} Real
                    (@NormedField.toField.{0} Real
                      (@DenselyNormedField.toNormedField.{0} Real
                        (@RCLike.toDenselyNormedField.{0} Real Real.instRCLike))))))
              (@DivisionSemiring.toSemiring.{0} Real
                (@Semifield.toDivisionSemiring.{0} Real
                  (@Field.toSemifield.{0} Real
                    (@NormedField.toField.{0} Real
                      (@DenselyNormedField.toNormedField.{0} Real
                        (@RCLike.toDenselyNormedField.{0} Real Real.instRCLike))))))
              (@AddCommGroup.toAddCommMonoid.{0} (EuclideanSpace.{0, 0} Real (Fin m))
                (@WithLp.instAddCommGroup.{0}
                  (@OfNat.ofNat.{0} ENNReal (nat_lit 2)
                    (@instOfNatAtLeastTwo.{0} ENNReal (nat_lit 2)
                      (@AddMonoidWithOne.toNatCast.{0} ENNReal
                        (@AddCommMonoidWithOne.toAddMonoidWithOne.{0} ENNReal ENNReal.instAddCommMonoidWithOne))
                      PiLp.innerProductSpace._proof_1))
                  ((i : Fin m) → (fun (x : Fin m) => Real) i)
                  (@Pi.addCommGroup.{0, 0} (Fin m) (fun (x : Fin m) => Real) fun (i : Fin m) =>
                    @Ring.toAddCommGroup.{0} Real
                      (@DivisionRing.toRing.{0} Real
                        (@Field.toDivisionRing.{0} Real
                          (@NormedField.toField.{0} Real
                            (@DenselyNormedField.toNormedField.{0} Real
                              (@RCLike.toDenselyNormedField.{0} Real Real.instRCLike))))))))
              (@AddCommGroup.toAddCommMonoid.{0} (EuclideanSpace.{0, 0} Real (Fin m))
                (@WithLp.instAddCommGroup.{0}
                  (@OfNat.ofNat.{0} ENNReal (nat_lit 2)
                    (@instOfNatAtLeastTwo.{0} ENNReal (nat_lit 2)
                      (@AddMonoidWithOne.toNatCast.{0} ENNReal
                        (@AddCommMonoidWithOne.toAddMonoidWithOne.{0} ENNReal ENNReal.instAddCommMonoidWithOne))
                      PiLp.innerProductSpace._proof_1))
                  ((i : Fin m) → (fun (x : Fin m) => Real) i)
                  (@Pi.addCommGroup.{0, 0} (Fin m) (fun (x : Fin m) => Real) fun (i : Fin m) =>
                    @Ring.toAddCommGroup.{0} Real
                      (@DivisionRing.toRing.{0} Real
                        (@Field.toDivisionRing.{0} Real
                          (@NormedField.toField.{0} Real
                            (@DenselyNormedField.toNormedField.{0} Real
                              (@RCLike.toDenselyNormedField.{0} Real Real.instRCLike))))))))
              (@WithLp.instModule.{0, 0}
                (@OfNat.ofNat.{0} ENNReal (nat_lit 2)
                  (@instOfNatAtLeastTwo.{0} ENNReal (nat_lit 2)
                    (@AddMonoidWithOne.toNatCast.{0} ENNReal
                      (@AddCommMonoidWithOne.toAddMonoidWithOne.{0} ENNReal ENNReal.instAddCommMonoidWithOne))
                    PiLp.innerProductSpace._proof_1))
                Real ((i : Fin m) → (fun (x : Fin m) => Real) i)
                (@DivisionSemiring.toSemiring.{0} Real
                  (@Semifield.toDivisionSemiring.{0} Real
                    (@Field.toSemifield.{0} Real
                      (@NormedField.toField.{0} Real
                        (@DenselyNormedField.toNormedField.{0} Real
                          (@RCLike.toDenselyNormedField.{0} Real Real.instRCLike))))))
                (@Pi.addCommGroup.{0, 0} (Fin m) (fun (x : Fin m) => Real) fun (i : Fin m) =>
                  @Ring.toAddCommGroup.{0} Real
                    (@DivisionRing.toRing.{0} Real
                      (@Field.toDivisionRing.{0} Real
                        (@NormedField.toField.{0} Real
                          (@DenselyNormedField.toNormedField.{0} Real
                            (@RCLike.toDenselyNormedField.{0} Real Real.instRCLike))))))
                (@Pi.Function.module.{0, 0, 0} (Fin m) Real Real
                  (@DivisionSemiring.toSemiring.{0} Real
                    (@Semifield.toDivisionSemiring.{0} Real
                      (@Field.toSemifield.{0} Real
                        (@NormedField.toField.{0} Real
                          (@DenselyNormedField.toNormedField.{0} Real
                            (@RCLike.toDenselyNormedField.{0} Real Real.instRCLike))))))
                  (@Semiring.toAddCommMonoid.{0} Real
                    (@Ring.toSemiring.{0} Real
                      (@DivisionRing.toRing.{0} Real
                        (@Field.toDivisionRing.{0} Real
                          (@NormedField.toField.{0} Real
                            (@DenselyNormedField.toNormedField.{0} Real
                              (@RCLike.toDenselyNormedField.{0} Real Real.instRCLike)))))))
                  (@Semiring.toModule.{0} Real
                    (@DivisionSemiring.toSemiring.{0} Real
                      (@Semifield.toDivisionSemiring.{0} Real
                        (@Field.toSemifield.{0} Real
                          (@NormedField.toField.{0} Real
                            (@DenselyNormedField.toNormedField.{0} Real
                              (@RCLike.toDenselyNormedField.{0} Real Real.instRCLike)))))))))
              (@WithLp.instModule.{0, 0}
                (@OfNat.ofNat.{0} ENNReal (nat_lit 2)
                  (@instOfNatAtLeastTwo.{0} ENNReal (nat_lit 2)
                    (@AddMonoidWithOne.toNatCast.{0} ENNReal
                      (@AddCommMonoidWithOne.toAddMonoidWithOne.{0} ENNReal ENNReal.instAddCommMonoidWithOne))
                    PiLp.innerProductSpace._proof_1))
                Real ((i : Fin m) → (fun (x : Fin m) => Real) i)
                (@DivisionSemiring.toSemiring.{0} Real
                  (@Semifield.toDivisionSemiring.{0} Real
                    (@Field.toSemifield.{0} Real
                      (@NormedField.toField.{0} Real
                        (@DenselyNormedField.toNormedField.{0} Real
                          (@RCLike.toDenselyNormedField.{0} Real Real.instRCLike))))))
                (@Pi.addCommGroup.{0, 0} (Fin m) (fun (x : Fin m) => Real) fun (i : Fin m) =>
                  @Ring.toAddCommGroup.{0} Real
                    (@DivisionRing.toRing.{0} Real
                      (@Field.toDivisionRing.{0} Real
                        (@NormedField.toField.{0} Real
                          (@DenselyNormedField.toNormedField.{0} Real
                            (@RCLike.toDenselyNormedField.{0} Real Real.instRCLike))))))
                (@Pi.Function.module.{0, 0, 0} (Fin m) Real Real
                  (@DivisionSemiring.toSemiring.{0} Real
                    (@Semifield.toDivisionSemiring.{0} Real
                      (@Field.toSemifield.{0} Real
                        (@NormedField.toField.{0} Real
                          (@DenselyNormedField.toNormedField.{0} Real
                            (@RCLike.toDenselyNormedField.{0} Real Real.instRCLike))))))
                  (@Semiring.toAddCommMonoid.{0} Real
                    (@Ring.toSemiring.{0} Real
                      (@DivisionRing.toRing.{0} Real
                        (@Field.toDivisionRing.{0} Real
                          (@NormedField.toField.{0} Real
                            (@DenselyNormedField.toNormedField.{0} Real
                              (@RCLike.toDenselyNormedField.{0} Real Real.instRCLike)))))))
                  (@Semiring.toModule.{0} Real
                    (@DivisionSemiring.toSemiring.{0} Real
                      (@Semifield.toDivisionSemiring.{0} Real
                        (@Field.toSemifield.{0} Real
                          (@NormedField.toField.{0} Real
                            (@DenselyNormedField.toNormedField.{0} Real
                              (@RCLike.toDenselyNormedField.{0} Real Real.instRCLike)))))))))
              (@RingHom.id.{0} Real
                (@Semiring.toNonAssocSemiring.{0} Real
                  (@DivisionSemiring.toSemiring.{0} Real
                    (@Semifield.toDivisionSemiring.{0} Real
                      (@Field.toSemifield.{0} Real
                        (@NormedField.toField.{0} Real
                          (@DenselyNormedField.toNormedField.{0} Real
                            (@RCLike.toDenselyNormedField.{0} Real Real.instRCLike)))))))))
            (@Matrix.module.{0, 0, 0, 0} (Fin m) (Fin m) Real Real
              (@DivisionSemiring.toSemiring.{0} Real
                (@Semifield.toDivisionSemiring.{0} Real
                  (@Field.toSemifield.{0} Real
                    (@NormedField.toField.{0} Real
                      (@DenselyNormedField.toNormedField.{0} Real
                        (@RCLike.toDenselyNormedField.{0} Real Real.instRCLike))))))
              (@Semiring.toAddCommMonoid.{0} Real
                (@DivisionSemiring.toSemiring.{0} Real
                  (@Semifield.toDivisionSemiring.{0} Real
                    (@Field.toSemifield.{0} Real
                      (@NormedField.toField.{0} Real
                        (@DenselyNormedField.toNormedField.{0} Real
                          (@RCLike.toDenselyNormedField.{0} Real Real.instRCLike)))))))
              (@Semiring.toModule.{0} Real
                (@DivisionSemiring.toSemiring.{0} Real
                  (@Semifield.toDivisionSemiring.{0} Real
                    (@Field.toSemifield.{0} Real
                      (@NormedField.toField.{0} Real
                        (@DenselyNormedField.toNormedField.{0} Real
                          (@RCLike.toDenselyNormedField.{0} Real Real.instRCLike))))))))
            (@LinearMap.module.{0, 0, 0, 0, 0} Real Real Real (EuclideanSpace.{0, 0} Real (Fin m))
              (EuclideanSpace.{0, 0} Real (Fin m))
              (@DivisionSemiring.toSemiring.{0} Real
                (@Semifield.toDivisionSemiring.{0} Real
                  (@Field.toSemifield.{0} Real
                    (@NormedField.toField.{0} Real
                      (@DenselyNormedField.toNormedField.{0} Real
                        (@RCLike.toDenselyNormedField.{0} Real Real.instRCLike))))))
              (@DivisionSemiring.toSemiring.{0} Real
                (@Semifield.toDivisionSemiring.{0} Real
                  (@Field.toSemifield.{0} Real
                    (@NormedField.toField.{0} Real
                      (@DenselyNormedField.toNormedField.{0} Real
                        (@RCLike.toDenselyNormedField.{0} Real Real.instRCLike))))))
              (@AddCommGroup.toAddCommMonoid.{0} (EuclideanSpace.{0, 0} Real (Fin m))
                (@WithLp.instAddCommGroup.{0}
                  (@OfNat.ofNat.{0} ENNReal (nat_lit 2)
                    (@instOfNatAtLeastTwo.{0} ENNReal (nat_lit 2)
                      (@AddMonoidWithOne.toNatCast.{0} ENNReal
                        (@AddCommMonoidWithOne.toAddMonoidWithOne.{0} ENNReal ENNReal.instAddCommMonoidWithOne))
                      PiLp.innerProductSpace._proof_1))
                  ((i : Fin m) → (fun (x : Fin m) => Real) i)
                  (@Pi.addCommGroup.{0, 0} (Fin m) (fun (x : Fin m) => Real) fun (i : Fin m) =>
                    @Ring.toAddCommGroup.{0} Real
                      (@DivisionRing.toRing.{0} Real
                        (@Field.toDivisionRing.{0} Real
                          (@NormedField.toField.{0} Real
                            (@DenselyNormedField.toNormedField.{0} Real
                              (@RCLike.toDenselyNormedField.{0} Real Real.instRCLike))))))))
              (@AddCommGroup.toAddCommMonoid.{0} (EuclideanSpace.{0, 0} Real (Fin m))
                (@WithLp.instAddCommGroup.{0}
                  (@OfNat.ofNat.{0} ENNReal (nat_lit 2)
                    (@instOfNatAtLeastTwo.{0} ENNReal (nat_lit 2)
                      (@AddMonoidWithOne.toNatCast.{0} ENNReal
                        (@AddCommMonoidWithOne.toAddMonoidWithOne.{0} ENNReal ENNReal.instAddCommMonoidWithOne))
                      PiLp.innerProductSpace._proof_1))
                  ((i : Fin m) → (fun (x : Fin m) => Real) i)
                  (@Pi.addCommGroup.{0, 0} (Fin m) (fun (x : Fin m) => Real) fun (i : Fin m) =>
                    @Ring.toAddCommGroup.{0} Real
                      (@DivisionRing.toRing.{0} Real
                        (@Field.toDivisionRing.{0} Real
                          (@NormedField.toField.{0} Real
                            (@DenselyNormedField.toNormedField.{0} Real
                              (@RCLike.toDenselyNormedField.{0} Real Real.instRCLike))))))))
              (@WithLp.instModule.{0, 0}
                (@OfNat.ofNat.{0} ENNReal (nat_lit 2)
                  (@instOfNatAtLeastTwo.{0} ENNReal (nat_lit 2)
                    (@AddMonoidWithOne.toNatCast.{0} ENNReal
                      (@AddCommMonoidWithOne.toAddMonoidWithOne.{0} ENNReal ENNReal.instAddCommMonoidWithOne))
                    PiLp.innerProductSpace._proof_1))
                Real ((i : Fin m) → (fun (x : Fin m) => Real) i)
                (@DivisionSemiring.toSemiring.{0} Real
                  (@Semifield.toDivisionSemiring.{0} Real
                    (@Field.toSemifield.{0} Real
                      (@NormedField.toField.{0} Real
                        (@DenselyNormedField.toNormedField.{0} Real
                          (@RCLike.toDenselyNormedField.{0} Real Real.instRCLike))))))
                (@Pi.addCommGroup.{0, 0} (Fin m) (fun (x : Fin m) => Real) fun (i : Fin m) =>
                  @Ring.toAddCommGroup.{0} Real
                    (@DivisionRing.toRing.{0} Real
                      (@Field.toDivisionRing.{0} Real
                        (@NormedField.toField.{0} Real
                          (@DenselyNormedField.toNormedField.{0} Real
                            (@RCLike.toDenselyNormedField.{0} Real Real.instRCLike))))))
                (@Pi.Function.module.{0, 0, 0} (Fin m) Real Real
                  (@DivisionSemiring.toSemiring.{0} Real
                    (@Semifield.toDivisionSemiring.{0} Real
                      (@Field.toSemifield.{0} Real
                        (@NormedField.toField.{0} Real
                          (@DenselyNormedField.toNormedField.{0} Real
                            (@RCLike.toDenselyNormedField.{0} Real Real.instRCLike))))))
                  (@Semiring.toAddCommMonoid.{0} Real
                    (@Ring.toSemiring.{0} Real
                      (@DivisionRing.toRing.{0} Real
                        (@Field.toDivisionRing.{0} Real
                          (@NormedField.toField.{0} Real
                            (@DenselyNormedField.toNormedField.{0} Real
                              (@RCLike.toDenselyNormedField.{0} Real Real.instRCLike)))))))
                  (@Semiring.toModule.{0} Real
                    (@DivisionSemiring.toSemiring.{0} Real
                      (@Semifield.toDivisionSemiring.{0} Real
                        (@Field.toSemifield.{0} Real
                          (@NormedField.toField.{0} Real
                            (@DenselyNormedField.toNormedField.{0} Real
                              (@RCLike.toDenselyNormedField.{0} Real Real.instRCLike)))))))))
              (@WithLp.instModule.{0, 0}
                (@OfNat.ofNat.{0} ENNReal (nat_lit 2)
                  (@instOfNatAtLeastTwo.{0} ENNReal (nat_lit 2)
                    (@AddMonoidWithOne.toNatCast.{0} ENNReal
                      (@AddCommMonoidWithOne.toAddMonoidWithOne.{0} ENNReal ENNReal.instAddCommMonoidWithOne))
                    PiLp.innerProductSpace._proof_1))
                Real ((i : Fin m) → (fun (x : Fin m) => Real) i)
                (@DivisionSemiring.toSemiring.{0} Real
                  (@Semifield.toDivisionSemiring.{0} Real
                    (@Field.toSemifield.{0} Real
                      (@NormedField.toField.{0} Real
                        (@DenselyNormedField.toNormedField.{0} Real
                          (@RCLike.toDenselyNormedField.{0} Real Real.instRCLike))))))
                (@Pi.addCommGroup.{0, 0} (Fin m) (fun (x : Fin m) => Real) fun (i : Fin m) =>
                  @Ring.toAddCommGroup.{0} Real
                    (@DivisionRing.toRing.{0} Real
                      (@Field.toDivisionRing.{0} Real
                        (@NormedField.toField.{0} Real
                          (@DenselyNormedField.toNormedField.{0} Real
                            (@RCLike.toDenselyNormedField.{0} Real Real.instRCLike))))))
                (@Pi.Function.module.{0, 0, 0} (Fin m) Real Real
                  (@DivisionSemiring.toSemiring.{0} Real
                    (@Semifield.toDivisionSemiring.{0} Real
                      (@Field.toSemifield.{0} Real
                        (@NormedField.toField.{0} Real
                          (@DenselyNormedField.toNormedField.{0} Real
                            (@RCLike.toDenselyNormedField.{0} Real Real.instRCLike))))))
                  (@Semiring.toAddCommMonoid.{0} Real
                    (@Ring.toSemiring.{0} Real
                      (@DivisionRing.toRing.{0} Real
                        (@Field.toDivisionRing.{0} Real
                          (@NormedField.toField.{0} Real
                            (@DenselyNormedField.toNormedField.{0} Real
                              (@RCLike.toDenselyNormedField.{0} Real Real.instRCLike)))))))
                  (@Semiring.toModule.{0} Real
                    (@DivisionSemiring.toSemiring.{0} Real
                      (@Semifield.toDivisionSemiring.{0} Real
                        (@Field.toSemifield.{0} Real
                          (@NormedField.toField.{0} Real
                            (@DenselyNormedField.toNormedField.{0} Real
                              (@RCLike.toDenselyNormedField.{0} Real Real.instRCLike)))))))))
              (@RingHom.id.{0} Real
                (@Semiring.toNonAssocSemiring.{0} Real
                  (@DivisionSemiring.toSemiring.{0} Real
                    (@Semifield.toDivisionSemiring.{0} Real
                      (@Field.toSemifield.{0} Real
                        (@NormedField.toField.{0} Real
                          (@DenselyNormedField.toNormedField.{0} Real
                            (@RCLike.toDenselyNormedField.{0} Real Real.instRCLike))))))))
              (@DivisionSemiring.toSemiring.{0} Real
                (@Semifield.toDivisionSemiring.{0} Real
                  (@Field.toSemifield.{0} Real
                    (@NormedField.toField.{0} Real
                      (@DenselyNormedField.toNormedField.{0} Real
                        (@RCLike.toDenselyNormedField.{0} Real Real.instRCLike))))))
              (@WithLp.instModule.{0, 0}
                (@OfNat.ofNat.{0} ENNReal (nat_lit 2)
                  (@instOfNatAtLeastTwo.{0} ENNReal (nat_lit 2)
                    (@AddMonoidWithOne.toNatCast.{0} ENNReal
                      (@AddCommMonoidWithOne.toAddMonoidWithOne.{0} ENNReal ENNReal.instAddCommMonoidWithOne))
                    PiLp.innerProductSpace._proof_1))
                Real ((i : Fin m) → (fun (x : Fin m) => Real) i)
                (@DivisionSemiring.toSemiring.{0} Real
                  (@Semifield.toDivisionSemiring.{0} Real
                    (@Field.toSemifield.{0} Real
                      (@NormedField.toField.{0} Real
                        (@DenselyNormedField.toNormedField.{0} Real
                          (@RCLike.toDenselyNormedField.{0} Real Real.instRCLike))))))
                (@Pi.addCommGroup.{0, 0} (Fin m) (fun (x : Fin m) => Real) fun (i : Fin m) =>
                  @Ring.toAddCommGroup.{0} Real
                    (@DivisionRing.toRing.{0} Real
                      (@Field.toDivisionRing.{0} Real
                        (@NormedField.toField.{0} Real
                          (@DenselyNormedField.toNormedField.{0} Real
                            (@RCLike.toDenselyNormedField.{0} Real Real.instRCLike))))))
                (@Pi.Function.module.{0, 0, 0} (Fin m) Real Real
                  (@DivisionSemiring.toSemiring.{0} Real
                    (@Semifield.toDivisionSemiring.{0} Real
                      (@Field.toSemifield.{0} Real
                        (@NormedField.toField.{0} Real
                          (@DenselyNormedField.toNormedField.{0} Real
                            (@RCLike.toDenselyNormedField.{0} Real Real.instRCLike))))))
                  (@Semiring.toAddCommMonoid.{0} Real
                    (@Ring.toSemiring.{0} Real
                      (@DivisionRing.toRing.{0} Real
                        (@Field.toDivisionRing.{0} Real
                          (@NormedField.toField.{0} Real
                            (@DenselyNormedField.toNormedField.{0} Real
                              (@RCLike.toDenselyNormedField.{0} Real Real.instRCLike)))))))
                  (@Semiring.toModule.{0} Real
                    (@DivisionSemiring.toSemiring.{0} Real
                      (@Semifield.toDivisionSemiring.{0} Real
                        (@Field.toSemifield.{0} Real
                          (@NormedField.toField.{0} Real
                            (@DenselyNormedField.toNormedField.{0} Real
                              (@RCLike.toDenselyNormedField.{0} Real Real.instRCLike)))))))))
              (@NLA.KE04.act._proof_2 m)))
          (Matrix.{0, 0, 0} (Fin m) (Fin m) Real)
          (@LinearMap.{0, 0, 0, 0} Real Real
            (@DivisionSemiring.toSemiring.{0} Real
              (@Semifield.toDivisionSemiring.{0} Real
                (@Field.toSemifield.{0} Real
                  (@NormedField.toField.{0} Real
                    (@DenselyNormedField.toNormedField.{0} Real
                      (@RCLike.toDenselyNormedField.{0} Real Real.instRCLike))))))
            (@DivisionSemiring.toSemiring.{0} Real
              (@Semifield.toDivisionSemiring.{0} Real
                (@Field.toSemifield.{0} Real
                  (@NormedField.toField.{0} Real
                    (@DenselyNormedField.toNormedField.{0} Real
                      (@RCLike.toDenselyNormedField.{0} Real Real.instRCLike))))))
            (@RingHom.id.{0} Real
              (@Semiring.toNonAssocSemiring.{0} Real
                (@DivisionSemiring.toSemiring.{0} Real
                  (@Semifield.toDivisionSemiring.{0} Real
                    (@Field.toSemifield.{0} Real
                      (@NormedField.toField.{0} Real
                        (@DenselyNormedField.toNormedField.{0} Real
                          (@RCLike.toDenselyNormedField.{0} Real Real.instRCLike))))))))
            (EuclideanSpace.{0, 0} Real (Fin m)) (EuclideanSpace.{0, 0} Real (Fin m))
            (@AddCommGroup.toAddCommMonoid.{0} (EuclideanSpace.{0, 0} Real (Fin m))
              (@WithLp.instAddCommGroup.{0}
                (@OfNat.ofNat.{0} ENNReal (nat_lit 2)
                  (@instOfNatAtLeastTwo.{0} ENNReal (nat_lit 2)
                    (@AddMonoidWithOne.toNatCast.{0} ENNReal
                      (@AddCommMonoidWithOne.toAddMonoidWithOne.{0} ENNReal ENNReal.instAddCommMonoidWithOne))
                    PiLp.innerProductSpace._proof_1))
                ((i : Fin m) → (fun (x : Fin m) => Real) i)
                (@Pi.addCommGroup.{0, 0} (Fin m) (fun (x : Fin m) => Real) fun (i : Fin m) =>
                  @Ring.toAddCommGroup.{0} Real
                    (@DivisionRing.toRing.{0} Real
                      (@Field.toDivisionRing.{0} Real
                        (@NormedField.toField.{0} Real
                          (@DenselyNormedField.toNormedField.{0} Real
                            (@RCLike.toDenselyNormedField.{0} Real Real.instRCLike))))))))
            (@AddCommGroup.toAddCommMonoid.{0} (EuclideanSpace.{0, 0} Real (Fin m))
              (@WithLp.instAddCommGroup.{0}
                (@OfNat.ofNat.{0} ENNReal (nat_lit 2)
                  (@instOfNatAtLeastTwo.{0} ENNReal (nat_lit 2)
                    (@AddMonoidWithOne.toNatCast.{0} ENNReal
                      (@AddCommMonoidWithOne.toAddMonoidWithOne.{0} ENNReal ENNReal.instAddCommMonoidWithOne))
                    PiLp.innerProductSpace._proof_1))
                ((i : Fin m) → (fun (x : Fin m) => Real) i)
                (@Pi.addCommGroup.{0, 0} (Fin m) (fun (x : Fin m) => Real) fun (i : Fin m) =>
                  @Ring.toAddCommGroup.{0} Real
                    (@DivisionRing.toRing.{0} Real
                      (@Field.toDivisionRing.{0} Real
                        (@NormedField.toField.{0} Real
                          (@DenselyNormedField.toNormedField.{0} Real
                            (@RCLike.toDenselyNormedField.{0} Real Real.instRCLike))))))))
            (@WithLp.instModule.{0, 0}
              (@OfNat.ofNat.{0} ENNReal (nat_lit 2)
                (@instOfNatAtLeastTwo.{0} ENNReal (nat_lit 2)
                  (@AddMonoidWithOne.toNatCast.{0} ENNReal
                    (@AddCommMonoidWithOne.toAddMonoidWithOne.{0} ENNReal ENNReal.instAddCommMonoidWithOne))
                  PiLp.innerProductSpace._proof_1))
              Real ((i : Fin m) → (fun (x : Fin m) => Real) i)
              (@DivisionSemiring.toSemiring.{0} Real
                (@Semifield.toDivisionSemiring.{0} Real
                  (@Field.toSemifield.{0} Real
                    (@NormedField.toField.{0} Real
                      (@DenselyNormedField.toNormedField.{0} Real
                        (@RCLike.toDenselyNormedField.{0} Real Real.instRCLike))))))
              (@Pi.addCommGroup.{0, 0} (Fin m) (fun (x : Fin m) => Real) fun (i : Fin m) =>
                @Ring.toAddCommGroup.{0} Real
                  (@DivisionRing.toRing.{0} Real
                    (@Field.toDivisionRing.{0} Real
                      (@NormedField.toField.{0} Real
                        (@DenselyNormedField.toNormedField.{0} Real
                          (@RCLike.toDenselyNormedField.{0} Real Real.instRCLike))))))
              (@Pi.Function.module.{0, 0, 0} (Fin m) Real Real
                (@DivisionSemiring.toSemiring.{0} Real
                  (@Semifield.toDivisionSemiring.{0} Real
                    (@Field.toSemifield.{0} Real
                      (@NormedField.toField.{0} Real
                        (@DenselyNormedField.toNormedField.{0} Real
                          (@RCLike.toDenselyNormedField.{0} Real Real.instRCLike))))))
                (@Semiring.toAddCommMonoid.{0} Real
                  (@Ring.toSemiring.{0} Real
                    (@DivisionRing.toRing.{0} Real
                      (@Field.toDivisionRing.{0} Real
                        (@NormedField.toField.{0} Real
                          (@DenselyNormedField.toNormedField.{0} Real
                            (@RCLike.toDenselyNormedField.{0} Real Real.instRCLike)))))))
                (@Semiring.toModule.{0} Real
                  (@DivisionSemiring.toSemiring.{0} Real
                    (@Semifield.toDivisionSemiring.{0} Real
                      (@Field.toSemifield.{0} Real
                        (@NormedField.toField.{0} Real
                          (@DenselyNormedField.toNormedField.{0} Real
                            (@RCLike.toDenselyNormedField.{0} Real Real.instRCLike)))))))))
            (@WithLp.instModule.{0, 0}
              (@OfNat.ofNat.{0} ENNReal (nat_lit 2)
                (@instOfNatAtLeastTwo.{0} ENNReal (nat_lit 2)
                  (@AddMonoidWithOne.toNatCast.{0} ENNReal
                    (@AddCommMonoidWithOne.toAddMonoidWithOne.{0} ENNReal ENNReal.instAddCommMonoidWithOne))
                  PiLp.innerProductSpace._proof_1))
              Real ((i : Fin m) → (fun (x : Fin m) => Real) i)
              (@DivisionSemiring.toSemiring.{0} Real
                (@Semifield.toDivisionSemiring.{0} Real
                  (@Field.toSemifield.{0} Real
                    (@NormedField.toField.{0} Real
                      (@DenselyNormedField.toNormedField.{0} Real
                        (@RCLike.toDenselyNormedField.{0} Real Real.instRCLike))))))
              (@Pi.addCommGroup.{0, 0} (Fin m) (fun (x : Fin m) => Real) fun (i : Fin m) =>
                @Ring.toAddCommGroup.{0} Real
                  (@DivisionRing.toRing.{0} Real
                    (@Field.toDivisionRing.{0} Real
                      (@NormedField.toField.{0} Real
                        (@DenselyNormedField.toNormedField.{0} Real
                          (@RCLike.toDenselyNormedField.{0} Real Real.instRCLike))))))
              (@Pi.Function.module.{0, 0, 0} (Fin m) Real Real
                (@DivisionSemiring.toSemiring.{0} Real
                  (@Semifield.toDivisionSemiring.{0} Real
                    (@Field.toSemifield.{0} Real
                      (@NormedField.toField.{0} Real
                        (@DenselyNormedField.toNormedField.{0} Real
                          (@RCLike.toDenselyNormedField.{0} Real Real.instRCLike))))))
                (@Semiring.toAddCommMonoid.{0} Real
                  (@Ring.toSemiring.{0} Real
                    (@DivisionRing.toRing.{0} Real
                      (@Field.toDivisionRing.{0} Real
                        (@NormedField.toField.{0} Real
                          (@DenselyNormedField.toNormedField.{0} Real
                            (@RCLike.toDenselyNormedField.{0} Real Real.instRCLike)))))))
                (@Semiring.toModule.{0} Real
                  (@DivisionSemiring.toSemiring.{0} Real
                    (@Semifield.toDivisionSemiring.{0} Real
                      (@Field.toSemifield.{0} Real
                        (@NormedField.toField.{0} Real
                          (@DenselyNormedField.toNormedField.{0} Real
                            (@RCLike.toDenselyNormedField.{0} Real Real.instRCLike))))))))))
          (@DFinsupp.instEquivLikeLinearEquiv.{0, 0, 0, 0} Real Real
            (@DivisionSemiring.toSemiring.{0} Real
              (@Semifield.toDivisionSemiring.{0} Real
                (@Field.toSemifield.{0} Real
                  (@NormedField.toField.{0} Real
                    (@DenselyNormedField.toNormedField.{0} Real
                      (@RCLike.toDenselyNormedField.{0} Real Real.instRCLike))))))
            (@DivisionSemiring.toSemiring.{0} Real
              (@Semifield.toDivisionSemiring.{0} Real
                (@Field.toSemifield.{0} Real
                  (@NormedField.toField.{0} Real
                    (@DenselyNormedField.toNormedField.{0} Real
                      (@RCLike.toDenselyNormedField.{0} Real Real.instRCLike))))))
            (@RingHom.id.{0} Real
              (@Semiring.toNonAssocSemiring.{0} Real
                (@DivisionSemiring.toSemiring.{0} Real
                  (@Semifield.toDivisionSemiring.{0} Real
                    (@Field.toSemifield.{0} Real
                      (@NormedField.toField.{0} Real
                        (@DenselyNormedField.toNormedField.{0} Real
                          (@RCLike.toDenselyNormedField.{0} Real Real.instRCLike))))))))
            (@RingHom.id.{0} Real
              (@Semiring.toNonAssocSemiring.{0} Real
                (@DivisionSemiring.toSemiring.{0} Real
                  (@Semifield.toDivisionSemiring.{0} Real
                    (@Field.toSemifield.{0} Real
                      (@NormedField.toField.{0} Real
                        (@DenselyNormedField.toNormedField.{0} Real
                          (@RCLike.toDenselyNormedField.{0} Real Real.instRCLike))))))))
            NLA.KE04.act._proof_1 NLA.KE04.act._proof_1 (Matrix.{0, 0, 0} (Fin m) (Fin m) Real)
            (@LinearMap.{0, 0, 0, 0} Real Real
              (@DivisionSemiring.toSemiring.{0} Real
                (@Semifield.toDivisionSemiring.{0} Real
                  (@Field.toSemifield.{0} Real
                    (@NormedField.toField.{0} Real
                      (@DenselyNormedField.toNormedField.{0} Real
                        (@RCLike.toDenselyNormedField.{0} Real Real.instRCLike))))))
              (@DivisionSemiring.toSemiring.{0} Real
                (@Semifield.toDivisionSemiring.{0} Real
                  (@Field.toSemifield.{0} Real
                    (@NormedField.toField.{0} Real
                      (@DenselyNormedField.toNormedField.{0} Real
                        (@RCLike.toDenselyNormedField.{0} Real Real.instRCLike))))))
              (@RingHom.id.{0} Real
                (@Semiring.toNonAssocSemiring.{0} Real
                  (@DivisionSemiring.toSemiring.{0} Real
                    (@Semifield.toDivisionSemiring.{0} Real
                      (@Field.toSemifield.{0} Real
                        (@NormedField.toField.{0} Real
                          (@DenselyNormedField.toNormedField.{0} Real
                            (@RCLike.toDenselyNormedField.{0} Real Real.instRCLike))))))))
              (EuclideanSpace.{0, 0} Real (Fin m)) (EuclideanSpace.{0, 0} Real (Fin m))
              (@AddCommGroup.toAddCommMonoid.{0} (EuclideanSpace.{0, 0} Real (Fin m))
                (@WithLp.instAddCommGroup.{0}
                  (@OfNat.ofNat.{0} ENNReal (nat_lit 2)
                    (@instOfNatAtLeastTwo.{0} ENNReal (nat_lit 2)
                      (@AddMonoidWithOne.toNatCast.{0} ENNReal
                        (@AddCommMonoidWithOne.toAddMonoidWithOne.{0} ENNReal ENNReal.instAddCommMonoidWithOne))
                      PiLp.innerProductSpace._proof_1))
                  ((i : Fin m) → (fun (x : Fin m) => Real) i)
                  (@Pi.addCommGroup.{0, 0} (Fin m) (fun (x : Fin m) => Real) fun (i : Fin m) =>
                    @Ring.toAddCommGroup.{0} Real
                      (@DivisionRing.toRing.{0} Real
                        (@Field.toDivisionRing.{0} Real
                          (@NormedField.toField.{0} Real
                            (@DenselyNormedField.toNormedField.{0} Real
                              (@RCLike.toDenselyNormedField.{0} Real Real.instRCLike))))))))
              (@AddCommGroup.toAddCommMonoid.{0} (EuclideanSpace.{0, 0} Real (Fin m))
                (@WithLp.instAddCommGroup.{0}
                  (@OfNat.ofNat.{0} ENNReal (nat_lit 2)
                    (@instOfNatAtLeastTwo.{0} ENNReal (nat_lit 2)
                      (@AddMonoidWithOne.toNatCast.{0} ENNReal
                        (@AddCommMonoidWithOne.toAddMonoidWithOne.{0} ENNReal ENNReal.instAddCommMonoidWithOne))
                      PiLp.innerProductSpace._proof_1))
                  ((i : Fin m) → (fun (x : Fin m) => Real) i)
                  (@Pi.addCommGroup.{0, 0} (Fin m) (fun (x : Fin m) => Real) fun (i : Fin m) =>
                    @Ring.toAddCommGroup.{0} Real
                      (@DivisionRing.toRing.{0} Real
                        (@Field.toDivisionRing.{0} Real
                          (@NormedField.toField.{0} Real
                            (@DenselyNormedField.toNormedField.{0} Real
                              (@RCLike.toDenselyNormedField.{0} Real Real.instRCLike))))))))
              (@WithLp.instModule.{0, 0}
                (@OfNat.ofNat.{0} ENNReal (nat_lit 2)
                  (@instOfNatAtLeastTwo.{0} ENNReal (nat_lit 2)
                    (@AddMonoidWithOne.toNatCast.{0} ENNReal
                      (@AddCommMonoidWithOne.toAddMonoidWithOne.{0} ENNReal ENNReal.instAddCommMonoidWithOne))
                    PiLp.innerProductSpace._proof_1))
                Real ((i : Fin m) → (fun (x : Fin m) => Real) i)
                (@DivisionSemiring.toSemiring.{0} Real
                  (@Semifield.toDivisionSemiring.{0} Real
                    (@Field.toSemifield.{0} Real
                      (@NormedField.toField.{0} Real
                        (@DenselyNormedField.toNormedField.{0} Real
                          (@RCLike.toDenselyNormedField.{0} Real Real.instRCLike))))))
                (@Pi.addCommGroup.{0, 0} (Fin m) (fun (x : Fin m) => Real) fun (i : Fin m) =>
                  @Ring.toAddCommGroup.{0} Real
                    (@DivisionRing.toRing.{0} Real
                      (@Field.toDivisionRing.{0} Real
                        (@NormedField.toField.{0} Real
                          (@DenselyNormedField.toNormedField.{0} Real
                            (@RCLike.toDenselyNormedField.{0} Real Real.instRCLike))))))
                (@Pi.Function.module.{0, 0, 0} (Fin m) Real Real
                  (@DivisionSemiring.toSemiring.{0} Real
                    (@Semifield.toDivisionSemiring.{0} Real
                      (@Field.toSemifield.{0} Real
                        (@NormedField.toField.{0} Real
                          (@DenselyNormedField.toNormedField.{0} Real
                            (@RCLike.toDenselyNormedField.{0} Real Real.instRCLike))))))
                  (@Semiring.toAddCommMonoid.{0} Real
                    (@Ring.toSemiring.{0} Real
                      (@DivisionRing.toRing.{0} Real
                        (@Field.toDivisionRing.{0} Real
                          (@NormedField.toField.{0} Real
                            (@DenselyNormedField.toNormedField.{0} Real
                              (@RCLike.toDenselyNormedField.{0} Real Real.instRCLike)))))))
                  (@Semiring.toModule.{0} Real
                    (@DivisionSemiring.toSemiring.{0} Real
                      (@Semifield.toDivisionSemiring.{0} Real
                        (@Field.toSemifield.{0} Real
                          (@NormedField.toField.{0} Real
                            (@DenselyNormedField.toNormedField.{0} Real
                              (@RCLike.toDenselyNormedField.{0} Real Real.instRCLike)))))))))
              (@WithLp.instModule.{0, 0}
                (@OfNat.ofNat.{0} ENNReal (nat_lit 2)
                  (@instOfNatAtLeastTwo.{0} ENNReal (nat_lit 2)
                    (@AddMonoidWithOne.toNatCast.{0} ENNReal
                      (@AddCommMonoidWithOne.toAddMonoidWithOne.{0} ENNReal ENNReal.instAddCommMonoidWithOne))
                    PiLp.innerProductSpace._proof_1))
                Real ((i : Fin m) → (fun (x : Fin m) => Real) i)
                (@DivisionSemiring.toSemiring.{0} Real
                  (@Semifield.toDivisionSemiring.{0} Real
                    (@Field.toSemifield.{0} Real
                      (@NormedField.toField.{0} Real
                        (@DenselyNormedField.toNormedField.{0} Real
                          (@RCLike.toDenselyNormedField.{0} Real Real.instRCLike))))))
                (@Pi.addCommGroup.{0, 0} (Fin m) (fun (x : Fin m) => Real) fun (i : Fin m) =>
                  @Ring.toAddCommGroup.{0} Real
                    (@DivisionRing.toRing.{0} Real
                      (@Field.toDivisionRing.{0} Real
                        (@NormedField.toField.{0} Real
                          (@DenselyNormedField.toNormedField.{0} Real
                            (@RCLike.toDenselyNormedField.{0} Real Real.instRCLike))))))
                (@Pi.Function.module.{0, 0, 0} (Fin m) Real Real
                  (@DivisionSemiring.toSemiring.{0} Real
                    (@Semifield.toDivisionSemiring.{0} Real
                      (@Field.toSemifield.{0} Real
                        (@NormedField.toField.{0} Real
                          (@DenselyNormedField.toNormedField.{0} Real
                            (@RCLike.toDenselyNormedField.{0} Real Real.instRCLike))))))
                  (@Semiring.toAddCommMonoid.{0} Real
                    (@Ring.toSemiring.{0} Real
                      (@DivisionRing.toRing.{0} Real
                        (@Field.toDivisionRing.{0} Real
                          (@NormedField.toField.{0} Real
                            (@DenselyNormedField.toNormedField.{0} Real
                              (@RCLike.toDenselyNormedField.{0} Real Real.instRCLike)))))))
                  (@Semiring.toModule.{0} Real
                    (@DivisionSemiring.toSemiring.{0} Real
                      (@Semifield.toDivisionSemiring.{0} Real
                        (@Field.toSemifield.{0} Real
                          (@NormedField.toField.{0} Real
                            (@DenselyNormedField.toNormedField.{0} Real
                              (@RCLike.toDenselyNormedField.{0} Real Real.instRCLike))))))))))
            (@Matrix.addCommMonoid.{0, 0, 0} (Fin m) (Fin m) Real
              (@Semiring.toAddCommMonoid.{0} Real
                (@DivisionSemiring.toSemiring.{0} Real
                  (@Semifield.toDivisionSemiring.{0} Real
                    (@Field.toSemifield.{0} Real
                      (@NormedField.toField.{0} Real
                        (@DenselyNormedField.toNormedField.{0} Real
                          (@RCLike.toDenselyNormedField.{0} Real Real.instRCLike))))))))
            (@LinearMap.addCommMonoid.{0, 0, 0, 0} Real Real (EuclideanSpace.{0, 0} Real (Fin m))
              (EuclideanSpace.{0, 0} Real (Fin m))
              (@DivisionSemiring.toSemiring.{0} Real
                (@Semifield.toDivisionSemiring.{0} Real
                  (@Field.toSemifield.{0} Real
                    (@NormedField.toField.{0} Real
                      (@DenselyNormedField.toNormedField.{0} Real
                        (@RCLike.toDenselyNormedField.{0} Real Real.instRCLike))))))
              (@DivisionSemiring.toSemiring.{0} Real
                (@Semifield.toDivisionSemiring.{0} Real
                  (@Field.toSemifield.{0} Real
                    (@NormedField.toField.{0} Real
                      (@DenselyNormedField.toNormedField.{0} Real
                        (@RCLike.toDenselyNormedField.{0} Real Real.instRCLike))))))
              (@AddCommGroup.toAddCommMonoid.{0} (EuclideanSpace.{0, 0} Real (Fin m))
                (@WithLp.instAddCommGroup.{0}
                  (@OfNat.ofNat.{0} ENNReal (nat_lit 2)
                    (@instOfNatAtLeastTwo.{0} ENNReal (nat_lit 2)
                      (@AddMonoidWithOne.toNatCast.{0} ENNReal
                        (@AddCommMonoidWithOne.toAddMonoidWithOne.{0} ENNReal ENNReal.instAddCommMonoidWithOne))
                      PiLp.innerProductSpace._proof_1))
                  ((i : Fin m) → (fun (x : Fin m) => Real) i)
                  (@Pi.addCommGroup.{0, 0} (Fin m) (fun (x : Fin m) => Real) fun (i : Fin m) =>
                    @Ring.toAddCommGroup.{0} Real
                      (@DivisionRing.toRing.{0} Real
                        (@Field.toDivisionRing.{0} Real
                          (@NormedField.toField.{0} Real
                            (@DenselyNormedField.toNormedField.{0} Real
                              (@RCLike.toDenselyNormedField.{0} Real Real.instRCLike))))))))
              (@AddCommGroup.toAddCommMonoid.{0} (EuclideanSpace.{0, 0} Real (Fin m))
                (@WithLp.instAddCommGroup.{0}
                  (@OfNat.ofNat.{0} ENNReal (nat_lit 2)
                    (@instOfNatAtLeastTwo.{0} ENNReal (nat_lit 2)
                      (@AddMonoidWithOne.toNatCast.{0} ENNReal
                        (@AddCommMonoidWithOne.toAddMonoidWithOne.{0} ENNReal ENNReal.instAddCommMonoidWithOne))
                      PiLp.innerProductSpace._proof_1))
                  ((i : Fin m) → (fun (x : Fin m) => Real) i)
                  (@Pi.addCommGroup.{0, 0} (Fin m) (fun (x : Fin m) => Real) fun (i : Fin m) =>
                    @Ring.toAddCommGroup.{0} Real
                      (@DivisionRing.toRing.{0} Real
                        (@Field.toDivisionRing.{0} Real
                          (@NormedField.toField.{0} Real
                            (@DenselyNormedField.toNormedField.{0} Real
                              (@RCLike.toDenselyNormedField.{0} Real Real.instRCLike))))))))
              (@WithLp.instModule.{0, 0}
                (@OfNat.ofNat.{0} ENNReal (nat_lit 2)
                  (@instOfNatAtLeastTwo.{0} ENNReal (nat_lit 2)
                    (@AddMonoidWithOne.toNatCast.{0} ENNReal
                      (@AddCommMonoidWithOne.toAddMonoidWithOne.{0} ENNReal ENNReal.instAddCommMonoidWithOne))
                    PiLp.innerProductSpace._proof_1))
                Real ((i : Fin m) → (fun (x : Fin m) => Real) i)
                (@DivisionSemiring.toSemiring.{0} Real
                  (@Semifield.toDivisionSemiring.{0} Real
                    (@Field.toSemifield.{0} Real
                      (@NormedField.toField.{0} Real
                        (@DenselyNormedField.toNormedField.{0} Real
                          (@RCLike.toDenselyNormedField.{0} Real Real.instRCLike))))))
                (@Pi.addCommGroup.{0, 0} (Fin m) (fun (x : Fin m) => Real) fun (i : Fin m) =>
                  @Ring.toAddCommGroup.{0} Real
                    (@DivisionRing.toRing.{0} Real
                      (@Field.toDivisionRing.{0} Real
                        (@NormedField.toField.{0} Real
                          (@DenselyNormedField.toNormedField.{0} Real
                            (@RCLike.toDenselyNormedField.{0} Real Real.instRCLike))))))
                (@Pi.Function.module.{0, 0, 0} (Fin m) Real Real
                  (@DivisionSemiring.toSemiring.{0} Real
                    (@Semifield.toDivisionSemiring.{0} Real
                      (@Field.toSemifield.{0} Real
                        (@NormedField.toField.{0} Real
                          (@DenselyNormedField.toNormedField.{0} Real
                            (@RCLike.toDenselyNormedField.{0} Real Real.instRCLike))))))
                  (@Semiring.toAddCommMonoid.{0} Real
                    (@Ring.toSemiring.{0} Real
                      (@DivisionRing.toRing.{0} Real
                        (@Field.toDivisionRing.{0} Real
                          (@NormedField.toField.{0} Real
                            (@DenselyNormedField.toNormedField.{0} Real
                              (@RCLike.toDenselyNormedField.{0} Real Real.instRCLike)))))))
                  (@Semiring.toModule.{0} Real
                    (@DivisionSemiring.toSemiring.{0} Real
                      (@Semifield.toDivisionSemiring.{0} Real
                        (@Field.toSemifield.{0} Real
                          (@NormedField.toField.{0} Real
                            (@DenselyNormedField.toNormedField.{0} Real
                              (@RCLike.toDenselyNormedField.{0} Real Real.instRCLike)))))))))
              (@WithLp.instModule.{0, 0}
                (@OfNat.ofNat.{0} ENNReal (nat_lit 2)
                  (@instOfNatAtLeastTwo.{0} ENNReal (nat_lit 2)
                    (@AddMonoidWithOne.toNatCast.{0} ENNReal
                      (@AddCommMonoidWithOne.toAddMonoidWithOne.{0} ENNReal ENNReal.instAddCommMonoidWithOne))
                    PiLp.innerProductSpace._proof_1))
                Real ((i : Fin m) → (fun (x : Fin m) => Real) i)
                (@DivisionSemiring.toSemiring.{0} Real
                  (@Semifield.toDivisionSemiring.{0} Real
                    (@Field.toSemifield.{0} Real
                      (@NormedField.toField.{0} Real
                        (@DenselyNormedField.toNormedField.{0} Real
                          (@RCLike.toDenselyNormedField.{0} Real Real.instRCLike))))))
                (@Pi.addCommGroup.{0, 0} (Fin m) (fun (x : Fin m) => Real) fun (i : Fin m) =>
                  @Ring.toAddCommGroup.{0} Real
                    (@DivisionRing.toRing.{0} Real
                      (@Field.toDivisionRing.{0} Real
                        (@NormedField.toField.{0} Real
                          (@DenselyNormedField.toNormedField.{0} Real
                            (@RCLike.toDenselyNormedField.{0} Real Real.instRCLike))))))
                (@Pi.Function.module.{0, 0, 0} (Fin m) Real Real
                  (@DivisionSemiring.toSemiring.{0} Real
                    (@Semifield.toDivisionSemiring.{0} Real
                      (@Field.toSemifield.{0} Real
                        (@NormedField.toField.{0} Real
                          (@DenselyNormedField.toNormedField.{0} Real
                            (@RCLike.toDenselyNormedField.{0} Real Real.instRCLike))))))
                  (@Semiring.toAddCommMonoid.{0} Real
                    (@Ring.toSemiring.{0} Real
                      (@DivisionRing.toRing.{0} Real
                        (@Field.toDivisionRing.{0} Real
                          (@NormedField.toField.{0} Real
                            (@DenselyNormedField.toNormedField.{0} Real
                              (@RCLike.toDenselyNormedField.{0} Real Real.instRCLike)))))))
                  (@Semiring.toModule.{0} Real
                    (@DivisionSemiring.toSemiring.{0} Real
                      (@Semifield.toDivisionSemiring.{0} Real
                        (@Field.toSemifield.{0} Real
                          (@NormedField.toField.{0} Real
                            (@DenselyNormedField.toNormedField.{0} Real
                              (@RCLike.toDenselyNormedField.{0} Real Real.instRCLike)))))))))
              (@RingHom.id.{0} Real
                (@Semiring.toNonAssocSemiring.{0} Real
                  (@DivisionSemiring.toSemiring.{0} Real
                    (@Semifield.toDivisionSemiring.{0} Real
                      (@Field.toSemifield.{0} Real
                        (@NormedField.toField.{0} Real
                          (@DenselyNormedField.toNormedField.{0} Real
                            (@RCLike.toDenselyNormedField.{0} Real Real.instRCLike)))))))))
            (@Matrix.module.{0, 0, 0, 0} (Fin m) (Fin m) Real Real
              (@DivisionSemiring.toSemiring.{0} Real
                (@Semifield.toDivisionSemiring.{0} Real
                  (@Field.toSemifield.{0} Real
                    (@NormedField.toField.{0} Real
                      (@DenselyNormedField.toNormedField.{0} Real
                        (@RCLike.toDenselyNormedField.{0} Real Real.instRCLike))))))
              (@Semiring.toAddCommMonoid.{0} Real
                (@DivisionSemiring.toSemiring.{0} Real
                  (@Semifield.toDivisionSemiring.{0} Real
                    (@Field.toSemifield.{0} Real
                      (@NormedField.toField.{0} Real
                        (@DenselyNormedField.toNormedField.{0} Real
                          (@RCLike.toDenselyNormedField.{0} Real Real.instRCLike)))))))
              (@Semiring.toModule.{0} Real
                (@DivisionSemiring.toSemiring.{0} Real
                  (@Semifield.toDivisionSemiring.{0} Real
                    (@Field.toSemifield.{0} Real
                      (@NormedField.toField.{0} Real
                        (@DenselyNormedField.toNormedField.{0} Real
                          (@RCLike.toDenselyNormedField.{0} Real Real.instRCLike))))))))
            (@LinearMap.module.{0, 0, 0, 0, 0} Real Real Real (EuclideanSpace.{0, 0} Real (Fin m))
              (EuclideanSpace.{0, 0} Real (Fin m))
              (@DivisionSemiring.toSemiring.{0} Real
                (@Semifield.toDivisionSemiring.{0} Real
                  (@Field.toSemifield.{0} Real
                    (@NormedField.toField.{0} Real
                      (@DenselyNormedField.toNormedField.{0} Real
                        (@RCLike.toDenselyNormedField.{0} Real Real.instRCLike))))))
              (@DivisionSemiring.toSemiring.{0} Real
                (@Semifield.toDivisionSemiring.{0} Real
                  (@Field.toSemifield.{0} Real
                    (@NormedField.toField.{0} Real
                      (@DenselyNormedField.toNormedField.{0} Real
                        (@RCLike.toDenselyNormedField.{0} Real Real.instRCLike))))))
              (@AddCommGroup.toAddCommMonoid.{0} (EuclideanSpace.{0, 0} Real (Fin m))
                (@WithLp.instAddCommGroup.{0}
                  (@OfNat.ofNat.{0} ENNReal (nat_lit 2)
                    (@instOfNatAtLeastTwo.{0} ENNReal (nat_lit 2)
                      (@AddMonoidWithOne.toNatCast.{0} ENNReal
                        (@AddCommMonoidWithOne.toAddMonoidWithOne.{0} ENNReal ENNReal.instAddCommMonoidWithOne))
                      PiLp.innerProductSpace._proof_1))
                  ((i : Fin m) → (fun (x : Fin m) => Real) i)
                  (@Pi.addCommGroup.{0, 0} (Fin m) (fun (x : Fin m) => Real) fun (i : Fin m) =>
                    @Ring.toAddCommGroup.{0} Real
                      (@DivisionRing.toRing.{0} Real
                        (@Field.toDivisionRing.{0} Real
                          (@NormedField.toField.{0} Real
                            (@DenselyNormedField.toNormedField.{0} Real
                              (@RCLike.toDenselyNormedField.{0} Real Real.instRCLike))))))))
              (@AddCommGroup.toAddCommMonoid.{0} (EuclideanSpace.{0, 0} Real (Fin m))
                (@WithLp.instAddCommGroup.{0}
                  (@OfNat.ofNat.{0} ENNReal (nat_lit 2)
                    (@instOfNatAtLeastTwo.{0} ENNReal (nat_lit 2)
                      (@AddMonoidWithOne.toNatCast.{0} ENNReal
                        (@AddCommMonoidWithOne.toAddMonoidWithOne.{0} ENNReal ENNReal.instAddCommMonoidWithOne))
                      PiLp.innerProductSpace._proof_1))
                  ((i : Fin m) → (fun (x : Fin m) => Real) i)
                  (@Pi.addCommGroup.{0, 0} (Fin m) (fun (x : Fin m) => Real) fun (i : Fin m) =>
                    @Ring.toAddCommGroup.{0} Real
                      (@DivisionRing.toRing.{0} Real
                        (@Field.toDivisionRing.{0} Real
                          (@NormedField.toField.{0} Real
                            (@DenselyNormedField.toNormedField.{0} Real
                              (@RCLike.toDenselyNormedField.{0} Real Real.instRCLike))))))))
              (@WithLp.instModule.{0, 0}
                (@OfNat.ofNat.{0} ENNReal (nat_lit 2)
                  (@instOfNatAtLeastTwo.{0} ENNReal (nat_lit 2)
                    (@AddMonoidWithOne.toNatCast.{0} ENNReal
                      (@AddCommMonoidWithOne.toAddMonoidWithOne.{0} ENNReal ENNReal.instAddCommMonoidWithOne))
                    PiLp.innerProductSpace._proof_1))
                Real ((i : Fin m) → (fun (x : Fin m) => Real) i)
                (@DivisionSemiring.toSemiring.{0} Real
                  (@Semifield.toDivisionSemiring.{0} Real
                    (@Field.toSemifield.{0} Real
                      (@NormedField.toField.{0} Real
                        (@DenselyNormedField.toNormedField.{0} Real
                          (@RCLike.toDenselyNormedField.{0} Real Real.instRCLike))))))
                (@Pi.addCommGroup.{0, 0} (Fin m) (fun (x : Fin m) => Real) fun (i : Fin m) =>
                  @Ring.toAddCommGroup.{0} Real
                    (@DivisionRing.toRing.{0} Real
                      (@Field.toDivisionRing.{0} Real
                        (@NormedField.toField.{0} Real
                          (@DenselyNormedField.toNormedField.{0} Real
                            (@RCLike.toDenselyNormedField.{0} Real Real.instRCLike))))))
                (@Pi.Function.module.{0, 0, 0} (Fin m) Real Real
                  (@DivisionSemiring.toSemiring.{0} Real
                    (@Semifield.toDivisionSemiring.{0} Real
                      (@Field.toSemifield.{0} Real
                        (@NormedField.toField.{0} Real
                          (@DenselyNormedField.toNormedField.{0} Real
                            (@RCLike.toDenselyNormedField.{0} Real Real.instRCLike))))))
                  (@Semiring.toAddCommMonoid.{0} Real
                    (@Ring.toSemiring.{0} Real
                      (@DivisionRing.toRing.{0} Real
                        (@Field.toDivisionRing.{0} Real
                          (@NormedField.toField.{0} Real
                            (@DenselyNormedField.toNormedField.{0} Real
                              (@RCLike.toDenselyNormedField.{0} Real Real.instRCLike)))))))
                  (@Semiring.toModule.{0} Real
                    (@DivisionSemiring.toSemiring.{0} Real
                      (@Semifield.toDivisionSemiring.{0} Real
                        (@Field.toSemifield.{0} Real
                          (@NormedField.toField.{0} Real
                            (@DenselyNormedField.toNormedField.{0} Real
                              (@RCLike.toDenselyNormedField.{0} Real Real.instRCLike)))))))))
              (@WithLp.instModule.{0, 0}
                (@OfNat.ofNat.{0} ENNReal (nat_lit 2)
                  (@instOfNatAtLeastTwo.{0} ENNReal (nat_lit 2)
                    (@AddMonoidWithOne.toNatCast.{0} ENNReal
                      (@AddCommMonoidWithOne.toAddMonoidWithOne.{0} ENNReal ENNReal.instAddCommMonoidWithOne))
                    PiLp.innerProductSpace._proof_1))
                Real ((i : Fin m) → (fun (x : Fin m) => Real) i)
                (@DivisionSemiring.toSemiring.{0} Real
                  (@Semifield.toDivisionSemiring.{0} Real
                    (@Field.toSemifield.{0} Real
                      (@NormedField.toField.{0} Real
                        (@DenselyNormedField.toNormedField.{0} Real
                          (@RCLike.toDenselyNormedField.{0} Real Real.instRCLike))))))
                (@Pi.addCommGroup.{0, 0} (Fin m) (fun (x : Fin m) => Real) fun (i : Fin m) =>
                  @Ring.toAddCommGroup.{0} Real
                    (@DivisionRing.toRing.{0} Real
                      (@Field.toDivisionRing.{0} Real
                        (@NormedField.toField.{0} Real
                          (@DenselyNormedField.toNormedField.{0} Real
                            (@RCLike.toDenselyNormedField.{0} Real Real.instRCLike))))))
                (@Pi.Function.module.{0, 0, 0} (Fin m) Real Real
                  (@DivisionSemiring.toSemiring.{0} Real
                    (@Semifield.toDivisionSemiring.{0} Real
                      (@Field.toSemifield.{0} Real
                        (@NormedField.toField.{0} Real
                          (@DenselyNormedField.toNormedField.{0} Real
                            (@RCLike.toDenselyNormedField.{0} Real Real.instRCLike))))))
                  (@Semiring.toAddCommMonoid.{0} Real
                    (@Ring.toSemiring.{0} Real
                      (@DivisionRing.toRing.{0} Real
                        (@Field.toDivisionRing.{0} Real
                          (@NormedField.toField.{0} Real
                            (@DenselyNormedField.toNormedField.{0} Real
                              (@RCLike.toDenselyNormedField.{0} Real Real.instRCLike)))))))
                  (@Semiring.toModule.{0} Real
                    (@DivisionSemiring.toSemiring.{0} Real
                      (@Semifield.toDivisionSemiring.{0} Real
                        (@Field.toSemifield.{0} Real
                          (@NormedField.toField.{0} Real
                            (@DenselyNormedField.toNormedField.{0} Real
                              (@RCLike.toDenselyNormedField.{0} Real Real.instRCLike)))))))))
              (@RingHom.id.{0} Real
                (@Semiring.toNonAssocSemiring.{0} Real
                  (@DivisionSemiring.toSemiring.{0} Real
                    (@Semifield.toDivisionSemiring.{0} Real
                      (@Field.toSemifield.{0} Real
                        (@NormedField.toField.{0} Real
                          (@DenselyNormedField.toNormedField.{0} Real
                            (@RCLike.toDenselyNormedField.{0} Real Real.instRCLike))))))))
              (@DivisionSemiring.toSemiring.{0} Real
                (@Semifield.toDivisionSemiring.{0} Real
                  (@Field.toSemifield.{0} Real
                    (@NormedField.toField.{0} Real
                      (@DenselyNormedField.toNormedField.{0} Real
                        (@RCLike.toDenselyNormedField.{0} Real Real.instRCLike))))))
              (@WithLp.instModule.{0, 0}
                (@OfNat.ofNat.{0} ENNReal (nat_lit 2)
                  (@instOfNatAtLeastTwo.{0} ENNReal (nat_lit 2)
                    (@AddMonoidWithOne.toNatCast.{0} ENNReal
                      (@AddCommMonoidWithOne.toAddMonoidWithOne.{0} ENNReal ENNReal.instAddCommMonoidWithOne))
                    PiLp.innerProductSpace._proof_1))
                Real ((i : Fin m) → (fun (x : Fin m) => Real) i)
                (@DivisionSemiring.toSemiring.{0} Real
                  (@Semifield.toDivisionSemiring.{0} Real
                    (@Field.toSemifield.{0} Real
                      (@NormedField.toField.{0} Real
                        (@DenselyNormedField.toNormedField.{0} Real
                          (@RCLike.toDenselyNormedField.{0} Real Real.instRCLike))))))
                (@Pi.addCommGroup.{0, 0} (Fin m) (fun (x : Fin m) => Real) fun (i : Fin m) =>
                  @Ring.toAddCommGroup.{0} Real
                    (@DivisionRing.toRing.{0} Real
                      (@Field.toDivisionRing.{0} Real
                        (@NormedField.toField.{0} Real
                          (@DenselyNormedField.toNormedField.{0} Real
                            (@RCLike.toDenselyNormedField.{0} Real Real.instRCLike))))))
                (@Pi.Function.module.{0, 0, 0} (Fin m) Real Real
                  (@DivisionSemiring.toSemiring.{0} Real
                    (@Semifield.toDivisionSemiring.{0} Real
                      (@Field.toSemifield.{0} Real
                        (@NormedField.toField.{0} Real
                          (@DenselyNormedField.toNormedField.{0} Real
                            (@RCLike.toDenselyNormedField.{0} Real Real.instRCLike))))))
                  (@Semiring.toAddCommMonoid.{0} Real
                    (@Ring.toSemiring.{0} Real
                      (@DivisionRing.toRing.{0} Real
                        (@Field.toDivisionRing.{0} Real
                          (@NormedField.toField.{0} Real
                            (@DenselyNormedField.toNormedField.{0} Real
                              (@RCLike.toDenselyNormedField.{0} Real Real.instRCLike)))))))
                  (@Semiring.toModule.{0} Real
                    (@DivisionSemiring.toSemiring.{0} Real
                      (@Semifield.toDivisionSemiring.{0} Real
                        (@Field.toSemifield.{0} Real
                          (@NormedField.toField.{0} Real (@DenselyNormedField.toNormedField.{0} Real ⋯))))))))
              ⋯)))
        ⋯ ⋯)
      ⋯ ⋯ ⋯ ⋯)
    ⋯
def NLA.KE04.eigenvalueAt : {m : Nat} →
  (M : NLA.KE04.Mat m) →
    (hM :
        @Matrix.IsHermitian.{0, 0} Real (Fin m)
          (@InvolutiveStar.toStar.{0} Real
            (@StarAddMonoid.toInvolutiveStar.{0} Real
              (@AddCommMonoid.toAddMonoid.{0} Real
                (@NonUnitalNonAssocSemiring.toAddCommMonoid.{0} Real
                  (@NonUnitalNonAssocRing.toNonUnitalNonAssocSemiring.{0} Real
                    (@NonUnitalNonAssocCommRing.toNonUnitalNonAssocRing.{0} Real
                      (@NonUnitalCommRing.toNonUnitalNonAssocCommRing.{0} Real
                        (@CommRing.toNonUnitalCommRing.{0} Real Real.commRing))))))
              (@StarRing.toStarAddMonoid.{0} Real
                (@NonUnitalNonAssocRing.toNonUnitalNonAssocSemiring.{0} Real
                  (@NonUnitalNonAssocCommRing.toNonUnitalNonAssocRing.{0} Real
                    (@NonUnitalCommRing.toNonUnitalNonAssocCommRing.{0} Real
                      (@CommRing.toNonUnitalCommRing.{0} Real Real.commRing))))
                instStarRingReal)))
          M) →
      (i : Nat) → Real :=
fun {m : Nat} (M : NLA.KE04.Mat m)
    (hM :
      @Matrix.IsHermitian.{0, 0} Real (Fin m)
        (@InvolutiveStar.toStar.{0} Real
          (@StarAddMonoid.toInvolutiveStar.{0} Real
            (@AddCommMonoid.toAddMonoid.{0} Real
              (@NonUnitalNonAssocSemiring.toAddCommMonoid.{0} Real
                (@NonUnitalNonAssocRing.toNonUnitalNonAssocSemiring.{0} Real
                  (@NonUnitalNonAssocCommRing.toNonUnitalNonAssocRing.{0} Real
                    (@NonUnitalCommRing.toNonUnitalNonAssocCommRing.{0} Real
                      (@CommRing.toNonUnitalCommRing.{0} Real Real.commRing))))))
            (@StarRing.toStarAddMonoid.{0} Real
              (@NonUnitalNonAssocRing.toNonUnitalNonAssocSemiring.{0} Real
                (@NonUnitalNonAssocCommRing.toNonUnitalNonAssocRing.{0} Real
                  (@NonUnitalCommRing.toNonUnitalNonAssocCommRing.{0} Real
                    (@CommRing.toNonUnitalCommRing.{0} Real Real.commRing))))
              instStarRingReal)))
        M)
    (i : Nat) =>
  @dite.{1} Real (@LT.lt.{0} Nat instLTNat i m) (Nat.decLt i m)
    (fun (h : @LT.lt.{0} Nat instLTNat i m) => @NLA.KE04.orderedEigenvalues m M hM (@Fin.mk m i h))
    fun (h : Not (@LT.lt.{0} Nat instLTNat i m)) =>
    @OfNat.ofNat.{0} Real (nat_lit 0) (@Zero.toOfNat0.{0} Real Real.instZero)
def NLA.KE04.ritzValues : {n m : Nat} →
  (A : NLA.KE04.Mat n) →
    (hA :
        @Matrix.IsHermitian.{0, 0} Real (Fin n)
          (@InvolutiveStar.toStar.{0} Real
            (@StarAddMonoid.toInvolutiveStar.{0} Real
              (@AddCommMonoid.toAddMonoid.{0} Real
                (@NonUnitalNonAssocSemiring.toAddCommMonoid.{0} Real
                  (@NonUnitalNonAssocRing.toNonUnitalNonAssocSemiring.{0} Real
                    (@NonUnitalNonAssocCommRing.toNonUnitalNonAssocRing.{0} Real
                      (@NonUnitalCommRing.toNonUnitalNonAssocCommRing.{0} Real
                        (@CommRing.toNonUnitalCommRing.{0} Real Real.commRing))))))
              (@StarRing.toStarAddMonoid.{0} Real
                (@NonUnitalNonAssocRing.toNonUnitalNonAssocSemiring.{0} Real
                  (@NonUnitalNonAssocCommRing.toNonUnitalNonAssocRing.{0} Real
                    (@NonUnitalCommRing.toNonUnitalNonAssocCommRing.{0} Real
                      (@CommRing.toNonUnitalCommRing.{0} Real Real.commRing))))
                instStarRingReal)))
          A) →
      (Q : NLA.KE04.Rect n m) → Fin m → Real :=
fun {n m : Nat} (A : NLA.KE04.Mat n)
    (hA :
      @Matrix.IsHermitian.{0, 0} Real (Fin n)
        (@InvolutiveStar.toStar.{0} Real
          (@StarAddMonoid.toInvolutiveStar.{0} Real
            (@AddCommMonoid.toAddMonoid.{0} Real
              (@NonUnitalNonAssocSemiring.toAddCommMonoid.{0} Real
                (@NonUnitalNonAssocRing.toNonUnitalNonAssocSemiring.{0} Real
                  (@NonUnitalNonAssocCommRing.toNonUnitalNonAssocRing.{0} Real
                    (@NonUnitalCommRing.toNonUnitalNonAssocCommRing.{0} Real
                      (@CommRing.toNonUnitalCommRing.{0} Real Real.commRing))))))
            (@StarRing.toStarAddMonoid.{0} Real
              (@NonUnitalNonAssocRing.toNonUnitalNonAssocSemiring.{0} Real
                (@NonUnitalNonAssocCommRing.toNonUnitalNonAssocRing.{0} Real
                  (@NonUnitalCommRing.toNonUnitalNonAssocCommRing.{0} Real
                    (@CommRing.toNonUnitalCommRing.{0} Real Real.commRing))))
              instStarRingReal)))
        A)
    (Q : NLA.KE04.Rect n m) =>
  @NLA.KE04.orderedEigenvalues m (@NLA.KE04.compression n m A Q) (@NLA.KE04.ritzValues._proof_1 n m A hA Q)
def NLA.KE04.ritzValueAt : {n m : Nat} →
  (A : NLA.KE04.Mat n) →
    (hA :
        @Matrix.IsHermitian.{0, 0} Real (Fin n)
          (@InvolutiveStar.toStar.{0} Real
            (@StarAddMonoid.toInvolutiveStar.{0} Real
              (@AddCommMonoid.toAddMonoid.{0} Real
                (@NonUnitalNonAssocSemiring.toAddCommMonoid.{0} Real
                  (@NonUnitalNonAssocRing.toNonUnitalNonAssocSemiring.{0} Real
                    (@NonUnitalNonAssocCommRing.toNonUnitalNonAssocRing.{0} Real
                      (@NonUnitalCommRing.toNonUnitalNonAssocCommRing.{0} Real
                        (@CommRing.toNonUnitalCommRing.{0} Real Real.commRing))))))
              (@StarRing.toStarAddMonoid.{0} Real
                (@NonUnitalNonAssocRing.toNonUnitalNonAssocSemiring.{0} Real
                  (@NonUnitalNonAssocCommRing.toNonUnitalNonAssocRing.{0} Real
                    (@NonUnitalCommRing.toNonUnitalNonAssocCommRing.{0} Real
                      (@CommRing.toNonUnitalCommRing.{0} Real Real.commRing))))
                instStarRingReal)))
          A) →
      (Q : NLA.KE04.Rect n m) → (i : Nat) → Real :=
fun {n m : Nat} (A : NLA.KE04.Mat n)
    (hA :
      @Matrix.IsHermitian.{0, 0} Real (Fin n)
        (@InvolutiveStar.toStar.{0} Real
          (@StarAddMonoid.toInvolutiveStar.{0} Real
            (@AddCommMonoid.toAddMonoid.{0} Real
              (@NonUnitalNonAssocSemiring.toAddCommMonoid.{0} Real
                (@NonUnitalNonAssocRing.toNonUnitalNonAssocSemiring.{0} Real
                  (@NonUnitalNonAssocCommRing.toNonUnitalNonAssocRing.{0} Real
                    (@NonUnitalCommRing.toNonUnitalNonAssocCommRing.{0} Real
                      (@CommRing.toNonUnitalCommRing.{0} Real Real.commRing))))))
            (@StarRing.toStarAddMonoid.{0} Real
              (@NonUnitalNonAssocRing.toNonUnitalNonAssocSemiring.{0} Real
                (@NonUnitalNonAssocCommRing.toNonUnitalNonAssocRing.{0} Real
                  (@NonUnitalCommRing.toNonUnitalNonAssocCommRing.{0} Real
                    (@CommRing.toNonUnitalCommRing.{0} Real Real.commRing))))
              instStarRingReal)))
        A)
    (Q : NLA.KE04.Rect n m) (i : Nat) =>
  @NLA.KE04.eigenvalueAt m (@NLA.KE04.compression n m A Q) (@NLA.KE04.ritzValues._proof_1 n m A hA Q) i
def NLA.KE04.monicQuadratic : (a b : Real) → @Polynomial.{0} Real Real.semiring :=
fun (a b : Real) =>
  @HMul.hMul.{0, 0, 0} (@Polynomial.{0} Real Real.semiring) (@Polynomial.{0} Real Real.semiring)
    (@Polynomial.{0} Real Real.semiring)
    (@instHMul.{0} (@Polynomial.{0} Real Real.semiring) (@Polynomial.instMul.{0} Real Real.semiring))
    (@HSub.hSub.{0, 0, 0} (@Polynomial.{0} Real Real.semiring) (@Polynomial.{0} Real Real.semiring)
      (@Polynomial.{0} Real Real.semiring)
      (@instHSub.{0} (@Polynomial.{0} Real Real.semiring) (@Polynomial.instSub.{0} Real Real.instRing))
      (@Polynomial.X.{0} Real Real.semiring)
      (@DFunLike.coe.{1, 1, 1}
        (@RingHom.{0, 0} Real (@Polynomial.{0} Real Real.semiring) (@Semiring.toNonAssocSemiring.{0} Real Real.semiring)
          (@Semiring.toNonAssocSemiring.{0} (@Polynomial.{0} Real Real.semiring)
            (@Polynomial.semiring.{0} Real Real.semiring)))
        Real (fun (x : Real) => @Polynomial.{0} Real Real.semiring)
        (@RingHom.instFunLike.{0, 0} Real (@Polynomial.{0} Real Real.semiring)
          (@Semiring.toNonAssocSemiring.{0} Real Real.semiring)
          (@Semiring.toNonAssocSemiring.{0} (@Polynomial.{0} Real Real.semiring)
            (@Polynomial.semiring.{0} Real Real.semiring)))
        (@Polynomial.C.{0} Real Real.semiring) a))
    (@HSub.hSub.{0, 0, 0} (@Polynomial.{0} Real Real.semiring) (@Polynomial.{0} Real Real.semiring)
      (@Polynomial.{0} Real Real.semiring)
      (@instHSub.{0} (@Polynomial.{0} Real Real.semiring) (@Polynomial.instSub.{0} Real Real.instRing))
      (@Polynomial.X.{0} Real Real.semiring)
      (@DFunLike.coe.{1, 1, 1}
        (@RingHom.{0, 0} Real (@Polynomial.{0} Real Real.semiring) (@Semiring.toNonAssocSemiring.{0} Real Real.semiring)
          (@Semiring.toNonAssocSemiring.{0} (@Polynomial.{0} Real Real.semiring)
            (@Polynomial.semiring.{0} Real Real.semiring)))
        Real (fun (x : Real) => @Polynomial.{0} Real Real.semiring)
        (@RingHom.instFunLike.{0, 0} Real (@Polynomial.{0} Real Real.semiring)
          (@Semiring.toNonAssocSemiring.{0} Real Real.semiring)
          (@Semiring.toNonAssocSemiring.{0} (@Polynomial.{0} Real Real.semiring)
            (@Polynomial.semiring.{0} Real Real.semiring)))
        (@Polynomial.C.{0} Real Real.semiring) b))
def NLA.KE04.quadraticMatrix : {m : Nat} → (M : NLA.KE04.Mat m) → (a b : Real) → NLA.KE04.Mat m :=
fun {m : Nat} (M : NLA.KE04.Mat m) (a b : Real) =>
  @HMul.hMul.{0, 0, 0} (NLA.KE04.Mat m) (NLA.KE04.Mat m) (Matrix.{0, 0, 0} (Fin m) (Fin m) Real)
    (@Matrix.instHMulOfFintypeOfMulOfAddCommMonoid.{0, 0, 0, 0} (Fin m) (Fin m) (Fin m) Real (Fin.fintype m)
      Real.instMul Real.instAddCommMonoid)
    (@HSub.hSub.{0, 0, 0} (NLA.KE04.Mat m) (NLA.KE04.Mat m) (NLA.KE04.Mat m)
      (@instHSub.{0} (NLA.KE04.Mat m) (@Matrix.sub.{0, 0, 0} (Fin m) (Fin m) Real Real.instSub)) M
      (@HSMul.hSMul.{0, 0, 0} Real (NLA.KE04.Mat m) (NLA.KE04.Mat m)
        (@instHSMul.{0, 0} Real (NLA.KE04.Mat m)
          (@Matrix.smul.{0, 0, 0, 0} (Fin m) (Fin m) Real Real (@instSMulOfMul.{0} Real Real.instMul)))
        a
        (@OfNat.ofNat.{0} (NLA.KE04.Mat m) (nat_lit 1)
          (@One.toOfNat1.{0} (NLA.KE04.Mat m)
            (@Matrix.one.{0, 0} (Fin m) Real (instDecidableEqFin m) Real.instZero Real.instOne)))))
    (@HSub.hSub.{0, 0, 0} (NLA.KE04.Mat m) (NLA.KE04.Mat m) (NLA.KE04.Mat m)
      (@instHSub.{0} (NLA.KE04.Mat m) (@Matrix.sub.{0, 0, 0} (Fin m) (Fin m) Real Real.instSub)) M
      (@HSMul.hSMul.{0, 0, 0} Real (NLA.KE04.Mat m) (NLA.KE04.Mat m)
        (@instHSMul.{0, 0} Real (NLA.KE04.Mat m)
          (@Matrix.smul.{0, 0, 0, 0} (Fin m) (Fin m) Real Real (@instSMulOfMul.{0} Real Real.instMul)))
        b
        (@OfNat.ofNat.{0} (NLA.KE04.Mat m) (nat_lit 1)
          (@One.toOfNat1.{0} (NLA.KE04.Mat m)
            (@Matrix.one.{0, 0} (Fin m) Real (instDecidableEqFin m) Real.instZero Real.instOne)))))
def NLA.KE04.compressedQuadratic : {n m : Nat} →
  (A : NLA.KE04.Mat n) → (Q : NLA.KE04.Rect n m) → (a b : Real) → NLA.KE04.Mat n :=
fun {n m : Nat} (A : NLA.KE04.Mat n) (Q : NLA.KE04.Rect n m) (a b : Real) =>
  @HMul.hMul.{0, 0, 0} (Matrix.{0, 0, 0} (Fin n) (Fin m) Real) (Matrix.{0, 0, 0} (Fin m) (Fin n) Real)
    (Matrix.{0, 0, 0} (Fin n) (Fin n) Real)
    (@Matrix.instHMulOfFintypeOfMulOfAddCommMonoid.{0, 0, 0, 0} (Fin n) (Fin m) (Fin n) Real (Fin.fintype m)
      Real.instMul Real.instAddCommMonoid)
    (@HMul.hMul.{0, 0, 0} (NLA.KE04.Rect n m) (NLA.KE04.Mat m) (Matrix.{0, 0, 0} (Fin n) (Fin m) Real)
      (@Matrix.instHMulOfFintypeOfMulOfAddCommMonoid.{0, 0, 0, 0} (Fin n) (Fin m) (Fin m) Real (Fin.fintype m)
        Real.instMul Real.instAddCommMonoid)
      Q (@NLA.KE04.quadraticMatrix m (@NLA.KE04.compression n m A Q) a b))
    (@Matrix.conjTranspose.{0, 0, 0} (Fin n) (Fin m) Real
      (@InvolutiveStar.toStar.{0} Real
        (@StarAddMonoid.toInvolutiveStar.{0} Real
          (@AddCommMonoid.toAddMonoid.{0} Real
            (@NonUnitalNonAssocSemiring.toAddCommMonoid.{0} Real
              (@NonUnitalNonAssocRing.toNonUnitalNonAssocSemiring.{0} Real
                (@NonUnitalNonAssocCommRing.toNonUnitalNonAssocRing.{0} Real
                  (@NonUnitalCommRing.toNonUnitalNonAssocCommRing.{0} Real
                    (@CommRing.toNonUnitalCommRing.{0} Real Real.commRing))))))
          (@StarRing.toStarAddMonoid.{0} Real
            (@NonUnitalNonAssocRing.toNonUnitalNonAssocSemiring.{0} Real
              (@NonUnitalNonAssocCommRing.toNonUnitalNonAssocRing.{0} Real
                (@NonUnitalCommRing.toNonUnitalNonAssocCommRing.{0} Real
                  (@CommRing.toNonUnitalCommRing.{0} Real Real.commRing))))
            instStarRingReal)))
      Q)
def NLA.KE04.form : {m : Nat} → (M : NLA.KE04.Mat m) → (x : NLA.KE04.Vec m) → Real :=
fun {m : Nat} (M : NLA.KE04.Mat m) (x : NLA.KE04.Vec m) =>
  @Inner.inner.{0, 0} Real (NLA.KE04.Vec m)
    (@InnerProductSpace.toInner.{0, 0} Real (NLA.KE04.Vec m) Real.instRCLike
      (@PiLp.seminormedAddCommGroup.{0, 0}
        (@OfNat.ofNat.{0} ENNReal (nat_lit 2)
          (@instOfNatAtLeastTwo.{0} ENNReal (nat_lit 2)
            (@AddMonoidWithOne.toNatCast.{0} ENNReal
              (@AddCommMonoidWithOne.toAddMonoidWithOne.{0} ENNReal ENNReal.instAddCommMonoidWithOne))
            NLA.KE04.column._proof_1))
        (Fin m) (fun (x : Fin m) => Real) fact_one_le_two_ennreal (Fin.fintype m) fun (i : Fin m) =>
        @NormedAddCommGroup.toSeminormedAddCommGroup.{0} Real Real.normedAddCommGroup)
      (@PiLp.innerProductSpace.{0, 0, 0} Real Real.instRCLike (Fin m) (Fin.fintype m) (fun (x : Fin m) => Real)
        (fun (i : Fin m) => Real.normedAddCommGroup) fun (i : Fin m) =>
        @RCLike.toInnerProductSpaceReal.{0} Real Real.instRCLike))
    x
    (@DFunLike.coe.{1, 1, 1}
      (@LinearMap.{0, 0, 0, 0} Real Real Real.semiring Real.semiring
        (@RingHom.id.{0} Real (@Semiring.toNonAssocSemiring.{0} Real Real.semiring)) (NLA.KE04.Vec m) (NLA.KE04.Vec m)
        (@AddCommGroup.toAddCommMonoid.{0} (NLA.KE04.Vec m)
          (@WithLp.instAddCommGroup.{0}
            (@OfNat.ofNat.{0} ENNReal (nat_lit 2)
              (@instOfNatAtLeastTwo.{0} ENNReal (nat_lit 2)
                (@AddMonoidWithOne.toNatCast.{0} ENNReal
                  (@AddCommMonoidWithOne.toAddMonoidWithOne.{0} ENNReal ENNReal.instAddCommMonoidWithOne))
                PiLp.innerProductSpace._proof_1))
            ((i : Fin m) → (fun (x : Fin m) => Real) i)
            (@Pi.addCommGroup.{0, 0} (Fin m) (fun (x : Fin m) => Real) fun (i : Fin m) => Real.instAddCommGroup)))
        (@AddCommGroup.toAddCommMonoid.{0} (NLA.KE04.Vec m)
          (@WithLp.instAddCommGroup.{0}
            (@OfNat.ofNat.{0} ENNReal (nat_lit 2)
              (@instOfNatAtLeastTwo.{0} ENNReal (nat_lit 2)
                (@AddMonoidWithOne.toNatCast.{0} ENNReal
                  (@AddCommMonoidWithOne.toAddMonoidWithOne.{0} ENNReal ENNReal.instAddCommMonoidWithOne))
                PiLp.innerProductSpace._proof_1))
            ((i : Fin m) → (fun (x : Fin m) => Real) i)
            (@Pi.addCommGroup.{0, 0} (Fin m) (fun (x : Fin m) => Real) fun (i : Fin m) => Real.instAddCommGroup)))
        (@WithLp.instModule.{0, 0}
          (@OfNat.ofNat.{0} ENNReal (nat_lit 2)
            (@instOfNatAtLeastTwo.{0} ENNReal (nat_lit 2)
              (@AddMonoidWithOne.toNatCast.{0} ENNReal
                (@AddCommMonoidWithOne.toAddMonoidWithOne.{0} ENNReal ENNReal.instAddCommMonoidWithOne))
              PiLp.innerProductSpace._proof_1))
          Real ((i : Fin m) → (fun (x : Fin m) => Real) i) Real.semiring
          (@Pi.addCommGroup.{0, 0} (Fin m) (fun (x : Fin m) => Real) fun (i : Fin m) => Real.instAddCommGroup)
          (@Pi.Function.module.{0, 0, 0} (Fin m) Real Real Real.semiring
            (@Semiring.toAddCommMonoid.{0} Real (@Ring.toSemiring.{0} Real Real.instRing))
            (@Semiring.toModule.{0} Real Real.semiring)))
        (@WithLp.instModule.{0, 0}
          (@OfNat.ofNat.{0} ENNReal (nat_lit 2)
            (@instOfNatAtLeastTwo.{0} ENNReal (nat_lit 2)
              (@AddMonoidWithOne.toNatCast.{0} ENNReal
                (@AddCommMonoidWithOne.toAddMonoidWithOne.{0} ENNReal ENNReal.instAddCommMonoidWithOne))
              PiLp.innerProductSpace._proof_1))
          Real ((i : Fin m) → (fun (x : Fin m) => Real) i) Real.semiring
          (@Pi.addCommGroup.{0, 0} (Fin m) (fun (x : Fin m) => Real) fun (i : Fin m) => Real.instAddCommGroup)
          (@Pi.Function.module.{0, 0, 0} (Fin m) Real Real Real.semiring
            (@Semiring.toAddCommMonoid.{0} Real (@Ring.toSemiring.{0} Real Real.instRing))
            (@Semiring.toModule.{0} Real Real.semiring))))
      (NLA.KE04.Vec m) (fun (x : NLA.KE04.Vec m) => NLA.KE04.Vec m)
      (@LinearMap.instFunLike.{0, 0, 0, 0} Real Real (NLA.KE04.Vec m) (NLA.KE04.Vec m) Real.semiring Real.semiring
        (@AddCommGroup.toAddCommMonoid.{0} (NLA.KE04.Vec m)
          (@WithLp.instAddCommGroup.{0}
            (@OfNat.ofNat.{0} ENNReal (nat_lit 2)
              (@instOfNatAtLeastTwo.{0} ENNReal (nat_lit 2)
                (@AddMonoidWithOne.toNatCast.{0} ENNReal
                  (@AddCommMonoidWithOne.toAddMonoidWithOne.{0} ENNReal ENNReal.instAddCommMonoidWithOne))
                PiLp.innerProductSpace._proof_1))
            ((i : Fin m) → (fun (x : Fin m) => Real) i)
            (@Pi.addCommGroup.{0, 0} (Fin m) (fun (x : Fin m) => Real) fun (i : Fin m) => Real.instAddCommGroup)))
        (@AddCommGroup.toAddCommMonoid.{0} (NLA.KE04.Vec m)
          (@WithLp.instAddCommGroup.{0}
            (@OfNat.ofNat.{0} ENNReal (nat_lit 2)
              (@instOfNatAtLeastTwo.{0} ENNReal (nat_lit 2)
                (@AddMonoidWithOne.toNatCast.{0} ENNReal
                  (@AddCommMonoidWithOne.toAddMonoidWithOne.{0} ENNReal ENNReal.instAddCommMonoidWithOne))
                PiLp.innerProductSpace._proof_1))
            ((i : Fin m) → (fun (x : Fin m) => Real) i)
            (@Pi.addCommGroup.{0, 0} (Fin m) (fun (x : Fin m) => Real) fun (i : Fin m) => Real.instAddCommGroup)))
        (@WithLp.instModule.{0, 0}
          (@OfNat.ofNat.{0} ENNReal (nat_lit 2)
            (@instOfNatAtLeastTwo.{0} ENNReal (nat_lit 2)
              (@AddMonoidWithOne.toNatCast.{0} ENNReal
                (@AddCommMonoidWithOne.toAddMonoidWithOne.{0} ENNReal ENNReal.instAddCommMonoidWithOne))
              PiLp.innerProductSpace._proof_1))
          Real ((i : Fin m) → (fun (x : Fin m) => Real) i) Real.semiring
          (@Pi.addCommGroup.{0, 0} (Fin m) (fun (x : Fin m) => Real) fun (i : Fin m) => Real.instAddCommGroup)
          (@Pi.Function.module.{0, 0, 0} (Fin m) Real Real Real.semiring
            (@Semiring.toAddCommMonoid.{0} Real (@Ring.toSemiring.{0} Real Real.instRing))
            (@Semiring.toModule.{0} Real Real.semiring)))
        (@WithLp.instModule.{0, 0}
          (@OfNat.ofNat.{0} ENNReal (nat_lit 2)
            (@instOfNatAtLeastTwo.{0} ENNReal (nat_lit 2)
              (@AddMonoidWithOne.toNatCast.{0} ENNReal
                (@AddCommMonoidWithOne.toAddMonoidWithOne.{0} ENNReal ENNReal.instAddCommMonoidWithOne))
              PiLp.innerProductSpace._proof_1))
          Real ((i : Fin m) → (fun (x : Fin m) => Real) i) Real.semiring
          (@Pi.addCommGroup.{0, 0} (Fin m) (fun (x : Fin m) => Real) fun (i : Fin m) => Real.instAddCommGroup)
          (@Pi.Function.module.{0, 0, 0} (Fin m) Real Real Real.semiring
            (@Semiring.toAddCommMonoid.{0} Real (@Ring.toSemiring.{0} Real Real.instRing))
            (@Semiring.toModule.{0} Real Real.semiring)))
        (@RingHom.id.{0} Real (@Semiring.toNonAssocSemiring.{0} Real Real.semiring)))
      (@NLA.KE04.act m m M) x)
def NLA.KE04.IterationOccupancy : {n p : Nat} →
  (A : NLA.KE04.Mat n) →
    (hA :
        @Matrix.IsHermitian.{0, 0} Real (Fin n)
          (@InvolutiveStar.toStar.{0} Real
            (@StarAddMonoid.toInvolutiveStar.{0} Real
              (@AddCommMonoid.toAddMonoid.{0} Real
                (@NonUnitalNonAssocSemiring.toAddCommMonoid.{0} Real
                  (@NonUnitalNonAssocRing.toNonUnitalNonAssocSemiring.{0} Real
                    (@NonUnitalNonAssocCommRing.toNonUnitalNonAssocRing.{0} Real
                      (@NonUnitalCommRing.toNonUnitalNonAssocCommRing.{0} Real
                        (@CommRing.toNonUnitalCommRing.{0} Real Real.commRing))))))
              (@StarRing.toStarAddMonoid.{0} Real
                (@NonUnitalNonAssocRing.toNonUnitalNonAssocSemiring.{0} Real
                  (@NonUnitalNonAssocCommRing.toNonUnitalNonAssocRing.{0} Real
                    (@NonUnitalCommRing.toNonUnitalNonAssocCommRing.{0} Real
                      (@CommRing.toNonUnitalCommRing.{0} Real Real.commRing))))
                instStarRingReal)))
          A) →
      (V : NLA.KE04.Rect n p) → (s : Nat) → Prop :=
fun {n p : Nat} (A : NLA.KE04.Mat n)
    (hA :
      @Matrix.IsHermitian.{0, 0} Real (Fin n)
        (@InvolutiveStar.toStar.{0} Real
          (@StarAddMonoid.toInvolutiveStar.{0} Real
            (@AddCommMonoid.toAddMonoid.{0} Real
              (@NonUnitalNonAssocSemiring.toAddCommMonoid.{0} Real
                (@NonUnitalNonAssocRing.toNonUnitalNonAssocSemiring.{0} Real
                  (@NonUnitalNonAssocCommRing.toNonUnitalNonAssocRing.{0} Real
                    (@NonUnitalCommRing.toNonUnitalNonAssocCommRing.{0} Real
                      (@CommRing.toNonUnitalCommRing.{0} Real Real.commRing))))))
            (@StarRing.toStarAddMonoid.{0} Real
              (@NonUnitalNonAssocRing.toNonUnitalNonAssocSemiring.{0} Real
                (@NonUnitalNonAssocCommRing.toNonUnitalNonAssocRing.{0} Real
                  (@NonUnitalCommRing.toNonUnitalNonAssocCommRing.{0} Real
                    (@CommRing.toNonUnitalCommRing.{0} Real Real.commRing))))
              instStarRingReal)))
        A)
    (V : NLA.KE04.Rect n p) (s : Nat) =>
  ∀ (k j : Nat),
    @LE.le.{0} Nat instLENat (@OfNat.ofNat.{0} Nat (nat_lit 1) (instOfNatNat (nat_lit 1))) k →
      @LT.lt.{0} Nat instLTNat k j →
        @LE.le.{0} Nat instLENat j s →
          ∀ (Qk : NLA.KE04.Rect n (@HMul.hMul.{0, 0, 0} Nat Nat Nat (@instHMul.{0} Nat instMulNat) k p))
            (Qj : NLA.KE04.Rect n (@HMul.hMul.{0, 0, 0} Nat Nat Nat (@instHMul.{0} Nat instMulNat) j p)),
            @NLA.KE04.IsKrylovBasis n p A V k Qk →
              @NLA.KE04.IsKrylovBasis n p A V j Qj →
                ∀ (i : Nat),
                  @LE.le.{0} Nat instLENat (@OfNat.ofNat.{0} Nat (nat_lit 1) (instOfNatNat (nat_lit 1))) i →
                    @LE.le.{0} Nat instLENat i
                        (@HMul.hMul.{0, 0, 0} Nat Nat Nat (@instHMul.{0} Nat instMulNat)
                          (@HSub.hSub.{0, 0, 0} Nat Nat Nat (@instHSub.{0} Nat instSubNat) k
                            (@OfNat.ofNat.{0} Nat (nat_lit 1) (instOfNatNat (nat_lit 1))))
                          p) →
                      @Exists.{1} (Fin (@HMul.hMul.{0, 0, 0} Nat Nat Nat (@instHMul.{0} Nat instMulNat) j p))
                        fun (r : Fin (@HMul.hMul.{0, 0, 0} Nat Nat Nat (@instHMul.{0} Nat instMulNat) j p)) =>
                        And
                          (@LT.lt.{0} Real Real.instLT
                            (@NLA.KE04.ritzValueAt n
                              (@HMul.hMul.{0, 0, 0} Nat Nat Nat (@instHMul.{0} Nat instMulNat) k p) A hA Qk
                              (@HSub.hSub.{0, 0, 0} Nat Nat Nat (@instHSub.{0} Nat instSubNat) i
                                (@OfNat.ofNat.{0} Nat (nat_lit 1) (instOfNatNat (nat_lit 1)))))
                            (@NLA.KE04.ritzValues n
                              (@HMul.hMul.{0, 0, 0} Nat Nat Nat (@instHMul.{0} Nat instMulNat) j p) A hA Qj r))
                          (@LT.lt.{0} Real Real.instLT
                            (@NLA.KE04.ritzValues n
                              (@HMul.hMul.{0, 0, 0} Nat Nat Nat (@instHMul.{0} Nat instMulNat) j p) A hA Qj r)
                            (@NLA.KE04.ritzValueAt n
                              (@HMul.hMul.{0, 0, 0} Nat Nat Nat (@instHMul.{0} Nat instMulNat) k p) A hA Qk
                              (@HSub.hSub.{0, 0, 0} Nat Nat Nat (@instHSub.{0} Nat instSubNat)
                                (@HAdd.hAdd.{0, 0, 0} Nat Nat Nat (@instHAdd.{0} Nat instAddNat) i p)
                                (@OfNat.ofNat.{0} Nat (nat_lit 1) (instOfNatNat (nat_lit 1))))))
def NLA.KE04.FullPrefixBlockLanczosClaim : Prop :=
∀ (n p : Nat) (A : NLA.KE04.Mat n)
  (hA :
    @Matrix.IsHermitian.{0, 0} Real (Fin n)
      (@InvolutiveStar.toStar.{0} Real
        (@StarAddMonoid.toInvolutiveStar.{0} Real
          (@AddCommMonoid.toAddMonoid.{0} Real
            (@NonUnitalNonAssocSemiring.toAddCommMonoid.{0} Real
              (@NonUnitalNonAssocRing.toNonUnitalNonAssocSemiring.{0} Real
                (@NonUnitalNonAssocCommRing.toNonUnitalNonAssocRing.{0} Real
                  (@NonUnitalCommRing.toNonUnitalNonAssocCommRing.{0} Real
                    (@CommRing.toNonUnitalCommRing.{0} Real Real.commRing))))))
          (@StarRing.toStarAddMonoid.{0} Real
            (@NonUnitalNonAssocRing.toNonUnitalNonAssocSemiring.{0} Real
              (@NonUnitalNonAssocCommRing.toNonUnitalNonAssocRing.{0} Real
                (@NonUnitalCommRing.toNonUnitalNonAssocCommRing.{0} Real
                  (@CommRing.toNonUnitalCommRing.{0} Real Real.commRing))))
            instStarRingReal)))
      A)
  (V : NLA.KE04.Rect n p),
  @NLA.KE04.FullColumnRank n p V →
    ∀ (s : Nat), @NLA.KE04.FullBlockDimension n p A V s → @NLA.KE04.IterationOccupancy n p A hA V s
def NLA.KE04.BlockLanczosConjecture : Prop :=
∀ (n p : Nat) (A : NLA.KE04.Mat n)
  (hA :
    @Matrix.IsHermitian.{0, 0} Real (Fin n)
      (@InvolutiveStar.toStar.{0} Real
        (@StarAddMonoid.toInvolutiveStar.{0} Real
          (@AddCommMonoid.toAddMonoid.{0} Real
            (@NonUnitalNonAssocSemiring.toAddCommMonoid.{0} Real
              (@NonUnitalNonAssocRing.toNonUnitalNonAssocSemiring.{0} Real
                (@NonUnitalNonAssocCommRing.toNonUnitalNonAssocRing.{0} Real
                  (@NonUnitalCommRing.toNonUnitalNonAssocCommRing.{0} Real
                    (@CommRing.toNonUnitalCommRing.{0} Real Real.commRing))))))
          (@StarRing.toStarAddMonoid.{0} Real
            (@NonUnitalNonAssocRing.toNonUnitalNonAssocSemiring.{0} Real
              (@NonUnitalNonAssocCommRing.toNonUnitalNonAssocRing.{0} Real
                (@NonUnitalCommRing.toNonUnitalNonAssocCommRing.{0} Real
                  (@CommRing.toNonUnitalCommRing.{0} Real Real.commRing))))
            instStarRingReal)))
      A)
  (V : NLA.KE04.Rect n p),
  @NLA.KE04.FullColumnRank n p V →
    ∀ (s : Nat), @NLA.KE04.LastFullBlockIteration n p A V s → @NLA.KE04.IterationOccupancy n p A hA V s
